2026-09-30 16:01:00 [INFO] 🚀 开始抓取 2026-10-01 00:00 币圈新闻
2026-09-30 16:01:00 [INFO] 📡 抓取 RSS 新闻源...
2026-09-30 16:01:00 [INFO] 📡 抓取交易所公告 & 链上数据...
2026-09-30 16:01:00 [INFO]   ⏭ Decrypt: 过滤掉 48 条非近期新闻
2026-09-30 16:01:00 [INFO]   ⏭ The Block: 过滤掉 19 条非近期新闻
2026-09-30 16:01:01 [INFO]   ⏭ CoinTelegraph: 过滤掉 30 条非近期新闻
2026-09-30 16:01:01 [INFO]   ⏭ CoinDesk: 过滤掉 21 条非近期新闻
2026-09-30 16:01:01 [WARNING] 解析失败 Bitget公告: 'NoneType' object is not subscriptable
2026-09-30 16:01:01 [INFO]   ⏭ Bitcoin Magazine: 过滤掉 10 条非近期新闻
2026-09-30 16:01:01 [INFO]   ⏭ Reuters Crypto: 过滤掉 50 条非近期新闻
2026-09-30 16:01:01 [INFO]   ⏭ 宏观经济: 过滤掉 44 条非近期新闻
2026-09-30 16:01:01 [INFO]   ⏭ Bloomberg Crypto: 过滤掉 49 条非近期新闻
2026-09-30 16:01:01 [INFO]   ⏭ CNBC Crypto: 过滤掉 48 条非近期新闻
2026-09-30 16:01:01 [INFO]   ⏭ Reddit r/bitcoin: 过滤掉 24 条非近期新闻
2026-09-30 16:01:01 [INFO]   ⏭ DL News: 过滤掉 50 条非近期新闻
2026-09-30 16:01:01 [INFO]   ⏭ Blockworks: 过滤掉 50 条非近期新闻
2026-09-30 16:01:01 [INFO]   ⏭ CoinTelegraph: 过滤掉 20 条非近期新闻
2026-09-30 16:01:02 [INFO]   ⏭ Blockworks: 过滤掉 4 条非近期新闻
2026-09-30 16:01:02 [INFO]   ⏭ Bitcoin Magazine: 过滤掉 50 条非近期新闻
2026-09-30 16:01:02 [INFO]   ⏭ DeFi Llama: 过滤掉 50 条非近期新闻
2026-09-30 16:01:02 [INFO]   ⏭ 雪球加密: 过滤掉 48 条非近期新闻
2026-09-30 16:01:02 [INFO]   ⏭ The Block: 过滤掉 50 条非近期新闻
2026-09-30 16:01:02 [INFO]   ⏭ 吴说区块链: 过滤掉 50 条非近期新闻
2026-09-30 16:01:02 [INFO]   ⏭ Crypto Twitter: 过滤掉 41 条非近期新闻
2026-09-30 16:01:02 [INFO]   ⏭ CoinTelegraph: 过滤掉 50 条非近期新闻
2026-09-30 16:01:16 [DEBUG] 请求失败 https://rsshub.rssforever.com/theblockbeats/newsflash: 
2026-09-30 16:01:16 [DEBUG] 请求失败 https://rsshub.rssforever.com/jinse/lives: 
2026-09-30 16:01:16 [DEBUG] 请求失败 https://rsshub.rssforever.com/panewslab/news: 
2026-09-30 16:01:17 [INFO]   ⏭ 律动BlockBeats: 过滤掉 50 条非近期新闻
2026-09-30 16:01:17 [INFO]   ⏭ PANews: 过滤掉 50 条非近期新闻
2026-09-30 16:01:17 [INFO]   ✓ CoinDesk: 4 条
2026-09-30 16:01:17 [INFO]   ✓ The Block: 0 条
2026-09-30 16:01:17 [INFO]   ✓ Decrypt: 2 条
2026-09-30 16:01:17 [INFO]   ✓ CoinTelegraph: 0 条
2026-09-30 16:01:17 [INFO]   ✓ Bitcoin Magazine: 0 条
2026-09-30 16:01:17 [INFO]   ✓ Blockworks: 0 条
2026-09-30 16:01:17 [INFO]   ✓ DL News: 0 条
2026-09-30 16:01:17 [INFO]   ✓ 金色财经: 0 条
2026-09-30 16:01:17 [INFO]   ✓ PANews: 0 条
2026-09-30 16:01:17 [INFO]   ✓ 律动BlockBeats: 0 条
2026-09-30 16:01:17 [INFO]   ✓ 吴说区块链: 0 条
2026-09-30 16:01:17 [INFO]   ✓ Bloomberg Crypto: 1 条
2026-09-30 16:01:17 [INFO]   ✓ Reuters Crypto: 0 条
2026-09-30 16:01:17 [INFO]   ✓ CNBC Crypto: 2 条
2026-09-30 16:01:17 [INFO]   ✓ Reddit r/cryptocurrency: 0 条
2026-09-30 16:01:17 [INFO]   ✓ Reddit r/bitcoin: 1 条
2026-09-30 16:01:17 [INFO]   ✓ Crypto Twitter: 9 条
2026-09-30 16:01:17 [INFO]   ✓ 宏观经济: 6 条
2026-09-30 16:01:17 [INFO]   ✓ Binance公告: 20 条
2026-09-30 16:01:17 [INFO]   ✓ OKX公告: 0 条
2026-09-30 16:01:17 [INFO]   ✓ Bitget公告: 0 条
2026-09-30 16:01:17 [INFO]   ✓ Whale Alert: 0 条
2026-09-30 16:01:17 [INFO]   ✓ Fear & Greed Index: 1 条
2026-09-30 16:01:17 [INFO]   ✓ DeFi Llama: 0 条
2026-09-30 16:01:17 [INFO]   ✓ 雪球加密: 2 条
2026-09-30 16:01:17 [INFO] 📊 共抓取 48 条新闻
2026-09-30 16:01:17 [INFO] 📋 原始新闻已保存: reports/2026-10-01-00-raw.json (48 条)
2026-09-30 16:01:17 [INFO] 📋 标题摘要已保存: reports/2026-10-01-00-raw-titles.md
2026-09-30 16:01:17 [INFO] ✅ 抓取完成，共 48 条，已保存到 reports/2026-10-01-00-raw.json
2026-09-30 16:01:17 [INFO] 🤖 开始 AI 筛选 2026-10-01 00:00 币圈消息
2026-09-30 16:01:17 [INFO] 📋 已加载原始新闻: reports/2026-10-01-00-raw.json (48 条)
2026-09-30 16:01:17 [INFO] 📚 已加载历史新闻标题（28810 字符）
2026-09-30 16:01:17 [INFO] 📚 已加载历史筛选标题 0 条、URL 0 个，用于去重
2026-09-30 16:01:17 [INFO] 🔄 尝试 AI 提供商: deepseek
2026-09-30 16:01:17 [INFO] 🤖 使用 AI 提供商: deepseek (模型: deepseek-v4-flash)
2026-09-30 16:01:17 [INFO] 🤖 AI 筛选 [[deepseek] 1/6 策略=仅标题+链接 retry=0]（48 条，12612 字符，temp=0.3）
2026-09-30 16:01:18 [ERROR] AI 调用异常 ([deepseek] 1/6 策略=仅标题+链接 retry=0): Error code: 401 - {'error': {'message': 'Authentication Fails, Your api key: ****df0d is invalid (request_id: 17d426c1-942e-42ec-911e-29853b2818b5)', 'type': 'authentication_error', 'param': None, 'code': 'invalid_request_error'}}
2026-09-30 16:01:18 [WARNING] [[deepseek] 1/6 策略=仅标题+链接 retry=0] AI 调用失败或解析失败，继续下一次尝试
2026-09-30 16:01:18 [INFO] 🤖 AI 筛选 [[deepseek] 2/6 策略=仅标题+链接 retry=1]（48 条，12612 字符，temp=0.3）
2026-09-30 16:01:18 [ERROR] AI 调用异常 ([deepseek] 2/6 策略=仅标题+链接 retry=1): Error code: 401 - {'error': {'message': 'Authentication Fails, Your api key: ****df0d is invalid (request_id: 731d741d-bdf5-4822-abe5-1a200174c6b1)', 'type': 'authentication_error', 'param': None, 'code': 'invalid_request_error'}}
2026-09-30 16:01:18 [WARNING] [[deepseek] 2/6 策略=仅标题+链接 retry=1] AI 调用失败或解析失败，继续下一次尝试
2026-09-30 16:01:18 [INFO] 🤖 AI 筛选 [[deepseek] 3/6 策略=仅标题+链接 retry=2]（48 条，12612 字符，temp=0.3）
2026-09-30 16:01:19 [ERROR] AI 调用异常 ([deepseek] 3/6 策略=仅标题+链接 retry=2): Error code: 401 - {'error': {'message': 'Authentication Fails, Your api key: ****df0d is invalid (request_id: 4c78f633-7e66-4c5f-8104-475cdc3f1cc5)', 'type': 'authentication_error', 'param': None, 'code': 'invalid_request_error'}}
2026-09-30 16:01:19 [WARNING] [[deepseek] 3/6 策略=仅标题+链接 retry=2] AI 调用失败或解析失败，继续下一次尝试
2026-09-30 16:01:19 [INFO] 🤖 AI 筛选 [[deepseek] 4/6 策略=完整内容 retry=0]（48 条，16392 字符，temp=0.3）
2026-09-30 16:01:19 [ERROR] AI 调用异常 ([deepseek] 4/6 策略=完整内容 retry=0): Error code: 401 - {'error': {'message': 'Authentication Fails, Your api key: ****df0d is invalid (request_id: 054338e5-e614-4fef-b473-3eb93c157407)', 'type': 'authentication_error', 'param': None, 'code': 'invalid_request_error'}}
2026-09-30 16:01:19 [WARNING] [[deepseek] 4/6 策略=完整内容 retry=0] AI 调用失败或解析失败，继续下一次尝试
2026-09-30 16:01:19 [INFO] 🤖 AI 筛选 [[deepseek] 5/6 策略=完整内容 retry=1]（48 条，16392 字符，temp=0.3）
2026-09-30 16:01:20 [ERROR] AI 调用异常 ([deepseek] 5/6 策略=完整内容 retry=1): Error code: 401 - {'error': {'message': 'Authentication Fails, Your api key: ****df0d is invalid (request_id: e212c5dc-9814-4657-abf7-529e756af9b0)', 'type': 'authentication_error', 'param': None, 'code': 'invalid_request_error'}}
2026-09-30 16:01:20 [WARNING] [[deepseek] 5/6 策略=完整内容 retry=1] AI 调用失败或解析失败，继续下一次尝试
2026-09-30 16:01:20 [INFO] 🤖 AI 筛选 [[deepseek] 6/6 策略=仅标题（无历史） retry=0]（48 条，12612 字符，temp=0.3）
2026-09-30 16:01:20 [ERROR] AI 调用异常 ([deepseek] 6/6 策略=仅标题（无历史） retry=0): Error code: 401 - {'error': {'message': 'Authentication Fails, Your api key: ****df0d is invalid (request_id: 76582d2f-e8fd-4dee-bcf0-69bd5a7288e5)', 'type': 'authentication_error', 'param': None, 'code': 'invalid_request_error'}}
2026-09-30 16:01:20 [WARNING] [[deepseek] 6/6 策略=仅标题（无历史） retry=0] AI 调用失败或解析失败，继续下一次尝试
2026-09-30 16:01:20 [WARNING] [deepseek] 已达最大尝试次数 6，停止
2026-09-30 16:01:20 [INFO] ⚠️ deepseek 未能产出满意结果，尝试下一个提供商
2026-09-30 16:01:20 [INFO] 🔄 尝试 AI 提供商: zhipu
2026-09-30 16:01:20 [ERROR] 未设置环境变量 ZHIPU_API_KEY，无法使用 zhipu
2026-09-30 16:01:20 [INFO] ⚠️ zhipu 未能产出满意结果，尝试下一个提供商
2026-09-30 16:01:20 [INFO] 🔄 尝试 AI 提供商: kimi
2026-09-30 16:01:20 [ERROR] 未设置环境变量 KIMI_API_KEY，无法使用 kimi
2026-09-30 16:01:20 [INFO] ⚠️ kimi 未能产出满意结果，尝试下一个提供商
2026-09-30 16:01:20 [INFO] 🔄 尝试 AI 提供商: huoshan
2026-09-30 16:01:20 [ERROR] 未设置环境变量 HUOSHAN_API_KEY，无法使用 huoshan
2026-09-30 16:01:20 [INFO] ⚠️ huoshan 未能产出满意结果，尝试下一个提供商
2026-09-30 16:01:20 [ERROR] ❌ 所有提供商均失败，返回空列表
2026-09-30 16:01:20 [INFO] 📦 JSON 已保存: reports/2026-10-01-00.json
2026-09-30 16:01:20 [INFO] ✅ AI 筛选完成，共 0 条交易相关消息
2026-09-30 17:00:59 [INFO] 🚀 开始抓取 2026-10-01 01:00 币圈新闻
2026-09-30 17:00:59 [INFO] 📡 抓取 RSS 新闻源...
2026-09-30 17:00:59 [INFO] 📡 抓取交易所公告 & 链上数据...
2026-09-30 17:00:59 [INFO]   ⏭ The Block: 过滤掉 18 条非近期新闻
2026-09-30 17:00:59 [INFO]   ⏭ Decrypt: 过滤掉 46 条非近期新闻
2026-09-30 17:00:59 [INFO]   ⏭ CoinTelegraph: 过滤掉 29 条非近期新闻
2026-09-30 17:00:59 [INFO]   ⏭ Bitcoin Magazine: 过滤掉 8 条非近期新闻
2026-09-30 17:01:00 [INFO]   ⏭ CoinDesk: 过滤掉 23 条非近期新闻
2026-09-30 17:01:00 [INFO]   ⏭ Reuters Crypto: 过滤掉 49 条非近期新闻
2026-09-30 17:01:00 [INFO]   ⏭ Bloomberg Crypto: 过滤掉 49 条非近期新闻
2026-09-30 17:01:00 [INFO]   ⏭ Reddit r/bitcoin: 过滤掉 25 条非近期新闻
2026-09-30 17:01:00 [INFO]   ⏭ 宏观经济: 过滤掉 44 条非近期新闻
2026-09-30 17:01:00 [INFO]   ⏭ Blockworks: 过滤掉 50 条非近期新闻
2026-09-30 17:01:00 [WARNING] 解析失败 Bitget公告: 'NoneType' object is not subscriptable
2026-09-30 17:01:00 [INFO]   ⏭ CNBC Crypto: 过滤掉 49 条非近期新闻
2026-09-30 17:01:00 [INFO]   ⏭ DL News: 过滤掉 50 条非近期新闻
2026-09-30 17:01:00 [INFO]   ⏭ DeFi Llama: 过滤掉 50 条非近期新闻
2026-09-30 17:01:00 [INFO]   ⏭ Blockworks: 过滤掉 4 条非近期新闻
2026-09-30 17:01:00 [INFO]   ⏭ 雪球加密: 过滤掉 50 条非近期新闻
2026-09-30 17:01:01 [INFO]   ⏭ 吴说区块链: 过滤掉 50 条非近期新闻
2026-09-30 17:01:01 [INFO]   ⏭ Crypto Twitter: 过滤掉 40 条非近期新闻
2026-09-30 17:01:15 [DEBUG] 请求失败 https://rsshub.rssforever.com/jinse/lives: 
2026-09-30 17:01:15 [DEBUG] 请求失败 https://rsshub.rssforever.com/panewslab/news: 
2026-09-30 17:01:15 [DEBUG] 请求失败 https://rsshub.rssforever.com/theblockbeats/newsflash: 
2026-09-30 17:01:16 [INFO]   ⏭ PANews: 过滤掉 50 条非近期新闻
2026-09-30 17:01:16 [INFO]   ⏭ 律动BlockBeats: 过滤掉 50 条非近期新闻
2026-09-30 17:01:16 [INFO]   ✓ CoinDesk: 2 条
2026-09-30 17:01:16 [INFO]   ✓ The Block: 1 条
2026-09-30 17:01:16 [INFO]   ✓ Decrypt: 4 条
2026-09-30 17:01:16 [INFO]   ✓ CoinTelegraph: 1 条
2026-09-30 17:01:16 [INFO]   ✓ Bitcoin Magazine: 2 条
2026-09-30 17:01:16 [INFO]   ✓ Blockworks: 0 条
2026-09-30 17:01:16 [INFO]   ✓ DL News: 0 条
2026-09-30 17:01:16 [INFO]   ✓ 金色财经: 0 条
2026-09-30 17:01:16 [INFO]   ✓ PANews: 0 条
2026-09-30 17:01:16 [INFO]   ✓ 律动BlockBeats: 0 条
2026-09-30 17:01:16 [INFO]   ✓ 吴说区块链: 0 条
2026-09-30 17:01:16 [INFO]   ✓ Bloomberg Crypto: 1 条
2026-09-30 17:01:16 [INFO]   ✓ Reuters Crypto: 1 条
2026-09-30 17:01:16 [INFO]   ✓ CNBC Crypto: 1 条
2026-09-30 17:01:16 [INFO]   ✓ Reddit r/cryptocurrency: 0 条
2026-09-30 17:01:16 [INFO]   ✓ Reddit r/bitcoin: 0 条
2026-09-30 17:01:16 [INFO]   ✓ Crypto Twitter: 10 条
2026-09-30 17:01:16 [INFO]   ✓ 宏观经济: 6 条
2026-09-30 17:01:16 [INFO]   ✓ Binance公告: 20 条
2026-09-30 17:01:16 [INFO]   ✓ OKX公告: 0 条
2026-09-30 17:01:16 [INFO]   ✓ Bitget公告: 0 条
2026-09-30 17:01:16 [INFO]   ✓ Whale Alert: 0 条
2026-09-30 17:01:16 [INFO]   ✓ Fear & Greed Index: 1 条
2026-09-30 17:01:16 [INFO]   ✓ DeFi Llama: 0 条
2026-09-30 17:01:16 [INFO]   ✓ 雪球加密: 0 条
2026-09-30 17:01:16 [INFO] 📊 共抓取 50 条新闻
2026-09-30 17:01:16 [INFO] 📋 原始新闻已保存: reports/2026-10-01-01-raw.json (50 条)
2026-09-30 17:01:16 [INFO] 📋 标题摘要已保存: reports/2026-10-01-01-raw-titles.md
2026-09-30 17:01:16 [INFO] ✅ 抓取完成，共 50 条，已保存到 reports/2026-10-01-01-raw.json
2026-09-30 17:01:16 [INFO] 🤖 开始 AI 筛选 2026-10-01 01:00 币圈消息
2026-09-30 17:01:16 [INFO] 📋 已加载原始新闻: reports/2026-10-01-01-raw.json (50 条)
2026-09-30 17:01:16 [INFO] 📚 已加载历史新闻标题（29186 字符）
2026-09-30 17:01:16 [INFO] 📚 已加载历史筛选标题 0 条、URL 0 个，用于去重
2026-09-30 17:01:16 [INFO] 🔄 尝试 AI 提供商: deepseek
2026-09-30 17:01:16 [INFO] 🤖 使用 AI 提供商: deepseek (模型: deepseek-v4-flash)
2026-09-30 17:01:16 [INFO] 🤖 AI 筛选 [[deepseek] 1/6 策略=仅标题+链接 retry=0]（50 条，12998 字符，temp=0.3）
2026-09-30 17:01:17 [ERROR] AI 调用异常 ([deepseek] 1/6 策略=仅标题+链接 retry=0): Error code: 401 - {'error': {'message': 'Authentication Fails, Your api key: ****df0d is invalid (request_id: fcd5f55f-72cb-4567-a966-be3b7ac0250a)', 'type': 'authentication_error', 'param': None, 'code': 'invalid_request_error'}}
2026-09-30 17:01:17 [WARNING] [[deepseek] 1/6 策略=仅标题+链接 retry=0] AI 调用失败或解析失败，继续下一次尝试
2026-09-30 17:01:17 [INFO] 🤖 AI 筛选 [[deepseek] 2/6 策略=仅标题+链接 retry=1]（50 条，12998 字符，temp=0.3）
2026-09-30 17:01:17 [ERROR] AI 调用异常 ([deepseek] 2/6 策略=仅标题+链接 retry=1): Error code: 401 - {'error': {'message': 'Authentication Fails, Your api key: ****df0d is invalid (request_id: b42b06d0-f257-4e2e-ae89-1436a0b3990f)', 'type': 'authentication_error', 'param': None, 'code': 'invalid_request_error'}}
2026-09-30 17:01:17 [WARNING] [[deepseek] 2/6 策略=仅标题+链接 retry=1] AI 调用失败或解析失败，继续下一次尝试
2026-09-30 17:01:17 [INFO] 🤖 AI 筛选 [[deepseek] 3/6 策略=仅标题+链接 retry=2]（50 条，12998 字符，temp=0.3）
2026-09-30 17:01:18 [ERROR] AI 调用异常 ([deepseek] 3/6 策略=仅标题+链接 retry=2): Error code: 401 - {'error': {'message': 'Authentication Fails, Your api key: ****df0d is invalid (request_id: e2239575-617b-408f-aee1-31176f0deded)', 'type': 'authentication_error', 'param': None, 'code': 'invalid_request_error'}}
2026-09-30 17:01:18 [WARNING] [[deepseek] 3/6 策略=仅标题+链接 retry=2] AI 调用失败或解析失败，继续下一次尝试
2026-09-30 17:01:18 [INFO] 🤖 AI 筛选 [[deepseek] 4/6 策略=完整内容 retry=0]（50 条，17778 字符，temp=0.3）
2026-09-30 17:01:18 [ERROR] AI 调用异常 ([deepseek] 4/6 策略=完整内容 retry=0): Error code: 401 - {'error': {'message': 'Authentication Fails, Your api key: ****df0d is invalid (request_id: ef50e5ef-a0a2-4763-bc14-320c60a34870)', 'type': 'authentication_error', 'param': None, 'code': 'invalid_request_error'}}
2026-09-30 17:01:18 [WARNING] [[deepseek] 4/6 策略=完整内容 retry=0] AI 调用失败或解析失败，继续下一次尝试
2026-09-30 17:01:18 [INFO] 🤖 AI 筛选 [[deepseek] 5/6 策略=完整内容 retry=1]（50 条，17778 字符，temp=0.3）
2026-09-30 17:01:19 [ERROR] AI 调用异常 ([deepseek] 5/6 策略=完整内容 retry=1): Error code: 401 - {'error': {'message': 'Authentication Fails, Your api key: ****df0d is invalid (request_id: d34bdf05-39ff-4940-b8e0-4de7632609ba)', 'type': 'authentication_error', 'param': None, 'code': 'invalid_request_error'}}
2026-09-30 17:01:19 [WARNING] [[deepseek] 5/6 策略=完整内容 retry=1] AI 调用失败或解析失败，继续下一次尝试
2026-09-30 17:01:19 [INFO] 🤖 AI 筛选 [[deepseek] 6/6 策略=仅标题（无历史） retry=0]（50 条，12998 字符，temp=0.3）
2026-09-30 17:01:19 [ERROR] AI 调用异常 ([deepseek] 6/6 策略=仅标题（无历史） retry=0): Error code: 401 - {'error': {'message': 'Authentication Fails, Your api key: ****df0d is invalid (request_id: df09fea9-e6c7-4fba-9c11-36a89e961971)', 'type': 'authentication_error', 'param': None, 'code': 'invalid_request_error'}}
2026-09-30 17:01:19 [WARNING] [[deepseek] 6/6 策略=仅标题（无历史） retry=0] AI 调用失败或解析失败，继续下一次尝试
2026-09-30 17:01:19 [WARNING] [deepseek] 已达最大尝试次数 6，停止
2026-09-30 17:01:19 [INFO] ⚠️ deepseek 未能产出满意结果，尝试下一个提供商
2026-09-30 17:01:19 [INFO] 🔄 尝试 AI 提供商: zhipu
2026-09-30 17:01:19 [ERROR] 未设置环境变量 ZHIPU_API_KEY，无法使用 zhipu
2026-09-30 17:01:19 [INFO] ⚠️ zhipu 未能产出满意结果，尝试下一个提供商
2026-09-30 17:01:19 [INFO] 🔄 尝试 AI 提供商: kimi
2026-09-30 17:01:19 [ERROR] 未设置环境变量 KIMI_API_KEY，无法使用 kimi
2026-09-30 17:01:19 [INFO] ⚠️ kimi 未能产出满意结果，尝试下一个提供商
2026-09-30 17:01:19 [INFO] 🔄 尝试 AI 提供商: huoshan
2026-09-30 17:01:19 [ERROR] 未设置环境变量 HUOSHAN_API_KEY，无法使用 huoshan
2026-09-30 17:01:19 [INFO] ⚠️ huoshan 未能产出满意结果，尝试下一个提供商
2026-09-30 17:01:19 [ERROR] ❌ 所有提供商均失败，返回空列表
2026-09-30 17:01:19 [INFO] 📦 JSON 已保存: reports/2026-10-01-01.json
2026-09-30 17:01:19 [INFO] ✅ AI 筛选完成，共 0 条交易相关消息
2026-09-30 18:00:58 [INFO] 🚀 开始抓取 2026-10-01 02:00 币圈新闻
2026-09-30 18:00:58 [INFO] 📡 抓取 RSS 新闻源...
2026-09-30 18:00:58 [INFO] 📡 抓取交易所公告 & 链上数据...
2026-09-30 18:00:58 [INFO]   ⏭ Decrypt: 过滤掉 33 条非近期新闻
2026-09-30 18:00:58 [INFO]   ⏭ The Block: 过滤掉 17 条非近期新闻
2026-09-30 18:00:58 [INFO]   ⏭ CoinTelegraph: 过滤掉 28 条非近期新闻
2026-09-30 18:00:59 [WARNING] 解析失败 Bitget公告: 'NoneType' object is not subscriptable
2026-09-30 18:00:59 [INFO]   ⏭ CoinDesk: 过滤掉 24 条非近期新闻
2026-09-30 18:00:59 [INFO]   ⏭ Bitcoin Magazine: 过滤掉 8 条非近期新闻
2026-09-30 18:00:59 [INFO]   ⏭ Reddit r/cryptocurrency: 过滤掉 22 条非近期新闻
2026-09-30 18:00:59 [INFO]   ⏭ Blockworks: 过滤掉 50 条非近期新闻
2026-09-30 18:01:14 [DEBUG] 请求失败 https://rsshub.rssforever.com/panewslab/news: 
2026-09-30 18:01:14 [DEBUG] 请求失败 https://rsshub.rssforever.com/jinse/lives: 
2026-09-30 18:01:14 [DEBUG] 请求失败 https://rsshub.rssforever.com/theblockbeats/newsflash: 
2026-09-30 18:01:19 [DEBUG] 请求失败 https://rsshub.rssforever.com/bloomberg/crypto: 
2026-09-30 18:01:23 [INFO]   ✓ CoinDesk: 1 条
2026-09-30 18:01:23 [INFO]   ✓ The Block: 2 条
2026-09-30 18:01:23 [INFO]   ✓ Decrypt: 3 条
2026-09-30 18:01:23 [INFO]   ✓ CoinTelegraph: 2 条
2026-09-30 18:01:23 [INFO]   ✓ Bitcoin Magazine: 2 条
2026-09-30 18:01:23 [INFO]   ✓ Blockworks: 0 条
2026-09-30 18:01:23 [INFO]   ✓ DL News: 0 条
2026-09-30 18:01:23 [INFO]   ✓ 金色财经: 0 条
2026-09-30 18:01:23 [INFO]   ✓ PANews: 0 条
2026-09-30 18:01:23 [INFO]   ✓ 律动BlockBeats: 0 条
2026-09-30 18:01:23 [INFO]   ✓ 吴说区块链: 0 条
2026-09-30 18:01:23 [INFO]   ✓ Bloomberg Crypto: 0 条
2026-09-30 18:01:23 [INFO]   ✓ Reuters Crypto: 0 条
2026-09-30 18:01:23 [INFO]   ✓ CNBC Crypto: 0 条
2026-09-30 18:01:23 [INFO]   ✓ Reddit r/cryptocurrency: 3 条
2026-09-30 18:01:23 [INFO]   ✓ Reddit r/bitcoin: 0 条
2026-09-30 18:01:23 [INFO]   ✓ Crypto Twitter: 0 条
2026-09-30 18:01:23 [INFO]   ✓ 宏观经济: 0 条
2026-09-30 18:01:23 [INFO]   ✓ Binance公告: 20 条
2026-09-30 18:01:23 [INFO]   ✓ OKX公告: 0 条
2026-09-30 18:01:23 [INFO]   ✓ Bitget公告: 0 条
2026-09-30 18:01:23 [INFO]   ✓ Whale Alert: 0 条
2026-09-30 18:01:23 [INFO]   ✓ Fear & Greed Index: 1 条
2026-09-30 18:01:23 [INFO]   ✓ DeFi Llama: 0 条
2026-09-30 18:01:23 [INFO]   ✓ 雪球加密: 0 条
2026-09-30 18:01:23 [INFO] 📊 共抓取 34 条新闻
2026-09-30 18:01:23 [INFO] 📋 原始新闻已保存: reports/2026-10-01-02-raw.json (34 条)
2026-09-30 18:01:23 [INFO] 📋 标题摘要已保存: reports/2026-10-01-02-raw-titles.md
2026-09-30 18:01:23 [INFO] ✅ 抓取完成，共 34 条，已保存到 reports/2026-10-01-02-raw.json
2026-09-30 18:01:24 [INFO] 🤖 开始 AI 筛选 2026-10-01 02:00 币圈消息
2026-09-30 18:01:24 [INFO] 📋 已加载原始新闻: reports/2026-10-01-02-raw.json (34 条)
2026-09-30 18:01:24 [INFO] 📚 已加载历史新闻标题（28820 字符）
2026-09-30 18:01:24 [INFO] 📚 已加载历史筛选标题 0 条、URL 0 个，用于去重
2026-09-30 18:01:24 [INFO] 🔄 尝试 AI 提供商: deepseek
2026-09-30 18:01:24 [INFO] 🤖 使用 AI 提供商: deepseek (模型: deepseek-v4-flash)
2026-09-30 18:01:24 [INFO] 🤖 AI 筛选 [[deepseek] 1/6 策略=仅标题+链接 retry=0]（34 条，6695 字符，temp=0.3）
2026-09-30 18:01:24 [ERROR] AI 调用异常 ([deepseek] 1/6 策略=仅标题+链接 retry=0): Error code: 401 - {'error': {'message': 'Authentication Fails, Your api key: ****df0d is invalid (request_id: 8c9008e5-f52f-487a-b1c0-3db1f7efe3b2)', 'type': 'authentication_error', 'param': None, 'code': 'invalid_request_error'}}
2026-09-30 18:01:24 [WARNING] [[deepseek] 1/6 策略=仅标题+链接 retry=0] AI 调用失败或解析失败，继续下一次尝试
2026-09-30 18:01:24 [INFO] 🤖 AI 筛选 [[deepseek] 2/6 策略=仅标题+链接 retry=1]（34 条，6695 字符，temp=0.3）
2026-09-30 18:01:25 [ERROR] AI 调用异常 ([deepseek] 2/6 策略=仅标题+链接 retry=1): Error code: 401 - {'error': {'message': 'Authentication Fails, Your api key: ****df0d is invalid (request_id: d37d17b9-fe32-4410-a931-190c803d7f09)', 'type': 'authentication_error', 'param': None, 'code': 'invalid_request_error'}}
2026-09-30 18:01:25 [WARNING] [[deepseek] 2/6 策略=仅标题+链接 retry=1] AI 调用失败或解析失败，继续下一次尝试
2026-09-30 18:01:25 [INFO] 🤖 AI 筛选 [[deepseek] 3/6 策略=仅标题+链接 retry=2]（34 条，6695 字符，temp=0.3）
2026-09-30 18:01:25 [ERROR] AI 调用异常 ([deepseek] 3/6 策略=仅标题+链接 retry=2): Error code: 401 - {'error': {'message': 'Authentication Fails, Your api key: ****df0d is invalid (request_id: 20c27d80-e4f9-4bd1-9703-95a8becba312)', 'type': 'authentication_error', 'param': None, 'code': 'invalid_request_error'}}
2026-09-30 18:01:25 [WARNING] [[deepseek] 3/6 策略=仅标题+链接 retry=2] AI 调用失败或解析失败，继续下一次尝试
2026-09-30 18:01:25 [INFO] 🤖 AI 筛选 [[deepseek] 4/6 策略=完整内容 retry=0]（34 条，10461 字符，temp=0.3）
2026-09-30 18:01:26 [ERROR] AI 调用异常 ([deepseek] 4/6 策略=完整内容 retry=0): Error code: 401 - {'error': {'message': 'Authentication Fails, Your api key: ****df0d is invalid (request_id: 1d08d58e-945f-441c-b7be-43fb0ca03e21)', 'type': 'authentication_error', 'param': None, 'code': 'invalid_request_error'}}
2026-09-30 18:01:26 [WARNING] [[deepseek] 4/6 策略=完整内容 retry=0] AI 调用失败或解析失败，继续下一次尝试
2026-09-30 18:01:26 [INFO] 🤖 AI 筛选 [[deepseek] 5/6 策略=完整内容 retry=1]（34 条，10461 字符，temp=0.3）
2026-09-30 18:01:26 [ERROR] AI 调用异常 ([deepseek] 5/6 策略=完整内容 retry=1): Error code: 401 - {'error': {'message': 'Authentication Fails, Your api key: ****df0d is invalid (request_id: adfc32dd-11a3-4fec-86d2-8fb41ca071bd)', 'type': 'authentication_error', 'param': None, 'code': 'invalid_request_error'}}
2026-09-30 18:01:26 [WARNING] [[deepseek] 5/6 策略=完整内容 retry=1] AI 调用失败或解析失败，继续下一次尝试
2026-09-30 18:01:26 [INFO] 🤖 AI 筛选 [[deepseek] 6/6 策略=仅标题（无历史） retry=0]（34 条，6695 字符，temp=0.3）
2026-09-30 18:01:27 [ERROR] AI 调用异常 ([deepseek] 6/6 策略=仅标题（无历史） retry=0): Error code: 401 - {'error': {'message': 'Authentication Fails, Your api key: ****df0d is invalid (request_id: 68cd1543-edbe-46fe-b072-b3ad2cb0c151)', 'type': 'authentication_error', 'param': None, 'code': 'invalid_request_error'}}
2026-09-30 18:01:27 [WARNING] [[deepseek] 6/6 策略=仅标题（无历史） retry=0] AI 调用失败或解析失败，继续下一次尝试
2026-09-30 18:01:27 [WARNING] [deepseek] 已达最大尝试次数 6，停止
2026-09-30 18:01:27 [INFO] ⚠️ deepseek 未能产出满意结果，尝试下一个提供商
2026-09-30 18:01:27 [INFO] 🔄 尝试 AI 提供商: zhipu
2026-09-30 18:01:27 [ERROR] 未设置环境变量 ZHIPU_API_KEY，无法使用 zhipu
2026-09-30 18:01:27 [INFO] ⚠️ zhipu 未能产出满意结果，尝试下一个提供商
2026-09-30 18:01:27 [INFO] 🔄 尝试 AI 提供商: kimi
2026-09-30 18:01:27 [ERROR] 未设置环境变量 KIMI_API_KEY，无法使用 kimi
2026-09-30 18:01:27 [INFO] ⚠️ kimi 未能产出满意结果，尝试下一个提供商
2026-09-30 18:01:27 [INFO] 🔄 尝试 AI 提供商: huoshan
2026-09-30 18:01:27 [ERROR] 未设置环境变量 HUOSHAN_API_KEY，无法使用 huoshan
2026-09-30 18:01:27 [INFO] ⚠️ huoshan 未能产出满意结果，尝试下一个提供商
2026-09-30 18:01:27 [ERROR] ❌ 所有提供商均失败，返回空列表
2026-09-30 18:01:27 [INFO] 📦 JSON 已保存: reports/2026-10-01-02.json
2026-09-30 18:01:27 [INFO] ✅ AI 筛选完成，共 0 条交易相关消息
2026-09-30 19:00:58 [INFO] 🚀 开始抓取 2026-10-01 03:00 币圈新闻
2026-09-30 19:00:58 [INFO] 📡 抓取 RSS 新闻源...
2026-09-30 19:00:58 [INFO] 📡 抓取交易所公告 & 链上数据...
2026-09-30 19:00:59 [INFO]   ⏭ The Block: 过滤掉 16 条非近期新闻
2026-09-30 19:00:59 [INFO]   ⏭ Decrypt: 过滤掉 34 条非近期新闻
2026-09-30 19:00:59 [INFO]   ⏭ CoinTelegraph: 过滤掉 28 条非近期新闻
2026-09-30 19:00:59 [INFO]   ⏭ Reddit r/cryptocurrency: 过滤掉 23 条非近期新闻
2026-09-30 19:00:59 [WARNING] 解析失败 Bitget公告: 'NoneType' object is not subscriptable
2026-09-30 19:00:59 [INFO]   ⏭ Reuters Crypto: 过滤掉 50 条非近期新闻
2026-09-30 19:00:59 [INFO]   ⏭ 宏观经济: 过滤掉 50 条非近期新闻
2026-09-30 19:00:59 [INFO]   ⏭ Bloomberg Crypto: 过滤掉 50 条非近期新闻
2026-09-30 19:00:59 [INFO]   ⏭ CNBC Crypto: 过滤掉 49 条非近期新闻
2026-09-30 19:00:59 [INFO]   ⏭ Blockworks: 过滤掉 50 条非近期新闻
2026-09-30 19:00:59 [INFO]   ⏭ DL News: 过滤掉 50 条非近期新闻
2026-09-30 19:01:00 [INFO]   ⏭ 宏观经济: 过滤掉 50 条非近期新闻
2026-09-30 19:01:00 [INFO]   ⏭ Blockworks: 过滤掉 4 条非近期新闻
2026-09-30 19:01:00 [INFO]   ⏭ 律动BlockBeats: 过滤掉 19 条非近期新闻
2026-09-30 19:01:00 [INFO]   ⏭ 金色财经: 过滤掉 15 条非近期新闻
2026-09-30 19:01:00 [INFO]   ⏭ DeFi Llama: 过滤掉 50 条非近期新闻
2026-09-30 19:01:00 [INFO]   ⏭ 吴说区块链: 过滤掉 50 条非近期新闻
2026-09-30 19:01:00 [INFO]   ⏭ 雪球加密: 过滤掉 50 条非近期新闻
2026-09-30 19:01:00 [INFO]   ⏭ Crypto Twitter: 过滤掉 44 条非近期新闻
2026-09-30 19:01:01 [INFO]   ⏭ Bitcoin Magazine: 过滤掉 9 条非近期新闻
2026-09-30 19:01:04 [INFO]   ⏭ CoinDesk: 过滤掉 24 条非近期新闻
2026-09-30 19:01:14 [INFO]   ⏭ PANews: 过滤掉 50 条非近期新闻
2026-09-30 19:01:14 [INFO]   ✓ CoinDesk: 1 条
2026-09-30 19:01:14 [INFO]   ✓ The Block: 3 条
2026-09-30 19:01:14 [INFO]   ✓ Decrypt: 2 条
2026-09-30 19:01:14 [INFO]   ✓ CoinTelegraph: 2 条
2026-09-30 19:01:14 [INFO]   ✓ Bitcoin Magazine: 1 条
2026-09-30 19:01:14 [INFO]   ✓ Blockworks: 0 条
2026-09-30 19:01:14 [INFO]   ✓ DL News: 0 条
2026-09-30 19:01:14 [INFO]   ✓ 金色财经: 5 条
2026-09-30 19:01:14 [INFO]   ✓ PANews: 0 条
2026-09-30 19:01:14 [INFO]   ✓ 律动BlockBeats: 1 条
2026-09-30 19:01:14 [INFO]   ✓ 吴说区块链: 0 条
2026-09-30 19:01:14 [INFO]   ✓ Bloomberg Crypto: 0 条
2026-09-30 19:01:14 [INFO]   ✓ Reuters Crypto: 0 条
2026-09-30 19:01:14 [INFO]   ✓ CNBC Crypto: 1 条
2026-09-30 19:01:14 [INFO]   ✓ Reddit r/cryptocurrency: 2 条
2026-09-30 19:01:14 [INFO]   ✓ Reddit r/bitcoin: 0 条
2026-09-30 19:01:14 [INFO]   ✓ Crypto Twitter: 6 条
2026-09-30 19:01:14 [INFO]   ✓ 宏观经济: 0 条
2026-09-30 19:01:14 [INFO]   ✓ Binance公告: 20 条
2026-09-30 19:01:14 [INFO]   ✓ OKX公告: 0 条
2026-09-30 19:01:14 [INFO]   ✓ Bitget公告: 0 条
2026-09-30 19:01:14 [INFO]   ✓ Whale Alert: 0 条
2026-09-30 19:01:14 [INFO]   ✓ Fear & Greed Index: 1 条
2026-09-30 19:01:14 [INFO]   ✓ DeFi Llama: 0 条
2026-09-30 19:01:14 [INFO]   ✓ 雪球加密: 0 条
2026-09-30 19:01:14 [INFO] 📊 共抓取 45 条新闻
2026-09-30 19:01:14 [INFO] 📋 原始新闻已保存: reports/2026-10-01-03-raw.json (45 条)
2026-09-30 19:01:14 [INFO] 📋 标题摘要已保存: reports/2026-10-01-03-raw-titles.md
2026-09-30 19:01:14 [INFO] ✅ 抓取完成，共 45 条，已保存到 reports/2026-10-01-03-raw.json
2026-09-30 19:01:15 [INFO] 🤖 开始 AI 筛选 2026-10-01 03:00 币圈消息
2026-09-30 19:01:15 [INFO] 📋 已加载原始新闻: reports/2026-10-01-03-raw.json (45 条)
2026-09-30 19:01:15 [INFO] 📚 已加载历史新闻标题（25663 字符）
2026-09-30 19:01:15 [INFO] 📚 已加载历史筛选标题 0 条、URL 0 个，用于去重
2026-09-30 19:01:15 [INFO] 🔄 尝试 AI 提供商: deepseek
2026-09-30 19:01:15 [INFO] 🤖 使用 AI 提供商: deepseek (模型: deepseek-v4-flash)
2026-09-30 19:01:15 [INFO] 🤖 AI 筛选 [[deepseek] 1/6 策略=仅标题+链接 retry=0]（45 条，9602 字符，temp=0.3）
2026-09-30 19:01:16 [ERROR] AI 调用异常 ([deepseek] 1/6 策略=仅标题+链接 retry=0): Error code: 401 - {'error': {'message': 'Authentication Fails, Your api key: ****df0d is invalid (request_id: 16ab0498-5ed3-40a4-a1ca-8cc100bb3dad)', 'type': 'authentication_error', 'param': None, 'code': 'invalid_request_error'}}
2026-09-30 19:01:16 [WARNING] [[deepseek] 1/6 策略=仅标题+链接 retry=0] AI 调用失败或解析失败，继续下一次尝试
2026-09-30 19:01:16 [INFO] 🤖 AI 筛选 [[deepseek] 2/6 策略=仅标题+链接 retry=1]（45 条，9602 字符，temp=0.3）
2026-09-30 19:01:16 [ERROR] AI 调用异常 ([deepseek] 2/6 策略=仅标题+链接 retry=1): Error code: 401 - {'error': {'message': 'Authentication Fails, Your api key: ****df0d is invalid (request_id: cf46d00c-ec24-4f6f-9a85-cecb47631a16)', 'type': 'authentication_error', 'param': None, 'code': 'invalid_request_error'}}
2026-09-30 19:01:16 [WARNING] [[deepseek] 2/6 策略=仅标题+链接 retry=1] AI 调用失败或解析失败，继续下一次尝试
2026-09-30 19:01:16 [INFO] 🤖 AI 筛选 [[deepseek] 3/6 策略=仅标题+链接 retry=2]（45 条，9602 字符，temp=0.3）
2026-09-30 19:01:17 [ERROR] AI 调用异常 ([deepseek] 3/6 策略=仅标题+链接 retry=2): Error code: 401 - {'error': {'message': 'Authentication Fails, Your api key: ****df0d is invalid (request_id: 168c2650-5951-4c27-a784-952f17e1d1b7)', 'type': 'authentication_error', 'param': None, 'code': 'invalid_request_error'}}
2026-09-30 19:01:17 [WARNING] [[deepseek] 3/6 策略=仅标题+链接 retry=2] AI 调用失败或解析失败，继续下一次尝试
2026-09-30 19:01:17 [INFO] 🤖 AI 筛选 [[deepseek] 4/6 策略=完整内容 retry=0]（45 条，14932 字符，temp=0.3）
2026-09-30 19:01:17 [ERROR] AI 调用异常 ([deepseek] 4/6 策略=完整内容 retry=0): Error code: 401 - {'error': {'message': 'Authentication Fails, Your api key: ****df0d is invalid (request_id: 6bdc324d-f7fc-4dc8-be64-fe1fad39cede)', 'type': 'authentication_error', 'param': None, 'code': 'invalid_request_error'}}
2026-09-30 19:01:17 [WARNING] [[deepseek] 4/6 策略=完整内容 retry=0] AI 调用失败或解析失败，继续下一次尝试
2026-09-30 19:01:17 [INFO] 🤖 AI 筛选 [[deepseek] 5/6 策略=完整内容 retry=1]（45 条，14932 字符，temp=0.3）
2026-09-30 19:01:18 [ERROR] AI 调用异常 ([deepseek] 5/6 策略=完整内容 retry=1): Error code: 401 - {'error': {'message': 'Authentication Fails, Your api key: ****df0d is invalid (request_id: c609ec78-fd88-4986-8b62-129519425b79)', 'type': 'authentication_error', 'param': None, 'code': 'invalid_request_error'}}
2026-09-30 19:01:18 [WARNING] [[deepseek] 5/6 策略=完整内容 retry=1] AI 调用失败或解析失败，继续下一次尝试
2026-09-30 19:01:18 [INFO] 🤖 AI 筛选 [[deepseek] 6/6 策略=仅标题（无历史） retry=0]（45 条，9602 字符，temp=0.3）
2026-09-30 19:01:18 [ERROR] AI 调用异常 ([deepseek] 6/6 策略=仅标题（无历史） retry=0): Error code: 401 - {'error': {'message': 'Authentication Fails, Your api key: ****df0d is invalid (request_id: 757e6ebc-47dd-4f14-badc-c94daf4a8d0d)', 'type': 'authentication_error', 'param': None, 'code': 'invalid_request_error'}}
2026-09-30 19:01:18 [WARNING] [[deepseek] 6/6 策略=仅标题（无历史） retry=0] AI 调用失败或解析失败，继续下一次尝试
2026-09-30 19:01:18 [WARNING] [deepseek] 已达最大尝试次数 6，停止
2026-09-30 19:01:18 [INFO] ⚠️ deepseek 未能产出满意结果，尝试下一个提供商
2026-09-30 19:01:18 [INFO] 🔄 尝试 AI 提供商: zhipu
2026-09-30 19:01:18 [ERROR] 未设置环境变量 ZHIPU_API_KEY，无法使用 zhipu
2026-09-30 19:01:18 [INFO] ⚠️ zhipu 未能产出满意结果，尝试下一个提供商
2026-09-30 19:01:18 [INFO] 🔄 尝试 AI 提供商: kimi
2026-09-30 19:01:18 [ERROR] 未设置环境变量 KIMI_API_KEY，无法使用 kimi
2026-09-30 19:01:18 [INFO] ⚠️ kimi 未能产出满意结果，尝试下一个提供商
2026-09-30 19:01:18 [INFO] 🔄 尝试 AI 提供商: huoshan
2026-09-30 19:01:18 [ERROR] 未设置环境变量 HUOSHAN_API_KEY，无法使用 huoshan
2026-09-30 19:01:18 [INFO] ⚠️ huoshan 未能产出满意结果，尝试下一个提供商
2026-09-30 19:01:18 [ERROR] ❌ 所有提供商均失败，返回空列表
2026-09-30 19:01:18 [INFO] 📦 JSON 已保存: reports/2026-10-01-03.json
2026-09-30 19:01:18 [INFO] ✅ AI 筛选完成，共 0 条交易相关消息
2026-09-30 20:00:55 [INFO] 🚀 开始抓取 2026-10-01 04:00 币圈新闻
2026-09-30 20:00:55 [INFO] 📡 抓取 RSS 新闻源...
2026-09-30 20:00:55 [INFO] 📡 抓取交易所公告 & 链上数据...
2026-09-30 20:00:55 [INFO]   ⏭ The Block: 过滤掉 17 条非近期新闻
2026-09-30 20:00:55 [INFO]   ⏭ CoinTelegraph: 过滤掉 26 条非近期新闻
2026-09-30 20:00:55 [INFO]   ⏭ Decrypt: 过滤掉 33 条非近期新闻
2026-09-30 20:00:55 [INFO]   ⏭ CoinDesk: 过滤掉 25 条非近期新闻
2026-09-30 20:00:55 [INFO]   ⏭ Bitcoin Magazine: 过滤掉 9 条非近期新闻
2026-09-30 20:00:56 [WARNING] 解析失败 Bitget公告: 'NoneType' object is not subscriptable
2026-09-30 20:00:56 [INFO]   ⏭ Reuters Crypto: 过滤掉 49 条非近期新闻
2026-09-30 20:00:56 [INFO]   ⏭ Blockworks: 过滤掉 50 条非近期新闻
2026-09-30 20:00:56 [INFO]   ⏭ CNBC Crypto: 过滤掉 50 条非近期新闻
2026-09-30 20:00:56 [INFO]   ⏭ DL News: 过滤掉 50 条非近期新闻
2026-09-30 20:00:56 [INFO]   ⏭ Bloomberg Crypto: 过滤掉 50 条非近期新闻
2026-09-30 20:00:56 [INFO]   ⏭ 宏观经济: 过滤掉 47 条非近期新闻
2026-09-30 20:00:56 [INFO]   ⏭ DeFi Llama: 过滤掉 50 条非近期新闻
2026-09-30 20:00:56 [INFO]   ⏭ 雪球加密: 过滤掉 50 条非近期新闻
2026-09-30 20:00:56 [INFO]   ⏭ Reddit r/bitcoin: 过滤掉 22 条非近期新闻
2026-09-30 20:00:56 [INFO]   ⏭ CoinDesk: 过滤掉 50 条非近期新闻
2026-09-30 20:00:56 [INFO]   ⏭ Blockworks: 过滤掉 5 条非近期新闻
2026-09-30 20:00:56 [INFO]   ⏭ 金色财经: 过滤掉 15 条非近期新闻
2026-09-30 20:00:57 [INFO]   ⏭ 吴说区块链: 过滤掉 50 条非近期新闻
2026-09-30 20:00:57 [INFO]   ⏭ Crypto Twitter: 过滤掉 46 条非近期新闻
2026-09-30 20:01:11 [DEBUG] 请求失败 https://rsshub.rssforever.com/panewslab/news: 
2026-09-30 20:01:11 [DEBUG] 请求失败 https://rsshub.rssforever.com/theblockbeats/newsflash: 
2026-09-30 20:01:12 [INFO]   ⏭ 律动BlockBeats: 过滤掉 50 条非近期新闻
2026-09-30 20:01:12 [INFO]   ⏭ PANews: 过滤掉 50 条非近期新闻
2026-09-30 20:01:12 [INFO]   ✓ CoinDesk: 0 条
2026-09-30 20:01:12 [INFO]   ✓ The Block: 2 条
2026-09-30 20:01:12 [INFO]   ✓ Decrypt: 3 条
2026-09-30 20:01:12 [INFO]   ✓ CoinTelegraph: 4 条
2026-09-30 20:01:12 [INFO]   ✓ Bitcoin Magazine: 1 条
2026-09-30 20:01:12 [INFO]   ✓ Blockworks: 0 条
2026-09-30 20:01:12 [INFO]   ✓ DL News: 0 条
2026-09-30 20:01:12 [INFO]   ✓ 金色财经: 5 条
2026-09-30 20:01:12 [INFO]   ✓ PANews: 0 条
2026-09-30 20:01:12 [INFO]   ✓ 律动BlockBeats: 0 条
2026-09-30 20:01:12 [INFO]   ✓ 吴说区块链: 0 条
2026-09-30 20:01:12 [INFO]   ✓ Bloomberg Crypto: 0 条
2026-09-30 20:01:12 [INFO]   ✓ Reuters Crypto: 1 条
2026-09-30 20:01:12 [INFO]   ✓ CNBC Crypto: 0 条
2026-09-30 20:01:12 [INFO]   ✓ Reddit r/cryptocurrency: 0 条
2026-09-30 20:01:12 [INFO]   ✓ Reddit r/bitcoin: 3 条
2026-09-30 20:01:12 [INFO]   ✓ Crypto Twitter: 4 条
2026-09-30 20:01:12 [INFO]   ✓ 宏观经济: 3 条
2026-09-30 20:01:12 [INFO]   ✓ Binance公告: 20 条
2026-09-30 20:01:12 [INFO]   ✓ OKX公告: 0 条
2026-09-30 20:01:12 [INFO]   ✓ Bitget公告: 0 条
2026-09-30 20:01:12 [INFO]   ✓ Whale Alert: 0 条
2026-09-30 20:01:12 [INFO]   ✓ Fear & Greed Index: 1 条
2026-09-30 20:01:12 [INFO]   ✓ DeFi Llama: 0 条
2026-09-30 20:01:12 [INFO]   ✓ 雪球加密: 0 条
2026-09-30 20:01:12 [INFO] 📊 共抓取 47 条新闻
2026-09-30 20:01:12 [INFO] 📋 原始新闻已保存: reports/2026-10-01-04-raw.json (47 条)
2026-09-30 20:01:12 [INFO] 📋 标题摘要已保存: reports/2026-10-01-04-raw-titles.md
2026-09-30 20:01:12 [INFO] ✅ 抓取完成，共 47 条，已保存到 reports/2026-10-01-04-raw.json
2026-09-30 20:01:13 [INFO] 🤖 开始 AI 筛选 2026-10-01 04:00 币圈消息
2026-09-30 20:01:13 [INFO] 📋 已加载原始新闻: reports/2026-10-01-04-raw.json (47 条)
2026-09-30 20:01:13 [INFO] 📚 已加载历史新闻标题（24806 字符）
2026-09-30 20:01:13 [INFO] 📚 已加载历史筛选标题 0 条、URL 0 个，用于去重
2026-09-30 20:01:13 [INFO] 🔄 尝试 AI 提供商: deepseek
2026-09-30 20:01:13 [INFO] 🤖 使用 AI 提供商: deepseek (模型: deepseek-v4-flash)
2026-09-30 20:01:13 [INFO] 🤖 AI 筛选 [[deepseek] 1/6 策略=仅标题+链接 retry=0]（47 条，9944 字符，temp=0.3）
2026-09-30 20:01:13 [ERROR] AI 调用异常 ([deepseek] 1/6 策略=仅标题+链接 retry=0): Error code: 401 - {'error': {'message': 'Authentication Fails, Your api key: ****df0d is invalid (request_id: c8f6e790-6dd2-4d5d-8bfc-bef5cc7e9cc8)', 'type': 'authentication_error', 'param': None, 'code': 'invalid_request_error'}}
2026-09-30 20:01:13 [WARNING] [[deepseek] 1/6 策略=仅标题+链接 retry=0] AI 调用失败或解析失败，继续下一次尝试
2026-09-30 20:01:13 [INFO] 🤖 AI 筛选 [[deepseek] 2/6 策略=仅标题+链接 retry=1]（47 条，9944 字符，temp=0.3）
2026-09-30 20:01:14 [ERROR] AI 调用异常 ([deepseek] 2/6 策略=仅标题+链接 retry=1): Error code: 401 - {'error': {'message': 'Authentication Fails, Your api key: ****df0d is invalid (request_id: 98f66918-0d6b-4bcc-86f5-79528bde7607)', 'type': 'authentication_error', 'param': None, 'code': 'invalid_request_error'}}
2026-09-30 20:01:14 [WARNING] [[deepseek] 2/6 策略=仅标题+链接 retry=1] AI 调用失败或解析失败，继续下一次尝试
2026-09-30 20:01:14 [INFO] 🤖 AI 筛选 [[deepseek] 3/6 策略=仅标题+链接 retry=2]（47 条，9944 字符，temp=0.3）
2026-09-30 20:01:14 [ERROR] AI 调用异常 ([deepseek] 3/6 策略=仅标题+链接 retry=2): Error code: 401 - {'error': {'message': 'Authentication Fails, Your api key: ****df0d is invalid (request_id: 23cef121-bb2a-411f-8972-55240456ae40)', 'type': 'authentication_error', 'param': None, 'code': 'invalid_request_error'}}
2026-09-30 20:01:14 [WARNING] [[deepseek] 3/6 策略=仅标题+链接 retry=2] AI 调用失败或解析失败，继续下一次尝试
2026-09-30 20:01:14 [INFO] 🤖 AI 筛选 [[deepseek] 4/6 策略=完整内容 retry=0]（47 条，15556 字符，temp=0.3）
2026-09-30 20:01:15 [ERROR] AI 调用异常 ([deepseek] 4/6 策略=完整内容 retry=0): Error code: 401 - {'error': {'message': 'Authentication Fails, Your api key: ****df0d is invalid (request_id: e6816dff-7f13-453c-a960-9e873fd9c9d2)', 'type': 'authentication_error', 'param': None, 'code': 'invalid_request_error'}}
2026-09-30 20:01:15 [WARNING] [[deepseek] 4/6 策略=完整内容 retry=0] AI 调用失败或解析失败，继续下一次尝试
2026-09-30 20:01:15 [INFO] 🤖 AI 筛选 [[deepseek] 5/6 策略=完整内容 retry=1]（47 条，15556 字符，temp=0.3）
2026-09-30 20:01:15 [ERROR] AI 调用异常 ([deepseek] 5/6 策略=完整内容 retry=1): Error code: 401 - {'error': {'message': 'Authentication Fails, Your api key: ****df0d is invalid (request_id: c54d1d88-c01a-4173-bacd-b6f69a12933a)', 'type': 'authentication_error', 'param': None, 'code': 'invalid_request_error'}}
2026-09-30 20:01:15 [WARNING] [[deepseek] 5/6 策略=完整内容 retry=1] AI 调用失败或解析失败，继续下一次尝试
2026-09-30 20:01:15 [INFO] 🤖 AI 筛选 [[deepseek] 6/6 策略=仅标题（无历史） retry=0]（47 条，9944 字符，temp=0.3）
2026-09-30 20:01:16 [ERROR] AI 调用异常 ([deepseek] 6/6 策略=仅标题（无历史） retry=0): Error code: 401 - {'error': {'message': 'Authentication Fails, Your api key: ****df0d is invalid (request_id: 0e784eb9-1a60-4be5-9fb2-f4fc4778b0dd)', 'type': 'authentication_error', 'param': None, 'code': 'invalid_request_error'}}
2026-09-30 20:01:16 [WARNING] [[deepseek] 6/6 策略=仅标题（无历史） retry=0] AI 调用失败或解析失败，继续下一次尝试
2026-09-30 20:01:16 [WARNING] [deepseek] 已达最大尝试次数 6，停止
2026-09-30 20:01:16 [INFO] ⚠️ deepseek 未能产出满意结果，尝试下一个提供商
2026-09-30 20:01:16 [INFO] 🔄 尝试 AI 提供商: zhipu
2026-09-30 20:01:16 [ERROR] 未设置环境变量 ZHIPU_API_KEY，无法使用 zhipu
2026-09-30 20:01:16 [INFO] ⚠️ zhipu 未能产出满意结果，尝试下一个提供商
2026-09-30 20:01:16 [INFO] 🔄 尝试 AI 提供商: kimi
2026-09-30 20:01:16 [ERROR] 未设置环境变量 KIMI_API_KEY，无法使用 kimi
2026-09-30 20:01:16 [INFO] ⚠️ kimi 未能产出满意结果，尝试下一个提供商
2026-09-30 20:01:16 [INFO] 🔄 尝试 AI 提供商: huoshan
2026-09-30 20:01:16 [ERROR] 未设置环境变量 HUOSHAN_API_KEY，无法使用 huoshan
2026-09-30 20:01:16 [INFO] ⚠️ huoshan 未能产出满意结果，尝试下一个提供商
2026-09-30 20:01:16 [ERROR] ❌ 所有提供商均失败，返回空列表
2026-09-30 20:01:16 [INFO] 📦 JSON 已保存: reports/2026-10-01-04.json
2026-09-30 20:01:16 [INFO] ✅ AI 筛选完成，共 0 条交易相关消息
2026-09-30 21:00:59 [INFO] 🚀 开始抓取 2026-10-01 05:00 币圈新闻
2026-09-30 21:00:59 [INFO] 📡 抓取 RSS 新闻源...
2026-09-30 21:00:59 [INFO] 📡 抓取交易所公告 & 链上数据...
2026-09-30 21:00:59 [INFO]   ⏭ Decrypt: 过滤掉 33 条非近期新闻
2026-09-30 21:00:59 [INFO]   ⏭ The Block: 过滤掉 18 条非近期新闻
2026-09-30 21:00:59 [INFO]   ⏭ CoinTelegraph: 过滤掉 28 条非近期新闻
2026-09-30 21:01:00 [WARNING] 解析失败 Bitget公告: 'NoneType' object is not subscriptable
2026-09-30 21:01:00 [INFO]   ⏭ CoinDesk: 过滤掉 25 条非近期新闻
2026-09-30 21:01:00 [INFO]   ⏭ Bloomberg Crypto: 过滤掉 50 条非近期新闻
2026-09-30 21:01:00 [INFO]   ⏭ Bitcoin Magazine: 过滤掉 8 条非近期新闻
2026-09-30 21:01:00 [INFO]   ⏭ Reuters Crypto: 过滤掉 49 条非近期新闻
2026-09-30 21:01:00 [INFO]   ⏭ CNBC Crypto: 过滤掉 50 条非近期新闻
2026-09-30 21:01:00 [INFO]   ⏭ 宏观经济: 过滤掉 46 条非近期新闻
2026-09-30 21:01:00 [INFO]   ⏭ Blockworks: 过滤掉 50 条非近期新闻
2026-09-30 21:01:00 [INFO]   ⏭ DL News: 过滤掉 50 条非近期新闻
2026-09-30 21:01:00 [INFO]   ⏭ Reddit r/cryptocurrency: 过滤掉 24 条非近期新闻
2026-09-30 21:01:01 [INFO]   ⏭ Blockworks: 过滤掉 5 条非近期新闻
2026-09-30 21:01:01 [INFO]   ⏭ DeFi Llama: 过滤掉 50 条非近期新闻
2026-09-30 21:01:01 [INFO]   ⏭ 雪球加密: 过滤掉 50 条非近期新闻
2026-09-30 21:01:01 [INFO]   ⏭ 吴说区块链: 过滤掉 50 条非近期新闻
2026-09-30 21:01:02 [INFO]   ⏭ Crypto Twitter: 过滤掉 41 条非近期新闻
2026-09-30 21:01:02 [INFO]   ⏭ CoinDesk: 过滤掉 50 条非近期新闻
2026-09-30 21:01:16 [DEBUG] 请求失败 https://rsshub.rssforever.com/theblockbeats/newsflash: 
2026-09-30 21:01:16 [DEBUG] 请求失败 https://rsshub.rssforever.com/panewslab/news: 
2026-09-30 21:01:16 [DEBUG] 请求失败 https://rsshub.rssforever.com/bloomberg/crypto: 
2026-09-30 21:01:16 [INFO]   ⏭ 律动BlockBeats: 过滤掉 50 条非近期新闻
2026-09-30 21:01:16 [INFO]   ⏭ PANews: 过滤掉 50 条非近期新闻
2026-09-30 21:01:16 [INFO]   ✓ CoinDesk: 0 条
2026-09-30 21:01:16 [INFO]   ✓ The Block: 1 条
2026-09-30 21:01:16 [INFO]   ✓ Decrypt: 3 条
2026-09-30 21:01:16 [INFO]   ✓ CoinTelegraph: 2 条
2026-09-30 21:01:16 [INFO]   ✓ Bitcoin Magazine: 2 条
2026-09-30 21:01:16 [INFO]   ✓ Blockworks: 0 条
2026-09-30 21:01:16 [INFO]   ✓ DL News: 0 条
2026-09-30 21:01:16 [INFO]   ✓ 金色财经: 7 条
2026-09-30 21:01:16 [INFO]   ✓ PANews: 0 条
2026-09-30 21:01:16 [INFO]   ✓ 律动BlockBeats: 0 条
2026-09-30 21:01:16 [INFO]   ✓ 吴说区块链: 0 条
2026-09-30 21:01:16 [INFO]   ✓ Bloomberg Crypto: 0 条
2026-09-30 21:01:16 [INFO]   ✓ Reuters Crypto: 1 条
2026-09-30 21:01:16 [INFO]   ✓ CNBC Crypto: 0 条
2026-09-30 21:01:16 [INFO]   ✓ Reddit r/cryptocurrency: 1 条
2026-09-30 21:01:16 [INFO]   ✓ Reddit r/bitcoin: 0 条
2026-09-30 21:01:16 [INFO]   ✓ Crypto Twitter: 9 条
2026-09-30 21:01:16 [INFO]   ✓ 宏观经济: 4 条
2026-09-30 21:01:16 [INFO]   ✓ Binance公告: 20 条
2026-09-30 21:01:16 [INFO]   ✓ OKX公告: 0 条
2026-09-30 21:01:16 [INFO]   ✓ Bitget公告: 0 条
2026-09-30 21:01:16 [INFO]   ✓ Whale Alert: 0 条
2026-09-30 21:01:16 [INFO]   ✓ Fear & Greed Index: 1 条
2026-09-30 21:01:16 [INFO]   ✓ DeFi Llama: 0 条
2026-09-30 21:01:16 [INFO]   ✓ 雪球加密: 0 条
2026-09-30 21:01:16 [INFO] 📊 共抓取 51 条新闻
2026-09-30 21:01:16 [INFO] 📋 原始新闻已保存: reports/2026-10-01-05-raw.json (51 条)
2026-09-30 21:01:16 [INFO] 📋 标题摘要已保存: reports/2026-10-01-05-raw-titles.md
2026-09-30 21:01:16 [INFO] ✅ 抓取完成，共 51 条，已保存到 reports/2026-10-01-05-raw.json
2026-09-30 21:01:17 [INFO] 🤖 开始 AI 筛选 2026-10-01 05:00 币圈消息
2026-09-30 21:01:17 [INFO] 📋 已加载原始新闻: reports/2026-10-01-05-raw.json (51 条)
2026-09-30 21:01:17 [INFO] 📚 已加载历史新闻标题（24438 字符）
2026-09-30 21:01:17 [INFO] 📚 已加载历史筛选标题 0 条、URL 0 个，用于去重
2026-09-30 21:01:17 [INFO] 🔄 尝试 AI 提供商: deepseek
2026-09-30 21:01:17 [INFO] 🤖 使用 AI 提供商: deepseek (模型: deepseek-v4-flash)
2026-09-30 21:01:17 [INFO] 🤖 AI 筛选 [[deepseek] 1/6 策略=仅标题+链接 retry=0]（51 条，11311 字符，temp=0.3）
2026-09-30 21:01:18 [ERROR] AI 调用异常 ([deepseek] 1/6 策略=仅标题+链接 retry=0): Error code: 401 - {'error': {'message': 'Authentication Fails, Your api key: ****df0d is invalid (request_id: 42a66239-ddf9-4387-841c-bf9b2b726fd6)', 'type': 'authentication_error', 'param': None, 'code': 'invalid_request_error'}}
2026-09-30 21:01:18 [WARNING] [[deepseek] 1/6 策略=仅标题+链接 retry=0] AI 调用失败或解析失败，继续下一次尝试
2026-09-30 21:01:18 [INFO] 🤖 AI 筛选 [[deepseek] 2/6 策略=仅标题+链接 retry=1]（51 条，11311 字符，temp=0.3）
2026-09-30 21:01:18 [ERROR] AI 调用异常 ([deepseek] 2/6 策略=仅标题+链接 retry=1): Error code: 401 - {'error': {'message': 'Authentication Fails, Your api key: ****df0d is invalid (request_id: 999db10b-05f0-4d23-91af-5cae03dca8b1)', 'type': 'authentication_error', 'param': None, 'code': 'invalid_request_error'}}
2026-09-30 21:01:18 [WARNING] [[deepseek] 2/6 策略=仅标题+链接 retry=1] AI 调用失败或解析失败，继续下一次尝试
2026-09-30 21:01:18 [INFO] 🤖 AI 筛选 [[deepseek] 3/6 策略=仅标题+链接 retry=2]（51 条，11311 字符，temp=0.3）
2026-09-30 21:01:19 [ERROR] AI 调用异常 ([deepseek] 3/6 策略=仅标题+链接 retry=2): Error code: 401 - {'error': {'message': 'Authentication Fails, Your api key: ****df0d is invalid (request_id: 5e72d1b8-3d1f-4f6e-a58f-5c86f2b7a44c)', 'type': 'authentication_error', 'param': None, 'code': 'invalid_request_error'}}
2026-09-30 21:01:19 [WARNING] [[deepseek] 3/6 策略=仅标题+链接 retry=2] AI 调用失败或解析失败，继续下一次尝试
2026-09-30 21:01:19 [INFO] 🤖 AI 筛选 [[deepseek] 4/6 策略=完整内容 retry=0]（51 条，17233 字符，temp=0.3）
2026-09-30 21:01:19 [ERROR] AI 调用异常 ([deepseek] 4/6 策略=完整内容 retry=0): Error code: 401 - {'error': {'message': 'Authentication Fails, Your api key: ****df0d is invalid (request_id: 3d60ceb4-2adc-408e-aa24-787eee4b8ee8)', 'type': 'authentication_error', 'param': None, 'code': 'invalid_request_error'}}
2026-09-30 21:01:19 [WARNING] [[deepseek] 4/6 策略=完整内容 retry=0] AI 调用失败或解析失败，继续下一次尝试
2026-09-30 21:01:19 [INFO] 🤖 AI 筛选 [[deepseek] 5/6 策略=完整内容 retry=1]（51 条，17233 字符，temp=0.3）
2026-09-30 21:01:20 [ERROR] AI 调用异常 ([deepseek] 5/6 策略=完整内容 retry=1): Error code: 401 - {'error': {'message': 'Authentication Fails, Your api key: ****df0d is invalid (request_id: c7fb4d3b-e79d-4c11-9192-5ebca5bdbe47)', 'type': 'authentication_error', 'param': None, 'code': 'invalid_request_error'}}
2026-09-30 21:01:20 [WARNING] [[deepseek] 5/6 策略=完整内容 retry=1] AI 调用失败或解析失败，继续下一次尝试
2026-09-30 21:01:20 [INFO] 🤖 AI 筛选 [[deepseek] 6/6 策略=仅标题（无历史） retry=0]（51 条，11311 字符，temp=0.3）
2026-09-30 21:01:20 [ERROR] AI 调用异常 ([deepseek] 6/6 策略=仅标题（无历史） retry=0): Error code: 401 - {'error': {'message': 'Authentication Fails, Your api key: ****df0d is invalid (request_id: e96f3c4d-2fce-4d64-85fc-75e50677fc6f)', 'type': 'authentication_error', 'param': None, 'code': 'invalid_request_error'}}
2026-09-30 21:01:20 [WARNING] [[deepseek] 6/6 策略=仅标题（无历史） retry=0] AI 调用失败或解析失败，继续下一次尝试
2026-09-30 21:01:20 [WARNING] [deepseek] 已达最大尝试次数 6，停止
2026-09-30 21:01:20 [INFO] ⚠️ deepseek 未能产出满意结果，尝试下一个提供商
2026-09-30 21:01:20 [INFO] 🔄 尝试 AI 提供商: zhipu
2026-09-30 21:01:20 [ERROR] 未设置环境变量 ZHIPU_API_KEY，无法使用 zhipu
2026-09-30 21:01:20 [INFO] ⚠️ zhipu 未能产出满意结果，尝试下一个提供商
2026-09-30 21:01:20 [INFO] 🔄 尝试 AI 提供商: kimi
2026-09-30 21:01:20 [ERROR] 未设置环境变量 KIMI_API_KEY，无法使用 kimi
2026-09-30 21:01:20 [INFO] ⚠️ kimi 未能产出满意结果，尝试下一个提供商
2026-09-30 21:01:20 [INFO] 🔄 尝试 AI 提供商: huoshan
2026-09-30 21:01:20 [ERROR] 未设置环境变量 HUOSHAN_API_KEY，无法使用 huoshan
2026-09-30 21:01:20 [INFO] ⚠️ huoshan 未能产出满意结果，尝试下一个提供商
2026-09-30 21:01:20 [ERROR] ❌ 所有提供商均失败，返回空列表
2026-09-30 21:01:20 [INFO] 📦 JSON 已保存: reports/2026-10-01-05.json
2026-09-30 21:01:20 [INFO] ✅ AI 筛选完成，共 0 条交易相关消息
2026-09-30 22:00:54 [INFO] 🚀 开始抓取 2026-10-01 06:00 币圈新闻
2026-09-30 22:00:54 [INFO] 📡 抓取 RSS 新闻源...
2026-09-30 22:00:54 [INFO] 📡 抓取交易所公告 & 链上数据...
2026-09-30 22:00:54 [INFO]   ⏭ CoinTelegraph: 过滤掉 29 条非近期新闻
2026-09-30 22:00:54 [INFO]   ⏭ Decrypt: 过滤掉 35 条非近期新闻
2026-09-30 22:00:54 [INFO]   ⏭ The Block: 过滤掉 17 条非近期新闻
2026-09-30 22:00:55 [WARNING] 解析失败 Bitget公告: 'NoneType' object is not subscriptable
2026-09-30 22:00:55 [INFO]   ⏭ Bloomberg Crypto: 过滤掉 49 条非近期新闻
2026-09-30 22:00:55 [INFO]   ⏭ Reddit r/cryptocurrency: 过滤掉 24 条非近期新闻
2026-09-30 22:00:55 [INFO]   ⏭ CNBC Crypto: 过滤掉 49 条非近期新闻
2026-09-30 22:00:55 [INFO]   ⏭ 宏观经济: 过滤掉 49 条非近期新闻
2026-09-30 22:00:55 [INFO]   ⏭ Reuters Crypto: 过滤掉 50 条非近期新闻
2026-09-30 22:00:55 [INFO]   ⏭ Bitcoin Magazine: 过滤掉 8 条非近期新闻
2026-09-30 22:00:55 [INFO]   ⏭ CoinDesk: 过滤掉 25 条非近期新闻
2026-09-30 22:00:55 [INFO]   ⏭ Blockworks: 过滤掉 50 条非近期新闻
2026-09-30 22:00:55 [INFO]   ⏭ Blockworks: 过滤掉 4 条非近期新闻
2026-09-30 22:00:56 [INFO]   ⏭ DL News: 过滤掉 50 条非近期新闻
2026-09-30 22:00:56 [INFO]   ⏭ 吴说区块链: 过滤掉 50 条非近期新闻
2026-09-30 22:00:56 [INFO]   ⏭ DeFi Llama: 过滤掉 50 条非近期新闻
2026-09-30 22:00:57 [INFO]   ⏭ CoinDesk: 过滤掉 50 条非近期新闻
2026-09-30 22:00:57 [INFO]   ⏭ Crypto Twitter: 过滤掉 43 条非近期新闻
2026-09-30 22:00:57 [INFO]   ⏭ 雪球加密: 过滤掉 50 条非近期新闻
2026-09-30 22:01:11 [DEBUG] 请求失败 https://rsshub.rssforever.com/theblockbeats/newsflash: 
2026-09-30 22:01:11 [DEBUG] 请求失败 https://rsshub.rssforever.com/panewslab/news: 
2026-09-30 22:01:11 [DEBUG] 请求失败 https://rsshub.rssforever.com/jinse/lives: 
2026-09-30 22:01:11 [INFO]   ⏭ PANews: 过滤掉 50 条非近期新闻
2026-09-30 22:01:11 [INFO]   ⏭ 律动BlockBeats: 过滤掉 50 条非近期新闻
2026-09-30 22:01:11 [INFO]   ✓ CoinDesk: 0 条
2026-09-30 22:01:11 [INFO]   ✓ The Block: 2 条
2026-09-30 22:01:11 [INFO]   ✓ Decrypt: 3 条
2026-09-30 22:01:11 [INFO]   ✓ CoinTelegraph: 1 条
2026-09-30 22:01:11 [INFO]   ✓ Bitcoin Magazine: 2 条
2026-09-30 22:01:11 [INFO]   ✓ Blockworks: 0 条
2026-09-30 22:01:11 [INFO]   ✓ DL News: 0 条
2026-09-30 22:01:11 [INFO]   ✓ 金色财经: 0 条
2026-09-30 22:01:11 [INFO]   ✓ PANews: 0 条
2026-09-30 22:01:11 [INFO]   ✓ 律动BlockBeats: 0 条
2026-09-30 22:01:11 [INFO]   ✓ 吴说区块链: 0 条
2026-09-30 22:01:11 [INFO]   ✓ Bloomberg Crypto: 1 条
2026-09-30 22:01:11 [INFO]   ✓ Reuters Crypto: 0 条
2026-09-30 22:01:11 [INFO]   ✓ CNBC Crypto: 1 条
2026-09-30 22:01:11 [INFO]   ✓ Reddit r/cryptocurrency: 1 条
2026-09-30 22:01:11 [INFO]   ✓ Reddit r/bitcoin: 0 条
2026-09-30 22:01:11 [INFO]   ✓ Crypto Twitter: 7 条
2026-09-30 22:01:11 [INFO]   ✓ 宏观经济: 1 条
2026-09-30 22:01:11 [INFO]   ✓ Binance公告: 20 条
2026-09-30 22:01:11 [INFO]   ✓ OKX公告: 0 条
2026-09-30 22:01:11 [INFO]   ✓ Bitget公告: 0 条
2026-09-30 22:01:11 [INFO]   ✓ Whale Alert: 0 条
2026-09-30 22:01:11 [INFO]   ✓ Fear & Greed Index: 1 条
2026-09-30 22:01:11 [INFO]   ✓ DeFi Llama: 0 条
2026-09-30 22:01:11 [INFO]   ✓ 雪球加密: 0 条
2026-09-30 22:01:11 [INFO] 📊 共抓取 40 条新闻
2026-09-30 22:01:11 [INFO] 📋 原始新闻已保存: reports/2026-10-01-06-raw.json (40 条)
2026-09-30 22:01:11 [INFO] 📋 标题摘要已保存: reports/2026-10-01-06-raw-titles.md
2026-09-30 22:01:11 [INFO] ✅ 抓取完成，共 40 条，已保存到 reports/2026-10-01-06-raw.json
2026-09-30 22:01:12 [INFO] 🤖 开始 AI 筛选 2026-10-01 06:00 币圈消息
2026-09-30 22:01:12 [INFO] 📋 已加载原始新闻: reports/2026-10-01-06-raw.json (40 条)
2026-09-30 22:01:12 [INFO] 📚 已加载历史新闻标题（24107 字符）
2026-09-30 22:01:12 [INFO] 📚 已加载历史筛选标题 0 条、URL 0 个，用于去重
2026-09-30 22:01:12 [INFO] 🔄 尝试 AI 提供商: deepseek
2026-09-30 22:01:12 [INFO] 🤖 使用 AI 提供商: deepseek (模型: deepseek-v4-flash)
2026-09-30 22:01:12 [INFO] 🤖 AI 筛选 [[deepseek] 1/6 策略=仅标题+链接 retry=0]（40 条，9463 字符，temp=0.3）
2026-09-30 22:01:13 [ERROR] AI 调用异常 ([deepseek] 1/6 策略=仅标题+链接 retry=0): Error code: 401 - {'error': {'message': 'Authentication Fails, Your api key: ****df0d is invalid (request_id: 97c07dd3-54a6-49f9-abbe-68469dd7b1db)', 'type': 'authentication_error', 'param': None, 'code': 'invalid_request_error'}}
2026-09-30 22:01:13 [WARNING] [[deepseek] 1/6 策略=仅标题+链接 retry=0] AI 调用失败或解析失败，继续下一次尝试
2026-09-30 22:01:13 [INFO] 🤖 AI 筛选 [[deepseek] 2/6 策略=仅标题+链接 retry=1]（40 条，9463 字符，temp=0.3）
2026-09-30 22:01:13 [ERROR] AI 调用异常 ([deepseek] 2/6 策略=仅标题+链接 retry=1): Error code: 401 - {'error': {'message': 'Authentication Fails, Your api key: ****df0d is invalid (request_id: 94fd186c-c436-4eaf-ae49-71d622e13b7a)', 'type': 'authentication_error', 'param': None, 'code': 'invalid_request_error'}}
2026-09-30 22:01:13 [WARNING] [[deepseek] 2/6 策略=仅标题+链接 retry=1] AI 调用失败或解析失败，继续下一次尝试
2026-09-30 22:01:13 [INFO] 🤖 AI 筛选 [[deepseek] 3/6 策略=仅标题+链接 retry=2]（40 条，9463 字符，temp=0.3）
2026-09-30 22:01:14 [ERROR] AI 调用异常 ([deepseek] 3/6 策略=仅标题+链接 retry=2): Error code: 401 - {'error': {'message': 'Authentication Fails, Your api key: ****df0d is invalid (request_id: c866271f-09f7-4eb6-a505-2f400981fdaf)', 'type': 'authentication_error', 'param': None, 'code': 'invalid_request_error'}}
2026-09-30 22:01:14 [WARNING] [[deepseek] 3/6 策略=仅标题+链接 retry=2] AI 调用失败或解析失败，继续下一次尝试
2026-09-30 22:01:14 [INFO] 🤖 AI 筛选 [[deepseek] 4/6 策略=完整内容 retry=0]（40 条，13655 字符，temp=0.3）
2026-09-30 22:01:14 [ERROR] AI 调用异常 ([deepseek] 4/6 策略=完整内容 retry=0): Error code: 401 - {'error': {'message': 'Authentication Fails, Your api key: ****df0d is invalid (request_id: 6f24e73f-2184-4642-81ca-345a499ecb75)', 'type': 'authentication_error', 'param': None, 'code': 'invalid_request_error'}}
2026-09-30 22:01:14 [WARNING] [[deepseek] 4/6 策略=完整内容 retry=0] AI 调用失败或解析失败，继续下一次尝试
2026-09-30 22:01:14 [INFO] 🤖 AI 筛选 [[deepseek] 5/6 策略=完整内容 retry=1]（40 条，13655 字符，temp=0.3）
2026-09-30 22:01:15 [ERROR] AI 调用异常 ([deepseek] 5/6 策略=完整内容 retry=1): Error code: 401 - {'error': {'message': 'Authentication Fails, Your api key: ****df0d is invalid (request_id: 41d6b474-4a89-478f-9903-1afea74fb39f)', 'type': 'authentication_error', 'param': None, 'code': 'invalid_request_error'}}
2026-09-30 22:01:15 [WARNING] [[deepseek] 5/6 策略=完整内容 retry=1] AI 调用失败或解析失败，继续下一次尝试
2026-09-30 22:01:15 [INFO] 🤖 AI 筛选 [[deepseek] 6/6 策略=仅标题（无历史） retry=0]（40 条，9463 字符，temp=0.3）
2026-09-30 22:01:15 [ERROR] AI 调用异常 ([deepseek] 6/6 策略=仅标题（无历史） retry=0): Error code: 401 - {'error': {'message': 'Authentication Fails, Your api key: ****df0d is invalid (request_id: 08902832-96c1-42ed-bb89-f35c5e5d13d4)', 'type': 'authentication_error', 'param': None, 'code': 'invalid_request_error'}}
2026-09-30 22:01:15 [WARNING] [[deepseek] 6/6 策略=仅标题（无历史） retry=0] AI 调用失败或解析失败，继续下一次尝试
2026-09-30 22:01:15 [WARNING] [deepseek] 已达最大尝试次数 6，停止
2026-09-30 22:01:15 [INFO] ⚠️ deepseek 未能产出满意结果，尝试下一个提供商
2026-09-30 22:01:15 [INFO] 🔄 尝试 AI 提供商: zhipu
2026-09-30 22:01:15 [ERROR] 未设置环境变量 ZHIPU_API_KEY，无法使用 zhipu
2026-09-30 22:01:15 [INFO] ⚠️ zhipu 未能产出满意结果，尝试下一个提供商
2026-09-30 22:01:15 [INFO] 🔄 尝试 AI 提供商: kimi
2026-09-30 22:01:15 [ERROR] 未设置环境变量 KIMI_API_KEY，无法使用 kimi
2026-09-30 22:01:15 [INFO] ⚠️ kimi 未能产出满意结果，尝试下一个提供商
2026-09-30 22:01:15 [INFO] 🔄 尝试 AI 提供商: huoshan
2026-09-30 22:01:15 [ERROR] 未设置环境变量 HUOSHAN_API_KEY，无法使用 huoshan
2026-09-30 22:01:15 [INFO] ⚠️ huoshan 未能产出满意结果，尝试下一个提供商
2026-09-30 22:01:15 [ERROR] ❌ 所有提供商均失败，返回空列表
2026-09-30 22:01:15 [INFO] 📦 JSON 已保存: reports/2026-10-01-06.json
2026-09-30 22:01:15 [INFO] ✅ AI 筛选完成，共 0 条交易相关消息
2026-09-30 23:00:55 [INFO] 🚀 开始抓取 2026-10-01 07:00 币圈新闻
2026-09-30 23:00:55 [INFO] 📡 抓取 RSS 新闻源...
2026-09-30 23:00:55 [INFO] 📡 抓取交易所公告 & 链上数据...
2026-09-30 23:00:55 [INFO]   ⏭ Decrypt: 过滤掉 48 条非近期新闻
2026-09-30 23:00:55 [INFO]   ⏭ The Block: 过滤掉 18 条非近期新闻
2026-09-30 23:00:56 [INFO]   ⏭ CoinTelegraph: 过滤掉 30 条非近期新闻
2026-09-30 23:00:56 [WARNING] 解析失败 Bitget公告: 'NoneType' object is not subscriptable
2026-09-30 23:00:56 [INFO]   ⏭ Reuters Crypto: 过滤掉 50 条非近期新闻
2026-09-30 23:00:56 [INFO]   ⏭ CNBC Crypto: 过滤掉 50 条非近期新闻
2026-09-30 23:00:56 [INFO]   ⏭ Bloomberg Crypto: 过滤掉 50 条非近期新闻
2026-09-30 23:00:56 [INFO]   ⏭ 宏观经济: 过滤掉 49 条非近期新闻
2026-09-30 23:00:56 [INFO]   ⏭ Bitcoin Magazine: 过滤掉 10 条非近期新闻
2026-09-30 23:00:56 [INFO]   ⏭ Reddit r/bitcoin: 过滤掉 23 条非近期新闻
2026-09-30 23:00:56 [INFO]   ⏭ CoinDesk: 过滤掉 25 条非近期新闻
2026-09-30 23:00:56 [INFO]   ⏭ Blockworks: 过滤掉 50 条非近期新闻
2026-09-30 23:00:56 [INFO]   ⏭ DL News: 过滤掉 50 条非近期新闻
2026-09-30 23:00:56 [INFO]   ⏭ Blockworks: 过滤掉 4 条非近期新闻
2026-09-30 23:00:57 [INFO]   ⏭ Bitcoin Magazine: 过滤掉 50 条非近期新闻
2026-09-30 23:00:57 [INFO]   ⏭ 律动BlockBeats: 过滤掉 20 条非近期新闻
2026-09-30 23:00:57 [INFO]   ⏭ CoinTelegraph: 过滤掉 21 条非近期新闻
2026-09-30 23:00:57 [INFO]   ⏭ DeFi Llama: 过滤掉 50 条非近期新闻
2026-09-30 23:00:57 [INFO]   ⏭ 律动BlockBeats: 过滤掉 50 条非近期新闻
2026-09-30 23:00:57 [INFO]   ⏭ 雪球加密: 过滤掉 50 条非近期新闻
2026-09-30 23:00:57 [INFO]   ⏭ CoinTelegraph: 过滤掉 50 条非近期新闻
2026-09-30 23:00:57 [INFO]   ⏭ 吴说区块链: 过滤掉 50 条非近期新闻
2026-09-30 23:00:58 [INFO]   ⏭ CoinDesk: 过滤掉 50 条非近期新闻
2026-09-30 23:00:58 [INFO]   ⏭ Crypto Twitter: 过滤掉 47 条非近期新闻
2026-09-30 23:01:12 [DEBUG] 请求失败 https://rsshub.rssforever.com/panewslab/news: 
2026-09-30 23:01:12 [DEBUG] 请求失败 https://rsshub.rssforever.com/jinse/lives: 
2026-09-30 23:01:12 [DEBUG] 请求失败 https://rsshub.rssforever.com/bloomberg/crypto: 
2026-09-30 23:01:12 [INFO]   ⏭ PANews: 过滤掉 50 条非近期新闻
2026-09-30 23:01:12 [INFO]   ✓ CoinDesk: 0 条
2026-09-30 23:01:12 [INFO]   ✓ The Block: 1 条
2026-09-30 23:01:12 [INFO]   ✓ Decrypt: 2 条
2026-09-30 23:01:12 [INFO]   ✓ CoinTelegraph: 0 条
2026-09-30 23:01:12 [INFO]   ✓ Bitcoin Magazine: 0 条
2026-09-30 23:01:12 [INFO]   ✓ Blockworks: 0 条
2026-09-30 23:01:12 [INFO]   ✓ DL News: 0 条
2026-09-30 23:01:12 [INFO]   ✓ 金色财经: 0 条
2026-09-30 23:01:12 [INFO]   ✓ PANews: 0 条
2026-09-30 23:01:12 [INFO]   ✓ 律动BlockBeats: 0 条
2026-09-30 23:01:12 [INFO]   ✓ 吴说区块链: 0 条
2026-09-30 23:01:12 [INFO]   ✓ Bloomberg Crypto: 0 条
2026-09-30 23:01:12 [INFO]   ✓ Reuters Crypto: 0 条
2026-09-30 23:01:12 [INFO]   ✓ CNBC Crypto: 0 条
2026-09-30 23:01:12 [INFO]   ✓ Reddit r/cryptocurrency: 0 条
2026-09-30 23:01:12 [INFO]   ✓ Reddit r/bitcoin: 2 条
2026-09-30 23:01:12 [INFO]   ✓ Crypto Twitter: 3 条
2026-09-30 23:01:12 [INFO]   ✓ 宏观经济: 1 条
2026-09-30 23:01:12 [INFO]   ✓ Binance公告: 20 条
2026-09-30 23:01:12 [INFO]   ✓ OKX公告: 0 条
2026-09-30 23:01:12 [INFO]   ✓ Bitget公告: 0 条
2026-09-30 23:01:12 [INFO]   ✓ Whale Alert: 0 条
2026-09-30 23:01:12 [INFO]   ✓ Fear & Greed Index: 1 条
2026-09-30 23:01:12 [INFO]   ✓ DeFi Llama: 0 条
2026-09-30 23:01:12 [INFO]   ✓ 雪球加密: 0 条
2026-09-30 23:01:12 [INFO] 📊 共抓取 30 条新闻
2026-09-30 23:01:12 [INFO] 📋 原始新闻已保存: reports/2026-10-01-07-raw.json (30 条)
2026-09-30 23:01:12 [INFO] 📋 标题摘要已保存: reports/2026-10-01-07-raw-titles.md
2026-09-30 23:01:12 [INFO] ✅ 抓取完成，共 30 条，已保存到 reports/2026-10-01-07-raw.json
2026-09-30 23:01:13 [INFO] 🤖 开始 AI 筛选 2026-10-01 07:00 币圈消息
2026-09-30 23:01:13 [INFO] 📋 已加载原始新闻: reports/2026-10-01-07-raw.json (30 条)
2026-09-30 23:01:13 [INFO] 📚 已加载历史新闻标题（23640 字符）
2026-09-30 23:01:13 [INFO] 📚 已加载历史筛选标题 0 条、URL 0 个，用于去重
2026-09-30 23:01:13 [INFO] 🔄 尝试 AI 提供商: deepseek
2026-09-30 23:01:13 [INFO] 🤖 使用 AI 提供商: deepseek (模型: deepseek-v4-flash)
2026-09-30 23:01:13 [INFO] 🤖 AI 筛选 [[deepseek] 1/6 策略=仅标题+链接 retry=0]（30 条，6761 字符，temp=0.3）
2026-09-30 23:01:14 [ERROR] AI 调用异常 ([deepseek] 1/6 策略=仅标题+链接 retry=0): Error code: 401 - {'error': {'message': 'Authentication Fails, Your api key: ****df0d is invalid (request_id: 62c6d701-e18f-4310-83c4-1b43ec0db879)', 'type': 'authentication_error', 'param': None, 'code': 'invalid_request_error'}}
2026-09-30 23:01:14 [WARNING] [[deepseek] 1/6 策略=仅标题+链接 retry=0] AI 调用失败或解析失败，继续下一次尝试
2026-09-30 23:01:14 [INFO] 🤖 AI 筛选 [[deepseek] 2/6 策略=仅标题+链接 retry=1]（30 条，6761 字符，temp=0.3）
2026-09-30 23:01:14 [ERROR] AI 调用异常 ([deepseek] 2/6 策略=仅标题+链接 retry=1): Error code: 401 - {'error': {'message': 'Authentication Fails, Your api key: ****df0d is invalid (request_id: 32a9d616-30b5-4579-9366-019520df5076)', 'type': 'authentication_error', 'param': None, 'code': 'invalid_request_error'}}
2026-09-30 23:01:14 [WARNING] [[deepseek] 2/6 策略=仅标题+链接 retry=1] AI 调用失败或解析失败，继续下一次尝试
2026-09-30 23:01:14 [INFO] 🤖 AI 筛选 [[deepseek] 3/6 策略=仅标题+链接 retry=2]（30 条，6761 字符，temp=0.3）
2026-09-30 23:01:14 [ERROR] AI 调用异常 ([deepseek] 3/6 策略=仅标题+链接 retry=2): Error code: 401 - {'error': {'message': 'Authentication Fails, Your api key: ****df0d is invalid (request_id: f9832835-c839-4f51-9016-44136e6be916)', 'type': 'authentication_error', 'param': None, 'code': 'invalid_request_error'}}
2026-09-30 23:01:14 [WARNING] [[deepseek] 3/6 策略=仅标题+链接 retry=2] AI 调用失败或解析失败，继续下一次尝试
2026-09-30 23:01:14 [INFO] 🤖 AI 筛选 [[deepseek] 4/6 策略=完整内容 retry=0]（30 条，9777 字符，temp=0.3）
2026-09-30 23:01:15 [ERROR] AI 调用异常 ([deepseek] 4/6 策略=完整内容 retry=0): Error code: 401 - {'error': {'message': 'Authentication Fails, Your api key: ****df0d is invalid (request_id: 8ee2a901-acb3-4817-abd1-52c7d06693d7)', 'type': 'authentication_error', 'param': None, 'code': 'invalid_request_error'}}
2026-09-30 23:01:15 [WARNING] [[deepseek] 4/6 策略=完整内容 retry=0] AI 调用失败或解析失败，继续下一次尝试
2026-09-30 23:01:15 [INFO] 🤖 AI 筛选 [[deepseek] 5/6 策略=完整内容 retry=1]（30 条，9777 字符，temp=0.3）
2026-09-30 23:01:15 [ERROR] AI 调用异常 ([deepseek] 5/6 策略=完整内容 retry=1): Error code: 401 - {'error': {'message': 'Authentication Fails, Your api key: ****df0d is invalid (request_id: 9dc9250e-1b32-427b-a08a-925956fe9f18)', 'type': 'authentication_error', 'param': None, 'code': 'invalid_request_error'}}
2026-09-30 23:01:15 [WARNING] [[deepseek] 5/6 策略=完整内容 retry=1] AI 调用失败或解析失败，继续下一次尝试
2026-09-30 23:01:15 [INFO] 🤖 AI 筛选 [[deepseek] 6/6 策略=仅标题（无历史） retry=0]（30 条，6761 字符，temp=0.3）
2026-09-30 23:01:16 [ERROR] AI 调用异常 ([deepseek] 6/6 策略=仅标题（无历史） retry=0): Error code: 401 - {'error': {'message': 'Authentication Fails, Your api key: ****df0d is invalid (request_id: 5ef19fba-1c4d-4a65-9786-2f149690c6ff)', 'type': 'authentication_error', 'param': None, 'code': 'invalid_request_error'}}
2026-09-30 23:01:16 [WARNING] [[deepseek] 6/6 策略=仅标题（无历史） retry=0] AI 调用失败或解析失败，继续下一次尝试
2026-09-30 23:01:16 [WARNING] [deepseek] 已达最大尝试次数 6，停止
2026-09-30 23:01:16 [INFO] ⚠️ deepseek 未能产出满意结果，尝试下一个提供商
2026-09-30 23:01:16 [INFO] 🔄 尝试 AI 提供商: zhipu
2026-09-30 23:01:16 [ERROR] 未设置环境变量 ZHIPU_API_KEY，无法使用 zhipu
2026-09-30 23:01:16 [INFO] ⚠️ zhipu 未能产出满意结果，尝试下一个提供商
2026-09-30 23:01:16 [INFO] 🔄 尝试 AI 提供商: kimi
2026-09-30 23:01:16 [ERROR] 未设置环境变量 KIMI_API_KEY，无法使用 kimi
2026-09-30 23:01:16 [INFO] ⚠️ kimi 未能产出满意结果，尝试下一个提供商
2026-09-30 23:01:16 [INFO] 🔄 尝试 AI 提供商: huoshan
2026-09-30 23:01:16 [ERROR] 未设置环境变量 HUOSHAN_API_KEY，无法使用 huoshan
2026-09-30 23:01:16 [INFO] ⚠️ huoshan 未能产出满意结果，尝试下一个提供商
2026-09-30 23:01:16 [ERROR] ❌ 所有提供商均失败，返回空列表
2026-09-30 23:01:16 [INFO] 📦 JSON 已保存: reports/2026-10-01-07.json
2026-09-30 23:01:16 [INFO] ✅ AI 筛选完成，共 0 条交易相关消息
2026-10-01 00:00:57 [INFO] 🚀 开始抓取 2026-10-01 08:00 币圈新闻
2026-10-01 00:00:57 [INFO] 📡 抓取 RSS 新闻源...
2026-10-01 00:00:57 [INFO] 📡 抓取交易所公告 & 链上数据...
2026-10-01 00:00:57 [INFO]   ⏭ Decrypt: 过滤掉 37 条非近期新闻
2026-10-01 00:00:57 [INFO]   ⏭ The Block: 过滤掉 19 条非近期新闻
2026-10-01 00:00:57 [INFO]   ⏭ CoinTelegraph: 过滤掉 30 条非近期新闻
2026-10-01 00:00:57 [WARNING] 解析失败 Bitget公告: 'NoneType' object is not subscriptable
2026-10-01 00:00:57 [INFO]   ⏭ CoinDesk: 过滤掉 25 条非近期新闻
2026-10-01 00:00:57 [INFO]   ⏭ Bitcoin Magazine: 过滤掉 10 条非近期新闻
2026-10-01 00:00:58 [INFO]   ⏭ Reuters Crypto: 过滤掉 50 条非近期新闻
2026-10-01 00:00:58 [INFO]   ⏭ 宏观经济: 过滤掉 50 条非近期新闻
2026-10-01 00:00:58 [INFO]   ⏭ Bloomberg Crypto: 过滤掉 50 条非近期新闻
2026-10-01 00:00:58 [INFO]   ⏭ Reddit r/bitcoin: 过滤掉 23 条非近期新闻
2026-10-01 00:00:58 [INFO]   ⏭ DL News: 过滤掉 50 条非近期新闻
2026-10-01 00:00:58 [INFO]   ⏭ CNBC Crypto: 过滤掉 49 条非近期新闻
2026-10-01 00:00:58 [INFO]   ⏭ 宏观经济: 过滤掉 50 条非近期新闻
2026-10-01 00:00:58 [INFO]   ⏭ Blockworks: 过滤掉 50 条非近期新闻
2026-10-01 00:00:58 [INFO]   ⏭ 律动BlockBeats: 过滤掉 18 条非近期新闻
2026-10-01 00:00:58 [INFO]   ⏭ Blockworks: 过滤掉 5 条非近期新闻
2026-10-01 00:00:58 [INFO]   ⏭ Bitcoin Magazine: 过滤掉 50 条非近期新闻
2026-10-01 00:00:58 [INFO]   ⏭ CoinTelegraph: 过滤掉 21 条非近期新闻
2026-10-01 00:00:59 [INFO]   ⏭ DeFi Llama: 过滤掉 50 条非近期新闻
2026-10-01 00:00:59 [INFO]   ⏭ The Block: 过滤掉 50 条非近期新闻
2026-10-01 00:00:59 [INFO]   ⏭ 吴说区块链: 过滤掉 50 条非近期新闻
2026-10-01 00:00:59 [INFO]   ⏭ 雪球加密: 过滤掉 50 条非近期新闻
2026-10-01 00:00:59 [INFO]   ⏭ CoinTelegraph: 过滤掉 50 条非近期新闻
2026-10-01 00:00:59 [INFO]   ⏭ Crypto Twitter: 过滤掉 46 条非近期新闻
2026-10-01 00:00:59 [INFO]   ⏭ CoinDesk: 过滤掉 50 条非近期新闻
2026-10-01 00:01:12 [INFO]   ⏭ PANews: 过滤掉 50 条非近期新闻
2026-10-01 00:01:12 [INFO]   ✓ CoinDesk: 0 条
2026-10-01 00:01:12 [INFO]   ✓ The Block: 0 条
2026-10-01 00:01:12 [INFO]   ✓ Decrypt: 1 条
2026-10-01 00:01:12 [INFO]   ✓ CoinTelegraph: 0 条
2026-10-01 00:01:12 [INFO]   ✓ Bitcoin Magazine: 0 条
2026-10-01 00:01:12 [INFO]   ✓ Blockworks: 0 条
2026-10-01 00:01:12 [INFO]   ✓ DL News: 0 条
2026-10-01 00:01:12 [INFO]   ✓ 金色财经: 20 条
2026-10-01 00:01:12 [INFO]   ✓ PANews: 0 条
2026-10-01 00:01:12 [INFO]   ✓ 律动BlockBeats: 2 条
2026-10-01 00:01:12 [INFO]   ✓ 吴说区块链: 0 条
2026-10-01 00:01:12 [INFO]   ✓ Bloomberg Crypto: 0 条
2026-10-01 00:01:12 [INFO]   ✓ Reuters Crypto: 0 条
2026-10-01 00:01:12 [INFO]   ✓ CNBC Crypto: 1 条
2026-10-01 00:01:12 [INFO]   ✓ Reddit r/cryptocurrency: 0 条
2026-10-01 00:01:12 [INFO]   ✓ Reddit r/bitcoin: 2 条
2026-10-01 00:01:12 [INFO]   ✓ Crypto Twitter: 4 条
2026-10-01 00:01:12 [INFO]   ✓ 宏观经济: 0 条
2026-10-01 00:01:12 [INFO]   ✓ Binance公告: 20 条
2026-10-01 00:01:12 [INFO]   ✓ OKX公告: 0 条
2026-10-01 00:01:12 [INFO]   ✓ Bitget公告: 0 条
2026-10-01 00:01:12 [INFO]   ✓ Whale Alert: 0 条
2026-10-01 00:01:12 [INFO]   ✓ Fear & Greed Index: 1 条
2026-10-01 00:01:12 [INFO]   ✓ DeFi Llama: 0 条
2026-10-01 00:01:12 [INFO]   ✓ 雪球加密: 0 条
2026-10-01 00:01:12 [INFO] 📊 共抓取 51 条新闻
2026-10-01 00:01:12 [INFO] 📋 原始新闻已保存: reports/2026-10-01-08-raw.json (51 条)
2026-10-01 00:01:12 [INFO] 📋 标题摘要已保存: reports/2026-10-01-08-raw-titles.md
2026-10-01 00:01:12 [INFO] ✅ 抓取完成，共 51 条，已保存到 reports/2026-10-01-08-raw.json
2026-10-01 00:01:13 [INFO] 🤖 开始 AI 筛选 2026-10-01 08:00 币圈消息
2026-10-01 00:01:13 [INFO] 📋 已加载原始新闻: reports/2026-10-01-08-raw.json (51 条)
2026-10-01 00:01:13 [INFO] 📚 已加载历史新闻标题（21812 字符）
2026-10-01 00:01:13 [INFO] 📚 已加载历史筛选标题 0 条、URL 0 个，用于去重
2026-10-01 00:01:13 [INFO] 🔄 尝试 AI 提供商: deepseek
2026-10-01 00:01:13 [INFO] 🤖 使用 AI 提供商: deepseek (模型: deepseek-v4-flash)
2026-10-01 00:01:13 [INFO] 🤖 AI 筛选 [[deepseek] 1/6 策略=仅标题+链接 retry=0]（51 条，8188 字符，temp=0.3）
2026-10-01 00:01:13 [ERROR] AI 调用异常 ([deepseek] 1/6 策略=仅标题+链接 retry=0): Error code: 401 - {'error': {'message': 'Authentication Fails, Your api key: ****df0d is invalid (request_id: 7f68787c-2d14-4003-bbd1-f496f4e41bae)', 'type': 'authentication_error', 'param': None, 'code': 'invalid_request_error'}}
2026-10-01 00:01:13 [WARNING] [[deepseek] 1/6 策略=仅标题+链接 retry=0] AI 调用失败或解析失败，继续下一次尝试
2026-10-01 00:01:13 [INFO] 🤖 AI 筛选 [[deepseek] 2/6 策略=仅标题+链接 retry=1]（51 条，8188 字符，temp=0.3）
2026-10-01 00:01:14 [ERROR] AI 调用异常 ([deepseek] 2/6 策略=仅标题+链接 retry=1): Error code: 401 - {'error': {'message': 'Authentication Fails, Your api key: ****df0d is invalid (request_id: 4fcc1c83-05aa-49ff-9e7a-5afebb3280c6)', 'type': 'authentication_error', 'param': None, 'code': 'invalid_request_error'}}
2026-10-01 00:01:14 [WARNING] [[deepseek] 2/6 策略=仅标题+链接 retry=1] AI 调用失败或解析失败，继续下一次尝试
2026-10-01 00:01:14 [INFO] 🤖 AI 筛选 [[deepseek] 3/6 策略=仅标题+链接 retry=2]（51 条，8188 字符，temp=0.3）
2026-10-01 00:01:14 [ERROR] AI 调用异常 ([deepseek] 3/6 策略=仅标题+链接 retry=2): Error code: 401 - {'error': {'message': 'Authentication Fails, Your api key: ****df0d is invalid (request_id: a3d0898f-ac5c-43e5-bfa6-c8d64ec1dec3)', 'type': 'authentication_error', 'param': None, 'code': 'invalid_request_error'}}
2026-10-01 00:01:14 [WARNING] [[deepseek] 3/6 策略=仅标题+链接 retry=2] AI 调用失败或解析失败，继续下一次尝试
2026-10-01 00:01:14 [INFO] 🤖 AI 筛选 [[deepseek] 4/6 策略=完整内容 retry=0]（51 条，15026 字符，temp=0.3）
2026-10-01 00:01:15 [ERROR] AI 调用异常 ([deepseek] 4/6 策略=完整内容 retry=0): Error code: 401 - {'error': {'message': 'Authentication Fails, Your api key: ****df0d is invalid (request_id: be72cd42-1502-46ff-bd35-a3118e8b4d48)', 'type': 'authentication_error', 'param': None, 'code': 'invalid_request_error'}}
2026-10-01 00:01:15 [WARNING] [[deepseek] 4/6 策略=完整内容 retry=0] AI 调用失败或解析失败，继续下一次尝试
2026-10-01 00:01:15 [INFO] 🤖 AI 筛选 [[deepseek] 5/6 策略=完整内容 retry=1]（51 条，15026 字符，temp=0.3）
2026-10-01 00:01:15 [ERROR] AI 调用异常 ([deepseek] 5/6 策略=完整内容 retry=1): Error code: 401 - {'error': {'message': 'Authentication Fails, Your api key: ****df0d is invalid (request_id: f19f5887-2854-4e74-a1b9-8005cdc802ad)', 'type': 'authentication_error', 'param': None, 'code': 'invalid_request_error'}}
2026-10-01 00:01:15 [WARNING] [[deepseek] 5/6 策略=完整内容 retry=1] AI 调用失败或解析失败，继续下一次尝试
2026-10-01 00:01:15 [INFO] 🤖 AI 筛选 [[deepseek] 6/6 策略=仅标题（无历史） retry=0]（51 条，8188 字符，temp=0.3）
2026-10-01 00:01:16 [ERROR] AI 调用异常 ([deepseek] 6/6 策略=仅标题（无历史） retry=0): Error code: 401 - {'error': {'message': 'Authentication Fails, Your api key: ****df0d is invalid (request_id: ef0fed26-a4e6-4ab8-b4b8-755ec4a69637)', 'type': 'authentication_error', 'param': None, 'code': 'invalid_request_error'}}
2026-10-01 00:01:16 [WARNING] [[deepseek] 6/6 策略=仅标题（无历史） retry=0] AI 调用失败或解析失败，继续下一次尝试
2026-10-01 00:01:16 [WARNING] [deepseek] 已达最大尝试次数 6，停止
2026-10-01 00:01:16 [INFO] ⚠️ deepseek 未能产出满意结果，尝试下一个提供商
2026-10-01 00:01:16 [INFO] 🔄 尝试 AI 提供商: zhipu
2026-10-01 00:01:16 [ERROR] 未设置环境变量 ZHIPU_API_KEY，无法使用 zhipu
2026-10-01 00:01:16 [INFO] ⚠️ zhipu 未能产出满意结果，尝试下一个提供商
2026-10-01 00:01:16 [INFO] 🔄 尝试 AI 提供商: kimi
2026-10-01 00:01:16 [ERROR] 未设置环境变量 KIMI_API_KEY，无法使用 kimi
2026-10-01 00:01:16 [INFO] ⚠️ kimi 未能产出满意结果，尝试下一个提供商
2026-10-01 00:01:16 [INFO] 🔄 尝试 AI 提供商: huoshan
2026-10-01 00:01:16 [ERROR] 未设置环境变量 HUOSHAN_API_KEY，无法使用 huoshan
2026-10-01 00:01:16 [INFO] ⚠️ huoshan 未能产出满意结果，尝试下一个提供商
2026-10-01 00:01:16 [ERROR] ❌ 所有提供商均失败，返回空列表
2026-10-01 00:01:16 [INFO] 📦 JSON 已保存: reports/2026-10-01-08.json
2026-10-01 00:01:16 [INFO] ✅ AI 筛选完成，共 0 条交易相关消息
2026-10-01 01:01:30 [INFO] 🚀 开始抓取 2026-10-01 09:00 币圈新闻
2026-10-01 01:01:30 [INFO] 📡 抓取 RSS 新闻源...
2026-10-01 01:01:30 [INFO] 📡 抓取交易所公告 & 链上数据...
2026-10-01 01:01:30 [INFO]   ⏭ Decrypt: 过滤掉 37 条非近期新闻
2026-10-01 01:01:30 [INFO]   ⏭ The Block: 过滤掉 19 条非近期新闻
2026-10-01 01:01:30 [INFO]   ⏭ CoinTelegraph: 过滤掉 29 条非近期新闻
2026-10-01 01:01:31 [INFO]   ⏭ CoinDesk: 过滤掉 25 条非近期新闻
2026-10-01 01:01:31 [INFO]   ⏭ Bitcoin Magazine: 过滤掉 7 条非近期新闻
2026-10-01 01:01:31 [INFO]   ⏭ Bloomberg Crypto: 过滤掉 50 条非近期新闻
2026-10-01 01:01:31 [INFO]   ⏭ Reuters Crypto: 过滤掉 50 条非近期新闻
2026-10-01 01:01:31 [WARNING] 解析失败 Bitget公告: 'NoneType' object is not subscriptable
2026-10-01 01:01:31 [INFO]   ⏭ Blockworks: 过滤掉 50 条非近期新闻
2026-10-01 01:01:31 [INFO]   ⏭ CNBC Crypto: 过滤掉 49 条非近期新闻
2026-10-01 01:01:31 [INFO]   ⏭ Reddit r/cryptocurrency: 过滤掉 25 条非近期新闻
2026-10-01 01:01:31 [INFO]   ⏭ DL News: 过滤掉 50 条非近期新闻
2026-10-01 01:01:31 [INFO]   ⏭ 宏观经济: 过滤掉 50 条非近期新闻
2026-10-01 01:01:31 [INFO]   ⏭ Blockworks: 过滤掉 5 条非近期新闻
2026-10-01 01:01:31 [INFO]   ⏭ 宏观经济: 过滤掉 50 条非近期新闻
2026-10-01 01:01:32 [INFO]   ⏭ DeFi Llama: 过滤掉 50 条非近期新闻
2026-10-01 01:01:32 [INFO]   ⏭ CoinDesk: 过滤掉 50 条非近期新闻
2026-10-01 01:01:32 [INFO]   ⏭ 雪球加密: 过滤掉 49 条非近期新闻
2026-10-01 01:01:32 [INFO]   ⏭ The Block: 过滤掉 50 条非近期新闻
2026-10-01 01:01:32 [INFO]   ⏭ 吴说区块链: 过滤掉 49 条非近期新闻
2026-10-01 01:01:32 [INFO]   ⏭ Crypto Twitter: 过滤掉 46 条非近期新闻
2026-10-01 01:01:46 [DEBUG] 请求失败 https://rsshub.rssforever.com/jinse/lives: 
2026-10-01 01:01:46 [DEBUG] 请求失败 https://rsshub.rssforever.com/panewslab/news: 
2026-10-01 01:01:46 [DEBUG] 请求失败 https://rsshub.rssforever.com/theblockbeats/newsflash: 
2026-10-01 01:01:46 [DEBUG] 请求失败 https://rsshub.rssforever.com/bloomberg/crypto: 
2026-10-01 01:01:47 [INFO]   ⏭ 律动BlockBeats: 过滤掉 50 条非近期新闻
2026-10-01 01:01:47 [INFO]   ⏭ PANews: 过滤掉 50 条非近期新闻
2026-10-01 01:01:47 [INFO]   ✓ CoinDesk: 0 条
2026-10-01 01:01:47 [INFO]   ✓ The Block: 0 条
2026-10-01 01:01:47 [INFO]   ✓ Decrypt: 1 条
2026-10-01 01:01:47 [INFO]   ✓ CoinTelegraph: 1 条
2026-10-01 01:01:47 [INFO]   ✓ Bitcoin Magazine: 3 条
2026-10-01 01:01:47 [INFO]   ✓ Blockworks: 0 条
2026-10-01 01:01:47 [INFO]   ✓ DL News: 0 条
2026-10-01 01:01:47 [INFO]   ✓ 金色财经: 0 条
2026-10-01 01:01:47 [INFO]   ✓ PANews: 0 条
2026-10-01 01:01:47 [INFO]   ✓ 律动BlockBeats: 0 条
2026-10-01 01:01:47 [INFO]   ✓ 吴说区块链: 1 条
2026-10-01 01:01:47 [INFO]   ✓ Bloomberg Crypto: 0 条
2026-10-01 01:01:47 [INFO]   ✓ Reuters Crypto: 0 条
2026-10-01 01:01:47 [INFO]   ✓ CNBC Crypto: 1 条
2026-10-01 01:01:47 [INFO]   ✓ Reddit r/cryptocurrency: 0 条
2026-10-01 01:01:47 [INFO]   ✓ Reddit r/bitcoin: 0 条
2026-10-01 01:01:47 [INFO]   ✓ Crypto Twitter: 4 条
2026-10-01 01:01:47 [INFO]   ✓ 宏观经济: 0 条
2026-10-01 01:01:47 [INFO]   ✓ Binance公告: 20 条
2026-10-01 01:01:47 [INFO]   ✓ OKX公告: 0 条
2026-10-01 01:01:47 [INFO]   ✓ Bitget公告: 0 条
2026-10-01 01:01:47 [INFO]   ✓ Whale Alert: 0 条
2026-10-01 01:01:47 [INFO]   ✓ Fear & Greed Index: 1 条
2026-10-01 01:01:47 [INFO]   ✓ DeFi Llama: 0 条
2026-10-01 01:01:47 [INFO]   ✓ 雪球加密: 1 条
2026-10-01 01:01:47 [INFO] 📊 共抓取 33 条新闻
2026-10-01 01:01:47 [INFO] 📋 原始新闻已保存: reports/2026-10-01-09-raw.json (33 条)
2026-10-01 01:01:47 [INFO] 📋 标题摘要已保存: reports/2026-10-01-09-raw-titles.md
2026-10-01 01:01:47 [INFO] ✅ 抓取完成，共 33 条，已保存到 reports/2026-10-01-09-raw.json
2026-10-01 01:01:47 [INFO] 🤖 开始 AI 筛选 2026-10-01 09:00 币圈消息
2026-10-01 01:01:47 [INFO] 📋 已加载原始新闻: reports/2026-10-01-09-raw.json (33 条)
2026-10-01 01:01:47 [INFO] 📚 已加载历史新闻标题（22114 字符）
2026-10-01 01:01:47 [INFO] 📚 已加载历史筛选标题 0 条、URL 0 个，用于去重
2026-10-01 01:01:47 [INFO] 🔄 尝试 AI 提供商: deepseek
2026-10-01 01:01:47 [INFO] 🤖 使用 AI 提供商: deepseek (模型: deepseek-v4-flash)
2026-10-01 01:01:47 [INFO] 🤖 AI 筛选 [[deepseek] 1/6 策略=仅标题+链接 retry=0]（33 条，7807 字符，temp=0.3）
2026-10-01 01:01:48 [ERROR] AI 调用异常 ([deepseek] 1/6 策略=仅标题+链接 retry=0): Error code: 401 - {'error': {'message': 'Authentication Fails, Your api key: ****df0d is invalid (request_id: e5d7cf47-bb94-485b-8763-ed574a4fcad7)', 'type': 'authentication_error', 'param': None, 'code': 'invalid_request_error'}}
2026-10-01 01:01:48 [WARNING] [[deepseek] 1/6 策略=仅标题+链接 retry=0] AI 调用失败或解析失败，继续下一次尝试
2026-10-01 01:01:48 [INFO] 🤖 AI 筛选 [[deepseek] 2/6 策略=仅标题+链接 retry=1]（33 条，7807 字符，temp=0.3）
2026-10-01 01:01:48 [ERROR] AI 调用异常 ([deepseek] 2/6 策略=仅标题+链接 retry=1): Error code: 401 - {'error': {'message': 'Authentication Fails, Your api key: ****df0d is invalid (request_id: 1816888e-f7e4-4a7b-b40b-72b9dcb2e34d)', 'type': 'authentication_error', 'param': None, 'code': 'invalid_request_error'}}
2026-10-01 01:01:48 [WARNING] [[deepseek] 2/6 策略=仅标题+链接 retry=1] AI 调用失败或解析失败，继续下一次尝试
2026-10-01 01:01:48 [INFO] 🤖 AI 筛选 [[deepseek] 3/6 策略=仅标题+链接 retry=2]（33 条，7807 字符，temp=0.3）
2026-10-01 01:01:49 [ERROR] AI 调用异常 ([deepseek] 3/6 策略=仅标题+链接 retry=2): Error code: 401 - {'error': {'message': 'Authentication Fails, Your api key: ****df0d is invalid (request_id: 0ce5398f-9473-44a6-8166-afca23315fc2)', 'type': 'authentication_error', 'param': None, 'code': 'invalid_request_error'}}
2026-10-01 01:01:49 [WARNING] [[deepseek] 3/6 策略=仅标题+链接 retry=2] AI 调用失败或解析失败，继续下一次尝试
2026-10-01 01:01:49 [INFO] 🤖 AI 筛选 [[deepseek] 4/6 策略=完整内容 retry=0]（33 条，10980 字符，temp=0.3）
2026-10-01 01:01:49 [ERROR] AI 调用异常 ([deepseek] 4/6 策略=完整内容 retry=0): Error code: 401 - {'error': {'message': 'Authentication Fails, Your api key: ****df0d is invalid (request_id: 4896b6d7-a645-469e-835f-0ed71d6d98be)', 'type': 'authentication_error', 'param': None, 'code': 'invalid_request_error'}}
2026-10-01 01:01:49 [WARNING] [[deepseek] 4/6 策略=完整内容 retry=0] AI 调用失败或解析失败，继续下一次尝试
2026-10-01 01:01:49 [INFO] 🤖 AI 筛选 [[deepseek] 5/6 策略=完整内容 retry=1]（33 条，10980 字符，temp=0.3）
2026-10-01 01:01:50 [ERROR] AI 调用异常 ([deepseek] 5/6 策略=完整内容 retry=1): Error code: 401 - {'error': {'message': 'Authentication Fails, Your api key: ****df0d is invalid (request_id: d6c5c5d1-8659-4afc-aca4-7e93e7bfb6f9)', 'type': 'authentication_error', 'param': None, 'code': 'invalid_request_error'}}
2026-10-01 01:01:50 [WARNING] [[deepseek] 5/6 策略=完整内容 retry=1] AI 调用失败或解析失败，继续下一次尝试
2026-10-01 01:01:50 [INFO] 🤖 AI 筛选 [[deepseek] 6/6 策略=仅标题（无历史） retry=0]（33 条，7807 字符，temp=0.3）
2026-10-01 01:01:50 [ERROR] AI 调用异常 ([deepseek] 6/6 策略=仅标题（无历史） retry=0): Error code: 401 - {'error': {'message': 'Authentication Fails, Your api key: ****df0d is invalid (request_id: 86a1c35b-b1a7-48db-8fec-499bb992b646)', 'type': 'authentication_error', 'param': None, 'code': 'invalid_request_error'}}
2026-10-01 01:01:50 [WARNING] [[deepseek] 6/6 策略=仅标题（无历史） retry=0] AI 调用失败或解析失败，继续下一次尝试
2026-10-01 01:01:50 [WARNING] [deepseek] 已达最大尝试次数 6，停止
2026-10-01 01:01:50 [INFO] ⚠️ deepseek 未能产出满意结果，尝试下一个提供商
2026-10-01 01:01:50 [INFO] 🔄 尝试 AI 提供商: zhipu
2026-10-01 01:01:50 [ERROR] 未设置环境变量 ZHIPU_API_KEY，无法使用 zhipu
2026-10-01 01:01:50 [INFO] ⚠️ zhipu 未能产出满意结果，尝试下一个提供商
2026-10-01 01:01:50 [INFO] 🔄 尝试 AI 提供商: kimi
2026-10-01 01:01:50 [ERROR] 未设置环境变量 KIMI_API_KEY，无法使用 kimi
2026-10-01 01:01:50 [INFO] ⚠️ kimi 未能产出满意结果，尝试下一个提供商
2026-10-01 01:01:50 [INFO] 🔄 尝试 AI 提供商: huoshan
2026-10-01 01:01:50 [ERROR] 未设置环境变量 HUOSHAN_API_KEY，无法使用 huoshan
2026-10-01 01:01:50 [INFO] ⚠️ huoshan 未能产出满意结果，尝试下一个提供商
2026-10-01 01:01:50 [ERROR] ❌ 所有提供商均失败，返回空列表
2026-10-01 01:01:50 [INFO] 📦 JSON 已保存: reports/2026-10-01-09.json
2026-10-01 01:01:50 [INFO] ✅ AI 筛选完成，共 0 条交易相关消息
2026-10-01 02:00:52 [INFO] 🚀 开始抓取 2026-10-01 10:00 币圈新闻
2026-10-01 02:00:52 [INFO] 📡 抓取 RSS 新闻源...
2026-10-01 02:00:52 [INFO] 📡 抓取交易所公告 & 链上数据...
2026-10-01 02:00:52 [INFO]   ⏭ Decrypt: 过滤掉 38 条非近期新闻
2026-10-01 02:00:52 [INFO]   ⏭ The Block: 过滤掉 19 条非近期新闻
2026-10-01 02:00:52 [INFO]   ⏭ CoinTelegraph: 过滤掉 28 条非近期新闻
2026-10-01 02:00:52 [INFO]   ⏭ Bitcoin Magazine: 过滤掉 7 条非近期新闻
2026-10-01 02:00:52 [WARNING] 解析失败 Bitget公告: 'NoneType' object is not subscriptable
2026-10-01 02:00:52 [INFO]   ⏭ CoinDesk: 过滤掉 25 条非近期新闻
2026-10-01 02:00:53 [INFO]   ⏭ Reuters Crypto: 过滤掉 50 条非近期新闻
2026-10-01 02:00:53 [INFO]   ⏭ Blockworks: 过滤掉 50 条非近期新闻
2026-10-01 02:00:53 [INFO]   ⏭ Bloomberg Crypto: 过滤掉 50 条非近期新闻
2026-10-01 02:00:53 [INFO]   ⏭ 宏观经济: 过滤掉 49 条非近期新闻
2026-10-01 02:00:53 [INFO]   ⏭ Reddit r/bitcoin: 过滤掉 23 条非近期新闻
2026-10-01 02:00:53 [INFO]   ⏭ CNBC Crypto: 过滤掉 49 条非近期新闻
2026-10-01 02:00:53 [INFO]   ⏭ DL News: 过滤掉 50 条非近期新闻
2026-10-01 02:00:53 [INFO]   ⏭ Decrypt: 过滤掉 50 条非近期新闻
2026-10-01 02:00:53 [INFO]   ⏭ Blockworks: 过滤掉 4 条非近期新闻
2026-10-01 02:00:54 [INFO]   ⏭ DeFi Llama: 过滤掉 50 条非近期新闻
2026-10-01 02:00:54 [INFO]   ⏭ 吴说区块链: 过滤掉 50 条非近期新闻
2026-10-01 02:00:54 [INFO]   ⏭ The Block: 过滤掉 50 条非近期新闻
2026-10-01 02:00:54 [INFO]   ⏭ CoinDesk: 过滤掉 50 条非近期新闻
2026-10-01 02:00:54 [INFO]   ⏭ 雪球加密: 过滤掉 49 条非近期新闻
2026-10-01 02:00:54 [INFO]   ⏭ Crypto Twitter: 过滤掉 46 条非近期新闻
2026-10-01 02:01:08 [DEBUG] 请求失败 https://rsshub.rssforever.com/theblockbeats/newsflash: 
2026-10-01 02:01:08 [DEBUG] 请求失败 https://rsshub.rssforever.com/panewslab/news: 
2026-10-01 02:01:08 [DEBUG] 请求失败 https://rsshub.rssforever.com/bloomberg/crypto: 
2026-10-01 02:01:09 [INFO]   ⏭ PANews: 过滤掉 50 条非近期新闻
2026-10-01 02:01:09 [INFO]   ⏭ 律动BlockBeats: 过滤掉 50 条非近期新闻
2026-10-01 02:01:09 [INFO]   ✓ CoinDesk: 0 条
2026-10-01 02:01:09 [INFO]   ✓ The Block: 0 条
2026-10-01 02:01:09 [INFO]   ✓ Decrypt: 0 条
2026-10-01 02:01:09 [INFO]   ✓ CoinTelegraph: 2 条
2026-10-01 02:01:09 [INFO]   ✓ Bitcoin Magazine: 3 条
2026-10-01 02:01:09 [INFO]   ✓ Blockworks: 0 条
2026-10-01 02:01:09 [INFO]   ✓ DL News: 0 条
2026-10-01 02:01:09 [INFO]   ✓ 金色财经: 1 条
2026-10-01 02:01:09 [INFO]   ✓ PANews: 0 条
2026-10-01 02:01:09 [INFO]   ✓ 律动BlockBeats: 0 条
2026-10-01 02:01:09 [INFO]   ✓ 吴说区块链: 0 条
2026-10-01 02:01:09 [INFO]   ✓ Bloomberg Crypto: 0 条
2026-10-01 02:01:09 [INFO]   ✓ Reuters Crypto: 0 条
2026-10-01 02:01:09 [INFO]   ✓ CNBC Crypto: 1 条
2026-10-01 02:01:09 [INFO]   ✓ Reddit r/cryptocurrency: 0 条
2026-10-01 02:01:09 [INFO]   ✓ Reddit r/bitcoin: 2 条
2026-10-01 02:01:09 [INFO]   ✓ Crypto Twitter: 4 条
2026-10-01 02:01:09 [INFO]   ✓ 宏观经济: 1 条
2026-10-01 02:01:09 [INFO]   ✓ Binance公告: 20 条
2026-10-01 02:01:09 [INFO]   ✓ OKX公告: 0 条
2026-10-01 02:01:09 [INFO]   ✓ Bitget公告: 0 条
2026-10-01 02:01:09 [INFO]   ✓ Whale Alert: 0 条
2026-10-01 02:01:09 [INFO]   ✓ Fear & Greed Index: 1 条
2026-10-01 02:01:09 [INFO]   ✓ DeFi Llama: 0 条
2026-10-01 02:01:09 [INFO]   ✓ 雪球加密: 1 条
2026-10-01 02:01:09 [INFO] 📊 共抓取 36 条新闻
2026-10-01 02:01:09 [INFO] 📋 原始新闻已保存: reports/2026-10-01-10-raw.json (36 条)
2026-10-01 02:01:09 [INFO] 📋 标题摘要已保存: reports/2026-10-01-10-raw-titles.md
2026-10-01 02:01:09 [INFO] ✅ 抓取完成，共 36 条，已保存到 reports/2026-10-01-10-raw.json
2026-10-01 02:01:10 [INFO] 🤖 开始 AI 筛选 2026-10-01 10:00 币圈消息
2026-10-01 02:01:10 [INFO] 📋 已加载原始新闻: reports/2026-10-01-10-raw.json (36 条)
2026-10-01 02:01:10 [INFO] 📚 已加载历史新闻标题（21375 字符）
2026-10-01 02:01:10 [INFO] 📚 已加载历史筛选标题 0 条、URL 0 个，用于去重
2026-10-01 02:01:10 [INFO] 🔄 尝试 AI 提供商: deepseek
2026-10-01 02:01:10 [INFO] 🤖 使用 AI 提供商: deepseek (模型: deepseek-v4-flash)
2026-10-01 02:01:10 [INFO] 🤖 AI 筛选 [[deepseek] 1/6 策略=仅标题+链接 retry=0]（36 条，8618 字符，temp=0.3）
2026-10-01 02:01:10 [ERROR] AI 调用异常 ([deepseek] 1/6 策略=仅标题+链接 retry=0): Error code: 401 - {'error': {'message': 'Authentication Fails, Your api key: ****df0d is invalid (request_id: a0cbf3e4-0a04-49a1-a8fa-ba639b1d4f1f)', 'type': 'authentication_error', 'param': None, 'code': 'invalid_request_error'}}
2026-10-01 02:01:10 [WARNING] [[deepseek] 1/6 策略=仅标题+链接 retry=0] AI 调用失败或解析失败，继续下一次尝试
2026-10-01 02:01:10 [INFO] 🤖 AI 筛选 [[deepseek] 2/6 策略=仅标题+链接 retry=1]（36 条，8618 字符，temp=0.3）
2026-10-01 02:01:11 [ERROR] AI 调用异常 ([deepseek] 2/6 策略=仅标题+链接 retry=1): Error code: 401 - {'error': {'message': 'Authentication Fails, Your api key: ****df0d is invalid (request_id: 5bf59e2c-5336-41d8-afbf-0f758005b5fe)', 'type': 'authentication_error', 'param': None, 'code': 'invalid_request_error'}}
2026-10-01 02:01:11 [WARNING] [[deepseek] 2/6 策略=仅标题+链接 retry=1] AI 调用失败或解析失败，继续下一次尝试
2026-10-01 02:01:11 [INFO] 🤖 AI 筛选 [[deepseek] 3/6 策略=仅标题+链接 retry=2]（36 条，8618 字符，temp=0.3）
2026-10-01 02:01:11 [ERROR] AI 调用异常 ([deepseek] 3/6 策略=仅标题+链接 retry=2): Error code: 401 - {'error': {'message': 'Authentication Fails, Your api key: ****df0d is invalid (request_id: fe35cce6-cc23-4a72-97e9-55f97dc1e290)', 'type': 'authentication_error', 'param': None, 'code': 'invalid_request_error'}}
2026-10-01 02:01:11 [WARNING] [[deepseek] 3/6 策略=仅标题+链接 retry=2] AI 调用失败或解析失败，继续下一次尝试
2026-10-01 02:01:11 [INFO] 🤖 AI 筛选 [[deepseek] 4/6 策略=完整内容 retry=0]（36 条，12485 字符，temp=0.3）
2026-10-01 02:01:12 [ERROR] AI 调用异常 ([deepseek] 4/6 策略=完整内容 retry=0): Error code: 401 - {'error': {'message': 'Authentication Fails, Your api key: ****df0d is invalid (request_id: 7304e201-116c-40f0-b0b7-4e884163f684)', 'type': 'authentication_error', 'param': None, 'code': 'invalid_request_error'}}
2026-10-01 02:01:12 [WARNING] [[deepseek] 4/6 策略=完整内容 retry=0] AI 调用失败或解析失败，继续下一次尝试
2026-10-01 02:01:12 [INFO] 🤖 AI 筛选 [[deepseek] 5/6 策略=完整内容 retry=1]（36 条，12485 字符，temp=0.3）
2026-10-01 02:01:12 [ERROR] AI 调用异常 ([deepseek] 5/6 策略=完整内容 retry=1): Error code: 401 - {'error': {'message': 'Authentication Fails, Your api key: ****df0d is invalid (request_id: 41bea3f6-ad04-4229-b852-7acb2fb26ce2)', 'type': 'authentication_error', 'param': None, 'code': 'invalid_request_error'}}
2026-10-01 02:01:12 [WARNING] [[deepseek] 5/6 策略=完整内容 retry=1] AI 调用失败或解析失败，继续下一次尝试
2026-10-01 02:01:12 [INFO] 🤖 AI 筛选 [[deepseek] 6/6 策略=仅标题（无历史） retry=0]（36 条，8618 字符，temp=0.3）
2026-10-01 02:01:13 [ERROR] AI 调用异常 ([deepseek] 6/6 策略=仅标题（无历史） retry=0): Error code: 401 - {'error': {'message': 'Authentication Fails, Your api key: ****df0d is invalid (request_id: b1e15802-6768-43f7-bfe5-98fd5d754abc)', 'type': 'authentication_error', 'param': None, 'code': 'invalid_request_error'}}
2026-10-01 02:01:13 [WARNING] [[deepseek] 6/6 策略=仅标题（无历史） retry=0] AI 调用失败或解析失败，继续下一次尝试
2026-10-01 02:01:13 [WARNING] [deepseek] 已达最大尝试次数 6，停止
2026-10-01 02:01:13 [INFO] ⚠️ deepseek 未能产出满意结果，尝试下一个提供商
2026-10-01 02:01:13 [INFO] 🔄 尝试 AI 提供商: zhipu
2026-10-01 02:01:13 [ERROR] 未设置环境变量 ZHIPU_API_KEY，无法使用 zhipu
2026-10-01 02:01:13 [INFO] ⚠️ zhipu 未能产出满意结果，尝试下一个提供商
2026-10-01 02:01:13 [INFO] 🔄 尝试 AI 提供商: kimi
2026-10-01 02:01:13 [ERROR] 未设置环境变量 KIMI_API_KEY，无法使用 kimi
2026-10-01 02:01:13 [INFO] ⚠️ kimi 未能产出满意结果，尝试下一个提供商
2026-10-01 02:01:13 [INFO] 🔄 尝试 AI 提供商: huoshan
2026-10-01 02:01:13 [ERROR] 未设置环境变量 HUOSHAN_API_KEY，无法使用 huoshan
2026-10-01 02:01:13 [INFO] ⚠️ huoshan 未能产出满意结果，尝试下一个提供商
2026-10-01 02:01:13 [ERROR] ❌ 所有提供商均失败，返回空列表
2026-10-01 02:01:13 [INFO] 📦 JSON 已保存: reports/2026-10-01-10.json
2026-10-01 02:01:13 [INFO] ✅ AI 筛选完成，共 0 条交易相关消息
2026-10-01 03:00:58 [INFO] 🚀 开始抓取 2026-10-01 11:00 币圈新闻
2026-10-01 03:00:58 [INFO] 📡 抓取 RSS 新闻源...
2026-10-01 03:00:58 [INFO] 📡 抓取交易所公告 & 链上数据...
2026-10-01 03:00:59 [INFO]   ⏭ The Block: 过滤掉 19 条非近期新闻
2026-10-01 03:00:59 [INFO]   ⏭ Decrypt: 过滤掉 38 条非近期新闻
2026-10-01 03:00:59 [INFO]   ⏭ CoinTelegraph: 过滤掉 29 条非近期新闻
2026-10-01 03:00:59 [INFO]   ⏭ Bitcoin Magazine: 过滤掉 10 条非近期新闻
2026-10-01 03:00:59 [INFO]   ⏭ CoinDesk: 过滤掉 25 条非近期新闻
2026-10-01 03:00:59 [INFO]   ⏭ Bloomberg Crypto: 过滤掉 50 条非近期新闻
2026-10-01 03:00:59 [INFO]   ⏭ Reuters Crypto: 过滤掉 50 条非近期新闻
2026-10-01 03:00:59 [WARNING] 解析失败 Bitget公告: 'NoneType' object is not subscriptable
2026-10-01 03:00:59 [INFO]   ⏭ 宏观经济: 过滤掉 49 条非近期新闻
2026-10-01 03:00:59 [INFO]   ⏭ CNBC Crypto: 过滤掉 48 条非近期新闻
2026-10-01 03:00:59 [INFO]   ⏭ Blockworks: 过滤掉 50 条非近期新闻
2026-10-01 03:00:59 [INFO]   ⏭ Decrypt: 过滤掉 50 条非近期新闻
2026-10-01 03:00:59 [INFO]   ⏭ DL News: 过滤掉 50 条非近期新闻
2026-10-01 03:01:00 [INFO]   ⏭ Reddit r/bitcoin: 过滤掉 22 条非近期新闻
2026-10-01 03:01:00 [INFO]   ⏭ Blockworks: 过滤掉 4 条非近期新闻
2026-10-01 03:01:00 [INFO]   ⏭ Bitcoin Magazine: 过滤掉 50 条非近期新闻
2026-10-01 03:01:00 [INFO]   ⏭ DeFi Llama: 过滤掉 50 条非近期新闻
2026-10-01 03:01:00 [INFO]   ⏭ 吴说区块链: 过滤掉 50 条非近期新闻
2026-10-01 03:01:00 [INFO]   ⏭ CoinDesk: 过滤掉 50 条非近期新闻
2026-10-01 03:01:00 [INFO]   ⏭ 雪球加密: 过滤掉 50 条非近期新闻
2026-10-01 03:01:00 [INFO]   ⏭ The Block: 过滤掉 50 条非近期新闻
2026-10-01 03:01:01 [INFO]   ⏭ Crypto Twitter: 过滤掉 46 条非近期新闻
2026-10-01 03:01:15 [DEBUG] 请求失败 https://rsshub.rssforever.com/theblockbeats/newsflash: 
2026-10-01 03:01:15 [DEBUG] 请求失败 https://rsshub.rssforever.com/panewslab/news: 
2026-10-01 03:01:15 [DEBUG] 请求失败 https://rsshub.rssforever.com/bloomberg/crypto: 
2026-10-01 03:01:15 [INFO]   ⏭ 律动BlockBeats: 过滤掉 50 条非近期新闻
2026-10-01 03:01:15 [INFO]   ⏭ PANews: 过滤掉 50 条非近期新闻
2026-10-01 03:01:15 [INFO]   ✓ CoinDesk: 0 条
2026-10-01 03:01:15 [INFO]   ✓ The Block: 0 条
2026-10-01 03:01:15 [INFO]   ✓ Decrypt: 0 条
2026-10-01 03:01:15 [INFO]   ✓ CoinTelegraph: 1 条
2026-10-01 03:01:15 [INFO]   ✓ Bitcoin Magazine: 0 条
2026-10-01 03:01:15 [INFO]   ✓ Blockworks: 0 条
2026-10-01 03:01:15 [INFO]   ✓ DL News: 0 条
2026-10-01 03:01:15 [INFO]   ✓ 金色财经: 20 条
2026-10-01 03:01:15 [INFO]   ✓ PANews: 0 条
2026-10-01 03:01:15 [INFO]   ✓ 律动BlockBeats: 0 条
2026-10-01 03:01:15 [INFO]   ✓ 吴说区块链: 0 条
2026-10-01 03:01:15 [INFO]   ✓ Bloomberg Crypto: 0 条
2026-10-01 03:01:15 [INFO]   ✓ Reuters Crypto: 0 条
2026-10-01 03:01:15 [INFO]   ✓ CNBC Crypto: 2 条
2026-10-01 03:01:15 [INFO]   ✓ Reddit r/cryptocurrency: 0 条
2026-10-01 03:01:15 [INFO]   ✓ Reddit r/bitcoin: 3 条
2026-10-01 03:01:15 [INFO]   ✓ Crypto Twitter: 4 条
2026-10-01 03:01:15 [INFO]   ✓ 宏观经济: 1 条
2026-10-01 03:01:15 [INFO]   ✓ Binance公告: 20 条
2026-10-01 03:01:15 [INFO]   ✓ OKX公告: 0 条
2026-10-01 03:01:15 [INFO]   ✓ Bitget公告: 0 条
2026-10-01 03:01:15 [INFO]   ✓ Whale Alert: 0 条
2026-10-01 03:01:15 [INFO]   ✓ Fear & Greed Index: 1 条
2026-10-01 03:01:15 [INFO]   ✓ DeFi Llama: 0 条
2026-10-01 03:01:15 [INFO]   ✓ 雪球加密: 0 条
2026-10-01 03:01:15 [INFO] 📊 共抓取 52 条新闻
2026-10-01 03:01:15 [INFO] 📋 原始新闻已保存: reports/2026-10-01-11-raw.json (52 条)
2026-10-01 03:01:15 [INFO] 📋 标题摘要已保存: reports/2026-10-01-11-raw-titles.md
2026-10-01 03:01:15 [INFO] ✅ 抓取完成，共 52 条，已保存到 reports/2026-10-01-11-raw.json
2026-10-01 03:01:16 [INFO] 🤖 开始 AI 筛选 2026-10-01 11:00 币圈消息
2026-10-01 03:01:16 [INFO] 📋 已加载原始新闻: reports/2026-10-01-11-raw.json (52 条)
2026-10-01 03:01:16 [INFO] 📚 已加载历史新闻标题（20840 字符）
2026-10-01 03:01:16 [INFO] 📚 已加载历史筛选标题 0 条、URL 0 个，用于去重
2026-10-01 03:01:16 [INFO] 🔄 尝试 AI 提供商: deepseek
2026-10-01 03:01:16 [INFO] 🤖 使用 AI 提供商: deepseek (模型: deepseek-v4-flash)
2026-10-01 03:01:16 [INFO] 🤖 AI 筛选 [[deepseek] 1/6 策略=仅标题+链接 retry=0]（52 条，9686 字符，temp=0.3）
2026-10-01 03:01:16 [ERROR] AI 调用异常 ([deepseek] 1/6 策略=仅标题+链接 retry=0): Error code: 401 - {'error': {'message': 'Authentication Fails, Your api key: ****df0d is invalid (request_id: 2e138be2-07cd-4070-ae0e-84e2f105ede1)', 'type': 'authentication_error', 'param': None, 'code': 'invalid_request_error'}}
2026-10-01 03:01:16 [WARNING] [[deepseek] 1/6 策略=仅标题+链接 retry=0] AI 调用失败或解析失败，继续下一次尝试
2026-10-01 03:01:16 [INFO] 🤖 AI 筛选 [[deepseek] 2/6 策略=仅标题+链接 retry=1]（52 条，9686 字符，temp=0.3）
2026-10-01 03:01:17 [ERROR] AI 调用异常 ([deepseek] 2/6 策略=仅标题+链接 retry=1): Error code: 401 - {'error': {'message': 'Authentication Fails, Your api key: ****df0d is invalid (request_id: d060c1c3-15a2-4540-947a-7f09b508608e)', 'type': 'authentication_error', 'param': None, 'code': 'invalid_request_error'}}
2026-10-01 03:01:17 [WARNING] [[deepseek] 2/6 策略=仅标题+链接 retry=1] AI 调用失败或解析失败，继续下一次尝试
2026-10-01 03:01:17 [INFO] 🤖 AI 筛选 [[deepseek] 3/6 策略=仅标题+链接 retry=2]（52 条，9686 字符，temp=0.3）
2026-10-01 03:01:17 [ERROR] AI 调用异常 ([deepseek] 3/6 策略=仅标题+链接 retry=2): Error code: 401 - {'error': {'message': 'Authentication Fails, Your api key: ****df0d is invalid (request_id: 6053fae8-897e-4413-82d4-dba80fe45189)', 'type': 'authentication_error', 'param': None, 'code': 'invalid_request_error'}}
2026-10-01 03:01:17 [WARNING] [[deepseek] 3/6 策略=仅标题+链接 retry=2] AI 调用失败或解析失败，继续下一次尝试
2026-10-01 03:01:17 [INFO] 🤖 AI 筛选 [[deepseek] 4/6 策略=完整内容 retry=0]（52 条，16728 字符，temp=0.3）
2026-10-01 03:01:18 [ERROR] AI 调用异常 ([deepseek] 4/6 策略=完整内容 retry=0): Error code: 401 - {'error': {'message': 'Authentication Fails, Your api key: ****df0d is invalid (request_id: e283482b-2396-4dba-a350-7975b9927289)', 'type': 'authentication_error', 'param': None, 'code': 'invalid_request_error'}}
2026-10-01 03:01:18 [WARNING] [[deepseek] 4/6 策略=完整内容 retry=0] AI 调用失败或解析失败，继续下一次尝试
2026-10-01 03:01:18 [INFO] 🤖 AI 筛选 [[deepseek] 5/6 策略=完整内容 retry=1]（52 条，16728 字符，temp=0.3）
2026-10-01 03:01:18 [ERROR] AI 调用异常 ([deepseek] 5/6 策略=完整内容 retry=1): Error code: 401 - {'error': {'message': 'Authentication Fails, Your api key: ****df0d is invalid (request_id: e01da692-b913-4457-8cd6-0fcdebbe4d21)', 'type': 'authentication_error', 'param': None, 'code': 'invalid_request_error'}}
2026-10-01 03:01:18 [WARNING] [[deepseek] 5/6 策略=完整内容 retry=1] AI 调用失败或解析失败，继续下一次尝试
2026-10-01 03:01:18 [INFO] 🤖 AI 筛选 [[deepseek] 6/6 策略=仅标题（无历史） retry=0]（52 条，9686 字符，temp=0.3）
2026-10-01 03:01:18 [ERROR] AI 调用异常 ([deepseek] 6/6 策略=仅标题（无历史） retry=0): Error code: 401 - {'error': {'message': 'Authentication Fails, Your api key: ****df0d is invalid (request_id: 9cd25131-22ae-47be-b49a-3e2314bc8948)', 'type': 'authentication_error', 'param': None, 'code': 'invalid_request_error'}}
2026-10-01 03:01:18 [WARNING] [[deepseek] 6/6 策略=仅标题（无历史） retry=0] AI 调用失败或解析失败，继续下一次尝试
2026-10-01 03:01:18 [WARNING] [deepseek] 已达最大尝试次数 6，停止
2026-10-01 03:01:18 [INFO] ⚠️ deepseek 未能产出满意结果，尝试下一个提供商
2026-10-01 03:01:18 [INFO] 🔄 尝试 AI 提供商: zhipu
2026-10-01 03:01:18 [ERROR] 未设置环境变量 ZHIPU_API_KEY，无法使用 zhipu
2026-10-01 03:01:18 [INFO] ⚠️ zhipu 未能产出满意结果，尝试下一个提供商
2026-10-01 03:01:18 [INFO] 🔄 尝试 AI 提供商: kimi
2026-10-01 03:01:18 [ERROR] 未设置环境变量 KIMI_API_KEY，无法使用 kimi
2026-10-01 03:01:18 [INFO] ⚠️ kimi 未能产出满意结果，尝试下一个提供商
2026-10-01 03:01:18 [INFO] 🔄 尝试 AI 提供商: huoshan
2026-10-01 03:01:18 [ERROR] 未设置环境变量 HUOSHAN_API_KEY，无法使用 huoshan
2026-10-01 03:01:18 [INFO] ⚠️ huoshan 未能产出满意结果，尝试下一个提供商
2026-10-01 03:01:18 [ERROR] ❌ 所有提供商均失败，返回空列表
2026-10-01 03:01:18 [INFO] 📦 JSON 已保存: reports/2026-10-01-11.json
2026-10-01 03:01:18 [INFO] ✅ AI 筛选完成，共 0 条交易相关消息
2026-10-01 04:00:53 [INFO] 🚀 开始抓取 2026-10-01 12:00 币圈新闻
2026-10-01 04:00:53 [INFO] 📡 抓取 RSS 新闻源...
2026-10-01 04:00:53 [INFO] 📡 抓取交易所公告 & 链上数据...
2026-10-01 04:00:54 [INFO]   ⏭ The Block: 过滤掉 19 条非近期新闻
2026-10-01 04:00:54 [INFO]   ⏭ Decrypt: 过滤掉 38 条非近期新闻
2026-10-01 04:00:54 [INFO]   ⏭ CoinTelegraph: 过滤掉 30 条非近期新闻
2026-10-01 04:00:54 [WARNING] 解析失败 Bitget公告: 'NoneType' object is not subscriptable
2026-10-01 04:00:54 [INFO]   ⏭ Bitcoin Magazine: 过滤掉 10 条非近期新闻
2026-10-01 04:00:54 [INFO]   ⏭ CoinDesk: 过滤掉 25 条非近期新闻
2026-10-01 04:00:54 [INFO]   ⏭ Reuters Crypto: 过滤掉 50 条非近期新闻
2026-10-01 04:00:54 [INFO]   ⏭ Bloomberg Crypto: 过滤掉 50 条非近期新闻
2026-10-01 04:00:54 [INFO]   ⏭ CNBC Crypto: 过滤掉 49 条非近期新闻
2026-10-01 04:00:54 [INFO]   ⏭ Blockworks: 过滤掉 50 条非近期新闻
2026-10-01 04:00:54 [INFO]   ⏭ Decrypt: 过滤掉 50 条非近期新闻
2026-10-01 04:00:54 [INFO]   ⏭ DL News: 过滤掉 50 条非近期新闻
2026-10-01 04:00:54 [INFO]   ⏭ Reddit r/cryptocurrency: 过滤掉 25 条非近期新闻
2026-10-01 04:00:55 [INFO]   ⏭ 宏观经济: 过滤掉 50 条非近期新闻
2026-10-01 04:00:55 [INFO]   ⏭ Blockworks: 过滤掉 5 条非近期新闻
2026-10-01 04:00:55 [INFO]   ⏭ Bitcoin Magazine: 过滤掉 50 条非近期新闻
2026-10-01 04:00:55 [INFO]   ⏭ 宏观经济: 过滤掉 50 条非近期新闻
2026-10-01 04:00:55 [INFO]   ⏭ The Block: 过滤掉 50 条非近期新闻
2026-10-01 04:00:55 [INFO]   ⏭ DeFi Llama: 过滤掉 50 条非近期新闻
2026-10-01 04:00:55 [INFO]   ⏭ 吴说区块链: 过滤掉 50 条非近期新闻
2026-10-01 04:00:55 [INFO]   ⏭ 雪球加密: 过滤掉 50 条非近期新闻
2026-10-01 04:00:56 [INFO]   ⏭ Crypto Twitter: 过滤掉 43 条非近期新闻
2026-10-01 04:00:56 [INFO]   ⏭ CoinDesk: 过滤掉 50 条非近期新闻
2026-10-01 04:01:10 [DEBUG] 请求失败 https://rsshub.rssforever.com/cointelegraph: 
2026-10-01 04:01:10 [DEBUG] 请求失败 https://rsshub.rssforever.com/theblockbeats/newsflash: 
2026-10-01 04:01:10 [DEBUG] 请求失败 https://rsshub.rssforever.com/panewslab/news: 
2026-10-01 04:01:10 [DEBUG] 请求失败 https://rsshub.rssforever.com/jinse/lives: 
2026-10-01 04:01:10 [DEBUG] 请求失败 https://rsshub.rssforever.com/bloomberg/crypto: 
2026-10-01 04:01:10 [INFO]   ⏭ CoinTelegraph: 过滤掉 50 条非近期新闻
2026-10-01 04:01:10 [INFO]   ⏭ PANews: 过滤掉 50 条非近期新闻
2026-10-01 04:01:10 [INFO]   ⏭ 律动BlockBeats: 过滤掉 50 条非近期新闻
2026-10-01 04:01:10 [INFO]   ✓ CoinDesk: 0 条
2026-10-01 04:01:10 [INFO]   ✓ The Block: 0 条
2026-10-01 04:01:10 [INFO]   ✓ Decrypt: 0 条
2026-10-01 04:01:10 [INFO]   ✓ CoinTelegraph: 0 条
2026-10-01 04:01:10 [INFO]   ✓ Bitcoin Magazine: 0 条
2026-10-01 04:01:10 [INFO]   ✓ Blockworks: 0 条
2026-10-01 04:01:10 [INFO]   ✓ DL News: 0 条
2026-10-01 04:01:10 [INFO]   ✓ 金色财经: 0 条
2026-10-01 04:01:10 [INFO]   ✓ PANews: 0 条
2026-10-01 04:01:10 [INFO]   ✓ 律动BlockBeats: 0 条
2026-10-01 04:01:10 [INFO]   ✓ 吴说区块链: 0 条
2026-10-01 04:01:10 [INFO]   ✓ Bloomberg Crypto: 0 条
2026-10-01 04:01:10 [INFO]   ✓ Reuters Crypto: 0 条
2026-10-01 04:01:10 [INFO]   ✓ CNBC Crypto: 1 条
2026-10-01 04:01:10 [INFO]   ✓ Reddit r/cryptocurrency: 0 条
2026-10-01 04:01:10 [INFO]   ✓ Reddit r/bitcoin: 0 条
2026-10-01 04:01:10 [INFO]   ✓ Crypto Twitter: 7 条
2026-10-01 04:01:10 [INFO]   ✓ 宏观经济: 0 条
2026-10-01 04:01:10 [INFO]   ✓ Binance公告: 20 条
2026-10-01 04:01:10 [INFO]   ✓ OKX公告: 0 条
2026-10-01 04:01:10 [INFO]   ✓ Bitget公告: 0 条
2026-10-01 04:01:10 [INFO]   ✓ Whale Alert: 0 条
2026-10-01 04:01:10 [INFO]   ✓ Fear & Greed Index: 1 条
2026-10-01 04:01:10 [INFO]   ✓ DeFi Llama: 0 条
2026-10-01 04:01:10 [INFO]   ✓ 雪球加密: 0 条
2026-10-01 04:01:10 [INFO] 📊 共抓取 29 条新闻
2026-10-01 04:01:10 [INFO] 📋 原始新闻已保存: reports/2026-10-01-12-raw.json (29 条)
2026-10-01 04:01:10 [INFO] 📋 标题摘要已保存: reports/2026-10-01-12-raw-titles.md
2026-10-01 04:01:10 [INFO] ✅ 抓取完成，共 29 条，已保存到 reports/2026-10-01-12-raw.json
2026-10-01 04:01:11 [INFO] 🤖 开始 AI 筛选 2026-10-01 12:00 币圈消息
2026-10-01 04:01:11 [INFO] 📋 已加载原始新闻: reports/2026-10-01-12-raw.json (29 条)
2026-10-01 04:01:11 [INFO] 📚 已加载历史新闻标题（20350 字符）
2026-10-01 04:01:11 [INFO] 📚 已加载历史筛选标题 0 条、URL 0 个，用于去重
2026-10-01 04:01:11 [INFO] 🔄 尝试 AI 提供商: deepseek
2026-10-01 04:01:11 [INFO] 🤖 使用 AI 提供商: deepseek (模型: deepseek-v4-flash)
2026-10-01 04:01:11 [INFO] 🤖 AI 筛选 [[deepseek] 1/6 策略=仅标题+链接 retry=0]（29 条，7521 字符，temp=0.3）
2026-10-01 04:01:12 [ERROR] AI 调用异常 ([deepseek] 1/6 策略=仅标题+链接 retry=0): Error code: 401 - {'error': {'message': 'Authentication Fails, Your api key: ****df0d is invalid (request_id: d191fc1a-fefd-4b27-bf54-fafe6d4922a2)', 'type': 'authentication_error', 'param': None, 'code': 'invalid_request_error'}}
2026-10-01 04:01:12 [WARNING] [[deepseek] 1/6 策略=仅标题+链接 retry=0] AI 调用失败或解析失败，继续下一次尝试
2026-10-01 04:01:12 [INFO] 🤖 AI 筛选 [[deepseek] 2/6 策略=仅标题+链接 retry=1]（29 条，7521 字符，temp=0.3）
2026-10-01 04:01:12 [ERROR] AI 调用异常 ([deepseek] 2/6 策略=仅标题+链接 retry=1): Error code: 401 - {'error': {'message': 'Authentication Fails, Your api key: ****df0d is invalid (request_id: 2801b362-b573-4091-af5f-d8d3e4a10120)', 'type': 'authentication_error', 'param': None, 'code': 'invalid_request_error'}}
2026-10-01 04:01:12 [WARNING] [[deepseek] 2/6 策略=仅标题+链接 retry=1] AI 调用失败或解析失败，继续下一次尝试
2026-10-01 04:01:12 [INFO] 🤖 AI 筛选 [[deepseek] 3/6 策略=仅标题+链接 retry=2]（29 条，7521 字符，temp=0.3）
2026-10-01 04:01:12 [ERROR] AI 调用异常 ([deepseek] 3/6 策略=仅标题+链接 retry=2): Error code: 401 - {'error': {'message': 'Authentication Fails, Your api key: ****df0d is invalid (request_id: ff4176fc-3b9d-4ce9-9e7f-70d56ff4a0d3)', 'type': 'authentication_error', 'param': None, 'code': 'invalid_request_error'}}
2026-10-01 04:01:12 [WARNING] [[deepseek] 3/6 策略=仅标题+链接 retry=2] AI 调用失败或解析失败，继续下一次尝试
2026-10-01 04:01:12 [INFO] 🤖 AI 筛选 [[deepseek] 4/6 策略=完整内容 retry=0]（29 条，10181 字符，temp=0.3）
2026-10-01 04:01:13 [ERROR] AI 调用异常 ([deepseek] 4/6 策略=完整内容 retry=0): Error code: 401 - {'error': {'message': 'Authentication Fails, Your api key: ****df0d is invalid (request_id: bcfee857-d9f4-46c9-aca8-3ed333ed2102)', 'type': 'authentication_error', 'param': None, 'code': 'invalid_request_error'}}
2026-10-01 04:01:13 [WARNING] [[deepseek] 4/6 策略=完整内容 retry=0] AI 调用失败或解析失败，继续下一次尝试
2026-10-01 04:01:13 [INFO] 🤖 AI 筛选 [[deepseek] 5/6 策略=完整内容 retry=1]（29 条，10181 字符，temp=0.3）
2026-10-01 04:01:13 [ERROR] AI 调用异常 ([deepseek] 5/6 策略=完整内容 retry=1): Error code: 401 - {'error': {'message': 'Authentication Fails, Your api key: ****df0d is invalid (request_id: ff15ec3e-2a1e-4936-a55a-ca6acc51af5f)', 'type': 'authentication_error', 'param': None, 'code': 'invalid_request_error'}}
2026-10-01 04:01:13 [WARNING] [[deepseek] 5/6 策略=完整内容 retry=1] AI 调用失败或解析失败，继续下一次尝试
2026-10-01 04:01:13 [INFO] 🤖 AI 筛选 [[deepseek] 6/6 策略=仅标题（无历史） retry=0]（29 条，7521 字符，temp=0.3）
2026-10-01 04:01:14 [ERROR] AI 调用异常 ([deepseek] 6/6 策略=仅标题（无历史） retry=0): Error code: 401 - {'error': {'message': 'Authentication Fails, Your api key: ****df0d is invalid (request_id: 8ffc67af-5fc1-4d8c-b573-61a2998184f6)', 'type': 'authentication_error', 'param': None, 'code': 'invalid_request_error'}}
2026-10-01 04:01:14 [WARNING] [[deepseek] 6/6 策略=仅标题（无历史） retry=0] AI 调用失败或解析失败，继续下一次尝试
2026-10-01 04:01:14 [WARNING] [deepseek] 已达最大尝试次数 6，停止
2026-10-01 04:01:14 [INFO] ⚠️ deepseek 未能产出满意结果，尝试下一个提供商
2026-10-01 04:01:14 [INFO] 🔄 尝试 AI 提供商: zhipu
2026-10-01 04:01:14 [ERROR] 未设置环境变量 ZHIPU_API_KEY，无法使用 zhipu
2026-10-01 04:01:14 [INFO] ⚠️ zhipu 未能产出满意结果，尝试下一个提供商
2026-10-01 04:01:14 [INFO] 🔄 尝试 AI 提供商: kimi
2026-10-01 04:01:14 [ERROR] 未设置环境变量 KIMI_API_KEY，无法使用 kimi
2026-10-01 04:01:14 [INFO] ⚠️ kimi 未能产出满意结果，尝试下一个提供商
2026-10-01 04:01:14 [INFO] 🔄 尝试 AI 提供商: huoshan
2026-10-01 04:01:14 [ERROR] 未设置环境变量 HUOSHAN_API_KEY，无法使用 huoshan
2026-10-01 04:01:14 [INFO] ⚠️ huoshan 未能产出满意结果，尝试下一个提供商
2026-10-01 04:01:14 [ERROR] ❌ 所有提供商均失败，返回空列表
2026-10-01 04:01:14 [INFO] 📦 JSON 已保存: reports/2026-10-01-12.json
2026-10-01 04:01:14 [INFO] ✅ AI 筛选完成，共 0 条交易相关消息
2026-10-01 05:00:54 [INFO] 🚀 开始抓取 2026-10-01 13:00 币圈新闻
2026-10-01 05:00:54 [INFO] 📡 抓取 RSS 新闻源...
2026-10-01 05:00:54 [INFO] 📡 抓取交易所公告 & 链上数据...
2026-10-01 05:00:55 [INFO]   ⏭ Decrypt: 过滤掉 38 条非近期新闻
2026-10-01 05:00:55 [INFO]   ⏭ The Block: 过滤掉 19 条非近期新闻
2026-10-01 05:00:55 [INFO]   ⏭ CoinTelegraph: 过滤掉 29 条非近期新闻
2026-10-01 05:00:55 [INFO]   ⏭ CoinDesk: 过滤掉 23 条非近期新闻
2026-10-01 05:00:55 [INFO]   ⏭ Bitcoin Magazine: 过滤掉 10 条非近期新闻
2026-10-01 05:00:55 [INFO]   ⏭ Reuters Crypto: 过滤掉 50 条非近期新闻
2026-10-01 05:00:55 [INFO]   ⏭ Reddit r/cryptocurrency: 过滤掉 24 条非近期新闻
2026-10-01 05:00:55 [INFO]   ⏭ Bloomberg Crypto: 过滤掉 50 条非近期新闻
2026-10-01 05:00:55 [INFO]   ⏭ 宏观经济: 过滤掉 49 条非近期新闻
2026-10-01 05:00:55 [WARNING] 解析失败 Bitget公告: 'NoneType' object is not subscriptable
2026-10-01 05:00:55 [INFO]   ⏭ Blockworks: 过滤掉 50 条非近期新闻
2026-10-01 05:00:55 [INFO]   ⏭ CNBC Crypto: 过滤掉 50 条非近期新闻
2026-10-01 05:00:55 [INFO]   ⏭ Decrypt: 过滤掉 50 条非近期新闻
2026-10-01 05:00:55 [INFO]   ⏭ DL News: 过滤掉 50 条非近期新闻
2026-10-01 05:00:55 [INFO]   ⏭ 律动BlockBeats: 过滤掉 11 条非近期新闻
2026-10-01 05:00:55 [INFO]   ⏭ Blockworks: 过滤掉 4 条非近期新闻
2026-10-01 05:00:56 [INFO]   ⏭ DeFi Llama: 过滤掉 50 条非近期新闻
2026-10-01 05:00:56 [INFO]   ⏭ 吴说区块链: 过滤掉 50 条非近期新闻
2026-10-01 05:00:56 [INFO]   ⏭ 雪球加密: 过滤掉 49 条非近期新闻
2026-10-01 05:00:56 [INFO]   ⏭ Bitcoin Magazine: 过滤掉 50 条非近期新闻
2026-10-01 05:00:56 [INFO]   ⏭ The Block: 过滤掉 50 条非近期新闻
2026-10-01 05:00:56 [INFO]   ⏭ Crypto Twitter: 过滤掉 41 条非近期新闻
2026-10-01 05:01:10 [DEBUG] 请求失败 https://rsshub.rssforever.com/panewslab/news: 
2026-10-01 05:01:10 [DEBUG] 请求失败 https://rsshub.rssforever.com/jinse/lives: 
2026-10-01 05:01:11 [DEBUG] 请求失败 https://rsshub.rssforever.com/bloomberg/crypto: 
2026-10-01 05:01:11 [INFO]   ⏭ PANews: 过滤掉 50 条非近期新闻
2026-10-01 05:01:11 [INFO]   ✓ CoinDesk: 2 条
2026-10-01 05:01:11 [INFO]   ✓ The Block: 0 条
2026-10-01 05:01:11 [INFO]   ✓ Decrypt: 0 条
2026-10-01 05:01:11 [INFO]   ✓ CoinTelegraph: 1 条
2026-10-01 05:01:11 [INFO]   ✓ Bitcoin Magazine: 0 条
2026-10-01 05:01:11 [INFO]   ✓ Blockworks: 0 条
2026-10-01 05:01:11 [INFO]   ✓ DL News: 0 条
2026-10-01 05:01:11 [INFO]   ✓ 金色财经: 0 条
2026-10-01 05:01:11 [INFO]   ✓ PANews: 0 条
2026-10-01 05:01:11 [INFO]   ✓ 律动BlockBeats: 9 条
2026-10-01 05:01:11 [INFO]   ✓ 吴说区块链: 0 条
2026-10-01 05:01:11 [INFO]   ✓ Bloomberg Crypto: 0 条
2026-10-01 05:01:11 [INFO]   ✓ Reuters Crypto: 0 条
2026-10-01 05:01:11 [INFO]   ✓ CNBC Crypto: 0 条
2026-10-01 05:01:11 [INFO]   ✓ Reddit r/cryptocurrency: 1 条
2026-10-01 05:01:11 [INFO]   ✓ Reddit r/bitcoin: 0 条
2026-10-01 05:01:11 [INFO]   ✓ Crypto Twitter: 9 条
2026-10-01 05:01:11 [INFO]   ✓ 宏观经济: 1 条
2026-10-01 05:01:11 [INFO]   ✓ Binance公告: 20 条
2026-10-01 05:01:11 [INFO]   ✓ OKX公告: 0 条
2026-10-01 05:01:11 [INFO]   ✓ Bitget公告: 0 条
2026-10-01 05:01:11 [INFO]   ✓ Whale Alert: 0 条
2026-10-01 05:01:11 [INFO]   ✓ Fear & Greed Index: 1 条
2026-10-01 05:01:11 [INFO]   ✓ DeFi Llama: 0 条
2026-10-01 05:01:11 [INFO]   ✓ 雪球加密: 1 条
2026-10-01 05:01:11 [INFO] 📊 共抓取 45 条新闻
2026-10-01 05:01:11 [INFO] 📋 原始新闻已保存: reports/2026-10-01-13-raw.json (45 条)
2026-10-01 05:01:11 [INFO] 📋 标题摘要已保存: reports/2026-10-01-13-raw-titles.md
2026-10-01 05:01:11 [INFO] ✅ 抓取完成，共 45 条，已保存到 reports/2026-10-01-13-raw.json
2026-10-01 05:01:11 [INFO] 🤖 开始 AI 筛选 2026-10-01 13:00 币圈消息
2026-10-01 05:01:11 [INFO] 📋 已加载原始新闻: reports/2026-10-01-13-raw.json (45 条)
2026-10-01 05:01:11 [INFO] 📚 已加载历史新闻标题（19488 字符）
2026-10-01 05:01:11 [INFO] 📚 已加载历史筛选标题 0 条、URL 0 个，用于去重
2026-10-01 05:01:11 [INFO] 🔄 尝试 AI 提供商: deepseek
2026-10-01 05:01:11 [INFO] 🤖 使用 AI 提供商: deepseek (模型: deepseek-v4-flash)
2026-10-01 05:01:11 [INFO] 🤖 AI 筛选 [[deepseek] 1/6 策略=仅标题+链接 retry=0]（45 条，10142 字符，temp=0.3）
2026-10-01 05:01:12 [ERROR] AI 调用异常 ([deepseek] 1/6 策略=仅标题+链接 retry=0): Error code: 401 - {'error': {'message': 'Authentication Fails, Your api key: ****df0d is invalid (request_id: 2e14535e-f9ca-4e1e-a026-f6741d8eea60)', 'type': 'authentication_error', 'param': None, 'code': 'invalid_request_error'}}
2026-10-01 05:01:12 [WARNING] [[deepseek] 1/6 策略=仅标题+链接 retry=0] AI 调用失败或解析失败，继续下一次尝试
2026-10-01 05:01:12 [INFO] 🤖 AI 筛选 [[deepseek] 2/6 策略=仅标题+链接 retry=1]（45 条，10142 字符，temp=0.3）
2026-10-01 05:01:12 [ERROR] AI 调用异常 ([deepseek] 2/6 策略=仅标题+链接 retry=1): Error code: 401 - {'error': {'message': 'Authentication Fails, Your api key: ****df0d is invalid (request_id: 1288abce-ab31-4506-a9be-8161763b19ca)', 'type': 'authentication_error', 'param': None, 'code': 'invalid_request_error'}}
2026-10-01 05:01:12 [WARNING] [[deepseek] 2/6 策略=仅标题+链接 retry=1] AI 调用失败或解析失败，继续下一次尝试
2026-10-01 05:01:12 [INFO] 🤖 AI 筛选 [[deepseek] 3/6 策略=仅标题+链接 retry=2]（45 条，10142 字符，temp=0.3）
2026-10-01 05:01:13 [ERROR] AI 调用异常 ([deepseek] 3/6 策略=仅标题+链接 retry=2): Error code: 401 - {'error': {'message': 'Authentication Fails, Your api key: ****df0d is invalid (request_id: 56ce4c92-dca7-44d0-80d0-7bde859e3df1)', 'type': 'authentication_error', 'param': None, 'code': 'invalid_request_error'}}
2026-10-01 05:01:13 [WARNING] [[deepseek] 3/6 策略=仅标题+链接 retry=2] AI 调用失败或解析失败，继续下一次尝试
2026-10-01 05:01:13 [INFO] 🤖 AI 筛选 [[deepseek] 4/6 策略=完整内容 retry=0]（45 条，14957 字符，temp=0.3）
2026-10-01 05:01:13 [ERROR] AI 调用异常 ([deepseek] 4/6 策略=完整内容 retry=0): Error code: 401 - {'error': {'message': 'Authentication Fails, Your api key: ****df0d is invalid (request_id: 3778dabe-58b3-4154-9ac5-11d88df20883)', 'type': 'authentication_error', 'param': None, 'code': 'invalid_request_error'}}
2026-10-01 05:01:13 [WARNING] [[deepseek] 4/6 策略=完整内容 retry=0] AI 调用失败或解析失败，继续下一次尝试
2026-10-01 05:01:13 [INFO] 🤖 AI 筛选 [[deepseek] 5/6 策略=完整内容 retry=1]（45 条，14957 字符，temp=0.3）
2026-10-01 05:01:14 [ERROR] AI 调用异常 ([deepseek] 5/6 策略=完整内容 retry=1): Error code: 401 - {'error': {'message': 'Authentication Fails, Your api key: ****df0d is invalid (request_id: 97daea06-d87c-4d1b-b658-dfcdb1c11ae5)', 'type': 'authentication_error', 'param': None, 'code': 'invalid_request_error'}}
2026-10-01 05:01:14 [WARNING] [[deepseek] 5/6 策略=完整内容 retry=1] AI 调用失败或解析失败，继续下一次尝试
2026-10-01 05:01:14 [INFO] 🤖 AI 筛选 [[deepseek] 6/6 策略=仅标题（无历史） retry=0]（45 条，10142 字符，temp=0.3）
2026-10-01 05:01:14 [ERROR] AI 调用异常 ([deepseek] 6/6 策略=仅标题（无历史） retry=0): Error code: 401 - {'error': {'message': 'Authentication Fails, Your api key: ****df0d is invalid (request_id: 7e7bb758-7e1c-4ea7-9a82-c75d53551d27)', 'type': 'authentication_error', 'param': None, 'code': 'invalid_request_error'}}
2026-10-01 05:01:14 [WARNING] [[deepseek] 6/6 策略=仅标题（无历史） retry=0] AI 调用失败或解析失败，继续下一次尝试
2026-10-01 05:01:14 [WARNING] [deepseek] 已达最大尝试次数 6，停止
2026-10-01 05:01:14 [INFO] ⚠️ deepseek 未能产出满意结果，尝试下一个提供商
2026-10-01 05:01:14 [INFO] 🔄 尝试 AI 提供商: zhipu
2026-10-01 05:01:14 [ERROR] 未设置环境变量 ZHIPU_API_KEY，无法使用 zhipu
2026-10-01 05:01:14 [INFO] ⚠️ zhipu 未能产出满意结果，尝试下一个提供商
2026-10-01 05:01:14 [INFO] 🔄 尝试 AI 提供商: kimi
2026-10-01 05:01:14 [ERROR] 未设置环境变量 KIMI_API_KEY，无法使用 kimi
2026-10-01 05:01:14 [INFO] ⚠️ kimi 未能产出满意结果，尝试下一个提供商
2026-10-01 05:01:14 [INFO] 🔄 尝试 AI 提供商: huoshan
2026-10-01 05:01:14 [ERROR] 未设置环境变量 HUOSHAN_API_KEY，无法使用 huoshan
2026-10-01 05:01:14 [INFO] ⚠️ huoshan 未能产出满意结果，尝试下一个提供商
2026-10-01 05:01:14 [ERROR] ❌ 所有提供商均失败，返回空列表
2026-10-01 05:01:14 [INFO] 📦 JSON 已保存: reports/2026-10-01-13.json
2026-10-01 05:01:14 [INFO] ✅ AI 筛选完成，共 0 条交易相关消息
2026-10-01 06:01:04 [INFO] 🚀 开始抓取 2026-10-01 14:00 币圈新闻
2026-10-01 06:01:04 [INFO] 📡 抓取 RSS 新闻源...
2026-10-01 06:01:04 [INFO] 📡 抓取交易所公告 & 链上数据...
2026-10-01 06:01:04 [INFO]   ⏭ Decrypt: 过滤掉 38 条非近期新闻
2026-10-01 06:01:04 [INFO]   ⏭ The Block: 过滤掉 19 条非近期新闻
2026-10-01 06:01:04 [INFO]   ⏭ CoinTelegraph: 过滤掉 29 条非近期新闻
2026-10-01 06:01:04 [INFO]   ⏭ CoinDesk: 过滤掉 23 条非近期新闻
2026-10-01 06:01:04 [INFO]   ⏭ Bitcoin Magazine: 过滤掉 10 条非近期新闻
2026-10-01 06:01:04 [WARNING] 解析失败 Bitget公告: 'NoneType' object is not subscriptable
2026-10-01 06:01:04 [INFO]   ⏭ Bloomberg Crypto: 过滤掉 50 条非近期新闻
2026-10-01 06:01:04 [INFO]   ⏭ Blockworks: 过滤掉 50 条非近期新闻
2026-10-01 06:01:04 [INFO]   ⏭ CNBC Crypto: 过滤掉 48 条非近期新闻
2026-10-01 06:01:05 [INFO]   ⏭ 宏观经济: 过滤掉 50 条非近期新闻
2026-10-01 06:01:05 [INFO]   ⏭ DL News: 过滤掉 50 条非近期新闻
2026-10-01 06:01:05 [INFO]   ⏭ Reuters Crypto: 过滤掉 50 条非近期新闻
2026-10-01 06:01:05 [INFO]   ⏭ Decrypt: 过滤掉 50 条非近期新闻
2026-10-01 06:01:05 [INFO]   ⏭ Bitcoin Magazine: 过滤掉 50 条非近期新闻
2026-10-01 06:01:05 [INFO]   ⏭ Reddit r/bitcoin: 过滤掉 23 条非近期新闻
2026-10-01 06:01:05 [INFO]   ⏭ 宏观经济: 过滤掉 50 条非近期新闻
2026-10-01 06:01:05 [INFO]   ⏭ Blockworks: 过滤掉 4 条非近期新闻
2026-10-01 06:01:05 [INFO]   ⏭ 吴说区块链: 过滤掉 50 条非近期新闻
2026-10-01 06:01:05 [INFO]   ⏭ DeFi Llama: 过滤掉 50 条非近期新闻
2026-10-01 06:01:06 [INFO]   ⏭ The Block: 过滤掉 50 条非近期新闻
2026-10-01 06:01:06 [INFO]   ⏭ 雪球加密: 过滤掉 48 条非近期新闻
2026-10-01 06:01:06 [INFO]   ⏭ Crypto Twitter: 过滤掉 44 条非近期新闻
2026-10-01 06:01:20 [DEBUG] 请求失败 https://rsshub.rssforever.com/panewslab/news: 
2026-10-01 06:01:20 [DEBUG] 请求失败 https://rsshub.rssforever.com/theblockbeats/newsflash: 
2026-10-01 06:01:20 [DEBUG] 请求失败 https://rsshub.rssforever.com/bloomberg/crypto: 
2026-10-01 06:01:20 [INFO]   ⏭ PANews: 过滤掉 50 条非近期新闻
2026-10-01 06:01:20 [INFO]   ⏭ 律动BlockBeats: 过滤掉 50 条非近期新闻
2026-10-01 06:01:20 [INFO]   ✓ CoinDesk: 2 条
2026-10-01 06:01:20 [INFO]   ✓ The Block: 0 条
2026-10-01 06:01:20 [INFO]   ✓ Decrypt: 0 条
2026-10-01 06:01:20 [INFO]   ✓ CoinTelegraph: 1 条
2026-10-01 06:01:20 [INFO]   ✓ Bitcoin Magazine: 0 条
2026-10-01 06:01:20 [INFO]   ✓ Blockworks: 0 条
2026-10-01 06:01:20 [INFO]   ✓ DL News: 0 条
2026-10-01 06:01:20 [INFO]   ✓ 金色财经: 10 条
2026-10-01 06:01:20 [INFO]   ✓ PANews: 0 条
2026-10-01 06:01:20 [INFO]   ✓ 律动BlockBeats: 0 条
2026-10-01 06:01:20 [INFO]   ✓ 吴说区块链: 0 条
2026-10-01 06:01:20 [INFO]   ✓ Bloomberg Crypto: 0 条
2026-10-01 06:01:20 [INFO]   ✓ Reuters Crypto: 0 条
2026-10-01 06:01:20 [INFO]   ✓ CNBC Crypto: 2 条
2026-10-01 06:01:20 [INFO]   ✓ Reddit r/cryptocurrency: 0 条
2026-10-01 06:01:20 [INFO]   ✓ Reddit r/bitcoin: 2 条
2026-10-01 06:01:20 [INFO]   ✓ Crypto Twitter: 6 条
2026-10-01 06:01:20 [INFO]   ✓ 宏观经济: 0 条
2026-10-01 06:01:20 [INFO]   ✓ Binance公告: 20 条
2026-10-01 06:01:20 [INFO]   ✓ OKX公告: 0 条
2026-10-01 06:01:20 [INFO]   ✓ Bitget公告: 0 条
2026-10-01 06:01:20 [INFO]   ✓ Whale Alert: 0 条
2026-10-01 06:01:20 [INFO]   ✓ Fear & Greed Index: 1 条
2026-10-01 06:01:20 [INFO]   ✓ DeFi Llama: 0 条
2026-10-01 06:01:20 [INFO]   ✓ 雪球加密: 2 条
2026-10-01 06:01:20 [INFO] 📊 共抓取 46 条新闻
2026-10-01 06:01:20 [INFO] 📋 原始新闻已保存: reports/2026-10-01-14-raw.json (46 条)
2026-10-01 06:01:20 [INFO] 📋 标题摘要已保存: reports/2026-10-01-14-raw-titles.md
2026-10-01 06:01:20 [INFO] ✅ 抓取完成，共 46 条，已保存到 reports/2026-10-01-14-raw.json
2026-10-01 06:01:21 [INFO] 🤖 开始 AI 筛选 2026-10-01 14:00 币圈消息
2026-10-01 06:01:21 [INFO] 📋 已加载原始新闻: reports/2026-10-01-14-raw.json (46 条)
2026-10-01 06:01:21 [INFO] 📚 已加载历史新闻标题（20475 字符）
2026-10-01 06:01:21 [INFO] 📚 已加载历史筛选标题 0 条、URL 0 个，用于去重
2026-10-01 06:01:21 [INFO] 🔄 尝试 AI 提供商: deepseek
2026-10-01 06:01:21 [INFO] 🤖 使用 AI 提供商: deepseek (模型: deepseek-v4-flash)
2026-10-01 06:01:21 [INFO] 🤖 AI 筛选 [[deepseek] 1/6 策略=仅标题+链接 retry=0]（46 条，9621 字符，temp=0.3）
2026-10-01 06:01:22 [ERROR] AI 调用异常 ([deepseek] 1/6 策略=仅标题+链接 retry=0): Error code: 401 - {'error': {'message': 'Authentication Fails, Your api key: ****df0d is invalid (request_id: ecdb8a8e-ada5-4f3e-968b-36f728648f4e)', 'type': 'authentication_error', 'param': None, 'code': 'invalid_request_error'}}
2026-10-01 06:01:22 [WARNING] [[deepseek] 1/6 策略=仅标题+链接 retry=0] AI 调用失败或解析失败，继续下一次尝试
2026-10-01 06:01:22 [INFO] 🤖 AI 筛选 [[deepseek] 2/6 策略=仅标题+链接 retry=1]（46 条，9621 字符，temp=0.3）
2026-10-01 06:01:22 [ERROR] AI 调用异常 ([deepseek] 2/6 策略=仅标题+链接 retry=1): Error code: 401 - {'error': {'message': 'Authentication Fails, Your api key: ****df0d is invalid (request_id: 3e2c0547-58c5-44f8-a0fe-aee6be5b39f0)', 'type': 'authentication_error', 'param': None, 'code': 'invalid_request_error'}}
2026-10-01 06:01:22 [WARNING] [[deepseek] 2/6 策略=仅标题+链接 retry=1] AI 调用失败或解析失败，继续下一次尝试
2026-10-01 06:01:22 [INFO] 🤖 AI 筛选 [[deepseek] 3/6 策略=仅标题+链接 retry=2]（46 条，9621 字符，temp=0.3）
2026-10-01 06:01:23 [ERROR] AI 调用异常 ([deepseek] 3/6 策略=仅标题+链接 retry=2): Error code: 401 - {'error': {'message': 'Authentication Fails, Your api key: ****df0d is invalid (request_id: 757004c6-c617-4dc8-ac95-fd81aec59c35)', 'type': 'authentication_error', 'param': None, 'code': 'invalid_request_error'}}
2026-10-01 06:01:23 [WARNING] [[deepseek] 3/6 策略=仅标题+链接 retry=2] AI 调用失败或解析失败，继续下一次尝试
2026-10-01 06:01:23 [INFO] 🤖 AI 筛选 [[deepseek] 4/6 策略=完整内容 retry=0]（46 条，14303 字符，temp=0.3）
2026-10-01 06:01:23 [ERROR] AI 调用异常 ([deepseek] 4/6 策略=完整内容 retry=0): Error code: 401 - {'error': {'message': 'Authentication Fails, Your api key: ****df0d is invalid (request_id: e69b3d94-c3df-4c84-9f61-fc528a311b8d)', 'type': 'authentication_error', 'param': None, 'code': 'invalid_request_error'}}
2026-10-01 06:01:23 [WARNING] [[deepseek] 4/6 策略=完整内容 retry=0] AI 调用失败或解析失败，继续下一次尝试
2026-10-01 06:01:23 [INFO] 🤖 AI 筛选 [[deepseek] 5/6 策略=完整内容 retry=1]（46 条，14303 字符，temp=0.3）
2026-10-01 06:01:24 [ERROR] AI 调用异常 ([deepseek] 5/6 策略=完整内容 retry=1): Error code: 401 - {'error': {'message': 'Authentication Fails, Your api key: ****df0d is invalid (request_id: 249c0610-5579-46b7-8a23-840c9f886075)', 'type': 'authentication_error', 'param': None, 'code': 'invalid_request_error'}}
2026-10-01 06:01:24 [WARNING] [[deepseek] 5/6 策略=完整内容 retry=1] AI 调用失败或解析失败，继续下一次尝试
2026-10-01 06:01:24 [INFO] 🤖 AI 筛选 [[deepseek] 6/6 策略=仅标题（无历史） retry=0]（46 条，9621 字符，temp=0.3）
2026-10-01 06:01:24 [ERROR] AI 调用异常 ([deepseek] 6/6 策略=仅标题（无历史） retry=0): Error code: 401 - {'error': {'message': 'Authentication Fails, Your api key: ****df0d is invalid (request_id: 41bb86c2-e560-47af-9d5c-f4f6b73d7b6d)', 'type': 'authentication_error', 'param': None, 'code': 'invalid_request_error'}}
2026-10-01 06:01:24 [WARNING] [[deepseek] 6/6 策略=仅标题（无历史） retry=0] AI 调用失败或解析失败，继续下一次尝试
2026-10-01 06:01:24 [WARNING] [deepseek] 已达最大尝试次数 6，停止
2026-10-01 06:01:24 [INFO] ⚠️ deepseek 未能产出满意结果，尝试下一个提供商
2026-10-01 06:01:24 [INFO] 🔄 尝试 AI 提供商: zhipu
2026-10-01 06:01:24 [ERROR] 未设置环境变量 ZHIPU_API_KEY，无法使用 zhipu
2026-10-01 06:01:24 [INFO] ⚠️ zhipu 未能产出满意结果，尝试下一个提供商
2026-10-01 06:01:24 [INFO] 🔄 尝试 AI 提供商: kimi
2026-10-01 06:01:24 [ERROR] 未设置环境变量 KIMI_API_KEY，无法使用 kimi
2026-10-01 06:01:24 [INFO] ⚠️ kimi 未能产出满意结果，尝试下一个提供商
2026-10-01 06:01:24 [INFO] 🔄 尝试 AI 提供商: huoshan
2026-10-01 06:01:24 [ERROR] 未设置环境变量 HUOSHAN_API_KEY，无法使用 huoshan
2026-10-01 06:01:24 [INFO] ⚠️ huoshan 未能产出满意结果，尝试下一个提供商
2026-10-01 06:01:24 [ERROR] ❌ 所有提供商均失败，返回空列表
2026-10-01 06:01:24 [INFO] 📦 JSON 已保存: reports/2026-10-01-14.json
2026-10-01 06:01:24 [INFO] ✅ AI 筛选完成，共 0 条交易相关消息
2026-10-01 07:00:53 [INFO] 🚀 开始抓取 2026-10-01 15:00 币圈新闻
2026-10-01 07:00:53 [INFO] 📡 抓取 RSS 新闻源...
2026-10-01 07:00:53 [INFO] 📡 抓取交易所公告 & 链上数据...
2026-10-01 07:00:53 [INFO]   ⏭ Decrypt: 过滤掉 38 条非近期新闻
2026-10-01 07:00:53 [INFO]   ⏭ The Block: 过滤掉 19 条非近期新闻
2026-10-01 07:00:53 [INFO]   ⏭ CoinTelegraph: 过滤掉 28 条非近期新闻
2026-10-01 07:00:53 [WARNING] 解析失败 Bitget公告: 'NoneType' object is not subscriptable
2026-10-01 07:00:53 [INFO]   ⏭ Bitcoin Magazine: 过滤掉 10 条非近期新闻
2026-10-01 07:00:54 [INFO]   ⏭ Bloomberg Crypto: 过滤掉 50 条非近期新闻
2026-10-01 07:00:54 [INFO]   ⏭ Reuters Crypto: 过滤掉 50 条非近期新闻
2026-10-01 07:00:54 [INFO]   ⏭ CoinDesk: 过滤掉 25 条非近期新闻
2026-10-01 07:00:54 [INFO]   ⏭ 宏观经济: 过滤掉 48 条非近期新闻
2026-10-01 07:00:54 [INFO]   ⏭ CNBC Crypto: 过滤掉 49 条非近期新闻
2026-10-01 07:00:54 [INFO]   ⏭ Decrypt: 过滤掉 50 条非近期新闻
2026-10-01 07:00:54 [INFO]   ⏭ DL News: 过滤掉 50 条非近期新闻
2026-10-01 07:00:54 [INFO]   ⏭ Blockworks: 过滤掉 50 条非近期新闻
2026-10-01 07:00:54 [INFO]   ⏭ Reddit r/bitcoin: 过滤掉 20 条非近期新闻
2026-10-01 07:00:54 [INFO]   ⏭ Blockworks: 过滤掉 3 条非近期新闻
2026-10-01 07:00:54 [INFO]   ⏭ Bitcoin Magazine: 过滤掉 50 条非近期新闻
2026-10-01 07:00:54 [INFO]   ⏭ The Block: 过滤掉 50 条非近期新闻
2026-10-01 07:00:55 [INFO]   ⏭ DeFi Llama: 过滤掉 50 条非近期新闻
2026-10-01 07:00:55 [INFO]   ⏭ 雪球加密: 过滤掉 49 条非近期新闻
2026-10-01 07:00:55 [INFO]   ⏭ 吴说区块链: 过滤掉 50 条非近期新闻
2026-10-01 07:00:55 [INFO]   ⏭ CoinDesk: 过滤掉 50 条非近期新闻
2026-10-01 07:00:55 [INFO]   ⏭ Crypto Twitter: 过滤掉 47 条非近期新闻
2026-10-01 07:01:09 [DEBUG] 请求失败 https://rsshub.rssforever.com/panewslab/news: 
2026-10-01 07:01:09 [DEBUG] 请求失败 https://rsshub.rssforever.com/theblockbeats/newsflash: 
2026-10-01 07:01:09 [DEBUG] 请求失败 https://rsshub.rssforever.com/bloomberg/crypto: 
2026-10-01 07:01:09 [DEBUG] 请求失败 https://rsshub.rssforever.com/jinse/lives: 
2026-10-01 07:01:10 [INFO]   ⏭ 律动BlockBeats: 过滤掉 50 条非近期新闻
2026-10-01 07:01:10 [INFO]   ⏭ PANews: 过滤掉 50 条非近期新闻
2026-10-01 07:01:10 [INFO]   ✓ CoinDesk: 0 条
2026-10-01 07:01:10 [INFO]   ✓ The Block: 0 条
2026-10-01 07:01:10 [INFO]   ✓ Decrypt: 0 条
2026-10-01 07:01:10 [INFO]   ✓ CoinTelegraph: 2 条
2026-10-01 07:01:10 [INFO]   ✓ Bitcoin Magazine: 0 条
2026-10-01 07:01:10 [INFO]   ✓ Blockworks: 0 条
2026-10-01 07:01:10 [INFO]   ✓ DL News: 0 条
2026-10-01 07:01:10 [INFO]   ✓ 金色财经: 0 条
2026-10-01 07:01:10 [INFO]   ✓ PANews: 0 条
2026-10-01 07:01:10 [INFO]   ✓ 律动BlockBeats: 0 条
2026-10-01 07:01:10 [INFO]   ✓ 吴说区块链: 0 条
2026-10-01 07:01:10 [INFO]   ✓ Bloomberg Crypto: 0 条
2026-10-01 07:01:10 [INFO]   ✓ Reuters Crypto: 0 条
2026-10-01 07:01:10 [INFO]   ✓ CNBC Crypto: 1 条
2026-10-01 07:01:10 [INFO]   ✓ Reddit r/cryptocurrency: 0 条
2026-10-01 07:01:10 [INFO]   ✓ Reddit r/bitcoin: 5 条
2026-10-01 07:01:10 [INFO]   ✓ Crypto Twitter: 3 条
2026-10-01 07:01:10 [INFO]   ✓ 宏观经济: 2 条
2026-10-01 07:01:10 [INFO]   ✓ Binance公告: 20 条
2026-10-01 07:01:10 [INFO]   ✓ OKX公告: 0 条
2026-10-01 07:01:10 [INFO]   ✓ Bitget公告: 0 条
2026-10-01 07:01:10 [INFO]   ✓ Whale Alert: 0 条
2026-10-01 07:01:10 [INFO]   ✓ Fear & Greed Index: 1 条
2026-10-01 07:01:10 [INFO]   ✓ DeFi Llama: 0 条
2026-10-01 07:01:10 [INFO]   ✓ 雪球加密: 1 条
2026-10-01 07:01:10 [INFO] 📊 共抓取 35 条新闻
2026-10-01 07:01:10 [INFO] 📋 原始新闻已保存: reports/2026-10-01-15-raw.json (35 条)
2026-10-01 07:01:10 [INFO] 📋 标题摘要已保存: reports/2026-10-01-15-raw-titles.md
2026-10-01 07:01:10 [INFO] ✅ 抓取完成，共 35 条，已保存到 reports/2026-10-01-15-raw.json
2026-10-01 07:01:10 [INFO] 🤖 开始 AI 筛选 2026-10-01 15:00 币圈消息
2026-10-01 07:01:10 [INFO] 📋 已加载原始新闻: reports/2026-10-01-15-raw.json (35 条)
2026-10-01 07:01:10 [INFO] 📚 已加载历史新闻标题（20555 字符）
2026-10-01 07:01:10 [INFO] 📚 已加载历史筛选标题 0 条、URL 0 个，用于去重
2026-10-01 07:01:10 [INFO] 🔄 尝试 AI 提供商: deepseek
2026-10-01 07:01:10 [INFO] 🤖 使用 AI 提供商: deepseek (模型: deepseek-v4-flash)
2026-10-01 07:01:10 [INFO] 🤖 AI 筛选 [[deepseek] 1/6 策略=仅标题+链接 retry=0]（35 条，7532 字符，temp=0.3）
2026-10-01 07:01:11 [ERROR] AI 调用异常 ([deepseek] 1/6 策略=仅标题+链接 retry=0): Error code: 401 - {'error': {'message': 'Authentication Fails, Your api key: ****df0d is invalid (request_id: 6bbc68f0-c8df-419f-b31a-b16089a66251)', 'type': 'authentication_error', 'param': None, 'code': 'invalid_request_error'}}
2026-10-01 07:01:11 [WARNING] [[deepseek] 1/6 策略=仅标题+链接 retry=0] AI 调用失败或解析失败，继续下一次尝试
2026-10-01 07:01:11 [INFO] 🤖 AI 筛选 [[deepseek] 2/6 策略=仅标题+链接 retry=1]（35 条，7532 字符，temp=0.3）
2026-10-01 07:01:11 [ERROR] AI 调用异常 ([deepseek] 2/6 策略=仅标题+链接 retry=1): Error code: 401 - {'error': {'message': 'Authentication Fails, Your api key: ****df0d is invalid (request_id: c5872ad3-2b88-43df-99f4-8a3d76b3c5cf)', 'type': 'authentication_error', 'param': None, 'code': 'invalid_request_error'}}
2026-10-01 07:01:11 [WARNING] [[deepseek] 2/6 策略=仅标题+链接 retry=1] AI 调用失败或解析失败，继续下一次尝试
2026-10-01 07:01:11 [INFO] 🤖 AI 筛选 [[deepseek] 3/6 策略=仅标题+链接 retry=2]（35 条，7532 字符，temp=0.3）
2026-10-01 07:01:11 [ERROR] AI 调用异常 ([deepseek] 3/6 策略=仅标题+链接 retry=2): Error code: 401 - {'error': {'message': 'Authentication Fails, Your api key: ****df0d is invalid (request_id: 01365daf-0d0b-4ce7-80e7-61347995c74b)', 'type': 'authentication_error', 'param': None, 'code': 'invalid_request_error'}}
2026-10-01 07:01:11 [WARNING] [[deepseek] 3/6 策略=仅标题+链接 retry=2] AI 调用失败或解析失败，继续下一次尝试
2026-10-01 07:01:11 [INFO] 🤖 AI 筛选 [[deepseek] 4/6 策略=完整内容 retry=0]（35 条，11221 字符，temp=0.3）
2026-10-01 07:01:12 [ERROR] AI 调用异常 ([deepseek] 4/6 策略=完整内容 retry=0): Error code: 401 - {'error': {'message': 'Authentication Fails, Your api key: ****df0d is invalid (request_id: 006f57fc-747d-4ce5-a308-5c4b2f1e8820)', 'type': 'authentication_error', 'param': None, 'code': 'invalid_request_error'}}
2026-10-01 07:01:12 [WARNING] [[deepseek] 4/6 策略=完整内容 retry=0] AI 调用失败或解析失败，继续下一次尝试
2026-10-01 07:01:12 [INFO] 🤖 AI 筛选 [[deepseek] 5/6 策略=完整内容 retry=1]（35 条，11221 字符，temp=0.3）
2026-10-01 07:01:12 [ERROR] AI 调用异常 ([deepseek] 5/6 策略=完整内容 retry=1): Error code: 401 - {'error': {'message': 'Authentication Fails, Your api key: ****df0d is invalid (request_id: 8ac5ba2a-9655-4208-a5f9-8b5fc9ea73a6)', 'type': 'authentication_error', 'param': None, 'code': 'invalid_request_error'}}
2026-10-01 07:01:12 [WARNING] [[deepseek] 5/6 策略=完整内容 retry=1] AI 调用失败或解析失败，继续下一次尝试
2026-10-01 07:01:12 [INFO] 🤖 AI 筛选 [[deepseek] 6/6 策略=仅标题（无历史） retry=0]（35 条，7532 字符，temp=0.3）
2026-10-01 07:01:13 [ERROR] AI 调用异常 ([deepseek] 6/6 策略=仅标题（无历史） retry=0): Error code: 401 - {'error': {'message': 'Authentication Fails, Your api key: ****df0d is invalid (request_id: 73e676b7-e724-4f6f-8110-c5d1f073ecbf)', 'type': 'authentication_error', 'param': None, 'code': 'invalid_request_error'}}
2026-10-01 07:01:13 [WARNING] [[deepseek] 6/6 策略=仅标题（无历史） retry=0] AI 调用失败或解析失败，继续下一次尝试
2026-10-01 07:01:13 [WARNING] [deepseek] 已达最大尝试次数 6，停止
2026-10-01 07:01:13 [INFO] ⚠️ deepseek 未能产出满意结果，尝试下一个提供商
2026-10-01 07:01:13 [INFO] 🔄 尝试 AI 提供商: zhipu
2026-10-01 07:01:13 [ERROR] 未设置环境变量 ZHIPU_API_KEY，无法使用 zhipu
2026-10-01 07:01:13 [INFO] ⚠️ zhipu 未能产出满意结果，尝试下一个提供商
2026-10-01 07:01:13 [INFO] 🔄 尝试 AI 提供商: kimi
2026-10-01 07:01:13 [ERROR] 未设置环境变量 KIMI_API_KEY，无法使用 kimi
2026-10-01 07:01:13 [INFO] ⚠️ kimi 未能产出满意结果，尝试下一个提供商
2026-10-01 07:01:13 [INFO] 🔄 尝试 AI 提供商: huoshan
2026-10-01 07:01:13 [ERROR] 未设置环境变量 HUOSHAN_API_KEY，无法使用 huoshan
2026-10-01 07:01:13 [INFO] ⚠️ huoshan 未能产出满意结果，尝试下一个提供商
2026-10-01 07:01:13 [ERROR] ❌ 所有提供商均失败，返回空列表
2026-10-01 07:01:13 [INFO] 📦 JSON 已保存: reports/2026-10-01-15.json
2026-10-01 07:01:13 [INFO] ✅ AI 筛选完成，共 0 条交易相关消息
2026-10-01 08:01:02 [INFO] 🚀 开始抓取 2026-10-01 16:00 币圈新闻
2026-10-01 08:01:02 [INFO] 📡 抓取 RSS 新闻源...
2026-10-01 08:01:02 [INFO] 📡 抓取交易所公告 & 链上数据...
2026-10-01 08:01:02 [INFO]   ⏭ Decrypt: 过滤掉 38 条非近期新闻
2026-10-01 08:01:02 [INFO]   ⏭ The Block: 过滤掉 19 条非近期新闻
2026-10-01 08:01:02 [INFO]   ⏭ CoinTelegraph: 过滤掉 28 条非近期新闻
2026-10-01 08:01:03 [INFO]   ⏭ Reuters Crypto: 过滤掉 49 条非近期新闻
2026-10-01 08:01:03 [INFO]   ⏭ Bitcoin Magazine: 过滤掉 10 条非近期新闻
2026-10-01 08:01:03 [INFO]   ⏭ Bloomberg Crypto: 过滤掉 50 条非近期新闻
2026-10-01 08:01:03 [WARNING] 解析失败 Bitget公告: 'NoneType' object is not subscriptable
2026-10-01 08:01:03 [INFO]   ⏭ 宏观经济: 过滤掉 48 条非近期新闻
2026-10-01 08:01:03 [INFO]   ⏭ CNBC Crypto: 过滤掉 50 条非近期新闻
2026-10-01 08:01:03 [INFO]   ⏭ CoinDesk: 过滤掉 24 条非近期新闻
2026-10-01 08:01:03 [INFO]   ⏭ Reddit r/cryptocurrency: 过滤掉 25 条非近期新闻
2026-10-01 08:01:03 [INFO]   ⏭ Blockworks: 过滤掉 50 条非近期新闻
2026-10-01 08:01:03 [INFO]   ⏭ Decrypt: 过滤掉 50 条非近期新闻
2026-10-01 08:01:03 [INFO]   ⏭ DL News: 过滤掉 50 条非近期新闻
2026-10-01 08:01:03 [INFO]   ⏭ Bitcoin Magazine: 过滤掉 50 条非近期新闻
2026-10-01 08:01:03 [INFO]   ⏭ Blockworks: 过滤掉 4 条非近期新闻
2026-10-01 08:01:03 [INFO]   ⏭ DeFi Llama: 过滤掉 50 条非近期新闻
2026-10-01 08:01:04 [INFO]   ⏭ 雪球加密: 过滤掉 48 条非近期新闻
2026-10-01 08:01:04 [INFO]   ⏭ 吴说区块链: 过滤掉 50 条非近期新闻
2026-10-01 08:01:04 [INFO]   ⏭ The Block: 过滤掉 50 条非近期新闻
2026-10-01 08:01:04 [INFO]   ⏭ Crypto Twitter: 过滤掉 45 条非近期新闻
2026-10-01 08:01:18 [DEBUG] 请求失败 https://rsshub.rssforever.com/theblockbeats/newsflash: 
2026-10-01 08:01:18 [DEBUG] 请求失败 https://rsshub.rssforever.com/panewslab/news: 
2026-10-01 08:01:18 [DEBUG] 请求失败 https://rsshub.rssforever.com/jinse/lives: 
2026-10-01 08:01:18 [DEBUG] 请求失败 https://rsshub.rssforever.com/bloomberg/crypto: 
2026-10-01 08:01:18 [INFO]   ⏭ 律动BlockBeats: 过滤掉 50 条非近期新闻
2026-10-01 08:01:18 [INFO]   ⏭ PANews: 过滤掉 50 条非近期新闻
2026-10-01 08:01:18 [INFO]   ✓ CoinDesk: 1 条
2026-10-01 08:01:18 [INFO]   ✓ The Block: 0 条
2026-10-01 08:01:18 [INFO]   ✓ Decrypt: 0 条
2026-10-01 08:01:18 [INFO]   ✓ CoinTelegraph: 2 条
2026-10-01 08:01:18 [INFO]   ✓ Bitcoin Magazine: 0 条
2026-10-01 08:01:18 [INFO]   ✓ Blockworks: 0 条
2026-10-01 08:01:18 [INFO]   ✓ DL News: 0 条
2026-10-01 08:01:18 [INFO]   ✓ 金色财经: 0 条
2026-10-01 08:01:18 [INFO]   ✓ PANews: 0 条
2026-10-01 08:01:18 [INFO]   ✓ 律动BlockBeats: 0 条
2026-10-01 08:01:18 [INFO]   ✓ 吴说区块链: 0 条
2026-10-01 08:01:18 [INFO]   ✓ Bloomberg Crypto: 0 条
2026-10-01 08:01:18 [INFO]   ✓ Reuters Crypto: 1 条
2026-10-01 08:01:18 [INFO]   ✓ CNBC Crypto: 0 条
2026-10-01 08:01:18 [INFO]   ✓ Reddit r/cryptocurrency: 0 条
2026-10-01 08:01:18 [INFO]   ✓ Reddit r/bitcoin: 0 条
2026-10-01 08:01:18 [INFO]   ✓ Crypto Twitter: 5 条
2026-10-01 08:01:18 [INFO]   ✓ 宏观经济: 2 条
2026-10-01 08:01:18 [INFO]   ✓ Binance公告: 20 条
2026-10-01 08:01:18 [INFO]   ✓ OKX公告: 0 条
2026-10-01 08:01:18 [INFO]   ✓ Bitget公告: 0 条
2026-10-01 08:01:18 [INFO]   ✓ Whale Alert: 0 条
2026-10-01 08:01:18 [INFO]   ✓ Fear & Greed Index: 1 条
2026-10-01 08:01:18 [INFO]   ✓ DeFi Llama: 0 条
2026-10-01 08:01:18 [INFO]   ✓ 雪球加密: 2 条
2026-10-01 08:01:18 [INFO] 📊 共抓取 34 条新闻
2026-10-01 08:01:18 [INFO] 📋 原始新闻已保存: reports/2026-10-01-16-raw.json (34 条)
2026-10-01 08:01:18 [INFO] 📋 标题摘要已保存: reports/2026-10-01-16-raw-titles.md
2026-10-01 08:01:18 [INFO] ✅ 抓取完成，共 34 条，已保存到 reports/2026-10-01-16-raw.json
2026-10-01 08:01:19 [INFO] 🤖 开始 AI 筛选 2026-10-01 16:00 币圈消息
2026-10-01 08:01:19 [INFO] 📋 已加载原始新闻: reports/2026-10-01-16-raw.json (34 条)
2026-10-01 08:01:19 [INFO] 📚 已加载历史新闻标题（20505 字符）
2026-10-01 08:01:19 [INFO] 📚 已加载历史筛选标题 0 条、URL 0 个，用于去重
2026-10-01 08:01:19 [INFO] 🔄 尝试 AI 提供商: deepseek
2026-10-01 08:01:19 [INFO] 🤖 使用 AI 提供商: deepseek (模型: deepseek-v4-flash)
2026-10-01 08:01:19 [INFO] 🤖 AI 筛选 [[deepseek] 1/6 策略=仅标题+链接 retry=0]（34 条，8235 字符，temp=0.3）
2026-10-01 08:01:20 [ERROR] AI 调用异常 ([deepseek] 1/6 策略=仅标题+链接 retry=0): Error code: 401 - {'error': {'message': 'Authentication Fails, Your api key: ****df0d is invalid (request_id: 6e46f251-cc2a-445b-aee9-43c64b0f58d0)', 'type': 'authentication_error', 'param': None, 'code': 'invalid_request_error'}}
2026-10-01 08:01:20 [WARNING] [[deepseek] 1/6 策略=仅标题+链接 retry=0] AI 调用失败或解析失败，继续下一次尝试
2026-10-01 08:01:20 [INFO] 🤖 AI 筛选 [[deepseek] 2/6 策略=仅标题+链接 retry=1]（34 条，8235 字符，temp=0.3）
2026-10-01 08:01:20 [ERROR] AI 调用异常 ([deepseek] 2/6 策略=仅标题+链接 retry=1): Error code: 401 - {'error': {'message': 'Authentication Fails, Your api key: ****df0d is invalid (request_id: a4daf646-d5c2-4a2e-916c-a99947343d3c)', 'type': 'authentication_error', 'param': None, 'code': 'invalid_request_error'}}
2026-10-01 08:01:20 [WARNING] [[deepseek] 2/6 策略=仅标题+链接 retry=1] AI 调用失败或解析失败，继续下一次尝试
2026-10-01 08:01:20 [INFO] 🤖 AI 筛选 [[deepseek] 3/6 策略=仅标题+链接 retry=2]（34 条，8235 字符，temp=0.3）
2026-10-01 08:01:21 [ERROR] AI 调用异常 ([deepseek] 3/6 策略=仅标题+链接 retry=2): Error code: 401 - {'error': {'message': 'Authentication Fails, Your api key: ****df0d is invalid (request_id: 5450beb1-aa4f-4a7c-929f-8a9fda8c5e97)', 'type': 'authentication_error', 'param': None, 'code': 'invalid_request_error'}}
2026-10-01 08:01:21 [WARNING] [[deepseek] 3/6 策略=仅标题+链接 retry=2] AI 调用失败或解析失败，继续下一次尝试
2026-10-01 08:01:21 [INFO] 🤖 AI 筛选 [[deepseek] 4/6 策略=完整内容 retry=0]（34 条，11294 字符，temp=0.3）
2026-10-01 08:01:21 [ERROR] AI 调用异常 ([deepseek] 4/6 策略=完整内容 retry=0): Error code: 401 - {'error': {'message': 'Authentication Fails, Your api key: ****df0d is invalid (request_id: 83407f1b-094e-4bcb-b10e-193c62c6869d)', 'type': 'authentication_error', 'param': None, 'code': 'invalid_request_error'}}
2026-10-01 08:01:21 [WARNING] [[deepseek] 4/6 策略=完整内容 retry=0] AI 调用失败或解析失败，继续下一次尝试
2026-10-01 08:01:21 [INFO] 🤖 AI 筛选 [[deepseek] 5/6 策略=完整内容 retry=1]（34 条，11294 字符，temp=0.3）
2026-10-01 08:01:21 [ERROR] AI 调用异常 ([deepseek] 5/6 策略=完整内容 retry=1): Error code: 401 - {'error': {'message': 'Authentication Fails, Your api key: ****df0d is invalid (request_id: d38426be-d93b-42ed-b6b1-7357c60f7ca9)', 'type': 'authentication_error', 'param': None, 'code': 'invalid_request_error'}}
2026-10-01 08:01:21 [WARNING] [[deepseek] 5/6 策略=完整内容 retry=1] AI 调用失败或解析失败，继续下一次尝试
2026-10-01 08:01:21 [INFO] 🤖 AI 筛选 [[deepseek] 6/6 策略=仅标题（无历史） retry=0]（34 条，8235 字符，temp=0.3）
2026-10-01 08:01:22 [ERROR] AI 调用异常 ([deepseek] 6/6 策略=仅标题（无历史） retry=0): Error code: 401 - {'error': {'message': 'Authentication Fails, Your api key: ****df0d is invalid (request_id: 70402832-09de-4d40-9df0-184049bd5c8f)', 'type': 'authentication_error', 'param': None, 'code': 'invalid_request_error'}}
2026-10-01 08:01:22 [WARNING] [[deepseek] 6/6 策略=仅标题（无历史） retry=0] AI 调用失败或解析失败，继续下一次尝试
2026-10-01 08:01:22 [WARNING] [deepseek] 已达最大尝试次数 6，停止
2026-10-01 08:01:22 [INFO] ⚠️ deepseek 未能产出满意结果，尝试下一个提供商
2026-10-01 08:01:22 [INFO] 🔄 尝试 AI 提供商: zhipu
2026-10-01 08:01:22 [ERROR] 未设置环境变量 ZHIPU_API_KEY，无法使用 zhipu
2026-10-01 08:01:22 [INFO] ⚠️ zhipu 未能产出满意结果，尝试下一个提供商
2026-10-01 08:01:22 [INFO] 🔄 尝试 AI 提供商: kimi
2026-10-01 08:01:22 [ERROR] 未设置环境变量 KIMI_API_KEY，无法使用 kimi
2026-10-01 08:01:22 [INFO] ⚠️ kimi 未能产出满意结果，尝试下一个提供商
2026-10-01 08:01:22 [INFO] 🔄 尝试 AI 提供商: huoshan
2026-10-01 08:01:22 [ERROR] 未设置环境变量 HUOSHAN_API_KEY，无法使用 huoshan
2026-10-01 08:01:22 [INFO] ⚠️ huoshan 未能产出满意结果，尝试下一个提供商
2026-10-01 08:01:22 [ERROR] ❌ 所有提供商均失败，返回空列表
2026-10-01 08:01:22 [INFO] 📦 JSON 已保存: reports/2026-10-01-16.json
2026-10-01 08:01:22 [INFO] ✅ AI 筛选完成，共 0 条交易相关消息
2026-10-01 09:00:57 [INFO] 🚀 开始抓取 2026-10-01 17:00 币圈新闻
2026-10-01 09:00:58 [INFO] 📡 抓取 RSS 新闻源...
2026-10-01 09:00:58 [INFO] 📡 抓取交易所公告 & 链上数据...
2026-10-01 09:00:58 [INFO]   ⏭ Decrypt: 过滤掉 37 条非近期新闻
2026-10-01 09:00:58 [INFO]   ⏭ The Block: 过滤掉 19 条非近期新闻
2026-10-01 09:00:58 [INFO]   ⏭ CoinTelegraph: 过滤掉 29 条非近期新闻
2026-10-01 09:00:58 [INFO]   ⏭ Bloomberg Crypto: 过滤掉 50 条非近期新闻
2026-10-01 09:00:58 [INFO]   ⏭ Reddit r/cryptocurrency: 过滤掉 25 条非近期新闻
2026-10-01 09:00:58 [INFO]   ⏭ 宏观经济: 过滤掉 50 条非近期新闻
2026-10-01 09:00:58 [INFO]   ⏭ Reuters Crypto: 过滤掉 49 条非近期新闻
2026-10-01 09:00:58 [INFO]   ⏭ CNBC Crypto: 过滤掉 49 条非近期新闻
2026-10-01 09:00:58 [INFO]   ⏭ Bitcoin Magazine: 过滤掉 10 条非近期新闻
2026-10-01 09:00:58 [INFO]   ⏭ CoinDesk: 过滤掉 24 条非近期新闻
2026-10-01 09:00:58 [WARNING] 解析失败 Bitget公告: 'NoneType' object is not subscriptable
2026-10-01 09:00:58 [INFO]   ⏭ DL News: 过滤掉 50 条非近期新闻
2026-10-01 09:00:59 [INFO]   ⏭ Blockworks: 过滤掉 50 条非近期新闻
2026-10-01 09:00:59 [INFO]   ⏭ 宏观经济: 过滤掉 50 条非近期新闻
2026-10-01 09:00:59 [INFO]   ⏭ Blockworks: 过滤掉 4 条非近期新闻
2026-10-01 09:00:59 [INFO]   ⏭ Bitcoin Magazine: 过滤掉 50 条非近期新闻
2026-10-01 09:00:59 [INFO]   ⏭ DeFi Llama: 过滤掉 50 条非近期新闻
2026-10-01 09:00:59 [INFO]   ⏭ 吴说区块链: 过滤掉 50 条非近期新闻
2026-10-01 09:00:59 [INFO]   ⏭ The Block: 过滤掉 50 条非近期新闻
2026-10-01 09:00:59 [INFO]   ⏭ 雪球加密: 过滤掉 49 条非近期新闻
2026-10-01 09:00:59 [INFO]   ⏭ Crypto Twitter: 过滤掉 44 条非近期新闻
2026-10-01 09:01:13 [DEBUG] 请求失败 https://rsshub.rssforever.com/panewslab/news: 
2026-10-01 09:01:13 [DEBUG] 请求失败 https://rsshub.rssforever.com/bloomberg/crypto: 
2026-10-01 09:01:13 [DEBUG] 请求失败 https://rsshub.rssforever.com/theblockbeats/newsflash: 
2026-10-01 09:01:14 [INFO]   ⏭ PANews: 过滤掉 50 条非近期新闻
2026-10-01 09:01:14 [INFO]   ⏭ 律动BlockBeats: 过滤掉 50 条非近期新闻
2026-10-01 09:01:14 [INFO]   ✓ CoinDesk: 1 条
2026-10-01 09:01:14 [INFO]   ✓ The Block: 0 条
2026-10-01 09:01:14 [INFO]   ✓ Decrypt: 1 条
2026-10-01 09:01:14 [INFO]   ✓ CoinTelegraph: 1 条
2026-10-01 09:01:14 [INFO]   ✓ Bitcoin Magazine: 0 条
2026-10-01 09:01:14 [INFO]   ✓ Blockworks: 0 条
2026-10-01 09:01:14 [INFO]   ✓ DL News: 0 条
2026-10-01 09:01:14 [INFO]   ✓ 金色财经: 5 条
2026-10-01 09:01:14 [INFO]   ✓ PANews: 0 条
2026-10-01 09:01:14 [INFO]   ✓ 律动BlockBeats: 0 条
2026-10-01 09:01:14 [INFO]   ✓ 吴说区块链: 0 条
2026-10-01 09:01:14 [INFO]   ✓ Bloomberg Crypto: 0 条
2026-10-01 09:01:14 [INFO]   ✓ Reuters Crypto: 1 条
2026-10-01 09:01:14 [INFO]   ✓ CNBC Crypto: 1 条
2026-10-01 09:01:14 [INFO]   ✓ Reddit r/cryptocurrency: 0 条
2026-10-01 09:01:14 [INFO]   ✓ Reddit r/bitcoin: 0 条
2026-10-01 09:01:14 [INFO]   ✓ Crypto Twitter: 6 条
2026-10-01 09:01:14 [INFO]   ✓ 宏观经济: 0 条
2026-10-01 09:01:14 [INFO]   ✓ Binance公告: 20 条
2026-10-01 09:01:14 [INFO]   ✓ OKX公告: 0 条
2026-10-01 09:01:14 [INFO]   ✓ Bitget公告: 0 条
2026-10-01 09:01:14 [INFO]   ✓ Whale Alert: 0 条
2026-10-01 09:01:14 [INFO]   ✓ Fear & Greed Index: 1 条
2026-10-01 09:01:14 [INFO]   ✓ DeFi Llama: 0 条
2026-10-01 09:01:14 [INFO]   ✓ 雪球加密: 1 条
2026-10-01 09:01:14 [INFO] 📊 共抓取 38 条新闻
2026-10-01 09:01:14 [INFO] 📋 原始新闻已保存: reports/2026-10-01-17-raw.json (38 条)
2026-10-01 09:01:14 [INFO] 📋 标题摘要已保存: reports/2026-10-01-17-raw-titles.md
2026-10-01 09:01:14 [INFO] ✅ 抓取完成，共 38 条，已保存到 reports/2026-10-01-17-raw.json
2026-10-01 09:01:15 [INFO] 🤖 开始 AI 筛选 2026-10-01 17:00 币圈消息
2026-10-01 09:01:15 [INFO] 📋 已加载原始新闻: reports/2026-10-01-17-raw.json (38 条)
2026-10-01 09:01:15 [INFO] 📚 已加载历史新闻标题（20233 字符）
2026-10-01 09:01:15 [INFO] 📚 已加载历史筛选标题 0 条、URL 0 个，用于去重
2026-10-01 09:01:15 [INFO] 🔄 尝试 AI 提供商: deepseek
2026-10-01 09:01:15 [INFO] 🤖 使用 AI 提供商: deepseek (模型: deepseek-v4-flash)
2026-10-01 09:01:15 [INFO] 🤖 AI 筛选 [[deepseek] 1/6 策略=仅标题+链接 retry=0]（38 条，8683 字符，temp=0.3）
2026-10-01 09:01:15 [ERROR] AI 调用异常 ([deepseek] 1/6 策略=仅标题+链接 retry=0): Error code: 401 - {'error': {'message': 'Authentication Fails, Your api key: ****df0d is invalid (request_id: c9ce6d20-20cb-4323-9412-bdecafe8f4dd)', 'type': 'authentication_error', 'param': None, 'code': 'invalid_request_error'}}
2026-10-01 09:01:15 [WARNING] [[deepseek] 1/6 策略=仅标题+链接 retry=0] AI 调用失败或解析失败，继续下一次尝试
2026-10-01 09:01:15 [INFO] 🤖 AI 筛选 [[deepseek] 2/6 策略=仅标题+链接 retry=1]（38 条，8683 字符，temp=0.3）
2026-10-01 09:01:16 [ERROR] AI 调用异常 ([deepseek] 2/6 策略=仅标题+链接 retry=1): Error code: 401 - {'error': {'message': 'Authentication Fails, Your api key: ****df0d is invalid (request_id: 2b501a72-140f-44e3-bceb-9f0218d75212)', 'type': 'authentication_error', 'param': None, 'code': 'invalid_request_error'}}
2026-10-01 09:01:16 [WARNING] [[deepseek] 2/6 策略=仅标题+链接 retry=1] AI 调用失败或解析失败，继续下一次尝试
2026-10-01 09:01:16 [INFO] 🤖 AI 筛选 [[deepseek] 3/6 策略=仅标题+链接 retry=2]（38 条，8683 字符，temp=0.3）
2026-10-01 09:01:16 [ERROR] AI 调用异常 ([deepseek] 3/6 策略=仅标题+链接 retry=2): Error code: 401 - {'error': {'message': 'Authentication Fails, Your api key: ****df0d is invalid (request_id: 3c57f2ec-fc41-4c6b-add5-33ed75706f79)', 'type': 'authentication_error', 'param': None, 'code': 'invalid_request_error'}}
2026-10-01 09:01:16 [WARNING] [[deepseek] 3/6 策略=仅标题+链接 retry=2] AI 调用失败或解析失败，继续下一次尝试
2026-10-01 09:01:16 [INFO] 🤖 AI 筛选 [[deepseek] 4/6 策略=完整内容 retry=0]（38 条，12550 字符，temp=0.3）
2026-10-01 09:01:16 [ERROR] AI 调用异常 ([deepseek] 4/6 策略=完整内容 retry=0): Error code: 401 - {'error': {'message': 'Authentication Fails, Your api key: ****df0d is invalid (request_id: c1117d4d-5daa-4758-9319-f0cc5d647ffc)', 'type': 'authentication_error', 'param': None, 'code': 'invalid_request_error'}}
2026-10-01 09:01:16 [WARNING] [[deepseek] 4/6 策略=完整内容 retry=0] AI 调用失败或解析失败，继续下一次尝试
2026-10-01 09:01:16 [INFO] 🤖 AI 筛选 [[deepseek] 5/6 策略=完整内容 retry=1]（38 条，12550 字符，temp=0.3）
2026-10-01 09:01:17 [ERROR] AI 调用异常 ([deepseek] 5/6 策略=完整内容 retry=1): Error code: 401 - {'error': {'message': 'Authentication Fails, Your api key: ****df0d is invalid (request_id: 2f76eac0-52ef-4ec1-be65-6fb43a07aaf3)', 'type': 'authentication_error', 'param': None, 'code': 'invalid_request_error'}}
2026-10-01 09:01:17 [WARNING] [[deepseek] 5/6 策略=完整内容 retry=1] AI 调用失败或解析失败，继续下一次尝试
2026-10-01 09:01:17 [INFO] 🤖 AI 筛选 [[deepseek] 6/6 策略=仅标题（无历史） retry=0]（38 条，8683 字符，temp=0.3）
2026-10-01 09:01:17 [ERROR] AI 调用异常 ([deepseek] 6/6 策略=仅标题（无历史） retry=0): Error code: 401 - {'error': {'message': 'Authentication Fails, Your api key: ****df0d is invalid (request_id: c941e91b-5889-4a42-8e1f-95e02e97df79)', 'type': 'authentication_error', 'param': None, 'code': 'invalid_request_error'}}
2026-10-01 09:01:17 [WARNING] [[deepseek] 6/6 策略=仅标题（无历史） retry=0] AI 调用失败或解析失败，继续下一次尝试
2026-10-01 09:01:17 [WARNING] [deepseek] 已达最大尝试次数 6，停止
2026-10-01 09:01:17 [INFO] ⚠️ deepseek 未能产出满意结果，尝试下一个提供商
2026-10-01 09:01:17 [INFO] 🔄 尝试 AI 提供商: zhipu
2026-10-01 09:01:17 [ERROR] 未设置环境变量 ZHIPU_API_KEY，无法使用 zhipu
2026-10-01 09:01:17 [INFO] ⚠️ zhipu 未能产出满意结果，尝试下一个提供商
2026-10-01 09:01:17 [INFO] 🔄 尝试 AI 提供商: kimi
2026-10-01 09:01:17 [ERROR] 未设置环境变量 KIMI_API_KEY，无法使用 kimi
2026-10-01 09:01:17 [INFO] ⚠️ kimi 未能产出满意结果，尝试下一个提供商
2026-10-01 09:01:17 [INFO] 🔄 尝试 AI 提供商: huoshan
2026-10-01 09:01:17 [ERROR] 未设置环境变量 HUOSHAN_API_KEY，无法使用 huoshan
2026-10-01 09:01:17 [INFO] ⚠️ huoshan 未能产出满意结果，尝试下一个提供商
2026-10-01 09:01:17 [ERROR] ❌ 所有提供商均失败，返回空列表
2026-10-01 09:01:17 [INFO] 📦 JSON 已保存: reports/2026-10-01-17.json
2026-10-01 09:01:17 [INFO] ✅ AI 筛选完成，共 0 条交易相关消息
