2026-07-25 16:00:50 [INFO] 🚀 开始抓取 2026-07-26 00:00 币圈新闻
2026-07-25 16:00:50 [INFO] 📡 抓取 RSS 新闻源...
2026-07-25 16:00:50 [INFO] 📡 抓取交易所公告 & 链上数据...
2026-07-25 16:00:50 [INFO]   ⏭ The Block: 过滤掉 20 条非近期新闻
2026-07-25 16:00:50 [INFO]   ⏭ Decrypt: 过滤掉 34 条非近期新闻
2026-07-25 16:00:51 [INFO]   ⏭ CoinTelegraph: 过滤掉 30 条非近期新闻
2026-07-25 16:00:51 [INFO]   ⏭ Bitcoin Magazine: 过滤掉 10 条非近期新闻
2026-07-25 16:00:51 [INFO]   ⏭ Reuters Crypto: 过滤掉 50 条非近期新闻
2026-07-25 16:00:51 [INFO]   ⏭ Bloomberg Crypto: 过滤掉 50 条非近期新闻
2026-07-25 16:00:51 [WARNING] 解析失败 Bitget公告: 'NoneType' object is not subscriptable
2026-07-25 16:00:51 [INFO]   ⏭ 宏观经济: 过滤掉 50 条非近期新闻
2026-07-25 16:00:51 [INFO]   ⏭ CoinDesk: 过滤掉 24 条非近期新闻
2026-07-25 16:00:51 [INFO]   ⏭ CNBC Crypto: 过滤掉 50 条非近期新闻
2026-07-25 16:00:51 [INFO]   ⏭ Reddit r/cryptocurrency: 过滤掉 21 条非近期新闻
2026-07-25 16:00:51 [INFO]   ⏭ DL News: 过滤掉 50 条非近期新闻
2026-07-25 16:00:51 [INFO]   ⏭ Blockworks: 过滤掉 50 条非近期新闻
2026-07-25 16:00:52 [INFO]   ⏭ 宏观经济: 过滤掉 50 条非近期新闻
2026-07-25 16:00:52 [INFO]   ⏭ Bitcoin Magazine: 过滤掉 50 条非近期新闻
2026-07-25 16:00:52 [INFO]   ⏭ DeFi Llama: 过滤掉 50 条非近期新闻
2026-07-25 16:00:52 [INFO]   ⏭ 吴说区块链: 过滤掉 48 条非近期新闻
2026-07-25 16:00:52 [INFO]   ⏭ 雪球加密: 过滤掉 50 条非近期新闻
2026-07-25 16:00:52 [INFO]   ⏭ The Block: 过滤掉 50 条非近期新闻
2026-07-25 16:00:52 [INFO]   ⏭ Blockworks: 过滤掉 3 条非近期新闻
2026-07-25 16:00:52 [INFO]   ⏭ Crypto Twitter: 过滤掉 48 条非近期新闻
2026-07-25 16:00:55 [INFO]   ⏭ CoinTelegraph: 过滤掉 25 条非近期新闻
2026-07-25 16:00:56 [INFO]   ⏭ CoinTelegraph: 过滤掉 50 条非近期新闻
2026-07-25 16:01:06 [DEBUG] 请求失败 https://rsshub.rssforever.com/jinse/lives: 
2026-07-25 16:01:06 [DEBUG] 请求失败 https://rsshub.rssforever.com/theblockbeats/newsflash: 
2026-07-25 16:01:06 [DEBUG] 请求失败 https://rsshub.rssforever.com/panewslab/news: 
2026-07-25 16:01:07 [INFO]   ⏭ 律动BlockBeats: 过滤掉 50 条非近期新闻
2026-07-25 16:01:07 [INFO]   ⏭ PANews: 过滤掉 50 条非近期新闻
2026-07-25 16:01:07 [INFO]   ✓ CoinDesk: 1 条
2026-07-25 16:01:07 [INFO]   ✓ The Block: 0 条
2026-07-25 16:01:07 [INFO]   ✓ Decrypt: 1 条
2026-07-25 16:01:07 [INFO]   ✓ CoinTelegraph: 0 条
2026-07-25 16:01:07 [INFO]   ✓ Bitcoin Magazine: 0 条
2026-07-25 16:01:07 [INFO]   ✓ Blockworks: 0 条
2026-07-25 16:01:07 [INFO]   ✓ DL News: 0 条
2026-07-25 16:01:07 [INFO]   ✓ 金色财经: 0 条
2026-07-25 16:01:07 [INFO]   ✓ PANews: 0 条
2026-07-25 16:01:07 [INFO]   ✓ 律动BlockBeats: 0 条
2026-07-25 16:01:07 [INFO]   ✓ 吴说区块链: 0 条
2026-07-25 16:01:07 [INFO]   ✓ Bloomberg Crypto: 0 条
2026-07-25 16:01:07 [INFO]   ✓ Reuters Crypto: 0 条
2026-07-25 16:01:07 [INFO]   ✓ CNBC Crypto: 0 条
2026-07-25 16:01:07 [INFO]   ✓ Reddit r/cryptocurrency: 4 条
2026-07-25 16:01:07 [INFO]   ✓ Reddit r/bitcoin: 0 条
2026-07-25 16:01:07 [INFO]   ✓ Crypto Twitter: 2 条
2026-07-25 16:01:07 [INFO]   ✓ 宏观经济: 0 条
2026-07-25 16:01:07 [INFO]   ✓ Binance公告: 20 条
2026-07-25 16:01:07 [INFO]   ✓ OKX公告: 0 条
2026-07-25 16:01:07 [INFO]   ✓ Bitget公告: 0 条
2026-07-25 16:01:07 [INFO]   ✓ Whale Alert: 0 条
2026-07-25 16:01:07 [INFO]   ✓ Fear & Greed Index: 1 条
2026-07-25 16:01:07 [INFO]   ✓ DeFi Llama: 0 条
2026-07-25 16:01:07 [INFO]   ✓ 雪球加密: 0 条
2026-07-25 16:01:07 [INFO] 📊 共抓取 29 条新闻
2026-07-25 16:01:07 [INFO] 📋 原始新闻已保存: reports/2026-07-26-00-raw.json (29 条)
2026-07-25 16:01:07 [INFO] 📋 标题摘要已保存: reports/2026-07-26-00-raw-titles.md
2026-07-25 16:01:07 [INFO] ✅ 抓取完成，共 29 条，已保存到 reports/2026-07-26-00-raw.json
2026-07-25 16:01:07 [INFO] 🤖 开始 AI 筛选 2026-07-26 00:00 币圈消息
2026-07-25 16:01:07 [INFO] 📋 已加载原始新闻: reports/2026-07-26-00-raw.json (29 条)
2026-07-25 16:01:07 [INFO] 📚 已加载历史新闻标题（17144 字符）
2026-07-25 16:01:07 [INFO] 📚 已加载历史筛选标题 0 条、URL 0 个，用于去重
2026-07-25 16:01:07 [INFO] 🔄 尝试 AI 提供商: deepseek
2026-07-25 16:01:07 [INFO] 🤖 使用 AI 提供商: deepseek (模型: deepseek-v4-flash)
2026-07-25 16:01:07 [INFO] 🤖 AI 筛选 [[deepseek] 1/6 策略=仅标题+链接 retry=0]（29 条，5591 字符，temp=0.3）
2026-07-25 16:01:08 [ERROR] AI 调用异常 ([deepseek] 1/6 策略=仅标题+链接 retry=0): Error code: 401 - {'error': {'message': 'Authentication Fails, Your api key: ****df0d is invalid', 'type': 'authentication_error', 'param': None, 'code': 'invalid_request_error'}}
2026-07-25 16:01:08 [WARNING] [[deepseek] 1/6 策略=仅标题+链接 retry=0] AI 调用失败或解析失败，继续下一次尝试
2026-07-25 16:01:08 [INFO] 🤖 AI 筛选 [[deepseek] 2/6 策略=仅标题+链接 retry=1]（29 条，5591 字符，temp=0.3）
2026-07-25 16:01:09 [ERROR] AI 调用异常 ([deepseek] 2/6 策略=仅标题+链接 retry=1): Error code: 401 - {'error': {'message': 'Authentication Fails, Your api key: ****df0d is invalid', 'type': 'authentication_error', 'param': None, 'code': 'invalid_request_error'}}
2026-07-25 16:01:09 [WARNING] [[deepseek] 2/6 策略=仅标题+链接 retry=1] AI 调用失败或解析失败，继续下一次尝试
2026-07-25 16:01:09 [INFO] 🤖 AI 筛选 [[deepseek] 3/6 策略=仅标题+链接 retry=2]（29 条，5591 字符，temp=0.3）
2026-07-25 16:01:09 [ERROR] AI 调用异常 ([deepseek] 3/6 策略=仅标题+链接 retry=2): Error code: 401 - {'error': {'message': 'Authentication Fails, Your api key: ****df0d is invalid', 'type': 'authentication_error', 'param': None, 'code': 'invalid_request_error'}}
2026-07-25 16:01:09 [WARNING] [[deepseek] 3/6 策略=仅标题+链接 retry=2] AI 调用失败或解析失败，继续下一次尝试
2026-07-25 16:01:09 [INFO] 🤖 AI 筛选 [[deepseek] 4/6 策略=完整内容 retry=0]（29 条，8145 字符，temp=0.3）
2026-07-25 16:01:10 [ERROR] AI 调用异常 ([deepseek] 4/6 策略=完整内容 retry=0): Error code: 401 - {'error': {'message': 'Authentication Fails, Your api key: ****df0d is invalid', 'type': 'authentication_error', 'param': None, 'code': 'invalid_request_error'}}
2026-07-25 16:01:10 [WARNING] [[deepseek] 4/6 策略=完整内容 retry=0] AI 调用失败或解析失败，继续下一次尝试
2026-07-25 16:01:10 [INFO] 🤖 AI 筛选 [[deepseek] 5/6 策略=完整内容 retry=1]（29 条，8145 字符，temp=0.3）
2026-07-25 16:01:10 [ERROR] AI 调用异常 ([deepseek] 5/6 策略=完整内容 retry=1): Error code: 401 - {'error': {'message': 'Authentication Fails, Your api key: ****df0d is invalid', 'type': 'authentication_error', 'param': None, 'code': 'invalid_request_error'}}
2026-07-25 16:01:10 [WARNING] [[deepseek] 5/6 策略=完整内容 retry=1] AI 调用失败或解析失败，继续下一次尝试
2026-07-25 16:01:10 [INFO] 🤖 AI 筛选 [[deepseek] 6/6 策略=仅标题（无历史） retry=0]（29 条，5591 字符，temp=0.3）
2026-07-25 16:01:10 [ERROR] AI 调用异常 ([deepseek] 6/6 策略=仅标题（无历史） retry=0): Error code: 401 - {'error': {'message': 'Authentication Fails, Your api key: ****df0d is invalid', 'type': 'authentication_error', 'param': None, 'code': 'invalid_request_error'}}
2026-07-25 16:01:10 [WARNING] [[deepseek] 6/6 策略=仅标题（无历史） retry=0] AI 调用失败或解析失败，继续下一次尝试
2026-07-25 16:01:10 [WARNING] [deepseek] 已达最大尝试次数 6，停止
2026-07-25 16:01:10 [INFO] ⚠️ deepseek 未能产出满意结果，尝试下一个提供商
2026-07-25 16:01:10 [INFO] 🔄 尝试 AI 提供商: zhipu
2026-07-25 16:01:10 [ERROR] 未设置环境变量 ZHIPU_API_KEY，无法使用 zhipu
2026-07-25 16:01:10 [INFO] ⚠️ zhipu 未能产出满意结果，尝试下一个提供商
2026-07-25 16:01:10 [INFO] 🔄 尝试 AI 提供商: kimi
2026-07-25 16:01:10 [ERROR] 未设置环境变量 KIMI_API_KEY，无法使用 kimi
2026-07-25 16:01:10 [INFO] ⚠️ kimi 未能产出满意结果，尝试下一个提供商
2026-07-25 16:01:10 [INFO] 🔄 尝试 AI 提供商: huoshan
2026-07-25 16:01:10 [ERROR] 未设置环境变量 HUOSHAN_API_KEY，无法使用 huoshan
2026-07-25 16:01:10 [INFO] ⚠️ huoshan 未能产出满意结果，尝试下一个提供商
2026-07-25 16:01:10 [ERROR] ❌ 所有提供商均失败，返回空列表
2026-07-25 16:01:10 [INFO] 📦 JSON 已保存: reports/2026-07-26-00.json
2026-07-25 16:01:10 [INFO] ✅ AI 筛选完成，共 0 条交易相关消息
2026-07-25 17:00:52 [INFO] 🚀 开始抓取 2026-07-26 01:00 币圈新闻
2026-07-25 17:00:52 [INFO] 📡 抓取 RSS 新闻源...
2026-07-25 17:00:52 [INFO] 📡 抓取交易所公告 & 链上数据...
2026-07-25 17:00:52 [INFO]   ⏭ CoinTelegraph: 过滤掉 29 条非近期新闻
2026-07-25 17:00:52 [INFO]   ⏭ The Block: 过滤掉 20 条非近期新闻
2026-07-25 17:00:52 [INFO]   ⏭ Decrypt: 过滤掉 35 条非近期新闻
2026-07-25 17:00:52 [INFO]   ⏭ Bloomberg Crypto: 过滤掉 50 条非近期新闻
2026-07-25 17:00:52 [INFO]   ⏭ Reuters Crypto: 过滤掉 50 条非近期新闻
2026-07-25 17:00:52 [WARNING] 解析失败 Bitget公告: 'NoneType' object is not subscriptable
2026-07-25 17:00:52 [INFO]   ⏭ 宏观经济: 过滤掉 50 条非近期新闻
2026-07-25 17:00:53 [INFO]   ⏭ Bitcoin Magazine: 过滤掉 10 条非近期新闻
2026-07-25 17:00:53 [INFO]   ⏭ CoinDesk: 过滤掉 23 条非近期新闻
2026-07-25 17:00:53 [INFO]   ⏭ CNBC Crypto: 过滤掉 50 条非近期新闻
2026-07-25 17:00:53 [INFO]   ⏭ Reddit r/bitcoin: 过滤掉 23 条非近期新闻
2026-07-25 17:00:53 [INFO]   ⏭ Blockworks: 过滤掉 50 条非近期新闻
2026-07-25 17:00:53 [INFO]   ⏭ 宏观经济: 过滤掉 50 条非近期新闻
2026-07-25 17:00:53 [INFO]   ⏭ Decrypt: 过滤掉 50 条非近期新闻
2026-07-25 17:00:53 [INFO]   ⏭ DL News: 过滤掉 50 条非近期新闻
2026-07-25 17:00:53 [INFO]   ⏭ Blockworks: 过滤掉 2 条非近期新闻
2026-07-25 17:00:53 [INFO]   ⏭ Bitcoin Magazine: 过滤掉 50 条非近期新闻
2026-07-25 17:00:53 [INFO]   ⏭ 吴说区块链: 过滤掉 50 条非近期新闻
2026-07-25 17:00:53 [INFO]   ⏭ DeFi Llama: 过滤掉 50 条非近期新闻
2026-07-25 17:00:53 [INFO]   ⏭ The Block: 过滤掉 50 条非近期新闻
2026-07-25 17:00:53 [INFO]   ⏭ 雪球加密: 过滤掉 50 条非近期新闻
2026-07-25 17:00:53 [INFO]   ⏭ Crypto Twitter: 过滤掉 46 条非近期新闻
2026-07-25 17:00:54 [INFO]   ⏭ PANews: 过滤掉 50 条非近期新闻
2026-07-25 17:00:54 [INFO]   ⏭ 律动BlockBeats: 过滤掉 50 条非近期新闻
2026-07-25 17:00:57 [INFO]   ✓ CoinDesk: 2 条
2026-07-25 17:00:57 [INFO]   ✓ The Block: 0 条
2026-07-25 17:00:57 [INFO]   ✓ Decrypt: 0 条
2026-07-25 17:00:57 [INFO]   ✓ CoinTelegraph: 1 条
2026-07-25 17:00:57 [INFO]   ✓ Bitcoin Magazine: 0 条
2026-07-25 17:00:57 [INFO]   ✓ Blockworks: 0 条
2026-07-25 17:00:57 [INFO]   ✓ DL News: 0 条
2026-07-25 17:00:57 [INFO]   ✓ 金色财经: 1 条
2026-07-25 17:00:57 [INFO]   ✓ PANews: 0 条
2026-07-25 17:00:57 [INFO]   ✓ 律动BlockBeats: 0 条
2026-07-25 17:00:57 [INFO]   ✓ 吴说区块链: 0 条
2026-07-25 17:00:57 [INFO]   ✓ Bloomberg Crypto: 0 条
2026-07-25 17:00:57 [INFO]   ✓ Reuters Crypto: 0 条
2026-07-25 17:00:57 [INFO]   ✓ CNBC Crypto: 0 条
2026-07-25 17:00:57 [INFO]   ✓ Reddit r/cryptocurrency: 0 条
2026-07-25 17:00:57 [INFO]   ✓ Reddit r/bitcoin: 2 条
2026-07-25 17:00:57 [INFO]   ✓ Crypto Twitter: 4 条
2026-07-25 17:00:57 [INFO]   ✓ 宏观经济: 0 条
2026-07-25 17:00:57 [INFO]   ✓ Binance公告: 20 条
2026-07-25 17:00:57 [INFO]   ✓ OKX公告: 0 条
2026-07-25 17:00:57 [INFO]   ✓ Bitget公告: 0 条
2026-07-25 17:00:57 [INFO]   ✓ Whale Alert: 0 条
2026-07-25 17:00:57 [INFO]   ✓ Fear & Greed Index: 1 条
2026-07-25 17:00:57 [INFO]   ✓ DeFi Llama: 0 条
2026-07-25 17:00:57 [INFO]   ✓ 雪球加密: 0 条
2026-07-25 17:00:57 [INFO] 📊 共抓取 31 条新闻
2026-07-25 17:00:57 [INFO] 📋 原始新闻已保存: reports/2026-07-26-01-raw.json (31 条)
2026-07-25 17:00:57 [INFO] 📋 标题摘要已保存: reports/2026-07-26-01-raw-titles.md
2026-07-25 17:00:57 [INFO] ✅ 抓取完成，共 31 条，已保存到 reports/2026-07-26-01-raw.json
2026-07-25 17:00:57 [INFO] 🤖 开始 AI 筛选 2026-07-26 01:00 币圈消息
2026-07-25 17:00:57 [INFO] 📋 已加载原始新闻: reports/2026-07-26-01-raw.json (31 条)
2026-07-25 17:00:57 [INFO] 📚 已加载历史新闻标题（17064 字符）
2026-07-25 17:00:57 [INFO] 📚 已加载历史筛选标题 0 条、URL 0 个，用于去重
2026-07-25 17:00:57 [INFO] 🔄 尝试 AI 提供商: deepseek
2026-07-25 17:00:57 [INFO] 🤖 使用 AI 提供商: deepseek (模型: deepseek-v4-flash)
2026-07-25 17:00:57 [INFO] 🤖 AI 筛选 [[deepseek] 1/6 策略=仅标题+链接 retry=0]（31 条，6583 字符，temp=0.3）
2026-07-25 17:00:58 [ERROR] AI 调用异常 ([deepseek] 1/6 策略=仅标题+链接 retry=0): Error code: 401 - {'error': {'message': 'Authentication Fails, Your api key: ****df0d is invalid', 'type': 'authentication_error', 'param': None, 'code': 'invalid_request_error'}}
2026-07-25 17:00:58 [WARNING] [[deepseek] 1/6 策略=仅标题+链接 retry=0] AI 调用失败或解析失败，继续下一次尝试
2026-07-25 17:00:58 [INFO] 🤖 AI 筛选 [[deepseek] 2/6 策略=仅标题+链接 retry=1]（31 条，6583 字符，temp=0.3）
2026-07-25 17:00:59 [ERROR] AI 调用异常 ([deepseek] 2/6 策略=仅标题+链接 retry=1): Error code: 401 - {'error': {'message': 'Authentication Fails, Your api key: ****df0d is invalid', 'type': 'authentication_error', 'param': None, 'code': 'invalid_request_error'}}
2026-07-25 17:00:59 [WARNING] [[deepseek] 2/6 策略=仅标题+链接 retry=1] AI 调用失败或解析失败，继续下一次尝试
2026-07-25 17:00:59 [INFO] 🤖 AI 筛选 [[deepseek] 3/6 策略=仅标题+链接 retry=2]（31 条，6583 字符，temp=0.3）
2026-07-25 17:00:59 [ERROR] AI 调用异常 ([deepseek] 3/6 策略=仅标题+链接 retry=2): Error code: 401 - {'error': {'message': 'Authentication Fails, Your api key: ****df0d is invalid', 'type': 'authentication_error', 'param': None, 'code': 'invalid_request_error'}}
2026-07-25 17:00:59 [WARNING] [[deepseek] 3/6 策略=仅标题+链接 retry=2] AI 调用失败或解析失败，继续下一次尝试
2026-07-25 17:00:59 [INFO] 🤖 AI 筛选 [[deepseek] 4/6 策略=完整内容 retry=0]（31 条，9541 字符，temp=0.3）
2026-07-25 17:01:00 [ERROR] AI 调用异常 ([deepseek] 4/6 策略=完整内容 retry=0): Error code: 401 - {'error': {'message': 'Authentication Fails, Your api key: ****df0d is invalid', 'type': 'authentication_error', 'param': None, 'code': 'invalid_request_error'}}
2026-07-25 17:01:00 [WARNING] [[deepseek] 4/6 策略=完整内容 retry=0] AI 调用失败或解析失败，继续下一次尝试
2026-07-25 17:01:00 [INFO] 🤖 AI 筛选 [[deepseek] 5/6 策略=完整内容 retry=1]（31 条，9541 字符，temp=0.3）
2026-07-25 17:01:00 [ERROR] AI 调用异常 ([deepseek] 5/6 策略=完整内容 retry=1): Error code: 401 - {'error': {'message': 'Authentication Fails, Your api key: ****df0d is invalid', 'type': 'authentication_error', 'param': None, 'code': 'invalid_request_error'}}
2026-07-25 17:01:00 [WARNING] [[deepseek] 5/6 策略=完整内容 retry=1] AI 调用失败或解析失败，继续下一次尝试
2026-07-25 17:01:00 [INFO] 🤖 AI 筛选 [[deepseek] 6/6 策略=仅标题（无历史） retry=0]（31 条，6583 字符，temp=0.3）
2026-07-25 17:01:01 [ERROR] AI 调用异常 ([deepseek] 6/6 策略=仅标题（无历史） retry=0): Error code: 401 - {'error': {'message': 'Authentication Fails, Your api key: ****df0d is invalid', 'type': 'authentication_error', 'param': None, 'code': 'invalid_request_error'}}
2026-07-25 17:01:01 [WARNING] [[deepseek] 6/6 策略=仅标题（无历史） retry=0] AI 调用失败或解析失败，继续下一次尝试
2026-07-25 17:01:01 [WARNING] [deepseek] 已达最大尝试次数 6，停止
2026-07-25 17:01:01 [INFO] ⚠️ deepseek 未能产出满意结果，尝试下一个提供商
2026-07-25 17:01:01 [INFO] 🔄 尝试 AI 提供商: zhipu
2026-07-25 17:01:01 [ERROR] 未设置环境变量 ZHIPU_API_KEY，无法使用 zhipu
2026-07-25 17:01:01 [INFO] ⚠️ zhipu 未能产出满意结果，尝试下一个提供商
2026-07-25 17:01:01 [INFO] 🔄 尝试 AI 提供商: kimi
2026-07-25 17:01:01 [ERROR] 未设置环境变量 KIMI_API_KEY，无法使用 kimi
2026-07-25 17:01:01 [INFO] ⚠️ kimi 未能产出满意结果，尝试下一个提供商
2026-07-25 17:01:01 [INFO] 🔄 尝试 AI 提供商: huoshan
2026-07-25 17:01:01 [ERROR] 未设置环境变量 HUOSHAN_API_KEY，无法使用 huoshan
2026-07-25 17:01:01 [INFO] ⚠️ huoshan 未能产出满意结果，尝试下一个提供商
2026-07-25 17:01:01 [ERROR] ❌ 所有提供商均失败，返回空列表
2026-07-25 17:01:01 [INFO] 📦 JSON 已保存: reports/2026-07-26-01.json
2026-07-25 17:01:01 [INFO] ✅ AI 筛选完成，共 0 条交易相关消息
2026-07-25 18:00:52 [INFO] 🚀 开始抓取 2026-07-26 02:00 币圈新闻
2026-07-25 18:00:52 [INFO] 📡 抓取 RSS 新闻源...
2026-07-25 18:00:52 [INFO] 📡 抓取交易所公告 & 链上数据...
2026-07-25 18:00:52 [INFO]   ⏭ Decrypt: 过滤掉 35 条非近期新闻
2026-07-25 18:00:52 [INFO]   ⏭ The Block: 过滤掉 19 条非近期新闻
2026-07-25 18:00:52 [INFO]   ⏭ CoinTelegraph: 过滤掉 29 条非近期新闻
2026-07-25 18:00:53 [INFO]   ⏭ CoinDesk: 过滤掉 24 条非近期新闻
2026-07-25 18:00:53 [WARNING] 解析失败 Bitget公告: 'NoneType' object is not subscriptable
2026-07-25 18:00:53 [INFO]   ⏭ Bitcoin Magazine: 过滤掉 10 条非近期新闻
2026-07-25 18:00:53 [INFO]   ⏭ Blockworks: 过滤掉 50 条非近期新闻
2026-07-25 18:00:53 [INFO]   ⏭ Reuters Crypto: 过滤掉 50 条非近期新闻
2026-07-25 18:00:53 [INFO]   ⏭ 宏观经济: 过滤掉 50 条非近期新闻
2026-07-25 18:00:53 [INFO]   ⏭ CNBC Crypto: 过滤掉 50 条非近期新闻
2026-07-25 18:00:53 [INFO]   ⏭ Bloomberg Crypto: 过滤掉 50 条非近期新闻
2026-07-25 18:00:53 [INFO]   ⏭ Reddit r/bitcoin: 过滤掉 23 条非近期新闻
2026-07-25 18:00:53 [INFO]   ⏭ Decrypt: 过滤掉 50 条非近期新闻
2026-07-25 18:00:53 [INFO]   ⏭ DL News: 过滤掉 50 条非近期新闻
2026-07-25 18:00:53 [INFO]   ⏭ Blockworks: 过滤掉 2 条非近期新闻
2026-07-25 18:00:53 [INFO]   ⏭ 宏观经济: 过滤掉 50 条非近期新闻
2026-07-25 18:00:53 [INFO]   ⏭ Bitcoin Magazine: 过滤掉 50 条非近期新闻
2026-07-25 18:00:54 [INFO]   ⏭ 金色财经: 过滤掉 15 条非近期新闻
2026-07-25 18:00:54 [INFO]   ⏭ DeFi Llama: 过滤掉 50 条非近期新闻
2026-07-25 18:00:54 [INFO]   ⏭ 吴说区块链: 过滤掉 46 条非近期新闻
2026-07-25 18:00:54 [INFO]   ⏭ 雪球加密: 过滤掉 50 条非近期新闻
2026-07-25 18:00:54 [INFO]   ⏭ Crypto Twitter: 过滤掉 47 条非近期新闻
2026-07-25 18:01:08 [DEBUG] 请求失败 https://rsshub.rssforever.com/theblockbeats/newsflash: 
2026-07-25 18:01:08 [DEBUG] 请求失败 https://rsshub.rssforever.com/panewslab/news: 
2026-07-25 18:01:08 [DEBUG] 请求失败 https://rsshub.rssforever.com/bloomberg/crypto: 
2026-07-25 18:01:08 [INFO]   ⏭ PANews: 过滤掉 50 条非近期新闻
2026-07-25 18:01:08 [INFO]   ⏭ 律动BlockBeats: 过滤掉 50 条非近期新闻
2026-07-25 18:01:08 [INFO]   ✓ CoinDesk: 1 条
2026-07-25 18:01:08 [INFO]   ✓ The Block: 1 条
2026-07-25 18:01:08 [INFO]   ✓ Decrypt: 0 条
2026-07-25 18:01:08 [INFO]   ✓ CoinTelegraph: 1 条
2026-07-25 18:01:08 [INFO]   ✓ Bitcoin Magazine: 0 条
2026-07-25 18:01:08 [INFO]   ✓ Blockworks: 0 条
2026-07-25 18:01:08 [INFO]   ✓ DL News: 0 条
2026-07-25 18:01:08 [INFO]   ✓ 金色财经: 5 条
2026-07-25 18:01:08 [INFO]   ✓ PANews: 0 条
2026-07-25 18:01:08 [INFO]   ✓ 律动BlockBeats: 0 条
2026-07-25 18:01:08 [INFO]   ✓ 吴说区块链: 0 条
2026-07-25 18:01:08 [INFO]   ✓ Bloomberg Crypto: 0 条
2026-07-25 18:01:08 [INFO]   ✓ Reuters Crypto: 0 条
2026-07-25 18:01:08 [INFO]   ✓ CNBC Crypto: 0 条
2026-07-25 18:01:08 [INFO]   ✓ Reddit r/cryptocurrency: 0 条
2026-07-25 18:01:08 [INFO]   ✓ Reddit r/bitcoin: 2 条
2026-07-25 18:01:08 [INFO]   ✓ Crypto Twitter: 3 条
2026-07-25 18:01:08 [INFO]   ✓ 宏观经济: 0 条
2026-07-25 18:01:08 [INFO]   ✓ Binance公告: 20 条
2026-07-25 18:01:08 [INFO]   ✓ OKX公告: 0 条
2026-07-25 18:01:08 [INFO]   ✓ Bitget公告: 0 条
2026-07-25 18:01:08 [INFO]   ✓ Whale Alert: 0 条
2026-07-25 18:01:08 [INFO]   ✓ Fear & Greed Index: 1 条
2026-07-25 18:01:08 [INFO]   ✓ DeFi Llama: 0 条
2026-07-25 18:01:08 [INFO]   ✓ 雪球加密: 0 条
2026-07-25 18:01:08 [INFO] 📊 共抓取 34 条新闻
2026-07-25 18:01:08 [INFO] 📋 原始新闻已保存: reports/2026-07-26-02-raw.json (34 条)
2026-07-25 18:01:08 [INFO] 📋 标题摘要已保存: reports/2026-07-26-02-raw-titles.md
2026-07-25 18:01:08 [INFO] ✅ 抓取完成，共 34 条，已保存到 reports/2026-07-26-02-raw.json
2026-07-25 18:01:09 [INFO] 🤖 开始 AI 筛选 2026-07-26 02:00 币圈消息
2026-07-25 18:01:09 [INFO] 📋 已加载原始新闻: reports/2026-07-26-02-raw.json (34 条)
2026-07-25 18:01:09 [INFO] 📚 已加载历史新闻标题（16901 字符）
2026-07-25 18:01:09 [INFO] 📚 已加载历史筛选标题 0 条、URL 0 个，用于去重
2026-07-25 18:01:09 [INFO] 🔄 尝试 AI 提供商: deepseek
2026-07-25 18:01:09 [INFO] 🤖 使用 AI 提供商: deepseek (模型: deepseek-v4-flash)
2026-07-25 18:01:09 [INFO] 🤖 AI 筛选 [[deepseek] 1/6 策略=仅标题+链接 retry=0]（34 条，6358 字符，temp=0.3）
2026-07-25 18:01:10 [ERROR] AI 调用异常 ([deepseek] 1/6 策略=仅标题+链接 retry=0): Error code: 401 - {'error': {'message': 'Authentication Fails, Your api key: ****df0d is invalid', 'type': 'authentication_error', 'param': None, 'code': 'invalid_request_error'}}
2026-07-25 18:01:10 [WARNING] [[deepseek] 1/6 策略=仅标题+链接 retry=0] AI 调用失败或解析失败，继续下一次尝试
2026-07-25 18:01:10 [INFO] 🤖 AI 筛选 [[deepseek] 2/6 策略=仅标题+链接 retry=1]（34 条，6358 字符，temp=0.3）
2026-07-25 18:01:11 [ERROR] AI 调用异常 ([deepseek] 2/6 策略=仅标题+链接 retry=1): Error code: 401 - {'error': {'message': 'Authentication Fails, Your api key: ****df0d is invalid', 'type': 'authentication_error', 'param': None, 'code': 'invalid_request_error'}}
2026-07-25 18:01:11 [WARNING] [[deepseek] 2/6 策略=仅标题+链接 retry=1] AI 调用失败或解析失败，继续下一次尝试
2026-07-25 18:01:11 [INFO] 🤖 AI 筛选 [[deepseek] 3/6 策略=仅标题+链接 retry=2]（34 条，6358 字符，temp=0.3）
2026-07-25 18:01:11 [ERROR] AI 调用异常 ([deepseek] 3/6 策略=仅标题+链接 retry=2): Error code: 401 - {'error': {'message': 'Authentication Fails, Your api key: ****df0d is invalid', 'type': 'authentication_error', 'param': None, 'code': 'invalid_request_error'}}
2026-07-25 18:01:11 [WARNING] [[deepseek] 3/6 策略=仅标题+链接 retry=2] AI 调用失败或解析失败，继续下一次尝试
2026-07-25 18:01:11 [INFO] 🤖 AI 筛选 [[deepseek] 4/6 策略=完整内容 retry=0]（34 条，10025 字符，temp=0.3）
2026-07-25 18:01:11 [ERROR] AI 调用异常 ([deepseek] 4/6 策略=完整内容 retry=0): Error code: 401 - {'error': {'message': 'Authentication Fails, Your api key: ****df0d is invalid', 'type': 'authentication_error', 'param': None, 'code': 'invalid_request_error'}}
2026-07-25 18:01:11 [WARNING] [[deepseek] 4/6 策略=完整内容 retry=0] AI 调用失败或解析失败，继续下一次尝试
2026-07-25 18:01:11 [INFO] 🤖 AI 筛选 [[deepseek] 5/6 策略=完整内容 retry=1]（34 条，10025 字符，temp=0.3）
2026-07-25 18:01:12 [ERROR] AI 调用异常 ([deepseek] 5/6 策略=完整内容 retry=1): Error code: 401 - {'error': {'message': 'Authentication Fails, Your api key: ****df0d is invalid', 'type': 'authentication_error', 'param': None, 'code': 'invalid_request_error'}}
2026-07-25 18:01:12 [WARNING] [[deepseek] 5/6 策略=完整内容 retry=1] AI 调用失败或解析失败，继续下一次尝试
2026-07-25 18:01:12 [INFO] 🤖 AI 筛选 [[deepseek] 6/6 策略=仅标题（无历史） retry=0]（34 条，6358 字符，temp=0.3）
2026-07-25 18:01:12 [ERROR] AI 调用异常 ([deepseek] 6/6 策略=仅标题（无历史） retry=0): Error code: 401 - {'error': {'message': 'Authentication Fails, Your api key: ****df0d is invalid', 'type': 'authentication_error', 'param': None, 'code': 'invalid_request_error'}}
2026-07-25 18:01:12 [WARNING] [[deepseek] 6/6 策略=仅标题（无历史） retry=0] AI 调用失败或解析失败，继续下一次尝试
2026-07-25 18:01:12 [WARNING] [deepseek] 已达最大尝试次数 6，停止
2026-07-25 18:01:12 [INFO] ⚠️ deepseek 未能产出满意结果，尝试下一个提供商
2026-07-25 18:01:12 [INFO] 🔄 尝试 AI 提供商: zhipu
2026-07-25 18:01:12 [ERROR] 未设置环境变量 ZHIPU_API_KEY，无法使用 zhipu
2026-07-25 18:01:12 [INFO] ⚠️ zhipu 未能产出满意结果，尝试下一个提供商
2026-07-25 18:01:12 [INFO] 🔄 尝试 AI 提供商: kimi
2026-07-25 18:01:12 [ERROR] 未设置环境变量 KIMI_API_KEY，无法使用 kimi
2026-07-25 18:01:12 [INFO] ⚠️ kimi 未能产出满意结果，尝试下一个提供商
2026-07-25 18:01:12 [INFO] 🔄 尝试 AI 提供商: huoshan
2026-07-25 18:01:12 [ERROR] 未设置环境变量 HUOSHAN_API_KEY，无法使用 huoshan
2026-07-25 18:01:12 [INFO] ⚠️ huoshan 未能产出满意结果，尝试下一个提供商
2026-07-25 18:01:12 [ERROR] ❌ 所有提供商均失败，返回空列表
2026-07-25 18:01:12 [INFO] 📦 JSON 已保存: reports/2026-07-26-02.json
2026-07-25 18:01:12 [INFO] ✅ AI 筛选完成，共 0 条交易相关消息
2026-07-25 19:00:53 [INFO] 🚀 开始抓取 2026-07-26 03:00 币圈新闻
2026-07-25 19:00:53 [INFO] 📡 抓取 RSS 新闻源...
2026-07-25 19:00:53 [INFO] 📡 抓取交易所公告 & 链上数据...
2026-07-25 19:00:53 [INFO]   ⏭ CoinTelegraph: 过滤掉 29 条非近期新闻
2026-07-25 19:00:53 [INFO]   ⏭ Decrypt: 过滤掉 35 条非近期新闻
2026-07-25 19:00:53 [INFO]   ⏭ The Block: 过滤掉 19 条非近期新闻
2026-07-25 19:00:54 [WARNING] 解析失败 Bitget公告: 'NoneType' object is not subscriptable
2026-07-25 19:00:54 [INFO]   ⏭ Bitcoin Magazine: 过滤掉 10 条非近期新闻
2026-07-25 19:00:54 [INFO]   ⏭ Bloomberg Crypto: 过滤掉 50 条非近期新闻
2026-07-25 19:00:54 [INFO]   ⏭ CoinDesk: 过滤掉 25 条非近期新闻
2026-07-25 19:00:54 [INFO]   ⏭ Reuters Crypto: 过滤掉 50 条非近期新闻
2026-07-25 19:00:54 [INFO]   ⏭ 宏观经济: 过滤掉 50 条非近期新闻
2026-07-25 19:00:54 [INFO]   ⏭ CNBC Crypto: 过滤掉 50 条非近期新闻
2026-07-25 19:00:54 [INFO]   ⏭ Reddit r/bitcoin: 过滤掉 23 条非近期新闻
2026-07-25 19:00:54 [INFO]   ⏭ Blockworks: 过滤掉 50 条非近期新闻
2026-07-25 19:00:54 [INFO]   ⏭ Decrypt: 过滤掉 50 条非近期新闻
2026-07-25 19:00:54 [INFO]   ⏭ 宏观经济: 过滤掉 50 条非近期新闻
2026-07-25 19:00:54 [INFO]   ⏭ DL News: 过滤掉 50 条非近期新闻
2026-07-25 19:00:54 [INFO]   ⏭ Bitcoin Magazine: 过滤掉 50 条非近期新闻
2026-07-25 19:00:54 [INFO]   ⏭ 吴说区块链: 过滤掉 50 条非近期新闻
2026-07-25 19:00:54 [INFO]   ⏭ DeFi Llama: 过滤掉 50 条非近期新闻
2026-07-25 19:00:54 [INFO]   ⏭ Blockworks: 过滤掉 2 条非近期新闻
2026-07-25 19:00:55 [INFO]   ⏭ 雪球加密: 过滤掉 50 条非近期新闻
2026-07-25 19:00:55 [INFO]   ⏭ Crypto Twitter: 过滤掉 49 条非近期新闻
2026-07-25 19:00:55 [INFO]   ⏭ CoinDesk: 过滤掉 50 条非近期新闻
2026-07-25 19:00:55 [INFO]   ⏭ PANews: 过滤掉 50 条非近期新闻
2026-07-25 19:00:55 [INFO]   ⏭ 律动BlockBeats: 过滤掉 50 条非近期新闻
2026-07-25 19:00:56 [INFO]   ⏭ 金色财经: 过滤掉 16 条非近期新闻
2026-07-25 19:00:56 [INFO]   ✓ CoinDesk: 0 条
2026-07-25 19:00:56 [INFO]   ✓ The Block: 1 条
2026-07-25 19:00:56 [INFO]   ✓ Decrypt: 0 条
2026-07-25 19:00:56 [INFO]   ✓ CoinTelegraph: 1 条
2026-07-25 19:00:56 [INFO]   ✓ Bitcoin Magazine: 0 条
2026-07-25 19:00:56 [INFO]   ✓ Blockworks: 0 条
2026-07-25 19:00:56 [INFO]   ✓ DL News: 0 条
2026-07-25 19:00:56 [INFO]   ✓ 金色财经: 4 条
2026-07-25 19:00:56 [INFO]   ✓ PANews: 0 条
2026-07-25 19:00:56 [INFO]   ✓ 律动BlockBeats: 0 条
2026-07-25 19:00:56 [INFO]   ✓ 吴说区块链: 0 条
2026-07-25 19:00:56 [INFO]   ✓ Bloomberg Crypto: 0 条
2026-07-25 19:00:56 [INFO]   ✓ Reuters Crypto: 0 条
2026-07-25 19:00:56 [INFO]   ✓ CNBC Crypto: 0 条
2026-07-25 19:00:56 [INFO]   ✓ Reddit r/cryptocurrency: 0 条
2026-07-25 19:00:56 [INFO]   ✓ Reddit r/bitcoin: 2 条
2026-07-25 19:00:56 [INFO]   ✓ Crypto Twitter: 1 条
2026-07-25 19:00:56 [INFO]   ✓ 宏观经济: 0 条
2026-07-25 19:00:56 [INFO]   ✓ Binance公告: 20 条
2026-07-25 19:00:56 [INFO]   ✓ OKX公告: 0 条
2026-07-25 19:00:56 [INFO]   ✓ Bitget公告: 0 条
2026-07-25 19:00:56 [INFO]   ✓ Whale Alert: 0 条
2026-07-25 19:00:56 [INFO]   ✓ Fear & Greed Index: 1 条
2026-07-25 19:00:56 [INFO]   ✓ DeFi Llama: 0 条
2026-07-25 19:00:56 [INFO]   ✓ 雪球加密: 0 条
2026-07-25 19:00:56 [INFO] 📊 共抓取 30 条新闻
2026-07-25 19:00:56 [INFO] 📋 原始新闻已保存: reports/2026-07-26-03-raw.json (30 条)
2026-07-25 19:00:56 [INFO] 📋 标题摘要已保存: reports/2026-07-26-03-raw-titles.md
2026-07-25 19:00:56 [INFO] ✅ 抓取完成，共 30 条，已保存到 reports/2026-07-26-03-raw.json
2026-07-25 19:00:56 [INFO] 🤖 开始 AI 筛选 2026-07-26 03:00 币圈消息
2026-07-25 19:00:56 [INFO] 📋 已加载原始新闻: reports/2026-07-26-03-raw.json (30 条)
2026-07-25 19:00:56 [INFO] 📚 已加载历史新闻标题（16669 字符）
2026-07-25 19:00:56 [INFO] 📚 已加载历史筛选标题 0 条、URL 0 个，用于去重
2026-07-25 19:00:56 [INFO] 🔄 尝试 AI 提供商: deepseek
2026-07-25 19:00:56 [INFO] 🤖 使用 AI 提供商: deepseek (模型: deepseek-v4-flash)
2026-07-25 19:00:56 [INFO] 🤖 AI 筛选 [[deepseek] 1/6 策略=仅标题+链接 retry=0]（30 条，5300 字符，temp=0.3）
2026-07-25 19:00:57 [ERROR] AI 调用异常 ([deepseek] 1/6 策略=仅标题+链接 retry=0): Error code: 401 - {'error': {'message': 'Authentication Fails, Your api key: ****df0d is invalid', 'type': 'authentication_error', 'param': None, 'code': 'invalid_request_error'}}
2026-07-25 19:00:57 [WARNING] [[deepseek] 1/6 策略=仅标题+链接 retry=0] AI 调用失败或解析失败，继续下一次尝试
2026-07-25 19:00:57 [INFO] 🤖 AI 筛选 [[deepseek] 2/6 策略=仅标题+链接 retry=1]（30 条，5300 字符，temp=0.3）
2026-07-25 19:00:57 [ERROR] AI 调用异常 ([deepseek] 2/6 策略=仅标题+链接 retry=1): Error code: 401 - {'error': {'message': 'Authentication Fails, Your api key: ****df0d is invalid', 'type': 'authentication_error', 'param': None, 'code': 'invalid_request_error'}}
2026-07-25 19:00:57 [WARNING] [[deepseek] 2/6 策略=仅标题+链接 retry=1] AI 调用失败或解析失败，继续下一次尝试
2026-07-25 19:00:57 [INFO] 🤖 AI 筛选 [[deepseek] 3/6 策略=仅标题+链接 retry=2]（30 条，5300 字符，temp=0.3）
2026-07-25 19:00:58 [ERROR] AI 调用异常 ([deepseek] 3/6 策略=仅标题+链接 retry=2): Error code: 401 - {'error': {'message': 'Authentication Fails, Your api key: ****df0d is invalid', 'type': 'authentication_error', 'param': None, 'code': 'invalid_request_error'}}
2026-07-25 19:00:58 [WARNING] [[deepseek] 3/6 策略=仅标题+链接 retry=2] AI 调用失败或解析失败，继续下一次尝试
2026-07-25 19:00:58 [INFO] 🤖 AI 筛选 [[deepseek] 4/6 策略=完整内容 retry=0]（30 条，8806 字符，temp=0.3）
2026-07-25 19:00:58 [ERROR] AI 调用异常 ([deepseek] 4/6 策略=完整内容 retry=0): Error code: 401 - {'error': {'message': 'Authentication Fails, Your api key: ****df0d is invalid', 'type': 'authentication_error', 'param': None, 'code': 'invalid_request_error'}}
2026-07-25 19:00:58 [WARNING] [[deepseek] 4/6 策略=完整内容 retry=0] AI 调用失败或解析失败，继续下一次尝试
2026-07-25 19:00:58 [INFO] 🤖 AI 筛选 [[deepseek] 5/6 策略=完整内容 retry=1]（30 条，8806 字符，temp=0.3）
2026-07-25 19:00:59 [ERROR] AI 调用异常 ([deepseek] 5/6 策略=完整内容 retry=1): Error code: 401 - {'error': {'message': 'Authentication Fails, Your api key: ****df0d is invalid', 'type': 'authentication_error', 'param': None, 'code': 'invalid_request_error'}}
2026-07-25 19:00:59 [WARNING] [[deepseek] 5/6 策略=完整内容 retry=1] AI 调用失败或解析失败，继续下一次尝试
2026-07-25 19:00:59 [INFO] 🤖 AI 筛选 [[deepseek] 6/6 策略=仅标题（无历史） retry=0]（30 条，5300 字符，temp=0.3）
2026-07-25 19:00:59 [ERROR] AI 调用异常 ([deepseek] 6/6 策略=仅标题（无历史） retry=0): Error code: 401 - {'error': {'message': 'Authentication Fails, Your api key: ****df0d is invalid', 'type': 'authentication_error', 'param': None, 'code': 'invalid_request_error'}}
2026-07-25 19:00:59 [WARNING] [[deepseek] 6/6 策略=仅标题（无历史） retry=0] AI 调用失败或解析失败，继续下一次尝试
2026-07-25 19:00:59 [WARNING] [deepseek] 已达最大尝试次数 6，停止
2026-07-25 19:00:59 [INFO] ⚠️ deepseek 未能产出满意结果，尝试下一个提供商
2026-07-25 19:00:59 [INFO] 🔄 尝试 AI 提供商: zhipu
2026-07-25 19:00:59 [ERROR] 未设置环境变量 ZHIPU_API_KEY，无法使用 zhipu
2026-07-25 19:00:59 [INFO] ⚠️ zhipu 未能产出满意结果，尝试下一个提供商
2026-07-25 19:00:59 [INFO] 🔄 尝试 AI 提供商: kimi
2026-07-25 19:00:59 [ERROR] 未设置环境变量 KIMI_API_KEY，无法使用 kimi
2026-07-25 19:00:59 [INFO] ⚠️ kimi 未能产出满意结果，尝试下一个提供商
2026-07-25 19:00:59 [INFO] 🔄 尝试 AI 提供商: huoshan
2026-07-25 19:00:59 [ERROR] 未设置环境变量 HUOSHAN_API_KEY，无法使用 huoshan
2026-07-25 19:00:59 [INFO] ⚠️ huoshan 未能产出满意结果，尝试下一个提供商
2026-07-25 19:00:59 [ERROR] ❌ 所有提供商均失败，返回空列表
2026-07-25 19:00:59 [INFO] 📦 JSON 已保存: reports/2026-07-26-03.json
2026-07-25 19:00:59 [INFO] ✅ AI 筛选完成，共 0 条交易相关消息
2026-07-25 20:00:54 [INFO] 🚀 开始抓取 2026-07-26 04:00 币圈新闻
2026-07-25 20:00:54 [INFO] 📡 抓取 RSS 新闻源...
2026-07-25 20:00:54 [INFO] 📡 抓取交易所公告 & 链上数据...
2026-07-25 20:00:55 [INFO]   ⏭ CoinTelegraph: 过滤掉 29 条非近期新闻
2026-07-25 20:00:55 [INFO]   ⏭ The Block: 过滤掉 20 条非近期新闻
2026-07-25 20:00:55 [INFO]   ⏭ Decrypt: 过滤掉 35 条非近期新闻
2026-07-25 20:00:55 [INFO]   ⏭ Bitcoin Magazine: 过滤掉 10 条非近期新闻
2026-07-25 20:00:55 [INFO]   ⏭ 金色财经: 过滤掉 6 条非近期新闻
2026-07-25 20:00:55 [INFO]   ⏭ Reuters Crypto: 过滤掉 50 条非近期新闻
2026-07-25 20:00:55 [INFO]   ⏭ Bloomberg Crypto: 过滤掉 50 条非近期新闻
2026-07-25 20:00:55 [INFO]   ⏭ CoinDesk: 过滤掉 25 条非近期新闻
2026-07-25 20:00:55 [INFO]   ⏭ 宏观经济: 过滤掉 50 条非近期新闻
2026-07-25 20:00:55 [INFO]   ⏭ Blockworks: 过滤掉 50 条非近期新闻
2026-07-25 20:00:55 [INFO]   ⏭ CNBC Crypto: 过滤掉 50 条非近期新闻
2026-07-25 20:00:55 [WARNING] 解析失败 Bitget公告: 'NoneType' object is not subscriptable
2026-07-25 20:00:55 [INFO]   ⏭ Bitcoin Magazine: 过滤掉 50 条非近期新闻
2026-07-25 20:00:55 [INFO]   ⏭ DeFi Llama: 过滤掉 50 条非近期新闻
2026-07-25 20:00:55 [INFO]   ⏭ Decrypt: 过滤掉 50 条非近期新闻
2026-07-25 20:00:55 [INFO]   ⏭ Reddit r/cryptocurrency: 过滤掉 18 条非近期新闻
2026-07-25 20:00:56 [INFO]   ⏭ DL News: 过滤掉 50 条非近期新闻
2026-07-25 20:00:56 [INFO]   ⏭ 宏观经济: 过滤掉 50 条非近期新闻
2026-07-25 20:00:56 [INFO]   ⏭ 雪球加密: 过滤掉 50 条非近期新闻
2026-07-25 20:00:56 [INFO]   ⏭ The Block: 过滤掉 50 条非近期新闻
2026-07-25 20:00:56 [INFO]   ⏭ Blockworks: 过滤掉 3 条非近期新闻
2026-07-25 20:00:56 [INFO]   ⏭ 吴说区块链: 过滤掉 50 条非近期新闻
2026-07-25 20:00:56 [INFO]   ⏭ PANews: 过滤掉 50 条非近期新闻
2026-07-25 20:00:56 [INFO]   ⏭ CoinDesk: 过滤掉 50 条非近期新闻
2026-07-25 20:00:56 [INFO]   ⏭ Crypto Twitter: 过滤掉 50 条非近期新闻
2026-07-25 20:00:56 [INFO]   ⏭ 律动BlockBeats: 过滤掉 20 条非近期新闻
2026-07-25 20:00:57 [INFO]   ⏭ 律动BlockBeats: 过滤掉 50 条非近期新闻
2026-07-25 20:00:57 [INFO]   ✓ CoinDesk: 0 条
2026-07-25 20:00:57 [INFO]   ✓ The Block: 0 条
2026-07-25 20:00:57 [INFO]   ✓ Decrypt: 0 条
2026-07-25 20:00:57 [INFO]   ✓ CoinTelegraph: 1 条
2026-07-25 20:00:57 [INFO]   ✓ Bitcoin Magazine: 0 条
2026-07-25 20:00:57 [INFO]   ✓ Blockworks: 0 条
2026-07-25 20:00:57 [INFO]   ✓ DL News: 0 条
2026-07-25 20:00:57 [INFO]   ✓ 金色财经: 3 条
2026-07-25 20:00:57 [INFO]   ✓ PANews: 0 条
2026-07-25 20:00:57 [INFO]   ✓ 律动BlockBeats: 0 条
2026-07-25 20:00:57 [INFO]   ✓ 吴说区块链: 0 条
2026-07-25 20:00:57 [INFO]   ✓ Bloomberg Crypto: 0 条
2026-07-25 20:00:57 [INFO]   ✓ Reuters Crypto: 0 条
2026-07-25 20:00:57 [INFO]   ✓ CNBC Crypto: 0 条
2026-07-25 20:00:57 [INFO]   ✓ Reddit r/cryptocurrency: 7 条
2026-07-25 20:00:57 [INFO]   ✓ Reddit r/bitcoin: 0 条
2026-07-25 20:00:57 [INFO]   ✓ Crypto Twitter: 0 条
2026-07-25 20:00:57 [INFO]   ✓ 宏观经济: 0 条
2026-07-25 20:00:57 [INFO]   ✓ Binance公告: 20 条
2026-07-25 20:00:57 [INFO]   ✓ OKX公告: 0 条
2026-07-25 20:00:57 [INFO]   ✓ Bitget公告: 0 条
2026-07-25 20:00:57 [INFO]   ✓ Whale Alert: 0 条
2026-07-25 20:00:57 [INFO]   ✓ Fear & Greed Index: 1 条
2026-07-25 20:00:57 [INFO]   ✓ DeFi Llama: 0 条
2026-07-25 20:00:57 [INFO]   ✓ 雪球加密: 0 条
2026-07-25 20:00:57 [INFO] 📊 共抓取 32 条新闻
2026-07-25 20:00:57 [INFO] 📋 原始新闻已保存: reports/2026-07-26-04-raw.json (32 条)
2026-07-25 20:00:57 [INFO] 📋 标题摘要已保存: reports/2026-07-26-04-raw-titles.md
2026-07-25 20:00:57 [INFO] ✅ 抓取完成，共 32 条，已保存到 reports/2026-07-26-04-raw.json
2026-07-25 20:00:57 [INFO] 🤖 开始 AI 筛选 2026-07-26 04:00 币圈消息
2026-07-25 20:00:57 [INFO] 📋 已加载原始新闻: reports/2026-07-26-04-raw.json (32 条)
2026-07-25 20:00:57 [INFO] 📚 已加载历史新闻标题（15890 字符）
2026-07-25 20:00:57 [INFO] 📚 已加载历史筛选标题 0 条、URL 0 个，用于去重
2026-07-25 20:00:57 [INFO] 🔄 尝试 AI 提供商: deepseek
2026-07-25 20:00:57 [INFO] 🤖 使用 AI 提供商: deepseek (模型: deepseek-v4-flash)
2026-07-25 20:00:57 [INFO] 🤖 AI 筛选 [[deepseek] 1/6 策略=仅标题+链接 retry=0]（32 条，5681 字符，temp=0.3）
2026-07-25 20:00:58 [ERROR] AI 调用异常 ([deepseek] 1/6 策略=仅标题+链接 retry=0): Error code: 401 - {'error': {'message': 'Authentication Fails, Your api key: ****df0d is invalid', 'type': 'authentication_error', 'param': None, 'code': 'invalid_request_error'}}
2026-07-25 20:00:58 [WARNING] [[deepseek] 1/6 策略=仅标题+链接 retry=0] AI 调用失败或解析失败，继续下一次尝试
2026-07-25 20:00:58 [INFO] 🤖 AI 筛选 [[deepseek] 2/6 策略=仅标题+链接 retry=1]（32 条，5681 字符，temp=0.3）
2026-07-25 20:00:59 [ERROR] AI 调用异常 ([deepseek] 2/6 策略=仅标题+链接 retry=1): Error code: 401 - {'error': {'message': 'Authentication Fails, Your api key: ****df0d is invalid', 'type': 'authentication_error', 'param': None, 'code': 'invalid_request_error'}}
2026-07-25 20:00:59 [WARNING] [[deepseek] 2/6 策略=仅标题+链接 retry=1] AI 调用失败或解析失败，继续下一次尝试
2026-07-25 20:00:59 [INFO] 🤖 AI 筛选 [[deepseek] 3/6 策略=仅标题+链接 retry=2]（32 条，5681 字符，temp=0.3）
2026-07-25 20:00:59 [ERROR] AI 调用异常 ([deepseek] 3/6 策略=仅标题+链接 retry=2): Error code: 401 - {'error': {'message': 'Authentication Fails, Your api key: ****df0d is invalid', 'type': 'authentication_error', 'param': None, 'code': 'invalid_request_error'}}
2026-07-25 20:00:59 [WARNING] [[deepseek] 3/6 策略=仅标题+链接 retry=2] AI 调用失败或解析失败，继续下一次尝试
2026-07-25 20:00:59 [INFO] 🤖 AI 筛选 [[deepseek] 4/6 策略=完整内容 retry=0]（32 条，9376 字符，temp=0.3）
2026-07-25 20:01:00 [ERROR] AI 调用异常 ([deepseek] 4/6 策略=完整内容 retry=0): Error code: 401 - {'error': {'message': 'Authentication Fails, Your api key: ****df0d is invalid', 'type': 'authentication_error', 'param': None, 'code': 'invalid_request_error'}}
2026-07-25 20:01:00 [WARNING] [[deepseek] 4/6 策略=完整内容 retry=0] AI 调用失败或解析失败，继续下一次尝试
2026-07-25 20:01:00 [INFO] 🤖 AI 筛选 [[deepseek] 5/6 策略=完整内容 retry=1]（32 条，9376 字符，temp=0.3）
2026-07-25 20:01:00 [ERROR] AI 调用异常 ([deepseek] 5/6 策略=完整内容 retry=1): Error code: 401 - {'error': {'message': 'Authentication Fails, Your api key: ****df0d is invalid', 'type': 'authentication_error', 'param': None, 'code': 'invalid_request_error'}}
2026-07-25 20:01:00 [WARNING] [[deepseek] 5/6 策略=完整内容 retry=1] AI 调用失败或解析失败，继续下一次尝试
2026-07-25 20:01:00 [INFO] 🤖 AI 筛选 [[deepseek] 6/6 策略=仅标题（无历史） retry=0]（32 条，5681 字符，temp=0.3）
2026-07-25 20:01:01 [ERROR] AI 调用异常 ([deepseek] 6/6 策略=仅标题（无历史） retry=0): Error code: 401 - {'error': {'message': 'Authentication Fails, Your api key: ****df0d is invalid', 'type': 'authentication_error', 'param': None, 'code': 'invalid_request_error'}}
2026-07-25 20:01:01 [WARNING] [[deepseek] 6/6 策略=仅标题（无历史） retry=0] AI 调用失败或解析失败，继续下一次尝试
2026-07-25 20:01:01 [WARNING] [deepseek] 已达最大尝试次数 6，停止
2026-07-25 20:01:01 [INFO] ⚠️ deepseek 未能产出满意结果，尝试下一个提供商
2026-07-25 20:01:01 [INFO] 🔄 尝试 AI 提供商: zhipu
2026-07-25 20:01:01 [ERROR] 未设置环境变量 ZHIPU_API_KEY，无法使用 zhipu
2026-07-25 20:01:01 [INFO] ⚠️ zhipu 未能产出满意结果，尝试下一个提供商
2026-07-25 20:01:01 [INFO] 🔄 尝试 AI 提供商: kimi
2026-07-25 20:01:01 [ERROR] 未设置环境变量 KIMI_API_KEY，无法使用 kimi
2026-07-25 20:01:01 [INFO] ⚠️ kimi 未能产出满意结果，尝试下一个提供商
2026-07-25 20:01:01 [INFO] 🔄 尝试 AI 提供商: huoshan
2026-07-25 20:01:01 [ERROR] 未设置环境变量 HUOSHAN_API_KEY，无法使用 huoshan
2026-07-25 20:01:01 [INFO] ⚠️ huoshan 未能产出满意结果，尝试下一个提供商
2026-07-25 20:01:01 [ERROR] ❌ 所有提供商均失败，返回空列表
2026-07-25 20:01:01 [INFO] 📦 JSON 已保存: reports/2026-07-26-04.json
2026-07-25 20:01:01 [INFO] ✅ AI 筛选完成，共 0 条交易相关消息
2026-07-25 21:00:51 [INFO] 🚀 开始抓取 2026-07-26 05:00 币圈新闻
2026-07-25 21:00:51 [INFO] 📡 抓取 RSS 新闻源...
2026-07-25 21:00:51 [INFO] 📡 抓取交易所公告 & 链上数据...
2026-07-25 21:00:51 [INFO]   ⏭ The Block: 过滤掉 20 条非近期新闻
2026-07-25 21:00:51 [INFO]   ⏭ CoinTelegraph: 过滤掉 30 条非近期新闻
2026-07-25 21:00:51 [INFO]   ⏭ Decrypt: 过滤掉 35 条非近期新闻
2026-07-25 21:00:52 [WARNING] 解析失败 Bitget公告: 'NoneType' object is not subscriptable
2026-07-25 21:00:52 [INFO]   ⏭ Bitcoin Magazine: 过滤掉 10 条非近期新闻
2026-07-25 21:00:52 [INFO]   ⏭ CoinDesk: 过滤掉 25 条非近期新闻
2026-07-25 21:00:52 [INFO]   ⏭ Reuters Crypto: 过滤掉 50 条非近期新闻
2026-07-25 21:00:52 [INFO]   ⏭ 宏观经济: 过滤掉 50 条非近期新闻
2026-07-25 21:00:52 [INFO]   ⏭ Bloomberg Crypto: 过滤掉 50 条非近期新闻
2026-07-25 21:00:52 [INFO]   ⏭ 金色财经: 过滤掉 14 条非近期新闻
2026-07-25 21:00:52 [INFO]   ⏭ Decrypt: 过滤掉 50 条非近期新闻
2026-07-25 21:00:52 [INFO]   ⏭ CNBC Crypto: 过滤掉 49 条非近期新闻
2026-07-25 21:00:52 [INFO]   ⏭ DL News: 过滤掉 50 条非近期新闻
2026-07-25 21:00:52 [INFO]   ⏭ 宏观经济: 过滤掉 50 条非近期新闻
2026-07-25 21:00:52 [INFO]   ⏭ Bitcoin Magazine: 过滤掉 50 条非近期新闻
2026-07-25 21:00:52 [INFO]   ⏭ Reddit r/bitcoin: 过滤掉 24 条非近期新闻
2026-07-25 21:00:52 [INFO]   ⏭ Blockworks: 过滤掉 50 条非近期新闻
2026-07-25 21:00:53 [INFO]   ⏭ The Block: 过滤掉 50 条非近期新闻
2026-07-25 21:00:53 [INFO]   ⏭ DeFi Llama: 过滤掉 50 条非近期新闻
2026-07-25 21:00:53 [INFO]   ⏭ 雪球加密: 过滤掉 50 条非近期新闻
2026-07-25 21:00:53 [INFO]   ⏭ 吴说区块链: 过滤掉 49 条非近期新闻
2026-07-25 21:00:53 [INFO]   ⏭ CoinDesk: 过滤掉 50 条非近期新闻
2026-07-25 21:00:53 [INFO]   ⏭ Blockworks: 过滤掉 3 条非近期新闻
2026-07-25 21:00:53 [INFO]   ⏭ Crypto Twitter: 过滤掉 48 条非近期新闻
2026-07-25 21:01:05 [INFO]   ⏭ PANews: 过滤掉 50 条非近期新闻
2026-07-25 21:01:06 [INFO]   ⏭ 律动BlockBeats: 过滤掉 50 条非近期新闻
2026-07-25 21:01:07 [DEBUG] 请求失败 https://rsshub.rssforever.com/cointelegraph: 
2026-07-25 21:01:07 [INFO]   ⏭ CoinTelegraph: 过滤掉 50 条非近期新闻
2026-07-25 21:01:07 [DEBUG] 请求失败 https://rsshub.rssforever.com/bloomberg/crypto: 
2026-07-25 21:01:07 [INFO]   ✓ CoinDesk: 0 条
2026-07-25 21:01:07 [INFO]   ✓ The Block: 0 条
2026-07-25 21:01:07 [INFO]   ✓ Decrypt: 0 条
2026-07-25 21:01:07 [INFO]   ✓ CoinTelegraph: 0 条
2026-07-25 21:01:07 [INFO]   ✓ Bitcoin Magazine: 0 条
2026-07-25 21:01:07 [INFO]   ✓ Blockworks: 0 条
2026-07-25 21:01:07 [INFO]   ✓ DL News: 0 条
2026-07-25 21:01:07 [INFO]   ✓ 金色财经: 6 条
2026-07-25 21:01:07 [INFO]   ✓ PANews: 0 条
2026-07-25 21:01:07 [INFO]   ✓ 律动BlockBeats: 0 条
2026-07-25 21:01:07 [INFO]   ✓ 吴说区块链: 0 条
2026-07-25 21:01:07 [INFO]   ✓ Bloomberg Crypto: 0 条
2026-07-25 21:01:07 [INFO]   ✓ Reuters Crypto: 0 条
2026-07-25 21:01:07 [INFO]   ✓ CNBC Crypto: 1 条
2026-07-25 21:01:07 [INFO]   ✓ Reddit r/cryptocurrency: 0 条
2026-07-25 21:01:07 [INFO]   ✓ Reddit r/bitcoin: 1 条
2026-07-25 21:01:07 [INFO]   ✓ Crypto Twitter: 2 条
2026-07-25 21:01:07 [INFO]   ✓ 宏观经济: 0 条
2026-07-25 21:01:07 [INFO]   ✓ Binance公告: 20 条
2026-07-25 21:01:07 [INFO]   ✓ OKX公告: 0 条
2026-07-25 21:01:07 [INFO]   ✓ Bitget公告: 0 条
2026-07-25 21:01:07 [INFO]   ✓ Whale Alert: 0 条
2026-07-25 21:01:07 [INFO]   ✓ Fear & Greed Index: 1 条
2026-07-25 21:01:07 [INFO]   ✓ DeFi Llama: 0 条
2026-07-25 21:01:07 [INFO]   ✓ 雪球加密: 0 条
2026-07-25 21:01:07 [INFO] 📊 共抓取 31 条新闻
2026-07-25 21:01:07 [INFO] 📋 原始新闻已保存: reports/2026-07-26-05-raw.json (31 条)
2026-07-25 21:01:07 [INFO] 📋 标题摘要已保存: reports/2026-07-26-05-raw-titles.md
2026-07-25 21:01:07 [INFO] ✅ 抓取完成，共 31 条，已保存到 reports/2026-07-26-05-raw.json
2026-07-25 21:01:08 [INFO] 🤖 开始 AI 筛选 2026-07-26 05:00 币圈消息
2026-07-25 21:01:08 [INFO] 📋 已加载原始新闻: reports/2026-07-26-05-raw.json (31 条)
2026-07-25 21:01:08 [INFO] 📚 已加载历史新闻标题（15574 字符）
2026-07-25 21:01:08 [INFO] 📚 已加载历史筛选标题 0 条、URL 0 个，用于去重
2026-07-25 21:01:08 [INFO] 🔄 尝试 AI 提供商: deepseek
2026-07-25 21:01:08 [INFO] 🤖 使用 AI 提供商: deepseek (模型: deepseek-v4-flash)
2026-07-25 21:01:08 [INFO] 🤖 AI 筛选 [[deepseek] 1/6 策略=仅标题+链接 retry=0]（31 条，5846 字符，temp=0.3）
2026-07-25 21:01:09 [ERROR] AI 调用异常 ([deepseek] 1/6 策略=仅标题+链接 retry=0): Error code: 401 - {'error': {'message': 'Authentication Fails, Your api key: ****df0d is invalid', 'type': 'authentication_error', 'param': None, 'code': 'invalid_request_error'}}
2026-07-25 21:01:09 [WARNING] [[deepseek] 1/6 策略=仅标题+链接 retry=0] AI 调用失败或解析失败，继续下一次尝试
2026-07-25 21:01:09 [INFO] 🤖 AI 筛选 [[deepseek] 2/6 策略=仅标题+链接 retry=1]（31 条，5846 字符，temp=0.3）
2026-07-25 21:01:09 [ERROR] AI 调用异常 ([deepseek] 2/6 策略=仅标题+链接 retry=1): Error code: 401 - {'error': {'message': 'Authentication Fails, Your api key: ****df0d is invalid', 'type': 'authentication_error', 'param': None, 'code': 'invalid_request_error'}}
2026-07-25 21:01:09 [WARNING] [[deepseek] 2/6 策略=仅标题+链接 retry=1] AI 调用失败或解析失败，继续下一次尝试
2026-07-25 21:01:09 [INFO] 🤖 AI 筛选 [[deepseek] 3/6 策略=仅标题+链接 retry=2]（31 条，5846 字符，temp=0.3）
2026-07-25 21:01:10 [ERROR] AI 调用异常 ([deepseek] 3/6 策略=仅标题+链接 retry=2): Error code: 401 - {'error': {'message': 'Authentication Fails, Your api key: ****df0d is invalid', 'type': 'authentication_error', 'param': None, 'code': 'invalid_request_error'}}
2026-07-25 21:01:10 [WARNING] [[deepseek] 3/6 策略=仅标题+链接 retry=2] AI 调用失败或解析失败，继续下一次尝试
2026-07-25 21:01:10 [INFO] 🤖 AI 筛选 [[deepseek] 4/6 策略=完整内容 retry=0]（31 条，9359 字符，temp=0.3）
2026-07-25 21:01:10 [ERROR] AI 调用异常 ([deepseek] 4/6 策略=完整内容 retry=0): Error code: 401 - {'error': {'message': 'Authentication Fails, Your api key: ****df0d is invalid', 'type': 'authentication_error', 'param': None, 'code': 'invalid_request_error'}}
2026-07-25 21:01:10 [WARNING] [[deepseek] 4/6 策略=完整内容 retry=0] AI 调用失败或解析失败，继续下一次尝试
2026-07-25 21:01:10 [INFO] 🤖 AI 筛选 [[deepseek] 5/6 策略=完整内容 retry=1]（31 条，9359 字符，temp=0.3）
2026-07-25 21:01:11 [ERROR] AI 调用异常 ([deepseek] 5/6 策略=完整内容 retry=1): Error code: 401 - {'error': {'message': 'Authentication Fails, Your api key: ****df0d is invalid', 'type': 'authentication_error', 'param': None, 'code': 'invalid_request_error'}}
2026-07-25 21:01:11 [WARNING] [[deepseek] 5/6 策略=完整内容 retry=1] AI 调用失败或解析失败，继续下一次尝试
2026-07-25 21:01:11 [INFO] 🤖 AI 筛选 [[deepseek] 6/6 策略=仅标题（无历史） retry=0]（31 条，5846 字符，temp=0.3）
2026-07-25 21:01:11 [ERROR] AI 调用异常 ([deepseek] 6/6 策略=仅标题（无历史） retry=0): Error code: 401 - {'error': {'message': 'Authentication Fails, Your api key: ****df0d is invalid', 'type': 'authentication_error', 'param': None, 'code': 'invalid_request_error'}}
2026-07-25 21:01:11 [WARNING] [[deepseek] 6/6 策略=仅标题（无历史） retry=0] AI 调用失败或解析失败，继续下一次尝试
2026-07-25 21:01:11 [WARNING] [deepseek] 已达最大尝试次数 6，停止
2026-07-25 21:01:11 [INFO] ⚠️ deepseek 未能产出满意结果，尝试下一个提供商
2026-07-25 21:01:11 [INFO] 🔄 尝试 AI 提供商: zhipu
2026-07-25 21:01:11 [ERROR] 未设置环境变量 ZHIPU_API_KEY，无法使用 zhipu
2026-07-25 21:01:11 [INFO] ⚠️ zhipu 未能产出满意结果，尝试下一个提供商
2026-07-25 21:01:11 [INFO] 🔄 尝试 AI 提供商: kimi
2026-07-25 21:01:11 [ERROR] 未设置环境变量 KIMI_API_KEY，无法使用 kimi
2026-07-25 21:01:11 [INFO] ⚠️ kimi 未能产出满意结果，尝试下一个提供商
2026-07-25 21:01:11 [INFO] 🔄 尝试 AI 提供商: huoshan
2026-07-25 21:01:11 [ERROR] 未设置环境变量 HUOSHAN_API_KEY，无法使用 huoshan
2026-07-25 21:01:11 [INFO] ⚠️ huoshan 未能产出满意结果，尝试下一个提供商
2026-07-25 21:01:11 [ERROR] ❌ 所有提供商均失败，返回空列表
2026-07-25 21:01:11 [INFO] 📦 JSON 已保存: reports/2026-07-26-05.json
2026-07-25 21:01:11 [INFO] ✅ AI 筛选完成，共 0 条交易相关消息
2026-07-25 22:00:56 [INFO] 🚀 开始抓取 2026-07-26 06:00 币圈新闻
2026-07-25 22:00:56 [INFO] 📡 抓取 RSS 新闻源...
2026-07-25 22:00:56 [INFO] 📡 抓取交易所公告 & 链上数据...
2026-07-25 22:00:56 [INFO]   ⏭ CoinTelegraph: 过滤掉 29 条非近期新闻
2026-07-25 22:00:56 [INFO]   ⏭ The Block: 过滤掉 19 条非近期新闻
2026-07-25 22:00:56 [INFO]   ⏭ Decrypt: 过滤掉 35 条非近期新闻
2026-07-25 22:00:57 [INFO]   ⏭ Bitcoin Magazine: 过滤掉 10 条非近期新闻
2026-07-25 22:00:57 [INFO]   ⏭ CoinDesk: 过滤掉 25 条非近期新闻
2026-07-25 22:00:57 [WARNING] 解析失败 Bitget公告: 'NoneType' object is not subscriptable
2026-07-25 22:00:57 [INFO]   ⏭ Reuters Crypto: 过滤掉 50 条非近期新闻
2026-07-25 22:00:57 [INFO]   ⏭ Bloomberg Crypto: 过滤掉 50 条非近期新闻
2026-07-25 22:00:57 [INFO]   ⏭ 宏观经济: 过滤掉 50 条非近期新闻
2026-07-25 22:00:57 [INFO]   ⏭ Blockworks: 过滤掉 50 条非近期新闻
2026-07-25 22:00:57 [INFO]   ⏭ CNBC Crypto: 过滤掉 49 条非近期新闻
2026-07-25 22:00:57 [INFO]   ⏭ Reddit r/cryptocurrency: 过滤掉 25 条非近期新闻
2026-07-25 22:00:57 [INFO]   ⏭ Decrypt: 过滤掉 50 条非近期新闻
2026-07-25 22:00:57 [INFO]   ⏭ DL News: 过滤掉 50 条非近期新闻
2026-07-25 22:00:57 [INFO]   ⏭ 雪球加密: 过滤掉 50 条非近期新闻
2026-07-25 22:00:57 [INFO]   ⏭ Bitcoin Magazine: 过滤掉 50 条非近期新闻
2026-07-25 22:00:57 [INFO]   ⏭ Blockworks: 过滤掉 3 条非近期新闻
2026-07-25 22:00:57 [INFO]   ⏭ 吴说区块链: 过滤掉 49 条非近期新闻
2026-07-25 22:00:58 [INFO]   ⏭ 宏观经济: 过滤掉 50 条非近期新闻
2026-07-25 22:00:58 [INFO]   ⏭ DeFi Llama: 过滤掉 50 条非近期新闻
2026-07-25 22:00:58 [INFO]   ⏭ CoinDesk: 过滤掉 50 条非近期新闻
2026-07-25 22:00:58 [INFO]   ⏭ Crypto Twitter: 过滤掉 46 条非近期新闻
2026-07-25 22:00:59 [INFO]   ⏭ 律动BlockBeats: 过滤掉 20 条非近期新闻
2026-07-25 22:00:59 [INFO]   ⏭ 律动BlockBeats: 过滤掉 50 条非近期新闻
2026-07-25 22:01:00 [INFO]   ⏭ PANews: 过滤掉 50 条非近期新闻
2026-07-25 22:01:12 [DEBUG] 请求失败 https://rsshub.rssforever.com/jinse/lives: 
2026-07-25 22:01:12 [INFO]   ✓ CoinDesk: 0 条
2026-07-25 22:01:12 [INFO]   ✓ The Block: 1 条
2026-07-25 22:01:12 [INFO]   ✓ Decrypt: 0 条
2026-07-25 22:01:12 [INFO]   ✓ CoinTelegraph: 1 条
2026-07-25 22:01:12 [INFO]   ✓ Bitcoin Magazine: 0 条
2026-07-25 22:01:12 [INFO]   ✓ Blockworks: 0 条
2026-07-25 22:01:12 [INFO]   ✓ DL News: 0 条
2026-07-25 22:01:12 [INFO]   ✓ 金色财经: 0 条
2026-07-25 22:01:12 [INFO]   ✓ PANews: 0 条
2026-07-25 22:01:12 [INFO]   ✓ 律动BlockBeats: 0 条
2026-07-25 22:01:12 [INFO]   ✓ 吴说区块链: 0 条
2026-07-25 22:01:12 [INFO]   ✓ Bloomberg Crypto: 0 条
2026-07-25 22:01:12 [INFO]   ✓ Reuters Crypto: 0 条
2026-07-25 22:01:12 [INFO]   ✓ CNBC Crypto: 1 条
2026-07-25 22:01:12 [INFO]   ✓ Reddit r/cryptocurrency: 0 条
2026-07-25 22:01:12 [INFO]   ✓ Reddit r/bitcoin: 0 条
2026-07-25 22:01:12 [INFO]   ✓ Crypto Twitter: 4 条
2026-07-25 22:01:12 [INFO]   ✓ 宏观经济: 0 条
2026-07-25 22:01:12 [INFO]   ✓ Binance公告: 20 条
2026-07-25 22:01:12 [INFO]   ✓ OKX公告: 0 条
2026-07-25 22:01:12 [INFO]   ✓ Bitget公告: 0 条
2026-07-25 22:01:12 [INFO]   ✓ Whale Alert: 0 条
2026-07-25 22:01:12 [INFO]   ✓ Fear & Greed Index: 1 条
2026-07-25 22:01:12 [INFO]   ✓ DeFi Llama: 0 条
2026-07-25 22:01:12 [INFO]   ✓ 雪球加密: 0 条
2026-07-25 22:01:12 [INFO] 📊 共抓取 28 条新闻
2026-07-25 22:01:12 [INFO] 📋 原始新闻已保存: reports/2026-07-26-06-raw.json (28 条)
2026-07-25 22:01:12 [INFO] 📋 标题摘要已保存: reports/2026-07-26-06-raw-titles.md
2026-07-25 22:01:12 [INFO] ✅ 抓取完成，共 28 条，已保存到 reports/2026-07-26-06-raw.json
2026-07-25 22:01:13 [INFO] 🤖 开始 AI 筛选 2026-07-26 06:00 币圈消息
2026-07-25 22:01:13 [INFO] 📋 已加载原始新闻: reports/2026-07-26-06-raw.json (28 条)
2026-07-25 22:01:13 [INFO] 📚 已加载历史新闻标题（15026 字符）
2026-07-25 22:01:13 [INFO] 📚 已加载历史筛选标题 0 条、URL 0 个，用于去重
2026-07-25 22:01:13 [INFO] 🔄 尝试 AI 提供商: deepseek
2026-07-25 22:01:13 [INFO] 🤖 使用 AI 提供商: deepseek (模型: deepseek-v4-flash)
2026-07-25 22:01:13 [INFO] 🤖 AI 筛选 [[deepseek] 1/6 策略=仅标题+链接 retry=0]（28 条，6438 字符，temp=0.3）
2026-07-25 22:01:13 [ERROR] AI 调用异常 ([deepseek] 1/6 策略=仅标题+链接 retry=0): Error code: 401 - {'error': {'message': 'Authentication Fails, Your api key: ****df0d is invalid', 'type': 'authentication_error', 'param': None, 'code': 'invalid_request_error'}}
2026-07-25 22:01:13 [WARNING] [[deepseek] 1/6 策略=仅标题+链接 retry=0] AI 调用失败或解析失败，继续下一次尝试
2026-07-25 22:01:13 [INFO] 🤖 AI 筛选 [[deepseek] 2/6 策略=仅标题+链接 retry=1]（28 条，6438 字符，temp=0.3）
2026-07-25 22:01:14 [ERROR] AI 调用异常 ([deepseek] 2/6 策略=仅标题+链接 retry=1): Error code: 401 - {'error': {'message': 'Authentication Fails, Your api key: ****df0d is invalid', 'type': 'authentication_error', 'param': None, 'code': 'invalid_request_error'}}
2026-07-25 22:01:14 [WARNING] [[deepseek] 2/6 策略=仅标题+链接 retry=1] AI 调用失败或解析失败，继续下一次尝试
2026-07-25 22:01:14 [INFO] 🤖 AI 筛选 [[deepseek] 3/6 策略=仅标题+链接 retry=2]（28 条，6438 字符，temp=0.3）
2026-07-25 22:01:14 [ERROR] AI 调用异常 ([deepseek] 3/6 策略=仅标题+链接 retry=2): Error code: 401 - {'error': {'message': 'Authentication Fails, Your api key: ****df0d is invalid', 'type': 'authentication_error', 'param': None, 'code': 'invalid_request_error'}}
2026-07-25 22:01:14 [WARNING] [[deepseek] 3/6 策略=仅标题+链接 retry=2] AI 调用失败或解析失败，继续下一次尝试
2026-07-25 22:01:14 [INFO] 🤖 AI 筛选 [[deepseek] 4/6 策略=完整内容 retry=0]（28 条，9114 字符，temp=0.3）
2026-07-25 22:01:15 [ERROR] AI 调用异常 ([deepseek] 4/6 策略=完整内容 retry=0): Error code: 401 - {'error': {'message': 'Authentication Fails, Your api key: ****df0d is invalid', 'type': 'authentication_error', 'param': None, 'code': 'invalid_request_error'}}
2026-07-25 22:01:15 [WARNING] [[deepseek] 4/6 策略=完整内容 retry=0] AI 调用失败或解析失败，继续下一次尝试
2026-07-25 22:01:15 [INFO] 🤖 AI 筛选 [[deepseek] 5/6 策略=完整内容 retry=1]（28 条，9114 字符，temp=0.3）
2026-07-25 22:01:15 [ERROR] AI 调用异常 ([deepseek] 5/6 策略=完整内容 retry=1): Error code: 401 - {'error': {'message': 'Authentication Fails, Your api key: ****df0d is invalid', 'type': 'authentication_error', 'param': None, 'code': 'invalid_request_error'}}
2026-07-25 22:01:15 [WARNING] [[deepseek] 5/6 策略=完整内容 retry=1] AI 调用失败或解析失败，继续下一次尝试
2026-07-25 22:01:15 [INFO] 🤖 AI 筛选 [[deepseek] 6/6 策略=仅标题（无历史） retry=0]（28 条，6438 字符，temp=0.3）
2026-07-25 22:01:15 [ERROR] AI 调用异常 ([deepseek] 6/6 策略=仅标题（无历史） retry=0): Error code: 401 - {'error': {'message': 'Authentication Fails, Your api key: ****df0d is invalid', 'type': 'authentication_error', 'param': None, 'code': 'invalid_request_error'}}
2026-07-25 22:01:15 [WARNING] [[deepseek] 6/6 策略=仅标题（无历史） retry=0] AI 调用失败或解析失败，继续下一次尝试
2026-07-25 22:01:15 [WARNING] [deepseek] 已达最大尝试次数 6，停止
2026-07-25 22:01:15 [INFO] ⚠️ deepseek 未能产出满意结果，尝试下一个提供商
2026-07-25 22:01:15 [INFO] 🔄 尝试 AI 提供商: zhipu
2026-07-25 22:01:15 [ERROR] 未设置环境变量 ZHIPU_API_KEY，无法使用 zhipu
2026-07-25 22:01:15 [INFO] ⚠️ zhipu 未能产出满意结果，尝试下一个提供商
2026-07-25 22:01:15 [INFO] 🔄 尝试 AI 提供商: kimi
2026-07-25 22:01:15 [ERROR] 未设置环境变量 KIMI_API_KEY，无法使用 kimi
2026-07-25 22:01:15 [INFO] ⚠️ kimi 未能产出满意结果，尝试下一个提供商
2026-07-25 22:01:15 [INFO] 🔄 尝试 AI 提供商: huoshan
2026-07-25 22:01:15 [ERROR] 未设置环境变量 HUOSHAN_API_KEY，无法使用 huoshan
2026-07-25 22:01:15 [INFO] ⚠️ huoshan 未能产出满意结果，尝试下一个提供商
2026-07-25 22:01:15 [ERROR] ❌ 所有提供商均失败，返回空列表
2026-07-25 22:01:15 [INFO] 📦 JSON 已保存: reports/2026-07-26-06.json
2026-07-25 22:01:15 [INFO] ✅ AI 筛选完成，共 0 条交易相关消息
2026-07-25 23:01:30 [INFO] 🚀 开始抓取 2026-07-26 07:00 币圈新闻
2026-07-25 23:01:30 [INFO] 📡 抓取 RSS 新闻源...
2026-07-25 23:01:30 [INFO] 📡 抓取交易所公告 & 链上数据...
2026-07-25 23:01:30 [INFO]   ⏭ The Block: 过滤掉 19 条非近期新闻
2026-07-25 23:01:30 [INFO]   ⏭ Decrypt: 过滤掉 35 条非近期新闻
2026-07-25 23:01:30 [INFO]   ⏭ CoinTelegraph: 过滤掉 29 条非近期新闻
2026-07-25 23:01:31 [WARNING] 解析失败 Bitget公告: 'NoneType' object is not subscriptable
2026-07-25 23:01:31 [INFO]   ⏭ Bloomberg Crypto: 过滤掉 50 条非近期新闻
2026-07-25 23:01:31 [INFO]   ⏭ CoinDesk: 过滤掉 25 条非近期新闻
2026-07-25 23:01:31 [INFO]   ⏭ Reuters Crypto: 过滤掉 50 条非近期新闻
2026-07-25 23:01:31 [INFO]   ⏭ 宏观经济: 过滤掉 50 条非近期新闻
2026-07-25 23:01:31 [INFO]   ⏭ CNBC Crypto: 过滤掉 49 条非近期新闻
2026-07-25 23:01:31 [INFO]   ⏭ Bitcoin Magazine: 过滤掉 10 条非近期新闻
2026-07-25 23:01:31 [INFO]   ⏭ Reddit r/cryptocurrency: 过滤掉 24 条非近期新闻
2026-07-25 23:01:31 [INFO]   ⏭ Blockworks: 过滤掉 50 条非近期新闻
2026-07-25 23:01:31 [INFO]   ⏭ DL News: 过滤掉 50 条非近期新闻
2026-07-25 23:01:31 [INFO]   ⏭ 宏观经济: 过滤掉 50 条非近期新闻
2026-07-25 23:01:31 [INFO]   ⏭ Decrypt: 过滤掉 50 条非近期新闻
2026-07-25 23:01:32 [INFO]   ⏭ Bitcoin Magazine: 过滤掉 50 条非近期新闻
2026-07-25 23:01:32 [INFO]   ⏭ Crypto Twitter: 过滤掉 39 条非近期新闻
2026-07-25 23:01:32 [INFO]   ⏭ 吴说区块链: 过滤掉 50 条非近期新闻
2026-07-25 23:01:32 [INFO]   ⏭ CoinDesk: 过滤掉 50 条非近期新闻
2026-07-25 23:01:32 [INFO]   ⏭ Blockworks: 过滤掉 3 条非近期新闻
2026-07-25 23:01:32 [INFO]   ⏭ DeFi Llama: 过滤掉 50 条非近期新闻
2026-07-25 23:01:32 [INFO]   ⏭ 雪球加密: 过滤掉 50 条非近期新闻
2026-07-25 23:01:32 [INFO]   ⏭ PANews: 过滤掉 50 条非近期新闻
2026-07-25 23:01:33 [INFO]   ⏭ 律动BlockBeats: 过滤掉 50 条非近期新闻
2026-07-25 23:01:34 [INFO]   ⏭ 金色财经: 过滤掉 5 条非近期新闻
2026-07-25 23:01:34 [INFO]   ✓ CoinDesk: 0 条
2026-07-25 23:01:34 [INFO]   ✓ The Block: 1 条
2026-07-25 23:01:34 [INFO]   ✓ Decrypt: 0 条
2026-07-25 23:01:34 [INFO]   ✓ CoinTelegraph: 1 条
2026-07-25 23:01:34 [INFO]   ✓ Bitcoin Magazine: 0 条
2026-07-25 23:01:34 [INFO]   ✓ Blockworks: 0 条
2026-07-25 23:01:34 [INFO]   ✓ DL News: 0 条
2026-07-25 23:01:34 [INFO]   ✓ 金色财经: 5 条
2026-07-25 23:01:34 [INFO]   ✓ PANews: 0 条
2026-07-25 23:01:34 [INFO]   ✓ 律动BlockBeats: 0 条
2026-07-25 23:01:34 [INFO]   ✓ 吴说区块链: 0 条
2026-07-25 23:01:34 [INFO]   ✓ Bloomberg Crypto: 0 条
2026-07-25 23:01:34 [INFO]   ✓ Reuters Crypto: 0 条
2026-07-25 23:01:34 [INFO]   ✓ CNBC Crypto: 1 条
2026-07-25 23:01:34 [INFO]   ✓ Reddit r/cryptocurrency: 1 条
2026-07-25 23:01:34 [INFO]   ✓ Reddit r/bitcoin: 0 条
2026-07-25 23:01:34 [INFO]   ✓ Crypto Twitter: 11 条
2026-07-25 23:01:34 [INFO]   ✓ 宏观经济: 0 条
2026-07-25 23:01:34 [INFO]   ✓ Binance公告: 20 条
2026-07-25 23:01:34 [INFO]   ✓ OKX公告: 0 条
2026-07-25 23:01:34 [INFO]   ✓ Bitget公告: 0 条
2026-07-25 23:01:34 [INFO]   ✓ Whale Alert: 0 条
2026-07-25 23:01:34 [INFO]   ✓ Fear & Greed Index: 1 条
2026-07-25 23:01:34 [INFO]   ✓ DeFi Llama: 0 条
2026-07-25 23:01:34 [INFO]   ✓ 雪球加密: 0 条
2026-07-25 23:01:34 [INFO] 📊 共抓取 41 条新闻
2026-07-25 23:01:34 [INFO] 📋 原始新闻已保存: reports/2026-07-26-07-raw.json (41 条)
2026-07-25 23:01:34 [INFO] 📋 标题摘要已保存: reports/2026-07-26-07-raw-titles.md
2026-07-25 23:01:34 [INFO] ✅ 抓取完成，共 41 条，已保存到 reports/2026-07-26-07-raw.json
2026-07-25 23:01:35 [INFO] 🤖 开始 AI 筛选 2026-07-26 07:00 币圈消息
2026-07-25 23:01:35 [INFO] 📋 已加载原始新闻: reports/2026-07-26-07-raw.json (41 条)
2026-07-25 23:01:35 [INFO] 📚 已加载历史新闻标题（15112 字符）
2026-07-25 23:01:35 [INFO] 📚 已加载历史筛选标题 0 条、URL 0 个，用于去重
2026-07-25 23:01:35 [INFO] 🔄 尝试 AI 提供商: deepseek
2026-07-25 23:01:35 [INFO] 🤖 使用 AI 提供商: deepseek (模型: deepseek-v4-flash)
2026-07-25 23:01:35 [INFO] 🤖 AI 筛选 [[deepseek] 1/6 策略=仅标题+链接 retry=0]（41 条，9353 字符，temp=0.3）
2026-07-25 23:01:35 [ERROR] AI 调用异常 ([deepseek] 1/6 策略=仅标题+链接 retry=0): Error code: 401 - {'error': {'message': 'Authentication Fails, Your api key: ****df0d is invalid', 'type': 'authentication_error', 'param': None, 'code': 'invalid_request_error'}}
2026-07-25 23:01:35 [WARNING] [[deepseek] 1/6 策略=仅标题+链接 retry=0] AI 调用失败或解析失败，继续下一次尝试
2026-07-25 23:01:35 [INFO] 🤖 AI 筛选 [[deepseek] 2/6 策略=仅标题+链接 retry=1]（41 条，9353 字符，temp=0.3）
2026-07-25 23:01:36 [ERROR] AI 调用异常 ([deepseek] 2/6 策略=仅标题+链接 retry=1): Error code: 401 - {'error': {'message': 'Authentication Fails, Your api key: ****df0d is invalid', 'type': 'authentication_error', 'param': None, 'code': 'invalid_request_error'}}
2026-07-25 23:01:36 [WARNING] [[deepseek] 2/6 策略=仅标题+链接 retry=1] AI 调用失败或解析失败，继续下一次尝试
2026-07-25 23:01:36 [INFO] 🤖 AI 筛选 [[deepseek] 3/6 策略=仅标题+链接 retry=2]（41 条，9353 字符，temp=0.3）
2026-07-25 23:01:36 [ERROR] AI 调用异常 ([deepseek] 3/6 策略=仅标题+链接 retry=2): Error code: 401 - {'error': {'message': 'Authentication Fails, Your api key: ****df0d is invalid', 'type': 'authentication_error', 'param': None, 'code': 'invalid_request_error'}}
2026-07-25 23:01:36 [WARNING] [[deepseek] 3/6 策略=仅标题+链接 retry=2] AI 调用失败或解析失败，继续下一次尝试
2026-07-25 23:01:36 [INFO] 🤖 AI 筛选 [[deepseek] 4/6 策略=完整内容 retry=0]（41 条，13687 字符，temp=0.3）
2026-07-25 23:01:37 [ERROR] AI 调用异常 ([deepseek] 4/6 策略=完整内容 retry=0): Error code: 401 - {'error': {'message': 'Authentication Fails, Your api key: ****df0d is invalid', 'type': 'authentication_error', 'param': None, 'code': 'invalid_request_error'}}
2026-07-25 23:01:37 [WARNING] [[deepseek] 4/6 策略=完整内容 retry=0] AI 调用失败或解析失败，继续下一次尝试
2026-07-25 23:01:37 [INFO] 🤖 AI 筛选 [[deepseek] 5/6 策略=完整内容 retry=1]（41 条，13687 字符，temp=0.3）
2026-07-25 23:01:37 [ERROR] AI 调用异常 ([deepseek] 5/6 策略=完整内容 retry=1): Error code: 401 - {'error': {'message': 'Authentication Fails, Your api key: ****df0d is invalid', 'type': 'authentication_error', 'param': None, 'code': 'invalid_request_error'}}
2026-07-25 23:01:37 [WARNING] [[deepseek] 5/6 策略=完整内容 retry=1] AI 调用失败或解析失败，继续下一次尝试
2026-07-25 23:01:37 [INFO] 🤖 AI 筛选 [[deepseek] 6/6 策略=仅标题（无历史） retry=0]（41 条，9353 字符，temp=0.3）
2026-07-25 23:01:37 [ERROR] AI 调用异常 ([deepseek] 6/6 策略=仅标题（无历史） retry=0): Error code: 401 - {'error': {'message': 'Authentication Fails, Your api key: ****df0d is invalid', 'type': 'authentication_error', 'param': None, 'code': 'invalid_request_error'}}
2026-07-25 23:01:37 [WARNING] [[deepseek] 6/6 策略=仅标题（无历史） retry=0] AI 调用失败或解析失败，继续下一次尝试
2026-07-25 23:01:37 [WARNING] [deepseek] 已达最大尝试次数 6，停止
2026-07-25 23:01:37 [INFO] ⚠️ deepseek 未能产出满意结果，尝试下一个提供商
2026-07-25 23:01:37 [INFO] 🔄 尝试 AI 提供商: zhipu
2026-07-25 23:01:37 [ERROR] 未设置环境变量 ZHIPU_API_KEY，无法使用 zhipu
2026-07-25 23:01:37 [INFO] ⚠️ zhipu 未能产出满意结果，尝试下一个提供商
2026-07-25 23:01:37 [INFO] 🔄 尝试 AI 提供商: kimi
2026-07-25 23:01:37 [ERROR] 未设置环境变量 KIMI_API_KEY，无法使用 kimi
2026-07-25 23:01:37 [INFO] ⚠️ kimi 未能产出满意结果，尝试下一个提供商
2026-07-25 23:01:37 [INFO] 🔄 尝试 AI 提供商: huoshan
2026-07-25 23:01:37 [ERROR] 未设置环境变量 HUOSHAN_API_KEY，无法使用 huoshan
2026-07-25 23:01:37 [INFO] ⚠️ huoshan 未能产出满意结果，尝试下一个提供商
2026-07-25 23:01:37 [ERROR] ❌ 所有提供商均失败，返回空列表
2026-07-25 23:01:37 [INFO] 📦 JSON 已保存: reports/2026-07-26-07.json
2026-07-25 23:01:37 [INFO] ✅ AI 筛选完成，共 0 条交易相关消息
2026-07-26 00:00:59 [INFO] 🚀 开始抓取 2026-07-26 08:00 币圈新闻
2026-07-26 00:01:00 [INFO] 📡 抓取 RSS 新闻源...
2026-07-26 00:01:00 [INFO] 📡 抓取交易所公告 & 链上数据...
2026-07-26 00:01:00 [INFO]   ⏭ Decrypt: 过滤掉 35 条非近期新闻
2026-07-26 00:01:00 [INFO]   ⏭ CoinTelegraph: 过滤掉 30 条非近期新闻
2026-07-26 00:01:00 [INFO]   ⏭ The Block: 过滤掉 20 条非近期新闻
2026-07-26 00:01:00 [INFO]   ⏭ Bitcoin Magazine: 过滤掉 10 条非近期新闻
2026-07-26 00:01:00 [INFO]   ⏭ Bloomberg Crypto: 过滤掉 50 条非近期新闻
2026-07-26 00:01:00 [INFO]   ⏭ CoinDesk: 过滤掉 25 条非近期新闻
2026-07-26 00:01:00 [INFO]   ⏭ Reuters Crypto: 过滤掉 50 条非近期新闻
2026-07-26 00:01:00 [INFO]   ⏭ 宏观经济: 过滤掉 50 条非近期新闻
2026-07-26 00:01:00 [WARNING] 解析失败 Bitget公告: 'NoneType' object is not subscriptable
2026-07-26 00:01:00 [INFO]   ⏭ CNBC Crypto: 过滤掉 50 条非近期新闻
2026-07-26 00:01:00 [INFO]   ⏭ Decrypt: 过滤掉 50 条非近期新闻
2026-07-26 00:01:01 [INFO]   ⏭ DL News: 过滤掉 50 条非近期新闻
2026-07-26 00:01:01 [INFO]   ⏭ Blockworks: 过滤掉 50 条非近期新闻
2026-07-26 00:01:01 [INFO]   ⏭ 宏观经济: 过滤掉 50 条非近期新闻
2026-07-26 00:01:01 [INFO]   ⏭ Bitcoin Magazine: 过滤掉 50 条非近期新闻
2026-07-26 00:01:01 [INFO]   ⏭ 吴说区块链: 过滤掉 48 条非近期新闻
2026-07-26 00:01:01 [INFO]   ⏭ Reddit r/bitcoin: 过滤掉 24 条非近期新闻
2026-07-26 00:01:01 [INFO]   ⏭ DeFi Llama: 过滤掉 50 条非近期新闻
2026-07-26 00:01:01 [INFO]   ⏭ The Block: 过滤掉 50 条非近期新闻
2026-07-26 00:01:01 [INFO]   ⏭ 雪球加密: 过滤掉 50 条非近期新闻
2026-07-26 00:01:01 [INFO]   ⏭ CoinDesk: 过滤掉 50 条非近期新闻
2026-07-26 00:01:01 [INFO]   ⏭ Crypto Twitter: 过滤掉 42 条非近期新闻
2026-07-26 00:01:01 [INFO]   ⏭ Blockworks: 过滤掉 3 条非近期新闻
2026-07-26 00:01:04 [INFO]   ⏭ PANews: 过滤掉 50 条非近期新闻
2026-07-26 00:01:04 [INFO]   ⏭ 律动BlockBeats: 过滤掉 20 条非近期新闻
2026-07-26 00:01:05 [INFO]   ⏭ 律动BlockBeats: 过滤掉 50 条非近期新闻
2026-07-26 00:01:08 [INFO]   ⏭ CoinTelegraph: 过滤掉 25 条非近期新闻
2026-07-26 00:01:09 [INFO]   ⏭ CoinTelegraph: 过滤掉 50 条非近期新闻
2026-07-26 00:01:13 [INFO]   ⏭ 金色财经: 过滤掉 1 条非近期新闻
2026-07-26 00:01:13 [INFO]   ✓ CoinDesk: 0 条
2026-07-26 00:01:13 [INFO]   ✓ The Block: 0 条
2026-07-26 00:01:13 [INFO]   ✓ Decrypt: 0 条
2026-07-26 00:01:13 [INFO]   ✓ CoinTelegraph: 0 条
2026-07-26 00:01:13 [INFO]   ✓ Bitcoin Magazine: 0 条
2026-07-26 00:01:13 [INFO]   ✓ Blockworks: 0 条
2026-07-26 00:01:13 [INFO]   ✓ DL News: 0 条
2026-07-26 00:01:13 [INFO]   ✓ 金色财经: 3 条
2026-07-26 00:01:13 [INFO]   ✓ PANews: 0 条
2026-07-26 00:01:13 [INFO]   ✓ 律动BlockBeats: 0 条
2026-07-26 00:01:13 [INFO]   ✓ 吴说区块链: 0 条
2026-07-26 00:01:13 [INFO]   ✓ Bloomberg Crypto: 0 条
2026-07-26 00:01:13 [INFO]   ✓ Reuters Crypto: 0 条
2026-07-26 00:01:13 [INFO]   ✓ CNBC Crypto: 0 条
2026-07-26 00:01:13 [INFO]   ✓ Reddit r/cryptocurrency: 0 条
2026-07-26 00:01:13 [INFO]   ✓ Reddit r/bitcoin: 1 条
2026-07-26 00:01:13 [INFO]   ✓ Crypto Twitter: 8 条
2026-07-26 00:01:13 [INFO]   ✓ 宏观经济: 0 条
2026-07-26 00:01:13 [INFO]   ✓ Binance公告: 20 条
2026-07-26 00:01:13 [INFO]   ✓ OKX公告: 0 条
2026-07-26 00:01:13 [INFO]   ✓ Bitget公告: 0 条
2026-07-26 00:01:13 [INFO]   ✓ Whale Alert: 0 条
2026-07-26 00:01:13 [INFO]   ✓ Fear & Greed Index: 1 条
2026-07-26 00:01:13 [INFO]   ✓ DeFi Llama: 0 条
2026-07-26 00:01:13 [INFO]   ✓ 雪球加密: 0 条
2026-07-26 00:01:13 [INFO] 📊 共抓取 33 条新闻
2026-07-26 00:01:13 [INFO] 📋 原始新闻已保存: reports/2026-07-26-08-raw.json (33 条)
2026-07-26 00:01:13 [INFO] 📋 标题摘要已保存: reports/2026-07-26-08-raw-titles.md
2026-07-26 00:01:13 [INFO] ✅ 抓取完成，共 33 条，已保存到 reports/2026-07-26-08-raw.json
2026-07-26 00:01:14 [INFO] 🤖 开始 AI 筛选 2026-07-26 08:00 币圈消息
2026-07-26 00:01:14 [INFO] 📋 已加载原始新闻: reports/2026-07-26-08-raw.json (33 条)
2026-07-26 00:01:14 [INFO] 📚 已加载历史新闻标题（15666 字符）
2026-07-26 00:01:14 [INFO] 📚 已加载历史筛选标题 0 条、URL 0 个，用于去重
2026-07-26 00:01:14 [INFO] 🔄 尝试 AI 提供商: deepseek
2026-07-26 00:01:14 [INFO] 🤖 使用 AI 提供商: deepseek (模型: deepseek-v4-flash)
2026-07-26 00:01:14 [INFO] 🤖 AI 筛选 [[deepseek] 1/6 策略=仅标题+链接 retry=0]（33 条，6960 字符，temp=0.3）
2026-07-26 00:01:15 [ERROR] AI 调用异常 ([deepseek] 1/6 策略=仅标题+链接 retry=0): Error code: 401 - {'error': {'message': 'Authentication Fails, Your api key: ****df0d is invalid', 'type': 'authentication_error', 'param': None, 'code': 'invalid_request_error'}}
2026-07-26 00:01:15 [WARNING] [[deepseek] 1/6 策略=仅标题+链接 retry=0] AI 调用失败或解析失败，继续下一次尝试
2026-07-26 00:01:15 [INFO] 🤖 AI 筛选 [[deepseek] 2/6 策略=仅标题+链接 retry=1]（33 条，6960 字符，temp=0.3）
2026-07-26 00:01:15 [ERROR] AI 调用异常 ([deepseek] 2/6 策略=仅标题+链接 retry=1): Error code: 401 - {'error': {'message': 'Authentication Fails, Your api key: ****df0d is invalid', 'type': 'authentication_error', 'param': None, 'code': 'invalid_request_error'}}
2026-07-26 00:01:15 [WARNING] [[deepseek] 2/6 策略=仅标题+链接 retry=1] AI 调用失败或解析失败，继续下一次尝试
2026-07-26 00:01:15 [INFO] 🤖 AI 筛选 [[deepseek] 3/6 策略=仅标题+链接 retry=2]（33 条，6960 字符，temp=0.3）
2026-07-26 00:01:16 [ERROR] AI 调用异常 ([deepseek] 3/6 策略=仅标题+链接 retry=2): Error code: 401 - {'error': {'message': 'Authentication Fails, Your api key: ****df0d is invalid', 'type': 'authentication_error', 'param': None, 'code': 'invalid_request_error'}}
2026-07-26 00:01:16 [WARNING] [[deepseek] 3/6 策略=仅标题+链接 retry=2] AI 调用失败或解析失败，继续下一次尝试
2026-07-26 00:01:16 [INFO] 🤖 AI 筛选 [[deepseek] 4/6 策略=完整内容 retry=0]（33 条，10198 字符，temp=0.3）
2026-07-26 00:01:16 [ERROR] AI 调用异常 ([deepseek] 4/6 策略=完整内容 retry=0): Error code: 401 - {'error': {'message': 'Authentication Fails, Your api key: ****df0d is invalid', 'type': 'authentication_error', 'param': None, 'code': 'invalid_request_error'}}
2026-07-26 00:01:16 [WARNING] [[deepseek] 4/6 策略=完整内容 retry=0] AI 调用失败或解析失败，继续下一次尝试
2026-07-26 00:01:16 [INFO] 🤖 AI 筛选 [[deepseek] 5/6 策略=完整内容 retry=1]（33 条，10198 字符，temp=0.3）
2026-07-26 00:01:17 [ERROR] AI 调用异常 ([deepseek] 5/6 策略=完整内容 retry=1): Error code: 401 - {'error': {'message': 'Authentication Fails, Your api key: ****df0d is invalid', 'type': 'authentication_error', 'param': None, 'code': 'invalid_request_error'}}
2026-07-26 00:01:17 [WARNING] [[deepseek] 5/6 策略=完整内容 retry=1] AI 调用失败或解析失败，继续下一次尝试
2026-07-26 00:01:17 [INFO] 🤖 AI 筛选 [[deepseek] 6/6 策略=仅标题（无历史） retry=0]（33 条，6960 字符，temp=0.3）
2026-07-26 00:01:17 [ERROR] AI 调用异常 ([deepseek] 6/6 策略=仅标题（无历史） retry=0): Error code: 401 - {'error': {'message': 'Authentication Fails, Your api key: ****df0d is invalid', 'type': 'authentication_error', 'param': None, 'code': 'invalid_request_error'}}
2026-07-26 00:01:17 [WARNING] [[deepseek] 6/6 策略=仅标题（无历史） retry=0] AI 调用失败或解析失败，继续下一次尝试
2026-07-26 00:01:17 [WARNING] [deepseek] 已达最大尝试次数 6，停止
2026-07-26 00:01:17 [INFO] ⚠️ deepseek 未能产出满意结果，尝试下一个提供商
2026-07-26 00:01:17 [INFO] 🔄 尝试 AI 提供商: zhipu
2026-07-26 00:01:17 [ERROR] 未设置环境变量 ZHIPU_API_KEY，无法使用 zhipu
2026-07-26 00:01:17 [INFO] ⚠️ zhipu 未能产出满意结果，尝试下一个提供商
2026-07-26 00:01:17 [INFO] 🔄 尝试 AI 提供商: kimi
2026-07-26 00:01:17 [ERROR] 未设置环境变量 KIMI_API_KEY，无法使用 kimi
2026-07-26 00:01:17 [INFO] ⚠️ kimi 未能产出满意结果，尝试下一个提供商
2026-07-26 00:01:17 [INFO] 🔄 尝试 AI 提供商: huoshan
2026-07-26 00:01:17 [ERROR] 未设置环境变量 HUOSHAN_API_KEY，无法使用 huoshan
2026-07-26 00:01:17 [INFO] ⚠️ huoshan 未能产出满意结果，尝试下一个提供商
2026-07-26 00:01:17 [ERROR] ❌ 所有提供商均失败，返回空列表
2026-07-26 00:01:17 [INFO] 📦 JSON 已保存: reports/2026-07-26-08.json
2026-07-26 00:01:17 [INFO] ✅ AI 筛选完成，共 0 条交易相关消息
2026-07-26 01:01:27 [INFO] 🚀 开始抓取 2026-07-26 09:00 币圈新闻
2026-07-26 01:01:27 [INFO] 📡 抓取 RSS 新闻源...
2026-07-26 01:01:27 [INFO] 📡 抓取交易所公告 & 链上数据...
2026-07-26 01:01:27 [INFO]   ⏭ Decrypt: 过滤掉 35 条非近期新闻
2026-07-26 01:01:27 [INFO]   ⏭ The Block: 过滤掉 20 条非近期新闻
2026-07-26 01:01:27 [INFO]   ⏭ CoinTelegraph: 过滤掉 30 条非近期新闻
2026-07-26 01:01:28 [INFO]   ⏭ CoinDesk: 过滤掉 25 条非近期新闻
2026-07-26 01:01:28 [WARNING] 解析失败 Bitget公告: 'NoneType' object is not subscriptable
2026-07-26 01:01:28 [INFO]   ⏭ Bitcoin Magazine: 过滤掉 10 条非近期新闻
2026-07-26 01:01:28 [INFO]   ⏭ Bloomberg Crypto: 过滤掉 50 条非近期新闻
2026-07-26 01:01:28 [INFO]   ⏭ Reuters Crypto: 过滤掉 50 条非近期新闻
2026-07-26 01:01:28 [INFO]   ⏭ 宏观经济: 过滤掉 50 条非近期新闻
2026-07-26 01:01:28 [INFO]   ⏭ CNBC Crypto: 过滤掉 50 条非近期新闻
2026-07-26 01:01:28 [INFO]   ⏭ Reddit r/cryptocurrency: 过滤掉 23 条非近期新闻
2026-07-26 01:01:28 [INFO]   ⏭ Blockworks: 过滤掉 50 条非近期新闻
2026-07-26 01:01:28 [INFO]   ⏭ DL News: 过滤掉 50 条非近期新闻
2026-07-26 01:01:28 [INFO]   ⏭ Decrypt: 过滤掉 50 条非近期新闻
2026-07-26 01:01:28 [INFO]   ⏭ 宏观经济: 过滤掉 50 条非近期新闻
2026-07-26 01:01:28 [INFO]   ⏭ Bitcoin Magazine: 过滤掉 50 条非近期新闻
2026-07-26 01:01:28 [INFO]   ⏭ Blockworks: 过滤掉 3 条非近期新闻
2026-07-26 01:01:28 [INFO]   ⏭ DeFi Llama: 过滤掉 50 条非近期新闻
2026-07-26 01:01:28 [INFO]   ⏭ 吴说区块链: 过滤掉 48 条非近期新闻
2026-07-26 01:01:29 [INFO]   ⏭ 雪球加密: 过滤掉 50 条非近期新闻
2026-07-26 01:01:29 [INFO]   ⏭ The Block: 过滤掉 50 条非近期新闻
2026-07-26 01:01:29 [INFO]   ⏭ CoinDesk: 过滤掉 50 条非近期新闻
2026-07-26 01:01:29 [INFO]   ⏭ Crypto Twitter: 过滤掉 48 条非近期新闻
2026-07-26 01:01:29 [INFO]   ⏭ 律动BlockBeats: 过滤掉 50 条非近期新闻
2026-07-26 01:01:30 [INFO]   ⏭ PANews: 过滤掉 50 条非近期新闻
2026-07-26 01:01:32 [INFO]   ⏭ CoinTelegraph: 过滤掉 25 条非近期新闻
2026-07-26 01:01:32 [INFO]   ⏭ CoinTelegraph: 过滤掉 50 条非近期新闻
2026-07-26 01:01:33 [INFO]   ⏭ 金色财经: 过滤掉 16 条非近期新闻
2026-07-26 01:01:33 [INFO]   ✓ CoinDesk: 0 条
2026-07-26 01:01:33 [INFO]   ✓ The Block: 0 条
2026-07-26 01:01:33 [INFO]   ✓ Decrypt: 0 条
2026-07-26 01:01:33 [INFO]   ✓ CoinTelegraph: 0 条
2026-07-26 01:01:33 [INFO]   ✓ Bitcoin Magazine: 0 条
2026-07-26 01:01:33 [INFO]   ✓ Blockworks: 0 条
2026-07-26 01:01:33 [INFO]   ✓ DL News: 0 条
2026-07-26 01:01:33 [INFO]   ✓ 金色财经: 4 条
2026-07-26 01:01:33 [INFO]   ✓ PANews: 0 条
2026-07-26 01:01:33 [INFO]   ✓ 律动BlockBeats: 0 条
2026-07-26 01:01:33 [INFO]   ✓ 吴说区块链: 0 条
2026-07-26 01:01:33 [INFO]   ✓ Bloomberg Crypto: 0 条
2026-07-26 01:01:33 [INFO]   ✓ Reuters Crypto: 0 条
2026-07-26 01:01:33 [INFO]   ✓ CNBC Crypto: 0 条
2026-07-26 01:01:33 [INFO]   ✓ Reddit r/cryptocurrency: 2 条
2026-07-26 01:01:33 [INFO]   ✓ Reddit r/bitcoin: 0 条
2026-07-26 01:01:33 [INFO]   ✓ Crypto Twitter: 2 条
2026-07-26 01:01:33 [INFO]   ✓ 宏观经济: 0 条
2026-07-26 01:01:33 [INFO]   ✓ Binance公告: 20 条
2026-07-26 01:01:33 [INFO]   ✓ OKX公告: 0 条
2026-07-26 01:01:33 [INFO]   ✓ Bitget公告: 0 条
2026-07-26 01:01:33 [INFO]   ✓ Whale Alert: 0 条
2026-07-26 01:01:33 [INFO]   ✓ Fear & Greed Index: 1 条
2026-07-26 01:01:33 [INFO]   ✓ DeFi Llama: 0 条
2026-07-26 01:01:33 [INFO]   ✓ 雪球加密: 0 条
2026-07-26 01:01:33 [INFO] 📊 共抓取 29 条新闻
2026-07-26 01:01:33 [INFO] 📋 原始新闻已保存: reports/2026-07-26-09-raw.json (29 条)
2026-07-26 01:01:33 [INFO] 📋 标题摘要已保存: reports/2026-07-26-09-raw-titles.md
2026-07-26 01:01:33 [INFO] ✅ 抓取完成，共 29 条，已保存到 reports/2026-07-26-09-raw.json
2026-07-26 01:01:34 [INFO] 🤖 开始 AI 筛选 2026-07-26 09:00 币圈消息
2026-07-26 01:01:34 [INFO] 📋 已加载原始新闻: reports/2026-07-26-09-raw.json (29 条)
2026-07-26 01:01:34 [INFO] 📚 已加载历史新闻标题（15560 字符）
2026-07-26 01:01:34 [INFO] 📚 已加载历史筛选标题 0 条、URL 0 个，用于去重
2026-07-26 01:01:34 [INFO] 🔄 尝试 AI 提供商: deepseek
2026-07-26 01:01:34 [INFO] 🤖 使用 AI 提供商: deepseek (模型: deepseek-v4-flash)
2026-07-26 01:01:34 [INFO] 🤖 AI 筛选 [[deepseek] 1/6 策略=仅标题+链接 retry=0]（29 条，5212 字符，temp=0.3）
2026-07-26 01:01:35 [ERROR] AI 调用异常 ([deepseek] 1/6 策略=仅标题+链接 retry=0): Error code: 401 - {'error': {'message': 'Authentication Fails, Your api key: ****df0d is invalid', 'type': 'authentication_error', 'param': None, 'code': 'invalid_request_error'}}
2026-07-26 01:01:35 [WARNING] [[deepseek] 1/6 策略=仅标题+链接 retry=0] AI 调用失败或解析失败，继续下一次尝试
2026-07-26 01:01:35 [INFO] 🤖 AI 筛选 [[deepseek] 2/6 策略=仅标题+链接 retry=1]（29 条，5212 字符，temp=0.3）
2026-07-26 01:01:35 [ERROR] AI 调用异常 ([deepseek] 2/6 策略=仅标题+链接 retry=1): Error code: 401 - {'error': {'message': 'Authentication Fails, Your api key: ****df0d is invalid', 'type': 'authentication_error', 'param': None, 'code': 'invalid_request_error'}}
2026-07-26 01:01:35 [WARNING] [[deepseek] 2/6 策略=仅标题+链接 retry=1] AI 调用失败或解析失败，继续下一次尝试
2026-07-26 01:01:35 [INFO] 🤖 AI 筛选 [[deepseek] 3/6 策略=仅标题+链接 retry=2]（29 条，5212 字符，temp=0.3）
2026-07-26 01:01:36 [ERROR] AI 调用异常 ([deepseek] 3/6 策略=仅标题+链接 retry=2): Error code: 401 - {'error': {'message': 'Authentication Fails, Your api key: ****df0d is invalid', 'type': 'authentication_error', 'param': None, 'code': 'invalid_request_error'}}
2026-07-26 01:01:36 [WARNING] [[deepseek] 3/6 策略=仅标题+链接 retry=2] AI 调用失败或解析失败，继续下一次尝试
2026-07-26 01:01:36 [INFO] 🤖 AI 筛选 [[deepseek] 4/6 策略=完整内容 retry=0]（29 条，8478 字符，temp=0.3）
2026-07-26 01:01:36 [ERROR] AI 调用异常 ([deepseek] 4/6 策略=完整内容 retry=0): Error code: 401 - {'error': {'message': 'Authentication Fails, Your api key: ****df0d is invalid', 'type': 'authentication_error', 'param': None, 'code': 'invalid_request_error'}}
2026-07-26 01:01:36 [WARNING] [[deepseek] 4/6 策略=完整内容 retry=0] AI 调用失败或解析失败，继续下一次尝试
2026-07-26 01:01:36 [INFO] 🤖 AI 筛选 [[deepseek] 5/6 策略=完整内容 retry=1]（29 条，8478 字符，temp=0.3）
2026-07-26 01:01:36 [ERROR] AI 调用异常 ([deepseek] 5/6 策略=完整内容 retry=1): Error code: 401 - {'error': {'message': 'Authentication Fails, Your api key: ****df0d is invalid', 'type': 'authentication_error', 'param': None, 'code': 'invalid_request_error'}}
2026-07-26 01:01:36 [WARNING] [[deepseek] 5/6 策略=完整内容 retry=1] AI 调用失败或解析失败，继续下一次尝试
2026-07-26 01:01:36 [INFO] 🤖 AI 筛选 [[deepseek] 6/6 策略=仅标题（无历史） retry=0]（29 条，5212 字符，temp=0.3）
2026-07-26 01:01:37 [ERROR] AI 调用异常 ([deepseek] 6/6 策略=仅标题（无历史） retry=0): Error code: 401 - {'error': {'message': 'Authentication Fails, Your api key: ****df0d is invalid', 'type': 'authentication_error', 'param': None, 'code': 'invalid_request_error'}}
2026-07-26 01:01:37 [WARNING] [[deepseek] 6/6 策略=仅标题（无历史） retry=0] AI 调用失败或解析失败，继续下一次尝试
2026-07-26 01:01:37 [WARNING] [deepseek] 已达最大尝试次数 6，停止
2026-07-26 01:01:37 [INFO] ⚠️ deepseek 未能产出满意结果，尝试下一个提供商
2026-07-26 01:01:37 [INFO] 🔄 尝试 AI 提供商: zhipu
2026-07-26 01:01:37 [ERROR] 未设置环境变量 ZHIPU_API_KEY，无法使用 zhipu
2026-07-26 01:01:37 [INFO] ⚠️ zhipu 未能产出满意结果，尝试下一个提供商
2026-07-26 01:01:37 [INFO] 🔄 尝试 AI 提供商: kimi
2026-07-26 01:01:37 [ERROR] 未设置环境变量 KIMI_API_KEY，无法使用 kimi
2026-07-26 01:01:37 [INFO] ⚠️ kimi 未能产出满意结果，尝试下一个提供商
2026-07-26 01:01:37 [INFO] 🔄 尝试 AI 提供商: huoshan
2026-07-26 01:01:37 [ERROR] 未设置环境变量 HUOSHAN_API_KEY，无法使用 huoshan
2026-07-26 01:01:37 [INFO] ⚠️ huoshan 未能产出满意结果，尝试下一个提供商
2026-07-26 01:01:37 [ERROR] ❌ 所有提供商均失败，返回空列表
2026-07-26 01:01:37 [INFO] 📦 JSON 已保存: reports/2026-07-26-09.json
2026-07-26 01:01:37 [INFO] ✅ AI 筛选完成，共 0 条交易相关消息
2026-07-26 02:00:49 [INFO] 🚀 开始抓取 2026-07-26 10:00 币圈新闻
2026-07-26 02:00:49 [INFO] 📡 抓取 RSS 新闻源...
2026-07-26 02:00:49 [INFO] 📡 抓取交易所公告 & 链上数据...
2026-07-26 02:00:50 [INFO]   ⏭ Decrypt: 过滤掉 35 条非近期新闻
2026-07-26 02:00:50 [INFO]   ⏭ The Block: 过滤掉 20 条非近期新闻
2026-07-26 02:00:50 [INFO]   ⏭ CoinTelegraph: 过滤掉 30 条非近期新闻
2026-07-26 02:00:50 [WARNING] 解析失败 Bitget公告: 'NoneType' object is not subscriptable
2026-07-26 02:00:50 [INFO]   ⏭ Reuters Crypto: 过滤掉 50 条非近期新闻
2026-07-26 02:00:50 [INFO]   ⏭ Bloomberg Crypto: 过滤掉 50 条非近期新闻
2026-07-26 02:00:50 [INFO]   ⏭ 宏观经济: 过滤掉 50 条非近期新闻
2026-07-26 02:00:50 [INFO]   ⏭ Reddit r/cryptocurrency: 过滤掉 23 条非近期新闻
2026-07-26 02:00:50 [INFO]   ⏭ CNBC Crypto: 过滤掉 50 条非近期新闻
2026-07-26 02:00:50 [INFO]   ⏭ Bitcoin Magazine: 过滤掉 10 条非近期新闻
2026-07-26 02:00:50 [INFO]   ⏭ CoinDesk: 过滤掉 25 条非近期新闻
2026-07-26 02:00:50 [INFO]   ⏭ Blockworks: 过滤掉 50 条非近期新闻
2026-07-26 02:00:51 [INFO]   ⏭ 宏观经济: 过滤掉 50 条非近期新闻
2026-07-26 02:00:51 [INFO]   ⏭ DL News: 过滤掉 50 条非近期新闻
2026-07-26 02:00:51 [INFO]   ⏭ Bitcoin Magazine: 过滤掉 50 条非近期新闻
2026-07-26 02:00:51 [INFO]   ⏭ Decrypt: 过滤掉 50 条非近期新闻
2026-07-26 02:00:51 [INFO]   ⏭ Blockworks: 过滤掉 3 条非近期新闻
2026-07-26 02:00:51 [INFO]   ⏭ DeFi Llama: 过滤掉 50 条非近期新闻
2026-07-26 02:00:51 [INFO]   ⏭ 吴说区块链: 过滤掉 50 条非近期新闻
2026-07-26 02:00:51 [INFO]   ⏭ 雪球加密: 过滤掉 50 条非近期新闻
2026-07-26 02:00:51 [INFO]   ⏭ Crypto Twitter: 过滤掉 48 条非近期新闻
2026-07-26 02:00:51 [INFO]   ⏭ The Block: 过滤掉 50 条非近期新闻
2026-07-26 02:00:51 [INFO]   ⏭ CoinDesk: 过滤掉 50 条非近期新闻
2026-07-26 02:01:05 [DEBUG] 请求失败 https://rsshub.rssforever.com/theblockbeats/newsflash: 
2026-07-26 02:01:05 [DEBUG] 请求失败 https://rsshub.rssforever.com/jinse/lives: 
2026-07-26 02:01:05 [DEBUG] 请求失败 https://rsshub.rssforever.com/panewslab/news: 
2026-07-26 02:01:06 [DEBUG] 请求失败 https://rsshub.rssforever.com/cointelegraph: 
2026-07-26 02:01:06 [INFO]   ⏭ 律动BlockBeats: 过滤掉 50 条非近期新闻
2026-07-26 02:01:06 [INFO]   ⏭ PANews: 过滤掉 50 条非近期新闻
2026-07-26 02:01:06 [INFO]   ⏭ CoinTelegraph: 过滤掉 50 条非近期新闻
2026-07-26 02:01:06 [INFO]   ✓ CoinDesk: 0 条
2026-07-26 02:01:06 [INFO]   ✓ The Block: 0 条
2026-07-26 02:01:06 [INFO]   ✓ Decrypt: 0 条
2026-07-26 02:01:06 [INFO]   ✓ CoinTelegraph: 0 条
2026-07-26 02:01:06 [INFO]   ✓ Bitcoin Magazine: 0 条
2026-07-26 02:01:06 [INFO]   ✓ Blockworks: 0 条
2026-07-26 02:01:06 [INFO]   ✓ DL News: 0 条
2026-07-26 02:01:06 [INFO]   ✓ 金色财经: 0 条
2026-07-26 02:01:06 [INFO]   ✓ PANews: 0 条
2026-07-26 02:01:06 [INFO]   ✓ 律动BlockBeats: 0 条
2026-07-26 02:01:06 [INFO]   ✓ 吴说区块链: 0 条
2026-07-26 02:01:06 [INFO]   ✓ Bloomberg Crypto: 0 条
2026-07-26 02:01:06 [INFO]   ✓ Reuters Crypto: 0 条
2026-07-26 02:01:06 [INFO]   ✓ CNBC Crypto: 0 条
2026-07-26 02:01:06 [INFO]   ✓ Reddit r/cryptocurrency: 2 条
2026-07-26 02:01:06 [INFO]   ✓ Reddit r/bitcoin: 0 条
2026-07-26 02:01:06 [INFO]   ✓ Crypto Twitter: 2 条
2026-07-26 02:01:06 [INFO]   ✓ 宏观经济: 0 条
2026-07-26 02:01:06 [INFO]   ✓ Binance公告: 20 条
2026-07-26 02:01:06 [INFO]   ✓ OKX公告: 0 条
2026-07-26 02:01:06 [INFO]   ✓ Bitget公告: 0 条
2026-07-26 02:01:06 [INFO]   ✓ Whale Alert: 0 条
2026-07-26 02:01:06 [INFO]   ✓ Fear & Greed Index: 1 条
2026-07-26 02:01:06 [INFO]   ✓ DeFi Llama: 0 条
2026-07-26 02:01:06 [INFO]   ✓ 雪球加密: 0 条
2026-07-26 02:01:06 [INFO] 📊 共抓取 25 条新闻
2026-07-26 02:01:06 [INFO] 📋 原始新闻已保存: reports/2026-07-26-10-raw.json (25 条)
2026-07-26 02:01:06 [INFO] 📋 标题摘要已保存: reports/2026-07-26-10-raw-titles.md
2026-07-26 02:01:06 [INFO] ✅ 抓取完成，共 25 条，已保存到 reports/2026-07-26-10-raw.json
2026-07-26 02:01:07 [INFO] 🤖 开始 AI 筛选 2026-07-26 10:00 币圈消息
2026-07-26 02:01:07 [INFO] 📋 已加载原始新闻: reports/2026-07-26-10-raw.json (25 条)
2026-07-26 02:01:07 [INFO] 📚 已加载历史新闻标题（15468 字符）
2026-07-26 02:01:07 [INFO] 📚 已加载历史筛选标题 0 条、URL 0 个，用于去重
2026-07-26 02:01:07 [INFO] 🔄 尝试 AI 提供商: deepseek
2026-07-26 02:01:07 [INFO] 🤖 使用 AI 提供商: deepseek (模型: deepseek-v4-flash)
2026-07-26 02:01:07 [INFO] 🤖 AI 筛选 [[deepseek] 1/6 策略=仅标题+链接 retry=0]（25 条，5048 字符，temp=0.3）
2026-07-26 02:01:08 [ERROR] AI 调用异常 ([deepseek] 1/6 策略=仅标题+链接 retry=0): Error code: 401 - {'error': {'message': 'Authentication Fails, Your api key: ****df0d is invalid', 'type': 'authentication_error', 'param': None, 'code': 'invalid_request_error'}}
2026-07-26 02:01:08 [WARNING] [[deepseek] 1/6 策略=仅标题+链接 retry=0] AI 调用失败或解析失败，继续下一次尝试
2026-07-26 02:01:08 [INFO] 🤖 AI 筛选 [[deepseek] 2/6 策略=仅标题+链接 retry=1]（25 条，5048 字符，temp=0.3）
2026-07-26 02:01:08 [ERROR] AI 调用异常 ([deepseek] 2/6 策略=仅标题+链接 retry=1): Error code: 401 - {'error': {'message': 'Authentication Fails, Your api key: ****df0d is invalid', 'type': 'authentication_error', 'param': None, 'code': 'invalid_request_error'}}
2026-07-26 02:01:08 [WARNING] [[deepseek] 2/6 策略=仅标题+链接 retry=1] AI 调用失败或解析失败，继续下一次尝试
2026-07-26 02:01:08 [INFO] 🤖 AI 筛选 [[deepseek] 3/6 策略=仅标题+链接 retry=2]（25 条，5048 字符，temp=0.3）
2026-07-26 02:01:08 [ERROR] AI 调用异常 ([deepseek] 3/6 策略=仅标题+链接 retry=2): Error code: 401 - {'error': {'message': 'Authentication Fails, Your api key: ****df0d is invalid', 'type': 'authentication_error', 'param': None, 'code': 'invalid_request_error'}}
2026-07-26 02:01:08 [WARNING] [[deepseek] 3/6 策略=仅标题+链接 retry=2] AI 调用失败或解析失败，继续下一次尝试
2026-07-26 02:01:08 [INFO] 🤖 AI 筛选 [[deepseek] 4/6 策略=完整内容 retry=0]（25 条，7450 字符，temp=0.3）
2026-07-26 02:01:09 [ERROR] AI 调用异常 ([deepseek] 4/6 策略=完整内容 retry=0): Error code: 401 - {'error': {'message': 'Authentication Fails, Your api key: ****df0d is invalid', 'type': 'authentication_error', 'param': None, 'code': 'invalid_request_error'}}
2026-07-26 02:01:09 [WARNING] [[deepseek] 4/6 策略=完整内容 retry=0] AI 调用失败或解析失败，继续下一次尝试
2026-07-26 02:01:09 [INFO] 🤖 AI 筛选 [[deepseek] 5/6 策略=完整内容 retry=1]（25 条，7450 字符，temp=0.3）
2026-07-26 02:01:09 [ERROR] AI 调用异常 ([deepseek] 5/6 策略=完整内容 retry=1): Error code: 401 - {'error': {'message': 'Authentication Fails, Your api key: ****df0d is invalid', 'type': 'authentication_error', 'param': None, 'code': 'invalid_request_error'}}
2026-07-26 02:01:09 [WARNING] [[deepseek] 5/6 策略=完整内容 retry=1] AI 调用失败或解析失败，继续下一次尝试
2026-07-26 02:01:09 [INFO] 🤖 AI 筛选 [[deepseek] 6/6 策略=仅标题（无历史） retry=0]（25 条，5048 字符，temp=0.3）
2026-07-26 02:01:10 [ERROR] AI 调用异常 ([deepseek] 6/6 策略=仅标题（无历史） retry=0): Error code: 401 - {'error': {'message': 'Authentication Fails, Your api key: ****df0d is invalid', 'type': 'authentication_error', 'param': None, 'code': 'invalid_request_error'}}
2026-07-26 02:01:10 [WARNING] [[deepseek] 6/6 策略=仅标题（无历史） retry=0] AI 调用失败或解析失败，继续下一次尝试
2026-07-26 02:01:10 [WARNING] [deepseek] 已达最大尝试次数 6，停止
2026-07-26 02:01:10 [INFO] ⚠️ deepseek 未能产出满意结果，尝试下一个提供商
2026-07-26 02:01:10 [INFO] 🔄 尝试 AI 提供商: zhipu
2026-07-26 02:01:10 [ERROR] 未设置环境变量 ZHIPU_API_KEY，无法使用 zhipu
2026-07-26 02:01:10 [INFO] ⚠️ zhipu 未能产出满意结果，尝试下一个提供商
2026-07-26 02:01:10 [INFO] 🔄 尝试 AI 提供商: kimi
2026-07-26 02:01:10 [ERROR] 未设置环境变量 KIMI_API_KEY，无法使用 kimi
2026-07-26 02:01:10 [INFO] ⚠️ kimi 未能产出满意结果，尝试下一个提供商
2026-07-26 02:01:10 [INFO] 🔄 尝试 AI 提供商: huoshan
2026-07-26 02:01:10 [ERROR] 未设置环境变量 HUOSHAN_API_KEY，无法使用 huoshan
2026-07-26 02:01:10 [INFO] ⚠️ huoshan 未能产出满意结果，尝试下一个提供商
2026-07-26 02:01:10 [ERROR] ❌ 所有提供商均失败，返回空列表
2026-07-26 02:01:10 [INFO] 📦 JSON 已保存: reports/2026-07-26-10.json
2026-07-26 02:01:10 [INFO] ✅ AI 筛选完成，共 0 条交易相关消息
2026-07-26 03:00:52 [INFO] 🚀 开始抓取 2026-07-26 11:00 币圈新闻
2026-07-26 03:00:52 [INFO] 📡 抓取 RSS 新闻源...
2026-07-26 03:00:52 [INFO] 📡 抓取交易所公告 & 链上数据...
2026-07-26 03:00:53 [INFO]   ⏭ CoinTelegraph: 过滤掉 29 条非近期新闻
2026-07-26 03:00:53 [INFO]   ⏭ The Block: 过滤掉 20 条非近期新闻
2026-07-26 03:00:53 [INFO]   ⏭ Decrypt: 过滤掉 35 条非近期新闻
2026-07-26 03:00:53 [WARNING] 解析失败 Bitget公告: 'NoneType' object is not subscriptable
2026-07-26 03:00:53 [INFO]   ⏭ Bloomberg Crypto: 过滤掉 50 条非近期新闻
2026-07-26 03:00:53 [INFO]   ⏭ Reuters Crypto: 过滤掉 50 条非近期新闻
2026-07-26 03:00:53 [INFO]   ⏭ 宏观经济: 过滤掉 50 条非近期新闻
2026-07-26 03:00:53 [INFO]   ⏭ CNBC Crypto: 过滤掉 50 条非近期新闻
2026-07-26 03:00:53 [INFO]   ⏭ Reddit r/bitcoin: 过滤掉 23 条非近期新闻
2026-07-26 03:00:53 [INFO]   ⏭ Bitcoin Magazine: 过滤掉 10 条非近期新闻
2026-07-26 03:00:53 [INFO]   ⏭ 宏观经济: 过滤掉 50 条非近期新闻
2026-07-26 03:00:54 [INFO]   ⏭ Blockworks: 过滤掉 50 条非近期新闻
2026-07-26 03:00:54 [INFO]   ⏭ CoinDesk: 过滤掉 25 条非近期新闻
2026-07-26 03:00:54 [INFO]   ⏭ Bitcoin Magazine: 过滤掉 50 条非近期新闻
2026-07-26 03:00:54 [INFO]   ⏭ Decrypt: 过滤掉 50 条非近期新闻
2026-07-26 03:00:54 [INFO]   ⏭ DL News: 过滤掉 50 条非近期新闻
2026-07-26 03:00:54 [INFO]   ⏭ Blockworks: 过滤掉 3 条非近期新闻
2026-07-26 03:00:54 [INFO]   ⏭ DeFi Llama: 过滤掉 50 条非近期新闻
2026-07-26 03:00:54 [INFO]   ⏭ 吴说区块链: 过滤掉 50 条非近期新闻
2026-07-26 03:00:54 [INFO]   ⏭ 雪球加密: 过滤掉 50 条非近期新闻
2026-07-26 03:00:54 [INFO]   ⏭ The Block: 过滤掉 50 条非近期新闻
2026-07-26 03:00:54 [INFO]   ⏭ Crypto Twitter: 过滤掉 48 条非近期新闻
2026-07-26 03:00:54 [INFO]   ⏭ CoinDesk: 过滤掉 50 条非近期新闻
2026-07-26 03:01:08 [DEBUG] 请求失败 https://rsshub.rssforever.com/panewslab/news: 
2026-07-26 03:01:08 [DEBUG] 请求失败 https://rsshub.rssforever.com/jinse/lives: 
2026-07-26 03:01:08 [DEBUG] 请求失败 https://rsshub.rssforever.com/theblockbeats/newsflash: 
2026-07-26 03:01:09 [INFO]   ⏭ 律动BlockBeats: 过滤掉 50 条非近期新闻
2026-07-26 03:01:09 [INFO]   ⏭ PANews: 过滤掉 50 条非近期新闻
2026-07-26 03:01:09 [INFO]   ✓ CoinDesk: 0 条
2026-07-26 03:01:09 [INFO]   ✓ The Block: 0 条
2026-07-26 03:01:09 [INFO]   ✓ Decrypt: 0 条
2026-07-26 03:01:09 [INFO]   ✓ CoinTelegraph: 1 条
2026-07-26 03:01:09 [INFO]   ✓ Bitcoin Magazine: 0 条
2026-07-26 03:01:09 [INFO]   ✓ Blockworks: 0 条
2026-07-26 03:01:09 [INFO]   ✓ DL News: 0 条
2026-07-26 03:01:09 [INFO]   ✓ 金色财经: 0 条
2026-07-26 03:01:09 [INFO]   ✓ PANews: 0 条
2026-07-26 03:01:09 [INFO]   ✓ 律动BlockBeats: 0 条
2026-07-26 03:01:09 [INFO]   ✓ 吴说区块链: 0 条
2026-07-26 03:01:09 [INFO]   ✓ Bloomberg Crypto: 0 条
2026-07-26 03:01:09 [INFO]   ✓ Reuters Crypto: 0 条
2026-07-26 03:01:09 [INFO]   ✓ CNBC Crypto: 0 条
2026-07-26 03:01:09 [INFO]   ✓ Reddit r/cryptocurrency: 0 条
2026-07-26 03:01:09 [INFO]   ✓ Reddit r/bitcoin: 2 条
2026-07-26 03:01:09 [INFO]   ✓ Crypto Twitter: 2 条
2026-07-26 03:01:09 [INFO]   ✓ 宏观经济: 0 条
2026-07-26 03:01:09 [INFO]   ✓ Binance公告: 20 条
2026-07-26 03:01:09 [INFO]   ✓ OKX公告: 0 条
2026-07-26 03:01:09 [INFO]   ✓ Bitget公告: 0 条
2026-07-26 03:01:09 [INFO]   ✓ Whale Alert: 0 条
2026-07-26 03:01:09 [INFO]   ✓ Fear & Greed Index: 1 条
2026-07-26 03:01:09 [INFO]   ✓ DeFi Llama: 0 条
2026-07-26 03:01:09 [INFO]   ✓ 雪球加密: 0 条
2026-07-26 03:01:09 [INFO] 📊 共抓取 26 条新闻
2026-07-26 03:01:09 [INFO] 📋 原始新闻已保存: reports/2026-07-26-11-raw.json (26 条)
2026-07-26 03:01:09 [INFO] 📋 标题摘要已保存: reports/2026-07-26-11-raw-titles.md
2026-07-26 03:01:09 [INFO] ✅ 抓取完成，共 26 条，已保存到 reports/2026-07-26-11-raw.json
2026-07-26 03:01:10 [INFO] 🤖 开始 AI 筛选 2026-07-26 11:00 币圈消息
2026-07-26 03:01:10 [INFO] 📋 已加载原始新闻: reports/2026-07-26-11-raw.json (26 条)
2026-07-26 03:01:10 [INFO] 📚 已加载历史新闻标题（15112 字符）
2026-07-26 03:01:10 [INFO] 📚 已加载历史筛选标题 0 条、URL 0 个，用于去重
2026-07-26 03:01:10 [INFO] 🔄 尝试 AI 提供商: deepseek
2026-07-26 03:01:10 [INFO] 🤖 使用 AI 提供商: deepseek (模型: deepseek-v4-flash)
2026-07-26 03:01:10 [INFO] 🤖 AI 筛选 [[deepseek] 1/6 策略=仅标题+链接 retry=0]（26 条，5197 字符，temp=0.3）
2026-07-26 03:01:11 [ERROR] AI 调用异常 ([deepseek] 1/6 策略=仅标题+链接 retry=0): Error code: 401 - {'error': {'message': 'Authentication Fails, Your api key: ****df0d is invalid', 'type': 'authentication_error', 'param': None, 'code': 'invalid_request_error'}}
2026-07-26 03:01:11 [WARNING] [[deepseek] 1/6 策略=仅标题+链接 retry=0] AI 调用失败或解析失败，继续下一次尝试
2026-07-26 03:01:11 [INFO] 🤖 AI 筛选 [[deepseek] 2/6 策略=仅标题+链接 retry=1]（26 条，5197 字符，temp=0.3）
2026-07-26 03:01:11 [ERROR] AI 调用异常 ([deepseek] 2/6 策略=仅标题+链接 retry=1): Error code: 401 - {'error': {'message': 'Authentication Fails, Your api key: ****df0d is invalid', 'type': 'authentication_error', 'param': None, 'code': 'invalid_request_error'}}
2026-07-26 03:01:11 [WARNING] [[deepseek] 2/6 策略=仅标题+链接 retry=1] AI 调用失败或解析失败，继续下一次尝试
2026-07-26 03:01:11 [INFO] 🤖 AI 筛选 [[deepseek] 3/6 策略=仅标题+链接 retry=2]（26 条，5197 字符，temp=0.3）
2026-07-26 03:01:12 [ERROR] AI 调用异常 ([deepseek] 3/6 策略=仅标题+链接 retry=2): Error code: 401 - {'error': {'message': 'Authentication Fails, Your api key: ****df0d is invalid', 'type': 'authentication_error', 'param': None, 'code': 'invalid_request_error'}}
2026-07-26 03:01:12 [WARNING] [[deepseek] 3/6 策略=仅标题+链接 retry=2] AI 调用失败或解析失败，继续下一次尝试
2026-07-26 03:01:12 [INFO] 🤖 AI 筛选 [[deepseek] 4/6 策略=完整内容 retry=0]（26 条，7736 字符，temp=0.3）
2026-07-26 03:01:12 [ERROR] AI 调用异常 ([deepseek] 4/6 策略=完整内容 retry=0): Error code: 401 - {'error': {'message': 'Authentication Fails, Your api key: ****df0d is invalid', 'type': 'authentication_error', 'param': None, 'code': 'invalid_request_error'}}
2026-07-26 03:01:12 [WARNING] [[deepseek] 4/6 策略=完整内容 retry=0] AI 调用失败或解析失败，继续下一次尝试
2026-07-26 03:01:12 [INFO] 🤖 AI 筛选 [[deepseek] 5/6 策略=完整内容 retry=1]（26 条，7736 字符，temp=0.3）
2026-07-26 03:01:12 [ERROR] AI 调用异常 ([deepseek] 5/6 策略=完整内容 retry=1): Error code: 401 - {'error': {'message': 'Authentication Fails, Your api key: ****df0d is invalid', 'type': 'authentication_error', 'param': None, 'code': 'invalid_request_error'}}
2026-07-26 03:01:12 [WARNING] [[deepseek] 5/6 策略=完整内容 retry=1] AI 调用失败或解析失败，继续下一次尝试
2026-07-26 03:01:12 [INFO] 🤖 AI 筛选 [[deepseek] 6/6 策略=仅标题（无历史） retry=0]（26 条，5197 字符，temp=0.3）
2026-07-26 03:01:13 [ERROR] AI 调用异常 ([deepseek] 6/6 策略=仅标题（无历史） retry=0): Error code: 401 - {'error': {'message': 'Authentication Fails, Your api key: ****df0d is invalid', 'type': 'authentication_error', 'param': None, 'code': 'invalid_request_error'}}
2026-07-26 03:01:13 [WARNING] [[deepseek] 6/6 策略=仅标题（无历史） retry=0] AI 调用失败或解析失败，继续下一次尝试
2026-07-26 03:01:13 [WARNING] [deepseek] 已达最大尝试次数 6，停止
2026-07-26 03:01:13 [INFO] ⚠️ deepseek 未能产出满意结果，尝试下一个提供商
2026-07-26 03:01:13 [INFO] 🔄 尝试 AI 提供商: zhipu
2026-07-26 03:01:13 [ERROR] 未设置环境变量 ZHIPU_API_KEY，无法使用 zhipu
2026-07-26 03:01:13 [INFO] ⚠️ zhipu 未能产出满意结果，尝试下一个提供商
2026-07-26 03:01:13 [INFO] 🔄 尝试 AI 提供商: kimi
2026-07-26 03:01:13 [ERROR] 未设置环境变量 KIMI_API_KEY，无法使用 kimi
2026-07-26 03:01:13 [INFO] ⚠️ kimi 未能产出满意结果，尝试下一个提供商
2026-07-26 03:01:13 [INFO] 🔄 尝试 AI 提供商: huoshan
2026-07-26 03:01:13 [ERROR] 未设置环境变量 HUOSHAN_API_KEY，无法使用 huoshan
2026-07-26 03:01:13 [INFO] ⚠️ huoshan 未能产出满意结果，尝试下一个提供商
2026-07-26 03:01:13 [ERROR] ❌ 所有提供商均失败，返回空列表
2026-07-26 03:01:13 [INFO] 📦 JSON 已保存: reports/2026-07-26-11.json
2026-07-26 03:01:13 [INFO] ✅ AI 筛选完成，共 0 条交易相关消息
2026-07-26 04:00:51 [INFO] 🚀 开始抓取 2026-07-26 12:00 币圈新闻
2026-07-26 04:00:51 [INFO] 📡 抓取 RSS 新闻源...
2026-07-26 04:00:51 [INFO] 📡 抓取交易所公告 & 链上数据...
2026-07-26 04:00:51 [INFO]   ⏭ CoinTelegraph: 过滤掉 30 条非近期新闻
2026-07-26 04:00:51 [INFO]   ⏭ Decrypt: 过滤掉 35 条非近期新闻
2026-07-26 04:00:51 [INFO]   ⏭ The Block: 过滤掉 20 条非近期新闻
2026-07-26 04:00:52 [INFO]   ⏭ Bloomberg Crypto: 过滤掉 50 条非近期新闻
2026-07-26 04:00:52 [WARNING] 解析失败 Bitget公告: 'NoneType' object is not subscriptable
2026-07-26 04:00:52 [INFO]   ⏭ Reuters Crypto: 过滤掉 50 条非近期新闻
2026-07-26 04:00:52 [INFO]   ⏭ Reddit r/cryptocurrency: 过滤掉 25 条非近期新闻
2026-07-26 04:00:52 [INFO]   ⏭ 宏观经济: 过滤掉 50 条非近期新闻
2026-07-26 04:00:52 [INFO]   ⏭ CNBC Crypto: 过滤掉 50 条非近期新闻
2026-07-26 04:00:52 [INFO]   ⏭ Bitcoin Magazine: 过滤掉 10 条非近期新闻
2026-07-26 04:00:52 [INFO]   ⏭ Blockworks: 过滤掉 50 条非近期新闻
2026-07-26 04:00:52 [INFO]   ⏭ 宏观经济: 过滤掉 50 条非近期新闻
2026-07-26 04:00:52 [INFO]   ⏭ CoinDesk: 过滤掉 25 条非近期新闻
2026-07-26 04:00:52 [INFO]   ⏭ DL News: 过滤掉 50 条非近期新闻
2026-07-26 04:00:52 [INFO]   ⏭ Bitcoin Magazine: 过滤掉 50 条非近期新闻
2026-07-26 04:00:52 [INFO]   ⏭ Blockworks: 过滤掉 3 条非近期新闻
2026-07-26 04:00:53 [INFO]   ⏭ The Block: 过滤掉 50 条非近期新闻
2026-07-26 04:00:53 [INFO]   ⏭ Decrypt: 过滤掉 50 条非近期新闻
2026-07-26 04:00:53 [INFO]   ⏭ DeFi Llama: 过滤掉 50 条非近期新闻
2026-07-26 04:00:53 [INFO]   ⏭ 雪球加密: 过滤掉 50 条非近期新闻
2026-07-26 04:00:53 [INFO]   ⏭ 吴说区块链: 过滤掉 48 条非近期新闻
2026-07-26 04:00:53 [INFO]   ⏭ CoinDesk: 过滤掉 50 条非近期新闻
2026-07-26 04:00:53 [INFO]   ⏭ Crypto Twitter: 过滤掉 48 条非近期新闻
2026-07-26 04:00:55 [INFO]   ⏭ CoinTelegraph: 过滤掉 25 条非近期新闻
2026-07-26 04:00:56 [INFO]   ⏭ CoinTelegraph: 过滤掉 50 条非近期新闻
2026-07-26 04:01:02 [INFO]   ⏭ PANews: 过滤掉 50 条非近期新闻
2026-07-26 04:01:02 [INFO]   ⏭ 律动BlockBeats: 过滤掉 50 条非近期新闻
2026-07-26 04:01:07 [DEBUG] 请求失败 https://rsshub.rssforever.com/jinse/lives: 
2026-07-26 04:01:07 [INFO]   ✓ CoinDesk: 0 条
2026-07-26 04:01:07 [INFO]   ✓ The Block: 0 条
2026-07-26 04:01:07 [INFO]   ✓ Decrypt: 0 条
2026-07-26 04:01:07 [INFO]   ✓ CoinTelegraph: 0 条
2026-07-26 04:01:07 [INFO]   ✓ Bitcoin Magazine: 0 条
2026-07-26 04:01:07 [INFO]   ✓ Blockworks: 0 条
2026-07-26 04:01:07 [INFO]   ✓ DL News: 0 条
2026-07-26 04:01:07 [INFO]   ✓ 金色财经: 0 条
2026-07-26 04:01:07 [INFO]   ✓ PANews: 0 条
2026-07-26 04:01:07 [INFO]   ✓ 律动BlockBeats: 0 条
2026-07-26 04:01:07 [INFO]   ✓ 吴说区块链: 0 条
2026-07-26 04:01:07 [INFO]   ✓ Bloomberg Crypto: 0 条
2026-07-26 04:01:07 [INFO]   ✓ Reuters Crypto: 0 条
2026-07-26 04:01:07 [INFO]   ✓ CNBC Crypto: 0 条
2026-07-26 04:01:07 [INFO]   ✓ Reddit r/cryptocurrency: 0 条
2026-07-26 04:01:07 [INFO]   ✓ Reddit r/bitcoin: 0 条
2026-07-26 04:01:07 [INFO]   ✓ Crypto Twitter: 2 条
2026-07-26 04:01:07 [INFO]   ✓ 宏观经济: 0 条
2026-07-26 04:01:07 [INFO]   ✓ Binance公告: 20 条
2026-07-26 04:01:07 [INFO]   ✓ OKX公告: 0 条
2026-07-26 04:01:07 [INFO]   ✓ Bitget公告: 0 条
2026-07-26 04:01:07 [INFO]   ✓ Whale Alert: 0 条
2026-07-26 04:01:07 [INFO]   ✓ Fear & Greed Index: 1 条
2026-07-26 04:01:07 [INFO]   ✓ DeFi Llama: 0 条
2026-07-26 04:01:07 [INFO]   ✓ 雪球加密: 0 条
2026-07-26 04:01:07 [INFO] 📊 共抓取 23 条新闻
2026-07-26 04:01:07 [INFO] 📋 原始新闻已保存: reports/2026-07-26-12-raw.json (23 条)
2026-07-26 04:01:07 [INFO] 📋 标题摘要已保存: reports/2026-07-26-12-raw-titles.md
2026-07-26 04:01:07 [INFO] ✅ 抓取完成，共 23 条，已保存到 reports/2026-07-26-12-raw.json
2026-07-26 04:01:08 [INFO] 🤖 开始 AI 筛选 2026-07-26 12:00 币圈消息
2026-07-26 04:01:08 [INFO] 📋 已加载原始新闻: reports/2026-07-26-12-raw.json (23 条)
2026-07-26 04:01:08 [INFO] 📚 已加载历史新闻标题（14979 字符）
2026-07-26 04:01:08 [INFO] 📚 已加载历史筛选标题 0 条、URL 0 个，用于去重
2026-07-26 04:01:08 [INFO] 🔄 尝试 AI 提供商: deepseek
2026-07-26 04:01:08 [INFO] 🤖 使用 AI 提供商: deepseek (模型: deepseek-v4-flash)
2026-07-26 04:01:08 [INFO] 🤖 AI 筛选 [[deepseek] 1/6 策略=仅标题+链接 retry=0]（23 条，4587 字符，temp=0.3）
2026-07-26 04:01:09 [ERROR] AI 调用异常 ([deepseek] 1/6 策略=仅标题+链接 retry=0): Error code: 401 - {'error': {'message': 'Authentication Fails, Your api key: ****df0d is invalid', 'type': 'authentication_error', 'param': None, 'code': 'invalid_request_error'}}
2026-07-26 04:01:09 [WARNING] [[deepseek] 1/6 策略=仅标题+链接 retry=0] AI 调用失败或解析失败，继续下一次尝试
2026-07-26 04:01:09 [INFO] 🤖 AI 筛选 [[deepseek] 2/6 策略=仅标题+链接 retry=1]（23 条，4587 字符，temp=0.3）
2026-07-26 04:01:09 [ERROR] AI 调用异常 ([deepseek] 2/6 策略=仅标题+链接 retry=1): Error code: 401 - {'error': {'message': 'Authentication Fails, Your api key: ****df0d is invalid', 'type': 'authentication_error', 'param': None, 'code': 'invalid_request_error'}}
2026-07-26 04:01:09 [WARNING] [[deepseek] 2/6 策略=仅标题+链接 retry=1] AI 调用失败或解析失败，继续下一次尝试
2026-07-26 04:01:09 [INFO] 🤖 AI 筛选 [[deepseek] 3/6 策略=仅标题+链接 retry=2]（23 条，4587 字符，temp=0.3）
2026-07-26 04:01:10 [ERROR] AI 调用异常 ([deepseek] 3/6 策略=仅标题+链接 retry=2): Error code: 401 - {'error': {'message': 'Authentication Fails, Your api key: ****df0d is invalid', 'type': 'authentication_error', 'param': None, 'code': 'invalid_request_error'}}
2026-07-26 04:01:10 [WARNING] [[deepseek] 3/6 策略=仅标题+链接 retry=2] AI 调用失败或解析失败，继续下一次尝试
2026-07-26 04:01:10 [INFO] 🤖 AI 筛选 [[deepseek] 4/6 策略=完整内容 retry=0]（23 条，6576 字符，temp=0.3）
2026-07-26 04:01:10 [ERROR] AI 调用异常 ([deepseek] 4/6 策略=完整内容 retry=0): Error code: 401 - {'error': {'message': 'Authentication Fails, Your api key: ****df0d is invalid', 'type': 'authentication_error', 'param': None, 'code': 'invalid_request_error'}}
2026-07-26 04:01:10 [WARNING] [[deepseek] 4/6 策略=完整内容 retry=0] AI 调用失败或解析失败，继续下一次尝试
2026-07-26 04:01:10 [INFO] 🤖 AI 筛选 [[deepseek] 5/6 策略=完整内容 retry=1]（23 条，6576 字符，temp=0.3）
2026-07-26 04:01:11 [ERROR] AI 调用异常 ([deepseek] 5/6 策略=完整内容 retry=1): Error code: 401 - {'error': {'message': 'Authentication Fails, Your api key: ****df0d is invalid', 'type': 'authentication_error', 'param': None, 'code': 'invalid_request_error'}}
2026-07-26 04:01:11 [WARNING] [[deepseek] 5/6 策略=完整内容 retry=1] AI 调用失败或解析失败，继续下一次尝试
2026-07-26 04:01:11 [INFO] 🤖 AI 筛选 [[deepseek] 6/6 策略=仅标题（无历史） retry=0]（23 条，4587 字符，temp=0.3）
2026-07-26 04:01:11 [ERROR] AI 调用异常 ([deepseek] 6/6 策略=仅标题（无历史） retry=0): Error code: 401 - {'error': {'message': 'Authentication Fails, Your api key: ****df0d is invalid', 'type': 'authentication_error', 'param': None, 'code': 'invalid_request_error'}}
2026-07-26 04:01:11 [WARNING] [[deepseek] 6/6 策略=仅标题（无历史） retry=0] AI 调用失败或解析失败，继续下一次尝试
2026-07-26 04:01:11 [WARNING] [deepseek] 已达最大尝试次数 6，停止
2026-07-26 04:01:11 [INFO] ⚠️ deepseek 未能产出满意结果，尝试下一个提供商
2026-07-26 04:01:11 [INFO] 🔄 尝试 AI 提供商: zhipu
2026-07-26 04:01:11 [ERROR] 未设置环境变量 ZHIPU_API_KEY，无法使用 zhipu
2026-07-26 04:01:11 [INFO] ⚠️ zhipu 未能产出满意结果，尝试下一个提供商
2026-07-26 04:01:11 [INFO] 🔄 尝试 AI 提供商: kimi
2026-07-26 04:01:11 [ERROR] 未设置环境变量 KIMI_API_KEY，无法使用 kimi
2026-07-26 04:01:11 [INFO] ⚠️ kimi 未能产出满意结果，尝试下一个提供商
2026-07-26 04:01:11 [INFO] 🔄 尝试 AI 提供商: huoshan
2026-07-26 04:01:11 [ERROR] 未设置环境变量 HUOSHAN_API_KEY，无法使用 huoshan
2026-07-26 04:01:11 [INFO] ⚠️ huoshan 未能产出满意结果，尝试下一个提供商
2026-07-26 04:01:11 [ERROR] ❌ 所有提供商均失败，返回空列表
2026-07-26 04:01:11 [INFO] 📦 JSON 已保存: reports/2026-07-26-12.json
2026-07-26 04:01:11 [INFO] ✅ AI 筛选完成，共 0 条交易相关消息
2026-07-26 05:01:14 [INFO] 🚀 开始抓取 2026-07-26 13:00 币圈新闻
2026-07-26 05:01:14 [INFO] 📡 抓取 RSS 新闻源...
2026-07-26 05:01:14 [INFO] 📡 抓取交易所公告 & 链上数据...
2026-07-26 05:01:14 [INFO]   ⏭ Decrypt: 过滤掉 35 条非近期新闻
2026-07-26 05:01:14 [INFO]   ⏭ The Block: 过滤掉 20 条非近期新闻
2026-07-26 05:01:14 [INFO]   ⏭ CoinTelegraph: 过滤掉 30 条非近期新闻
2026-07-26 05:01:14 [INFO]   ⏭ Reddit r/bitcoin: 过滤掉 25 条非近期新闻
2026-07-26 05:01:14 [WARNING] 解析失败 Bitget公告: 'NoneType' object is not subscriptable
2026-07-26 05:01:15 [INFO]   ⏭ Bloomberg Crypto: 过滤掉 50 条非近期新闻
2026-07-26 05:01:15 [INFO]   ⏭ Reuters Crypto: 过滤掉 50 条非近期新闻
2026-07-26 05:01:15 [INFO]   ⏭ 宏观经济: 过滤掉 50 条非近期新闻
2026-07-26 05:01:15 [INFO]   ⏭ CNBC Crypto: 过滤掉 50 条非近期新闻
2026-07-26 05:01:15 [INFO]   ⏭ Bitcoin Magazine: 过滤掉 10 条非近期新闻
2026-07-26 05:01:15 [INFO]   ⏭ Blockworks: 过滤掉 50 条非近期新闻
2026-07-26 05:01:15 [INFO]   ⏭ CoinDesk: 过滤掉 25 条非近期新闻
2026-07-26 05:01:15 [INFO]   ⏭ Blockworks: 过滤掉 3 条非近期新闻
2026-07-26 05:01:15 [INFO]   ⏭ 宏观经济: 过滤掉 50 条非近期新闻
2026-07-26 05:01:15 [INFO]   ⏭ DL News: 过滤掉 50 条非近期新闻
2026-07-26 05:01:15 [INFO]   ⏭ Bitcoin Magazine: 过滤掉 50 条非近期新闻
2026-07-26 05:01:15 [INFO]   ⏭ 雪球加密: 过滤掉 50 条非近期新闻
2026-07-26 05:01:15 [INFO]   ⏭ The Block: 过滤掉 50 条非近期新闻
2026-07-26 05:01:15 [INFO]   ⏭ Decrypt: 过滤掉 50 条非近期新闻
2026-07-26 05:01:15 [INFO]   ⏭ DeFi Llama: 过滤掉 50 条非近期新闻
2026-07-26 05:01:15 [INFO]   ⏭ 吴说区块链: 过滤掉 49 条非近期新闻
2026-07-26 05:01:16 [INFO]   ⏭ Crypto Twitter: 过滤掉 47 条非近期新闻
2026-07-26 05:01:16 [INFO]   ⏭ CoinDesk: 过滤掉 50 条非近期新闻
2026-07-26 05:01:16 [INFO]   ⏭ PANews: 过滤掉 50 条非近期新闻
2026-07-26 05:01:16 [INFO]   ⏭ 律动BlockBeats: 过滤掉 50 条非近期新闻
2026-07-26 05:01:29 [INFO]   ⏭ CoinTelegraph: 过滤掉 25 条非近期新闻
2026-07-26 05:01:30 [INFO]   ⏭ CoinTelegraph: 过滤掉 50 条非近期新闻
2026-07-26 05:01:30 [INFO]   ✓ CoinDesk: 0 条
2026-07-26 05:01:30 [INFO]   ✓ The Block: 0 条
2026-07-26 05:01:30 [INFO]   ✓ Decrypt: 0 条
2026-07-26 05:01:30 [INFO]   ✓ CoinTelegraph: 0 条
2026-07-26 05:01:30 [INFO]   ✓ Bitcoin Magazine: 0 条
2026-07-26 05:01:30 [INFO]   ✓ Blockworks: 0 条
2026-07-26 05:01:30 [INFO]   ✓ DL News: 0 条
2026-07-26 05:01:30 [INFO]   ✓ 金色财经: 3 条
2026-07-26 05:01:30 [INFO]   ✓ PANews: 0 条
2026-07-26 05:01:30 [INFO]   ✓ 律动BlockBeats: 0 条
2026-07-26 05:01:30 [INFO]   ✓ 吴说区块链: 0 条
2026-07-26 05:01:30 [INFO]   ✓ Bloomberg Crypto: 0 条
2026-07-26 05:01:30 [INFO]   ✓ Reuters Crypto: 0 条
2026-07-26 05:01:30 [INFO]   ✓ CNBC Crypto: 0 条
2026-07-26 05:01:30 [INFO]   ✓ Reddit r/cryptocurrency: 0 条
2026-07-26 05:01:30 [INFO]   ✓ Reddit r/bitcoin: 0 条
2026-07-26 05:01:30 [INFO]   ✓ Crypto Twitter: 3 条
2026-07-26 05:01:30 [INFO]   ✓ 宏观经济: 0 条
2026-07-26 05:01:30 [INFO]   ✓ Binance公告: 20 条
2026-07-26 05:01:30 [INFO]   ✓ OKX公告: 0 条
2026-07-26 05:01:30 [INFO]   ✓ Bitget公告: 0 条
2026-07-26 05:01:30 [INFO]   ✓ Whale Alert: 0 条
2026-07-26 05:01:30 [INFO]   ✓ Fear & Greed Index: 1 条
2026-07-26 05:01:30 [INFO]   ✓ DeFi Llama: 0 条
2026-07-26 05:01:30 [INFO]   ✓ 雪球加密: 0 条
2026-07-26 05:01:30 [INFO] 📊 共抓取 27 条新闻
2026-07-26 05:01:30 [INFO] 📋 原始新闻已保存: reports/2026-07-26-13-raw.json (27 条)
2026-07-26 05:01:30 [INFO] 📋 标题摘要已保存: reports/2026-07-26-13-raw-titles.md
2026-07-26 05:01:30 [INFO] ✅ 抓取完成，共 27 条，已保存到 reports/2026-07-26-13-raw.json
2026-07-26 05:01:30 [INFO] 🤖 开始 AI 筛选 2026-07-26 13:00 币圈消息
2026-07-26 05:01:30 [INFO] 📋 已加载原始新闻: reports/2026-07-26-13-raw.json (27 条)
2026-07-26 05:01:30 [INFO] 📚 已加载历史新闻标题（14523 字符）
2026-07-26 05:01:30 [INFO] 📚 已加载历史筛选标题 0 条、URL 0 个，用于去重
2026-07-26 05:01:30 [INFO] 🔄 尝试 AI 提供商: deepseek
2026-07-26 05:01:30 [INFO] 🤖 使用 AI 提供商: deepseek (模型: deepseek-v4-flash)
2026-07-26 05:01:30 [INFO] 🤖 AI 筛选 [[deepseek] 1/6 策略=仅标题+链接 retry=0]（27 条，5170 字符，temp=0.3）
2026-07-26 05:01:31 [ERROR] AI 调用异常 ([deepseek] 1/6 策略=仅标题+链接 retry=0): Error code: 401 - {'error': {'message': 'Authentication Fails, Your api key: ****df0d is invalid', 'type': 'authentication_error', 'param': None, 'code': 'invalid_request_error'}}
2026-07-26 05:01:31 [WARNING] [[deepseek] 1/6 策略=仅标题+链接 retry=0] AI 调用失败或解析失败，继续下一次尝试
2026-07-26 05:01:31 [INFO] 🤖 AI 筛选 [[deepseek] 2/6 策略=仅标题+链接 retry=1]（27 条，5170 字符，temp=0.3）
2026-07-26 05:01:32 [ERROR] AI 调用异常 ([deepseek] 2/6 策略=仅标题+链接 retry=1): Error code: 401 - {'error': {'message': 'Authentication Fails, Your api key: ****df0d is invalid', 'type': 'authentication_error', 'param': None, 'code': 'invalid_request_error'}}
2026-07-26 05:01:32 [WARNING] [[deepseek] 2/6 策略=仅标题+链接 retry=1] AI 调用失败或解析失败，继续下一次尝试
2026-07-26 05:01:32 [INFO] 🤖 AI 筛选 [[deepseek] 3/6 策略=仅标题+链接 retry=2]（27 条，5170 字符，temp=0.3）
2026-07-26 05:01:32 [ERROR] AI 调用异常 ([deepseek] 3/6 策略=仅标题+链接 retry=2): Error code: 401 - {'error': {'message': 'Authentication Fails, Your api key: ****df0d is invalid', 'type': 'authentication_error', 'param': None, 'code': 'invalid_request_error'}}
2026-07-26 05:01:32 [WARNING] [[deepseek] 3/6 策略=仅标题+链接 retry=2] AI 调用失败或解析失败，继续下一次尝试
2026-07-26 05:01:32 [INFO] 🤖 AI 筛选 [[deepseek] 4/6 策略=完整内容 retry=0]（27 条，7873 字符，temp=0.3）
2026-07-26 05:01:33 [ERROR] AI 调用异常 ([deepseek] 4/6 策略=完整内容 retry=0): Error code: 401 - {'error': {'message': 'Authentication Fails, Your api key: ****df0d is invalid', 'type': 'authentication_error', 'param': None, 'code': 'invalid_request_error'}}
2026-07-26 05:01:33 [WARNING] [[deepseek] 4/6 策略=完整内容 retry=0] AI 调用失败或解析失败，继续下一次尝试
2026-07-26 05:01:33 [INFO] 🤖 AI 筛选 [[deepseek] 5/6 策略=完整内容 retry=1]（27 条，7873 字符，temp=0.3）
2026-07-26 05:01:33 [ERROR] AI 调用异常 ([deepseek] 5/6 策略=完整内容 retry=1): Error code: 401 - {'error': {'message': 'Authentication Fails, Your api key: ****df0d is invalid', 'type': 'authentication_error', 'param': None, 'code': 'invalid_request_error'}}
2026-07-26 05:01:33 [WARNING] [[deepseek] 5/6 策略=完整内容 retry=1] AI 调用失败或解析失败，继续下一次尝试
2026-07-26 05:01:33 [INFO] 🤖 AI 筛选 [[deepseek] 6/6 策略=仅标题（无历史） retry=0]（27 条，5170 字符，temp=0.3）
2026-07-26 05:01:33 [ERROR] AI 调用异常 ([deepseek] 6/6 策略=仅标题（无历史） retry=0): Error code: 401 - {'error': {'message': 'Authentication Fails, Your api key: ****df0d is invalid', 'type': 'authentication_error', 'param': None, 'code': 'invalid_request_error'}}
2026-07-26 05:01:33 [WARNING] [[deepseek] 6/6 策略=仅标题（无历史） retry=0] AI 调用失败或解析失败，继续下一次尝试
2026-07-26 05:01:33 [WARNING] [deepseek] 已达最大尝试次数 6，停止
2026-07-26 05:01:33 [INFO] ⚠️ deepseek 未能产出满意结果，尝试下一个提供商
2026-07-26 05:01:33 [INFO] 🔄 尝试 AI 提供商: zhipu
2026-07-26 05:01:33 [ERROR] 未设置环境变量 ZHIPU_API_KEY，无法使用 zhipu
2026-07-26 05:01:33 [INFO] ⚠️ zhipu 未能产出满意结果，尝试下一个提供商
2026-07-26 05:01:33 [INFO] 🔄 尝试 AI 提供商: kimi
2026-07-26 05:01:33 [ERROR] 未设置环境变量 KIMI_API_KEY，无法使用 kimi
2026-07-26 05:01:33 [INFO] ⚠️ kimi 未能产出满意结果，尝试下一个提供商
2026-07-26 05:01:33 [INFO] 🔄 尝试 AI 提供商: huoshan
2026-07-26 05:01:33 [ERROR] 未设置环境变量 HUOSHAN_API_KEY，无法使用 huoshan
2026-07-26 05:01:33 [INFO] ⚠️ huoshan 未能产出满意结果，尝试下一个提供商
2026-07-26 05:01:33 [ERROR] ❌ 所有提供商均失败，返回空列表
2026-07-26 05:01:33 [INFO] 📦 JSON 已保存: reports/2026-07-26-13.json
2026-07-26 05:01:33 [INFO] ✅ AI 筛选完成，共 0 条交易相关消息
2026-07-26 06:00:51 [INFO] 🚀 开始抓取 2026-07-26 14:00 币圈新闻
2026-07-26 06:00:51 [INFO] 📡 抓取 RSS 新闻源...
2026-07-26 06:00:51 [INFO] 📡 抓取交易所公告 & 链上数据...
2026-07-26 06:00:51 [INFO]   ⏭ Decrypt: 过滤掉 35 条非近期新闻
2026-07-26 06:00:51 [INFO]   ⏭ CoinTelegraph: 过滤掉 30 条非近期新闻
2026-07-26 06:00:51 [INFO]   ⏭ The Block: 过滤掉 20 条非近期新闻
2026-07-26 06:00:52 [INFO]   ⏭ CoinDesk: 过滤掉 25 条非近期新闻
2026-07-26 06:00:52 [INFO]   ⏭ Bitcoin Magazine: 过滤掉 10 条非近期新闻
2026-07-26 06:00:52 [INFO]   ⏭ Blockworks: 过滤掉 50 条非近期新闻
2026-07-26 06:00:52 [INFO]   ⏭ Reddit r/bitcoin: 过滤掉 25 条非近期新闻
2026-07-26 06:00:52 [WARNING] 解析失败 Bitget公告: 'NoneType' object is not subscriptable
2026-07-26 06:00:52 [INFO]   ⏭ Reuters Crypto: 过滤掉 50 条非近期新闻
2026-07-26 06:00:52 [INFO]   ⏭ 宏观经济: 过滤掉 50 条非近期新闻
2026-07-26 06:00:52 [INFO]   ⏭ Bloomberg Crypto: 过滤掉 50 条非近期新闻
2026-07-26 06:00:52 [INFO]   ⏭ CNBC Crypto: 过滤掉 50 条非近期新闻
2026-07-26 06:00:52 [INFO]   ⏭ Blockworks: 过滤掉 3 条非近期新闻
2026-07-26 06:00:52 [INFO]   ⏭ DL News: 过滤掉 50 条非近期新闻
2026-07-26 06:00:52 [INFO]   ⏭ Decrypt: 过滤掉 50 条非近期新闻
2026-07-26 06:00:52 [INFO]   ⏭ Bitcoin Magazine: 过滤掉 50 条非近期新闻
2026-07-26 06:00:52 [INFO]   ⏭ 宏观经济: 过滤掉 50 条非近期新闻
2026-07-26 06:00:52 [INFO]   ⏭ DeFi Llama: 过滤掉 50 条非近期新闻
2026-07-26 06:00:53 [INFO]   ⏭ 吴说区块链: 过滤掉 48 条非近期新闻
2026-07-26 06:00:53 [INFO]   ⏭ 雪球加密: 过滤掉 50 条非近期新闻
2026-07-26 06:00:53 [INFO]   ⏭ CoinDesk: 过滤掉 50 条非近期新闻
2026-07-26 06:00:53 [INFO]   ⏭ The Block: 过滤掉 50 条非近期新闻
2026-07-26 06:00:53 [INFO]   ⏭ Crypto Twitter: 过滤掉 48 条非近期新闻
2026-07-26 06:00:57 [INFO]   ⏭ 律动BlockBeats: 过滤掉 14 条非近期新闻
2026-07-26 06:00:57 [INFO]   ⏭ PANews: 过滤掉 50 条非近期新闻
2026-07-26 06:00:59 [INFO]   ⏭ 金色财经: 过滤掉 16 条非近期新闻
2026-07-26 06:01:07 [DEBUG] 请求失败 https://rsshub.rssforever.com/cointelegraph: 
2026-07-26 06:01:07 [DEBUG] 请求失败 https://rsshub.rssforever.com/bloomberg/crypto: 
2026-07-26 06:01:08 [INFO]   ⏭ CoinTelegraph: 过滤掉 50 条非近期新闻
2026-07-26 06:01:08 [INFO]   ✓ CoinDesk: 0 条
2026-07-26 06:01:08 [INFO]   ✓ The Block: 0 条
2026-07-26 06:01:08 [INFO]   ✓ Decrypt: 0 条
2026-07-26 06:01:08 [INFO]   ✓ CoinTelegraph: 0 条
2026-07-26 06:01:08 [INFO]   ✓ Bitcoin Magazine: 0 条
2026-07-26 06:01:08 [INFO]   ✓ Blockworks: 0 条
2026-07-26 06:01:08 [INFO]   ✓ DL News: 0 条
2026-07-26 06:01:08 [INFO]   ✓ 金色财经: 4 条
2026-07-26 06:01:08 [INFO]   ✓ PANews: 0 条
2026-07-26 06:01:08 [INFO]   ✓ 律动BlockBeats: 6 条
2026-07-26 06:01:08 [INFO]   ✓ 吴说区块链: 0 条
2026-07-26 06:01:08 [INFO]   ✓ Bloomberg Crypto: 0 条
2026-07-26 06:01:08 [INFO]   ✓ Reuters Crypto: 0 条
2026-07-26 06:01:08 [INFO]   ✓ CNBC Crypto: 0 条
2026-07-26 06:01:08 [INFO]   ✓ Reddit r/cryptocurrency: 0 条
2026-07-26 06:01:08 [INFO]   ✓ Reddit r/bitcoin: 0 条
2026-07-26 06:01:08 [INFO]   ✓ Crypto Twitter: 2 条
2026-07-26 06:01:08 [INFO]   ✓ 宏观经济: 0 条
2026-07-26 06:01:08 [INFO]   ✓ Binance公告: 20 条
2026-07-26 06:01:08 [INFO]   ✓ OKX公告: 0 条
2026-07-26 06:01:08 [INFO]   ✓ Bitget公告: 0 条
2026-07-26 06:01:08 [INFO]   ✓ Whale Alert: 0 条
2026-07-26 06:01:08 [INFO]   ✓ Fear & Greed Index: 1 条
2026-07-26 06:01:08 [INFO]   ✓ DeFi Llama: 0 条
2026-07-26 06:01:08 [INFO]   ✓ 雪球加密: 0 条
2026-07-26 06:01:08 [INFO] 📊 共抓取 33 条新闻
2026-07-26 06:01:08 [INFO] 📋 原始新闻已保存: reports/2026-07-26-14-raw.json (33 条)
2026-07-26 06:01:08 [INFO] 📋 标题摘要已保存: reports/2026-07-26-14-raw-titles.md
2026-07-26 06:01:08 [INFO] ✅ 抓取完成，共 33 条，已保存到 reports/2026-07-26-14-raw.json
2026-07-26 06:01:08 [INFO] 🤖 开始 AI 筛选 2026-07-26 14:00 币圈消息
2026-07-26 06:01:08 [INFO] 📋 已加载原始新闻: reports/2026-07-26-14-raw.json (33 条)
2026-07-26 06:01:08 [INFO] 📚 已加载历史新闻标题（13510 字符）
2026-07-26 06:01:08 [INFO] 📚 已加载历史筛选标题 0 条、URL 0 个，用于去重
2026-07-26 06:01:08 [INFO] 🔄 尝试 AI 提供商: deepseek
2026-07-26 06:01:08 [INFO] 🤖 使用 AI 提供商: deepseek (模型: deepseek-v4-flash)
2026-07-26 06:01:08 [INFO] 🤖 AI 筛选 [[deepseek] 1/6 策略=仅标题+链接 retry=0]（33 条，5425 字符，temp=0.3）
2026-07-26 06:01:09 [ERROR] AI 调用异常 ([deepseek] 1/6 策略=仅标题+链接 retry=0): Error code: 401 - {'error': {'message': 'Authentication Fails, Your api key: ****df0d is invalid', 'type': 'authentication_error', 'param': None, 'code': 'invalid_request_error'}}
2026-07-26 06:01:09 [WARNING] [[deepseek] 1/6 策略=仅标题+链接 retry=0] AI 调用失败或解析失败，继续下一次尝试
2026-07-26 06:01:09 [INFO] 🤖 AI 筛选 [[deepseek] 2/6 策略=仅标题+链接 retry=1]（33 条，5425 字符，temp=0.3）
2026-07-26 06:01:10 [ERROR] AI 调用异常 ([deepseek] 2/6 策略=仅标题+链接 retry=1): Error code: 401 - {'error': {'message': 'Authentication Fails, Your api key: ****df0d is invalid', 'type': 'authentication_error', 'param': None, 'code': 'invalid_request_error'}}
2026-07-26 06:01:10 [WARNING] [[deepseek] 2/6 策略=仅标题+链接 retry=1] AI 调用失败或解析失败，继续下一次尝试
2026-07-26 06:01:10 [INFO] 🤖 AI 筛选 [[deepseek] 3/6 策略=仅标题+链接 retry=2]（33 条，5425 字符，temp=0.3）
2026-07-26 06:01:10 [ERROR] AI 调用异常 ([deepseek] 3/6 策略=仅标题+链接 retry=2): Error code: 401 - {'error': {'message': 'Authentication Fails, Your api key: ****df0d is invalid', 'type': 'authentication_error', 'param': None, 'code': 'invalid_request_error'}}
2026-07-26 06:01:10 [WARNING] [[deepseek] 3/6 策略=仅标题+链接 retry=2] AI 调用失败或解析失败，继续下一次尝试
2026-07-26 06:01:10 [INFO] 🤖 AI 筛选 [[deepseek] 4/6 策略=完整内容 retry=0]（33 条，9376 字符，temp=0.3）
2026-07-26 06:01:11 [ERROR] AI 调用异常 ([deepseek] 4/6 策略=完整内容 retry=0): Error code: 401 - {'error': {'message': 'Authentication Fails, Your api key: ****df0d is invalid', 'type': 'authentication_error', 'param': None, 'code': 'invalid_request_error'}}
2026-07-26 06:01:11 [WARNING] [[deepseek] 4/6 策略=完整内容 retry=0] AI 调用失败或解析失败，继续下一次尝试
2026-07-26 06:01:11 [INFO] 🤖 AI 筛选 [[deepseek] 5/6 策略=完整内容 retry=1]（33 条，9376 字符，temp=0.3）
2026-07-26 06:01:11 [ERROR] AI 调用异常 ([deepseek] 5/6 策略=完整内容 retry=1): Error code: 401 - {'error': {'message': 'Authentication Fails, Your api key: ****df0d is invalid', 'type': 'authentication_error', 'param': None, 'code': 'invalid_request_error'}}
2026-07-26 06:01:11 [WARNING] [[deepseek] 5/6 策略=完整内容 retry=1] AI 调用失败或解析失败，继续下一次尝试
2026-07-26 06:01:11 [INFO] 🤖 AI 筛选 [[deepseek] 6/6 策略=仅标题（无历史） retry=0]（33 条，5425 字符，temp=0.3）
2026-07-26 06:01:11 [ERROR] AI 调用异常 ([deepseek] 6/6 策略=仅标题（无历史） retry=0): Error code: 401 - {'error': {'message': 'Authentication Fails, Your api key: ****df0d is invalid', 'type': 'authentication_error', 'param': None, 'code': 'invalid_request_error'}}
2026-07-26 06:01:11 [WARNING] [[deepseek] 6/6 策略=仅标题（无历史） retry=0] AI 调用失败或解析失败，继续下一次尝试
2026-07-26 06:01:11 [WARNING] [deepseek] 已达最大尝试次数 6，停止
2026-07-26 06:01:11 [INFO] ⚠️ deepseek 未能产出满意结果，尝试下一个提供商
2026-07-26 06:01:11 [INFO] 🔄 尝试 AI 提供商: zhipu
2026-07-26 06:01:11 [ERROR] 未设置环境变量 ZHIPU_API_KEY，无法使用 zhipu
2026-07-26 06:01:11 [INFO] ⚠️ zhipu 未能产出满意结果，尝试下一个提供商
2026-07-26 06:01:11 [INFO] 🔄 尝试 AI 提供商: kimi
2026-07-26 06:01:11 [ERROR] 未设置环境变量 KIMI_API_KEY，无法使用 kimi
2026-07-26 06:01:11 [INFO] ⚠️ kimi 未能产出满意结果，尝试下一个提供商
2026-07-26 06:01:11 [INFO] 🔄 尝试 AI 提供商: huoshan
2026-07-26 06:01:11 [ERROR] 未设置环境变量 HUOSHAN_API_KEY，无法使用 huoshan
2026-07-26 06:01:11 [INFO] ⚠️ huoshan 未能产出满意结果，尝试下一个提供商
2026-07-26 06:01:11 [ERROR] ❌ 所有提供商均失败，返回空列表
2026-07-26 06:01:11 [INFO] 📦 JSON 已保存: reports/2026-07-26-14.json
2026-07-26 06:01:11 [INFO] ✅ AI 筛选完成，共 0 条交易相关消息
2026-07-26 07:00:55 [INFO] 🚀 开始抓取 2026-07-26 15:00 币圈新闻
2026-07-26 07:00:55 [INFO] 📡 抓取 RSS 新闻源...
2026-07-26 07:00:55 [INFO] 📡 抓取交易所公告 & 链上数据...
2026-07-26 07:00:55 [INFO]   ⏭ CoinTelegraph: 过滤掉 30 条非近期新闻
2026-07-26 07:00:55 [INFO]   ⏭ The Block: 过滤掉 20 条非近期新闻
2026-07-26 07:00:56 [INFO]   ⏭ Decrypt: 过滤掉 35 条非近期新闻
2026-07-26 07:00:56 [WARNING] 解析失败 Bitget公告: 'NoneType' object is not subscriptable
2026-07-26 07:00:56 [INFO]   ⏭ Bloomberg Crypto: 过滤掉 50 条非近期新闻
2026-07-26 07:00:56 [INFO]   ⏭ Reuters Crypto: 过滤掉 50 条非近期新闻
2026-07-26 07:00:56 [INFO]   ⏭ 宏观经济: 过滤掉 50 条非近期新闻
2026-07-26 07:00:56 [INFO]   ⏭ CoinDesk: 过滤掉 25 条非近期新闻
2026-07-26 07:00:56 [INFO]   ⏭ Bitcoin Magazine: 过滤掉 10 条非近期新闻
2026-07-26 07:00:56 [INFO]   ⏭ CNBC Crypto: 过滤掉 50 条非近期新闻
2026-07-26 07:00:56 [INFO]   ⏭ Reddit r/cryptocurrency: 过滤掉 25 条非近期新闻
2026-07-26 07:00:56 [INFO]   ⏭ Decrypt: 过滤掉 50 条非近期新闻
2026-07-26 07:00:56 [INFO]   ⏭ Blockworks: 过滤掉 50 条非近期新闻
2026-07-26 07:00:56 [INFO]   ⏭ CoinTelegraph: 过滤掉 25 条非近期新闻
2026-07-26 07:00:56 [INFO]   ⏭ 宏观经济: 过滤掉 50 条非近期新闻
2026-07-26 07:00:57 [INFO]   ⏭ DL News: 过滤掉 50 条非近期新闻
2026-07-26 07:00:57 [INFO]   ⏭ 吴说区块链: 过滤掉 47 条非近期新闻
2026-07-26 07:00:57 [INFO]   ⏭ DeFi Llama: 过滤掉 50 条非近期新闻
2026-07-26 07:00:57 [INFO]   ⏭ 律动BlockBeats: 过滤掉 11 条非近期新闻
2026-07-26 07:00:57 [INFO]   ⏭ 雪球加密: 过滤掉 50 条非近期新闻
2026-07-26 07:00:57 [INFO]   ⏭ CoinDesk: 过滤掉 50 条非近期新闻
2026-07-26 07:00:57 [INFO]   ⏭ The Block: 过滤掉 50 条非近期新闻
2026-07-26 07:00:57 [INFO]   ⏭ Crypto Twitter: 过滤掉 48 条非近期新闻
2026-07-26 07:00:57 [INFO]   ⏭ CoinTelegraph: 过滤掉 50 条非近期新闻
2026-07-26 07:00:57 [INFO]   ⏭ Bitcoin Magazine: 过滤掉 50 条非近期新闻
2026-07-26 07:00:57 [INFO]   ⏭ Blockworks: 过滤掉 3 条非近期新闻
2026-07-26 07:00:57 [INFO]   ⏭ PANews: 过滤掉 50 条非近期新闻
2026-07-26 07:01:02 [INFO]   ⏭ 金色财经: 过滤掉 14 条非近期新闻
2026-07-26 07:01:11 [DEBUG] 请求失败 https://rsshub.rssforever.com/bloomberg/crypto: 
2026-07-26 07:01:11 [INFO]   ✓ CoinDesk: 0 条
2026-07-26 07:01:11 [INFO]   ✓ The Block: 0 条
2026-07-26 07:01:11 [INFO]   ✓ Decrypt: 0 条
2026-07-26 07:01:11 [INFO]   ✓ CoinTelegraph: 0 条
2026-07-26 07:01:11 [INFO]   ✓ Bitcoin Magazine: 0 条
2026-07-26 07:01:11 [INFO]   ✓ Blockworks: 0 条
2026-07-26 07:01:11 [INFO]   ✓ DL News: 0 条
2026-07-26 07:01:11 [INFO]   ✓ 金色财经: 6 条
2026-07-26 07:01:11 [INFO]   ✓ PANews: 0 条
2026-07-26 07:01:11 [INFO]   ✓ 律动BlockBeats: 9 条
2026-07-26 07:01:11 [INFO]   ✓ 吴说区块链: 0 条
2026-07-26 07:01:11 [INFO]   ✓ Bloomberg Crypto: 0 条
2026-07-26 07:01:11 [INFO]   ✓ Reuters Crypto: 0 条
2026-07-26 07:01:11 [INFO]   ✓ CNBC Crypto: 0 条
2026-07-26 07:01:11 [INFO]   ✓ Reddit r/cryptocurrency: 0 条
2026-07-26 07:01:11 [INFO]   ✓ Reddit r/bitcoin: 0 条
2026-07-26 07:01:11 [INFO]   ✓ Crypto Twitter: 2 条
2026-07-26 07:01:11 [INFO]   ✓ 宏观经济: 0 条
2026-07-26 07:01:11 [INFO]   ✓ Binance公告: 20 条
2026-07-26 07:01:11 [INFO]   ✓ OKX公告: 0 条
2026-07-26 07:01:11 [INFO]   ✓ Bitget公告: 0 条
2026-07-26 07:01:11 [INFO]   ✓ Whale Alert: 0 条
2026-07-26 07:01:11 [INFO]   ✓ Fear & Greed Index: 1 条
2026-07-26 07:01:11 [INFO]   ✓ DeFi Llama: 0 条
2026-07-26 07:01:11 [INFO]   ✓ 雪球加密: 0 条
2026-07-26 07:01:11 [INFO] 📊 共抓取 38 条新闻
2026-07-26 07:01:11 [INFO] 📋 原始新闻已保存: reports/2026-07-26-15-raw.json (38 条)
2026-07-26 07:01:11 [INFO] 📋 标题摘要已保存: reports/2026-07-26-15-raw-titles.md
2026-07-26 07:01:11 [INFO] ✅ 抓取完成，共 38 条，已保存到 reports/2026-07-26-15-raw.json
2026-07-26 07:01:12 [INFO] 🤖 开始 AI 筛选 2026-07-26 15:00 币圈消息
2026-07-26 07:01:12 [INFO] 📋 已加载原始新闻: reports/2026-07-26-15-raw.json (38 条)
2026-07-26 07:01:12 [INFO] 📚 已加载历史新闻标题（13276 字符）
2026-07-26 07:01:12 [INFO] 📚 已加载历史筛选标题 0 条、URL 0 个，用于去重
2026-07-26 07:01:12 [INFO] 🔄 尝试 AI 提供商: deepseek
2026-07-26 07:01:12 [INFO] 🤖 使用 AI 提供商: deepseek (模型: deepseek-v4-flash)
2026-07-26 07:01:12 [INFO] 🤖 AI 筛选 [[deepseek] 1/6 策略=仅标题+链接 retry=0]（38 条，6119 字符，temp=0.3）
2026-07-26 07:01:13 [ERROR] AI 调用异常 ([deepseek] 1/6 策略=仅标题+链接 retry=0): Error code: 401 - {'error': {'message': 'Authentication Fails, Your api key: ****df0d is invalid', 'type': 'authentication_error', 'param': None, 'code': 'invalid_request_error'}}
2026-07-26 07:01:13 [WARNING] [[deepseek] 1/6 策略=仅标题+链接 retry=0] AI 调用失败或解析失败，继续下一次尝试
2026-07-26 07:01:13 [INFO] 🤖 AI 筛选 [[deepseek] 2/6 策略=仅标题+链接 retry=1]（38 条，6119 字符，temp=0.3）
2026-07-26 07:01:13 [ERROR] AI 调用异常 ([deepseek] 2/6 策略=仅标题+链接 retry=1): Error code: 401 - {'error': {'message': 'Authentication Fails, Your api key: ****df0d is invalid', 'type': 'authentication_error', 'param': None, 'code': 'invalid_request_error'}}
2026-07-26 07:01:13 [WARNING] [[deepseek] 2/6 策略=仅标题+链接 retry=1] AI 调用失败或解析失败，继续下一次尝试
2026-07-26 07:01:13 [INFO] 🤖 AI 筛选 [[deepseek] 3/6 策略=仅标题+链接 retry=2]（38 条，6119 字符，temp=0.3）
2026-07-26 07:01:13 [ERROR] AI 调用异常 ([deepseek] 3/6 策略=仅标题+链接 retry=2): Error code: 401 - {'error': {'message': 'Authentication Fails, Your api key: ****df0d is invalid', 'type': 'authentication_error', 'param': None, 'code': 'invalid_request_error'}}
2026-07-26 07:01:13 [WARNING] [[deepseek] 3/6 策略=仅标题+链接 retry=2] AI 调用失败或解析失败，继续下一次尝试
2026-07-26 07:01:13 [INFO] 🤖 AI 筛选 [[deepseek] 4/6 策略=完整内容 retry=0]（38 条，11210 字符，temp=0.3）
2026-07-26 07:01:14 [ERROR] AI 调用异常 ([deepseek] 4/6 策略=完整内容 retry=0): Error code: 401 - {'error': {'message': 'Authentication Fails, Your api key: ****df0d is invalid', 'type': 'authentication_error', 'param': None, 'code': 'invalid_request_error'}}
2026-07-26 07:01:14 [WARNING] [[deepseek] 4/6 策略=完整内容 retry=0] AI 调用失败或解析失败，继续下一次尝试
2026-07-26 07:01:14 [INFO] 🤖 AI 筛选 [[deepseek] 5/6 策略=完整内容 retry=1]（38 条，11210 字符，temp=0.3）
2026-07-26 07:01:14 [ERROR] AI 调用异常 ([deepseek] 5/6 策略=完整内容 retry=1): Error code: 401 - {'error': {'message': 'Authentication Fails, Your api key: ****df0d is invalid', 'type': 'authentication_error', 'param': None, 'code': 'invalid_request_error'}}
2026-07-26 07:01:14 [WARNING] [[deepseek] 5/6 策略=完整内容 retry=1] AI 调用失败或解析失败，继续下一次尝试
2026-07-26 07:01:14 [INFO] 🤖 AI 筛选 [[deepseek] 6/6 策略=仅标题（无历史） retry=0]（38 条，6119 字符，temp=0.3）
2026-07-26 07:01:14 [ERROR] AI 调用异常 ([deepseek] 6/6 策略=仅标题（无历史） retry=0): Error code: 401 - {'error': {'message': 'Authentication Fails, Your api key: ****df0d is invalid', 'type': 'authentication_error', 'param': None, 'code': 'invalid_request_error'}}
2026-07-26 07:01:14 [WARNING] [[deepseek] 6/6 策略=仅标题（无历史） retry=0] AI 调用失败或解析失败，继续下一次尝试
2026-07-26 07:01:14 [WARNING] [deepseek] 已达最大尝试次数 6，停止
2026-07-26 07:01:14 [INFO] ⚠️ deepseek 未能产出满意结果，尝试下一个提供商
2026-07-26 07:01:14 [INFO] 🔄 尝试 AI 提供商: zhipu
2026-07-26 07:01:14 [ERROR] 未设置环境变量 ZHIPU_API_KEY，无法使用 zhipu
2026-07-26 07:01:14 [INFO] ⚠️ zhipu 未能产出满意结果，尝试下一个提供商
2026-07-26 07:01:14 [INFO] 🔄 尝试 AI 提供商: kimi
2026-07-26 07:01:14 [ERROR] 未设置环境变量 KIMI_API_KEY，无法使用 kimi
2026-07-26 07:01:14 [INFO] ⚠️ kimi 未能产出满意结果，尝试下一个提供商
2026-07-26 07:01:14 [INFO] 🔄 尝试 AI 提供商: huoshan
2026-07-26 07:01:14 [ERROR] 未设置环境变量 HUOSHAN_API_KEY，无法使用 huoshan
2026-07-26 07:01:14 [INFO] ⚠️ huoshan 未能产出满意结果，尝试下一个提供商
2026-07-26 07:01:14 [ERROR] ❌ 所有提供商均失败，返回空列表
2026-07-26 07:01:14 [INFO] 📦 JSON 已保存: reports/2026-07-26-15.json
2026-07-26 07:01:14 [INFO] ✅ AI 筛选完成，共 0 条交易相关消息
2026-07-26 08:00:49 [INFO] 🚀 开始抓取 2026-07-26 16:00 币圈新闻
2026-07-26 08:00:49 [INFO] 📡 抓取 RSS 新闻源...
2026-07-26 08:00:49 [INFO] 📡 抓取交易所公告 & 链上数据...
2026-07-26 08:00:49 [INFO]   ⏭ The Block: 过滤掉 20 条非近期新闻
2026-07-26 08:00:49 [INFO]   ⏭ Decrypt: 过滤掉 35 条非近期新闻
2026-07-26 08:00:49 [INFO]   ⏭ CoinTelegraph: 过滤掉 29 条非近期新闻
2026-07-26 08:00:49 [INFO]   ⏭ CoinDesk: 过滤掉 23 条非近期新闻
2026-07-26 08:00:50 [INFO]   ⏭ Bitcoin Magazine: 过滤掉 10 条非近期新闻
2026-07-26 08:00:50 [WARNING] 解析失败 Bitget公告: 'NoneType' object is not subscriptable
2026-07-26 08:00:50 [INFO]   ⏭ Blockworks: 过滤掉 50 条非近期新闻
2026-07-26 08:00:50 [INFO]   ⏭ Bloomberg Crypto: 过滤掉 50 条非近期新闻
2026-07-26 08:00:50 [INFO]   ⏭ Reuters Crypto: 过滤掉 50 条非近期新闻
2026-07-26 08:00:50 [INFO]   ⏭ 宏观经济: 过滤掉 50 条非近期新闻
2026-07-26 08:00:50 [INFO]   ⏭ CNBC Crypto: 过滤掉 50 条非近期新闻
2026-07-26 08:00:50 [INFO]   ⏭ Decrypt: 过滤掉 50 条非近期新闻
2026-07-26 08:00:50 [INFO]   ⏭ 雪球加密: 过滤掉 50 条非近期新闻
2026-07-26 08:00:50 [INFO]   ⏭ DL News: 过滤掉 50 条非近期新闻
2026-07-26 08:00:50 [INFO]   ⏭ The Block: 过滤掉 50 条非近期新闻
2026-07-26 08:00:50 [INFO]   ⏭ Blockworks: 过滤掉 3 条非近期新闻
2026-07-26 08:00:50 [INFO]   ⏭ DeFi Llama: 过滤掉 50 条非近期新闻
2026-07-26 08:00:50 [INFO]   ⏭ 吴说区块链: 过滤掉 47 条非近期新闻
2026-07-26 08:00:50 [INFO]   ⏭ Reddit r/bitcoin: 过滤掉 23 条非近期新闻
2026-07-26 08:00:50 [INFO]   ⏭ Bitcoin Magazine: 过滤掉 50 条非近期新闻
2026-07-26 08:00:50 [INFO]   ⏭ 宏观经济: 过滤掉 50 条非近期新闻
2026-07-26 08:00:50 [INFO]   ⏭ Crypto Twitter: 过滤掉 45 条非近期新闻
2026-07-26 08:01:04 [DEBUG] 请求失败 https://rsshub.rssforever.com/theblockbeats/newsflash: 
2026-07-26 08:01:04 [DEBUG] 请求失败 https://rsshub.rssforever.com/panewslab/news: 
2026-07-26 08:01:04 [DEBUG] 请求失败 https://rsshub.rssforever.com/jinse/lives: 
2026-07-26 08:01:05 [DEBUG] 请求失败 https://rsshub.rssforever.com/bloomberg/crypto: 
2026-07-26 08:01:05 [INFO]   ⏭ 律动BlockBeats: 过滤掉 50 条非近期新闻
2026-07-26 08:01:05 [INFO]   ⏭ PANews: 过滤掉 50 条非近期新闻
2026-07-26 08:01:05 [INFO]   ✓ CoinDesk: 2 条
2026-07-26 08:01:05 [INFO]   ✓ The Block: 0 条
2026-07-26 08:01:05 [INFO]   ✓ Decrypt: 0 条
2026-07-26 08:01:05 [INFO]   ✓ CoinTelegraph: 1 条
2026-07-26 08:01:05 [INFO]   ✓ Bitcoin Magazine: 0 条
2026-07-26 08:01:05 [INFO]   ✓ Blockworks: 0 条
2026-07-26 08:01:05 [INFO]   ✓ DL News: 0 条
2026-07-26 08:01:05 [INFO]   ✓ 金色财经: 0 条
2026-07-26 08:01:05 [INFO]   ✓ PANews: 0 条
2026-07-26 08:01:05 [INFO]   ✓ 律动BlockBeats: 0 条
2026-07-26 08:01:05 [INFO]   ✓ 吴说区块链: 0 条
2026-07-26 08:01:05 [INFO]   ✓ Bloomberg Crypto: 0 条
2026-07-26 08:01:05 [INFO]   ✓ Reuters Crypto: 0 条
2026-07-26 08:01:05 [INFO]   ✓ CNBC Crypto: 0 条
2026-07-26 08:01:05 [INFO]   ✓ Reddit r/cryptocurrency: 0 条
2026-07-26 08:01:05 [INFO]   ✓ Reddit r/bitcoin: 2 条
2026-07-26 08:01:05 [INFO]   ✓ Crypto Twitter: 5 条
2026-07-26 08:01:05 [INFO]   ✓ 宏观经济: 0 条
2026-07-26 08:01:05 [INFO]   ✓ Binance公告: 20 条
2026-07-26 08:01:05 [INFO]   ✓ OKX公告: 0 条
2026-07-26 08:01:05 [INFO]   ✓ Bitget公告: 0 条
2026-07-26 08:01:05 [INFO]   ✓ Whale Alert: 0 条
2026-07-26 08:01:05 [INFO]   ✓ Fear & Greed Index: 1 条
2026-07-26 08:01:05 [INFO]   ✓ DeFi Llama: 0 条
2026-07-26 08:01:05 [INFO]   ✓ 雪球加密: 0 条
2026-07-26 08:01:05 [INFO] 📊 共抓取 31 条新闻
2026-07-26 08:01:05 [INFO] 📋 原始新闻已保存: reports/2026-07-26-16-raw.json (31 条)
2026-07-26 08:01:05 [INFO] 📋 标题摘要已保存: reports/2026-07-26-16-raw-titles.md
2026-07-26 08:01:05 [INFO] ✅ 抓取完成，共 31 条，已保存到 reports/2026-07-26-16-raw.json
2026-07-26 08:01:05 [INFO] 🤖 开始 AI 筛选 2026-07-26 16:00 币圈消息
2026-07-26 08:01:05 [INFO] 📋 已加载原始新闻: reports/2026-07-26-16-raw.json (31 条)
2026-07-26 08:01:05 [INFO] 📚 已加载历史新闻标题（13514 字符）
2026-07-26 08:01:05 [INFO] 📚 已加载历史筛选标题 0 条、URL 0 个，用于去重
2026-07-26 08:01:05 [INFO] 🔄 尝试 AI 提供商: deepseek
2026-07-26 08:01:05 [INFO] 🤖 使用 AI 提供商: deepseek (模型: deepseek-v4-flash)
2026-07-26 08:01:05 [INFO] 🤖 AI 筛选 [[deepseek] 1/6 策略=仅标题+链接 retry=0]（31 条，6896 字符，temp=0.3）
2026-07-26 08:01:06 [ERROR] AI 调用异常 ([deepseek] 1/6 策略=仅标题+链接 retry=0): Error code: 401 - {'error': {'message': 'Authentication Fails, Your api key: ****df0d is invalid', 'type': 'authentication_error', 'param': None, 'code': 'invalid_request_error'}}
2026-07-26 08:01:06 [WARNING] [[deepseek] 1/6 策略=仅标题+链接 retry=0] AI 调用失败或解析失败，继续下一次尝试
2026-07-26 08:01:06 [INFO] 🤖 AI 筛选 [[deepseek] 2/6 策略=仅标题+链接 retry=1]（31 条，6896 字符，temp=0.3）
2026-07-26 08:01:06 [ERROR] AI 调用异常 ([deepseek] 2/6 策略=仅标题+链接 retry=1): Error code: 401 - {'error': {'message': 'Authentication Fails, Your api key: ****df0d is invalid', 'type': 'authentication_error', 'param': None, 'code': 'invalid_request_error'}}
2026-07-26 08:01:06 [WARNING] [[deepseek] 2/6 策略=仅标题+链接 retry=1] AI 调用失败或解析失败，继续下一次尝试
2026-07-26 08:01:06 [INFO] 🤖 AI 筛选 [[deepseek] 3/6 策略=仅标题+链接 retry=2]（31 条，6896 字符，temp=0.3）
2026-07-26 08:01:07 [ERROR] AI 调用异常 ([deepseek] 3/6 策略=仅标题+链接 retry=2): Error code: 401 - {'error': {'message': 'Authentication Fails, Your api key: ****df0d is invalid', 'type': 'authentication_error', 'param': None, 'code': 'invalid_request_error'}}
2026-07-26 08:01:07 [WARNING] [[deepseek] 3/6 策略=仅标题+链接 retry=2] AI 调用失败或解析失败，继续下一次尝试
2026-07-26 08:01:07 [INFO] 🤖 AI 筛选 [[deepseek] 4/6 策略=完整内容 retry=0]（31 条，9856 字符，temp=0.3）
2026-07-26 08:01:07 [ERROR] AI 调用异常 ([deepseek] 4/6 策略=完整内容 retry=0): Error code: 401 - {'error': {'message': 'Authentication Fails, Your api key: ****df0d is invalid', 'type': 'authentication_error', 'param': None, 'code': 'invalid_request_error'}}
2026-07-26 08:01:07 [WARNING] [[deepseek] 4/6 策略=完整内容 retry=0] AI 调用失败或解析失败，继续下一次尝试
2026-07-26 08:01:07 [INFO] 🤖 AI 筛选 [[deepseek] 5/6 策略=完整内容 retry=1]（31 条，9856 字符，temp=0.3）
2026-07-26 08:01:08 [ERROR] AI 调用异常 ([deepseek] 5/6 策略=完整内容 retry=1): Error code: 401 - {'error': {'message': 'Authentication Fails, Your api key: ****df0d is invalid', 'type': 'authentication_error', 'param': None, 'code': 'invalid_request_error'}}
2026-07-26 08:01:08 [WARNING] [[deepseek] 5/6 策略=完整内容 retry=1] AI 调用失败或解析失败，继续下一次尝试
2026-07-26 08:01:08 [INFO] 🤖 AI 筛选 [[deepseek] 6/6 策略=仅标题（无历史） retry=0]（31 条，6896 字符，temp=0.3）
2026-07-26 08:01:08 [ERROR] AI 调用异常 ([deepseek] 6/6 策略=仅标题（无历史） retry=0): Error code: 401 - {'error': {'message': 'Authentication Fails, Your api key: ****df0d is invalid', 'type': 'authentication_error', 'param': None, 'code': 'invalid_request_error'}}
2026-07-26 08:01:08 [WARNING] [[deepseek] 6/6 策略=仅标题（无历史） retry=0] AI 调用失败或解析失败，继续下一次尝试
2026-07-26 08:01:08 [WARNING] [deepseek] 已达最大尝试次数 6，停止
2026-07-26 08:01:08 [INFO] ⚠️ deepseek 未能产出满意结果，尝试下一个提供商
2026-07-26 08:01:08 [INFO] 🔄 尝试 AI 提供商: zhipu
2026-07-26 08:01:08 [ERROR] 未设置环境变量 ZHIPU_API_KEY，无法使用 zhipu
2026-07-26 08:01:08 [INFO] ⚠️ zhipu 未能产出满意结果，尝试下一个提供商
2026-07-26 08:01:08 [INFO] 🔄 尝试 AI 提供商: kimi
2026-07-26 08:01:08 [ERROR] 未设置环境变量 KIMI_API_KEY，无法使用 kimi
2026-07-26 08:01:08 [INFO] ⚠️ kimi 未能产出满意结果，尝试下一个提供商
2026-07-26 08:01:08 [INFO] 🔄 尝试 AI 提供商: huoshan
2026-07-26 08:01:08 [ERROR] 未设置环境变量 HUOSHAN_API_KEY，无法使用 huoshan
2026-07-26 08:01:08 [INFO] ⚠️ huoshan 未能产出满意结果，尝试下一个提供商
2026-07-26 08:01:08 [ERROR] ❌ 所有提供商均失败，返回空列表
2026-07-26 08:01:08 [INFO] 📦 JSON 已保存: reports/2026-07-26-16.json
2026-07-26 08:01:08 [INFO] ✅ AI 筛选完成，共 0 条交易相关消息
2026-07-26 09:00:57 [INFO] 🚀 开始抓取 2026-07-26 17:00 币圈新闻
2026-07-26 09:00:57 [INFO] 📡 抓取 RSS 新闻源...
2026-07-26 09:00:57 [INFO] 📡 抓取交易所公告 & 链上数据...
2026-07-26 09:00:57 [INFO]   ⏭ Decrypt: 过滤掉 35 条非近期新闻
2026-07-26 09:00:57 [INFO]   ⏭ The Block: 过滤掉 20 条非近期新闻
2026-07-26 09:00:57 [INFO]   ⏭ CoinTelegraph: 过滤掉 29 条非近期新闻
2026-07-26 09:00:58 [WARNING] 解析失败 Bitget公告: 'NoneType' object is not subscriptable
2026-07-26 09:00:58 [INFO]   ⏭ 宏观经济: 过滤掉 50 条非近期新闻
2026-07-26 09:00:58 [INFO]   ⏭ Reuters Crypto: 过滤掉 50 条非近期新闻
2026-07-26 09:00:58 [INFO]   ⏭ Bloomberg Crypto: 过滤掉 50 条非近期新闻
2026-07-26 09:00:58 [INFO]   ⏭ Reddit r/cryptocurrency: 过滤掉 22 条非近期新闻
2026-07-26 09:00:58 [INFO]   ⏭ CoinDesk: 过滤掉 24 条非近期新闻
2026-07-26 09:00:58 [INFO]   ⏭ 金色财经: 过滤掉 5 条非近期新闻
2026-07-26 09:00:58 [INFO]   ⏭ CNBC Crypto: 过滤掉 50 条非近期新闻
2026-07-26 09:00:58 [INFO]   ⏭ Bitcoin Magazine: 过滤掉 10 条非近期新闻
2026-07-26 09:00:58 [INFO]   ⏭ Blockworks: 过滤掉 50 条非近期新闻
2026-07-26 09:00:58 [INFO]   ⏭ 宏观经济: 过滤掉 50 条非近期新闻
2026-07-26 09:00:58 [INFO]   ⏭ DL News: 过滤掉 50 条非近期新闻
2026-07-26 09:00:58 [INFO]   ⏭ DeFi Llama: 过滤掉 50 条非近期新闻
2026-07-26 09:00:58 [INFO]   ⏭ Decrypt: 过滤掉 50 条非近期新闻
2026-07-26 09:00:58 [INFO]   ⏭ 吴说区块链: 过滤掉 47 条非近期新闻
2026-07-26 09:00:59 [INFO]   ⏭ Blockworks: 过滤掉 3 条非近期新闻
2026-07-26 09:00:59 [INFO]   ⏭ 雪球加密: 过滤掉 50 条非近期新闻
2026-07-26 09:00:59 [INFO]   ⏭ The Block: 过滤掉 50 条非近期新闻
2026-07-26 09:00:59 [INFO]   ⏭ Bitcoin Magazine: 过滤掉 50 条非近期新闻
2026-07-26 09:00:59 [INFO]   ⏭ PANews: 过滤掉 50 条非近期新闻
2026-07-26 09:00:59 [INFO]   ⏭ Crypto Twitter: 过滤掉 44 条非近期新闻
2026-07-26 09:01:03 [INFO]   ⏭ 律动BlockBeats: 过滤掉 50 条非近期新闻
2026-07-26 09:01:03 [INFO]   ✓ CoinDesk: 1 条
2026-07-26 09:01:03 [INFO]   ✓ The Block: 0 条
2026-07-26 09:01:03 [INFO]   ✓ Decrypt: 0 条
2026-07-26 09:01:03 [INFO]   ✓ CoinTelegraph: 1 条
2026-07-26 09:01:03 [INFO]   ✓ Bitcoin Magazine: 0 条
2026-07-26 09:01:03 [INFO]   ✓ Blockworks: 0 条
2026-07-26 09:01:03 [INFO]   ✓ DL News: 0 条
2026-07-26 09:01:03 [INFO]   ✓ 金色财经: 5 条
2026-07-26 09:01:03 [INFO]   ✓ PANews: 0 条
2026-07-26 09:01:03 [INFO]   ✓ 律动BlockBeats: 0 条
2026-07-26 09:01:03 [INFO]   ✓ 吴说区块链: 0 条
2026-07-26 09:01:03 [INFO]   ✓ Bloomberg Crypto: 0 条
2026-07-26 09:01:03 [INFO]   ✓ Reuters Crypto: 0 条
2026-07-26 09:01:03 [INFO]   ✓ CNBC Crypto: 0 条
2026-07-26 09:01:03 [INFO]   ✓ Reddit r/cryptocurrency: 3 条
2026-07-26 09:01:03 [INFO]   ✓ Reddit r/bitcoin: 0 条
2026-07-26 09:01:03 [INFO]   ✓ Crypto Twitter: 6 条
2026-07-26 09:01:03 [INFO]   ✓ 宏观经济: 0 条
2026-07-26 09:01:03 [INFO]   ✓ Binance公告: 20 条
2026-07-26 09:01:03 [INFO]   ✓ OKX公告: 0 条
2026-07-26 09:01:03 [INFO]   ✓ Bitget公告: 0 条
2026-07-26 09:01:03 [INFO]   ✓ Whale Alert: 0 条
2026-07-26 09:01:03 [INFO]   ✓ Fear & Greed Index: 1 条
2026-07-26 09:01:03 [INFO]   ✓ DeFi Llama: 0 条
2026-07-26 09:01:03 [INFO]   ✓ 雪球加密: 0 条
2026-07-26 09:01:03 [INFO] 📊 共抓取 37 条新闻
2026-07-26 09:01:03 [INFO] 📋 原始新闻已保存: reports/2026-07-26-17-raw.json (37 条)
2026-07-26 09:01:03 [INFO] 📋 标题摘要已保存: reports/2026-07-26-17-raw-titles.md
2026-07-26 09:01:03 [INFO] ✅ 抓取完成，共 37 条，已保存到 reports/2026-07-26-17-raw.json
2026-07-26 09:01:03 [INFO] 🤖 开始 AI 筛选 2026-07-26 17:00 币圈消息
2026-07-26 09:01:03 [INFO] 📋 已加载原始新闻: reports/2026-07-26-17-raw.json (37 条)
2026-07-26 09:01:03 [INFO] 📚 已加载历史新闻标题（13925 字符）
2026-07-26 09:01:03 [INFO] 📚 已加载历史筛选标题 0 条、URL 0 个，用于去重
2026-07-26 09:01:03 [INFO] 🔄 尝试 AI 提供商: deepseek
2026-07-26 09:01:03 [INFO] 🤖 使用 AI 提供商: deepseek (模型: deepseek-v4-flash)
2026-07-26 09:01:03 [INFO] 🤖 AI 筛选 [[deepseek] 1/6 策略=仅标题+链接 retry=0]（37 条，7243 字符，temp=0.3）
2026-07-26 09:01:04 [ERROR] AI 调用异常 ([deepseek] 1/6 策略=仅标题+链接 retry=0): Error code: 401 - {'error': {'message': 'Authentication Fails, Your api key: ****df0d is invalid', 'type': 'authentication_error', 'param': None, 'code': 'invalid_request_error'}}
2026-07-26 09:01:04 [WARNING] [[deepseek] 1/6 策略=仅标题+链接 retry=0] AI 调用失败或解析失败，继续下一次尝试
2026-07-26 09:01:04 [INFO] 🤖 AI 筛选 [[deepseek] 2/6 策略=仅标题+链接 retry=1]（37 条，7243 字符，temp=0.3）
2026-07-26 09:01:04 [ERROR] AI 调用异常 ([deepseek] 2/6 策略=仅标题+链接 retry=1): Error code: 401 - {'error': {'message': 'Authentication Fails, Your api key: ****df0d is invalid', 'type': 'authentication_error', 'param': None, 'code': 'invalid_request_error'}}
2026-07-26 09:01:04 [WARNING] [[deepseek] 2/6 策略=仅标题+链接 retry=1] AI 调用失败或解析失败，继续下一次尝试
2026-07-26 09:01:04 [INFO] 🤖 AI 筛选 [[deepseek] 3/6 策略=仅标题+链接 retry=2]（37 条，7243 字符，temp=0.3）
2026-07-26 09:01:05 [ERROR] AI 调用异常 ([deepseek] 3/6 策略=仅标题+链接 retry=2): Error code: 401 - {'error': {'message': 'Authentication Fails, Your api key: ****df0d is invalid', 'type': 'authentication_error', 'param': None, 'code': 'invalid_request_error'}}
2026-07-26 09:01:05 [WARNING] [[deepseek] 3/6 策略=仅标题+链接 retry=2] AI 调用失败或解析失败，继续下一次尝试
2026-07-26 09:01:05 [INFO] 🤖 AI 筛选 [[deepseek] 4/6 策略=完整内容 retry=0]（37 条，11135 字符，temp=0.3）
2026-07-26 09:01:05 [ERROR] AI 调用异常 ([deepseek] 4/6 策略=完整内容 retry=0): Error code: 401 - {'error': {'message': 'Authentication Fails, Your api key: ****df0d is invalid', 'type': 'authentication_error', 'param': None, 'code': 'invalid_request_error'}}
2026-07-26 09:01:05 [WARNING] [[deepseek] 4/6 策略=完整内容 retry=0] AI 调用失败或解析失败，继续下一次尝试
2026-07-26 09:01:05 [INFO] 🤖 AI 筛选 [[deepseek] 5/6 策略=完整内容 retry=1]（37 条，11135 字符，temp=0.3）
2026-07-26 09:01:05 [ERROR] AI 调用异常 ([deepseek] 5/6 策略=完整内容 retry=1): Error code: 401 - {'error': {'message': 'Authentication Fails, Your api key: ****df0d is invalid', 'type': 'authentication_error', 'param': None, 'code': 'invalid_request_error'}}
2026-07-26 09:01:05 [WARNING] [[deepseek] 5/6 策略=完整内容 retry=1] AI 调用失败或解析失败，继续下一次尝试
2026-07-26 09:01:05 [INFO] 🤖 AI 筛选 [[deepseek] 6/6 策略=仅标题（无历史） retry=0]（37 条，7243 字符，temp=0.3）
2026-07-26 09:01:06 [ERROR] AI 调用异常 ([deepseek] 6/6 策略=仅标题（无历史） retry=0): Error code: 401 - {'error': {'message': 'Authentication Fails, Your api key: ****df0d is invalid', 'type': 'authentication_error', 'param': None, 'code': 'invalid_request_error'}}
2026-07-26 09:01:06 [WARNING] [[deepseek] 6/6 策略=仅标题（无历史） retry=0] AI 调用失败或解析失败，继续下一次尝试
2026-07-26 09:01:06 [WARNING] [deepseek] 已达最大尝试次数 6，停止
2026-07-26 09:01:06 [INFO] ⚠️ deepseek 未能产出满意结果，尝试下一个提供商
2026-07-26 09:01:06 [INFO] 🔄 尝试 AI 提供商: zhipu
2026-07-26 09:01:06 [ERROR] 未设置环境变量 ZHIPU_API_KEY，无法使用 zhipu
2026-07-26 09:01:06 [INFO] ⚠️ zhipu 未能产出满意结果，尝试下一个提供商
2026-07-26 09:01:06 [INFO] 🔄 尝试 AI 提供商: kimi
2026-07-26 09:01:06 [ERROR] 未设置环境变量 KIMI_API_KEY，无法使用 kimi
2026-07-26 09:01:06 [INFO] ⚠️ kimi 未能产出满意结果，尝试下一个提供商
2026-07-26 09:01:06 [INFO] 🔄 尝试 AI 提供商: huoshan
2026-07-26 09:01:06 [ERROR] 未设置环境变量 HUOSHAN_API_KEY，无法使用 huoshan
2026-07-26 09:01:06 [INFO] ⚠️ huoshan 未能产出满意结果，尝试下一个提供商
2026-07-26 09:01:06 [ERROR] ❌ 所有提供商均失败，返回空列表
2026-07-26 09:01:06 [INFO] 📦 JSON 已保存: reports/2026-07-26-17.json
2026-07-26 09:01:06 [INFO] ✅ AI 筛选完成，共 0 条交易相关消息
2026-07-26 10:00:50 [INFO] 🚀 开始抓取 2026-07-26 18:00 币圈新闻
2026-07-26 10:00:50 [INFO] 📡 抓取 RSS 新闻源...
2026-07-26 10:00:50 [INFO] 📡 抓取交易所公告 & 链上数据...
2026-07-26 10:00:50 [INFO]   ⏭ Decrypt: 过滤掉 35 条非近期新闻
2026-07-26 10:00:50 [INFO]   ⏭ The Block: 过滤掉 20 条非近期新闻
2026-07-26 10:00:50 [INFO]   ⏭ CoinTelegraph: 过滤掉 30 条非近期新闻
2026-07-26 10:00:50 [WARNING] 解析失败 Bitget公告: 'NoneType' object is not subscriptable
2026-07-26 10:00:50 [INFO]   ⏭ Bloomberg Crypto: 过滤掉 50 条非近期新闻
2026-07-26 10:00:50 [INFO]   ⏭ CoinDesk: 过滤掉 24 条非近期新闻
2026-07-26 10:00:50 [INFO]   ⏭ Bitcoin Magazine: 过滤掉 10 条非近期新闻
2026-07-26 10:00:51 [INFO]   ⏭ 宏观经济: 过滤掉 49 条非近期新闻
2026-07-26 10:00:51 [INFO]   ⏭ Blockworks: 过滤掉 50 条非近期新闻
2026-07-26 10:00:51 [INFO]   ⏭ Reuters Crypto: 过滤掉 50 条非近期新闻
2026-07-26 10:00:51 [INFO]   ⏭ CNBC Crypto: 过滤掉 50 条非近期新闻
2026-07-26 10:00:51 [INFO]   ⏭ Reddit r/bitcoin: 过滤掉 23 条非近期新闻
2026-07-26 10:00:51 [INFO]   ⏭ DL News: 过滤掉 50 条非近期新闻
2026-07-26 10:00:51 [INFO]   ⏭ Blockworks: 过滤掉 3 条非近期新闻
2026-07-26 10:00:51 [INFO]   ⏭ Decrypt: 过滤掉 50 条非近期新闻
2026-07-26 10:00:51 [INFO]   ⏭ Bitcoin Magazine: 过滤掉 50 条非近期新闻
2026-07-26 10:00:51 [INFO]   ⏭ 雪球加密: 过滤掉 50 条非近期新闻
2026-07-26 10:00:51 [INFO]   ⏭ 吴说区块链: 过滤掉 48 条非近期新闻
2026-07-26 10:00:51 [INFO]   ⏭ DeFi Llama: 过滤掉 50 条非近期新闻
2026-07-26 10:00:52 [INFO]   ⏭ The Block: 过滤掉 50 条非近期新闻
2026-07-26 10:00:52 [INFO]   ⏭ Crypto Twitter: 过滤掉 40 条非近期新闻
2026-07-26 10:01:05 [INFO]   ⏭ PANews: 过滤掉 50 条非近期新闻
2026-07-26 10:01:06 [INFO]   ⏭ 律动BlockBeats: 过滤掉 50 条非近期新闻
2026-07-26 10:01:06 [DEBUG] 请求失败 https://rsshub.rssforever.com/jinse/lives: 
2026-07-26 10:01:06 [DEBUG] 请求失败 https://rsshub.rssforever.com/bloomberg/crypto: 
2026-07-26 10:01:06 [DEBUG] 请求失败 https://rsshub.rssforever.com/cointelegraph: 
2026-07-26 10:01:06 [INFO]   ⏭ CoinTelegraph: 过滤掉 50 条非近期新闻
2026-07-26 10:01:06 [INFO]   ✓ CoinDesk: 1 条
2026-07-26 10:01:06 [INFO]   ✓ The Block: 0 条
2026-07-26 10:01:06 [INFO]   ✓ Decrypt: 0 条
2026-07-26 10:01:06 [INFO]   ✓ CoinTelegraph: 0 条
2026-07-26 10:01:06 [INFO]   ✓ Bitcoin Magazine: 0 条
2026-07-26 10:01:06 [INFO]   ✓ Blockworks: 0 条
2026-07-26 10:01:06 [INFO]   ✓ DL News: 0 条
2026-07-26 10:01:06 [INFO]   ✓ 金色财经: 0 条
2026-07-26 10:01:06 [INFO]   ✓ PANews: 0 条
2026-07-26 10:01:06 [INFO]   ✓ 律动BlockBeats: 0 条
2026-07-26 10:01:06 [INFO]   ✓ 吴说区块链: 0 条
2026-07-26 10:01:06 [INFO]   ✓ Bloomberg Crypto: 0 条
2026-07-26 10:01:06 [INFO]   ✓ Reuters Crypto: 0 条
2026-07-26 10:01:06 [INFO]   ✓ CNBC Crypto: 0 条
2026-07-26 10:01:06 [INFO]   ✓ Reddit r/cryptocurrency: 0 条
2026-07-26 10:01:06 [INFO]   ✓ Reddit r/bitcoin: 2 条
2026-07-26 10:01:06 [INFO]   ✓ Crypto Twitter: 10 条
2026-07-26 10:01:06 [INFO]   ✓ 宏观经济: 1 条
2026-07-26 10:01:06 [INFO]   ✓ Binance公告: 20 条
2026-07-26 10:01:06 [INFO]   ✓ OKX公告: 0 条
2026-07-26 10:01:06 [INFO]   ✓ Bitget公告: 0 条
2026-07-26 10:01:06 [INFO]   ✓ Whale Alert: 0 条
2026-07-26 10:01:06 [INFO]   ✓ Fear & Greed Index: 1 条
2026-07-26 10:01:06 [INFO]   ✓ DeFi Llama: 0 条
2026-07-26 10:01:06 [INFO]   ✓ 雪球加密: 0 条
2026-07-26 10:01:06 [INFO] 📊 共抓取 35 条新闻
2026-07-26 10:01:06 [INFO] 📋 原始新闻已保存: reports/2026-07-26-18-raw.json (35 条)
2026-07-26 10:01:06 [INFO] 📋 标题摘要已保存: reports/2026-07-26-18-raw-titles.md
2026-07-26 10:01:06 [INFO] ✅ 抓取完成，共 35 条，已保存到 reports/2026-07-26-18-raw.json
2026-07-26 10:01:07 [INFO] 🤖 开始 AI 筛选 2026-07-26 18:00 币圈消息
2026-07-26 10:01:07 [INFO] 📋 已加载原始新闻: reports/2026-07-26-18-raw.json (35 条)
2026-07-26 10:01:07 [INFO] 📚 已加载历史新闻标题（14515 字符）
2026-07-26 10:01:07 [INFO] 📚 已加载历史筛选标题 0 条、URL 0 个，用于去重
2026-07-26 10:01:07 [INFO] 🔄 尝试 AI 提供商: deepseek
2026-07-26 10:01:07 [INFO] 🤖 使用 AI 提供商: deepseek (模型: deepseek-v4-flash)
2026-07-26 10:01:07 [INFO] 🤖 AI 筛选 [[deepseek] 1/6 策略=仅标题+链接 retry=0]（35 条，8167 字符，temp=0.3）
2026-07-26 10:01:08 [ERROR] AI 调用异常 ([deepseek] 1/6 策略=仅标题+链接 retry=0): Error code: 401 - {'error': {'message': 'Authentication Fails, Your api key: ****df0d is invalid', 'type': 'authentication_error', 'param': None, 'code': 'invalid_request_error'}}
2026-07-26 10:01:08 [WARNING] [[deepseek] 1/6 策略=仅标题+链接 retry=0] AI 调用失败或解析失败，继续下一次尝试
2026-07-26 10:01:08 [INFO] 🤖 AI 筛选 [[deepseek] 2/6 策略=仅标题+链接 retry=1]（35 条，8167 字符，temp=0.3）
2026-07-26 10:01:08 [ERROR] AI 调用异常 ([deepseek] 2/6 策略=仅标题+链接 retry=1): Error code: 401 - {'error': {'message': 'Authentication Fails, Your api key: ****df0d is invalid', 'type': 'authentication_error', 'param': None, 'code': 'invalid_request_error'}}
2026-07-26 10:01:08 [WARNING] [[deepseek] 2/6 策略=仅标题+链接 retry=1] AI 调用失败或解析失败，继续下一次尝试
2026-07-26 10:01:08 [INFO] 🤖 AI 筛选 [[deepseek] 3/6 策略=仅标题+链接 retry=2]（35 条，8167 字符，temp=0.3）
2026-07-26 10:01:09 [ERROR] AI 调用异常 ([deepseek] 3/6 策略=仅标题+链接 retry=2): Error code: 401 - {'error': {'message': 'Authentication Fails, Your api key: ****df0d is invalid', 'type': 'authentication_error', 'param': None, 'code': 'invalid_request_error'}}
2026-07-26 10:01:09 [WARNING] [[deepseek] 3/6 策略=仅标题+链接 retry=2] AI 调用失败或解析失败，继续下一次尝试
2026-07-26 10:01:09 [INFO] 🤖 AI 筛选 [[deepseek] 4/6 策略=完整内容 retry=0]（35 条，11282 字符，temp=0.3）
2026-07-26 10:01:09 [ERROR] AI 调用异常 ([deepseek] 4/6 策略=完整内容 retry=0): Error code: 401 - {'error': {'message': 'Authentication Fails, Your api key: ****df0d is invalid', 'type': 'authentication_error', 'param': None, 'code': 'invalid_request_error'}}
2026-07-26 10:01:09 [WARNING] [[deepseek] 4/6 策略=完整内容 retry=0] AI 调用失败或解析失败，继续下一次尝试
2026-07-26 10:01:09 [INFO] 🤖 AI 筛选 [[deepseek] 5/6 策略=完整内容 retry=1]（35 条，11282 字符，temp=0.3）
2026-07-26 10:01:10 [ERROR] AI 调用异常 ([deepseek] 5/6 策略=完整内容 retry=1): Error code: 401 - {'error': {'message': 'Authentication Fails, Your api key: ****df0d is invalid', 'type': 'authentication_error', 'param': None, 'code': 'invalid_request_error'}}
2026-07-26 10:01:10 [WARNING] [[deepseek] 5/6 策略=完整内容 retry=1] AI 调用失败或解析失败，继续下一次尝试
2026-07-26 10:01:10 [INFO] 🤖 AI 筛选 [[deepseek] 6/6 策略=仅标题（无历史） retry=0]（35 条，8167 字符，temp=0.3）
2026-07-26 10:01:10 [ERROR] AI 调用异常 ([deepseek] 6/6 策略=仅标题（无历史） retry=0): Error code: 401 - {'error': {'message': 'Authentication Fails, Your api key: ****df0d is invalid', 'type': 'authentication_error', 'param': None, 'code': 'invalid_request_error'}}
2026-07-26 10:01:10 [WARNING] [[deepseek] 6/6 策略=仅标题（无历史） retry=0] AI 调用失败或解析失败，继续下一次尝试
2026-07-26 10:01:10 [WARNING] [deepseek] 已达最大尝试次数 6，停止
2026-07-26 10:01:10 [INFO] ⚠️ deepseek 未能产出满意结果，尝试下一个提供商
2026-07-26 10:01:10 [INFO] 🔄 尝试 AI 提供商: zhipu
2026-07-26 10:01:10 [ERROR] 未设置环境变量 ZHIPU_API_KEY，无法使用 zhipu
2026-07-26 10:01:10 [INFO] ⚠️ zhipu 未能产出满意结果，尝试下一个提供商
2026-07-26 10:01:10 [INFO] 🔄 尝试 AI 提供商: kimi
2026-07-26 10:01:10 [ERROR] 未设置环境变量 KIMI_API_KEY，无法使用 kimi
2026-07-26 10:01:10 [INFO] ⚠️ kimi 未能产出满意结果，尝试下一个提供商
2026-07-26 10:01:10 [INFO] 🔄 尝试 AI 提供商: huoshan
2026-07-26 10:01:10 [ERROR] 未设置环境变量 HUOSHAN_API_KEY，无法使用 huoshan
2026-07-26 10:01:10 [INFO] ⚠️ huoshan 未能产出满意结果，尝试下一个提供商
2026-07-26 10:01:10 [ERROR] ❌ 所有提供商均失败，返回空列表
2026-07-26 10:01:10 [INFO] 📦 JSON 已保存: reports/2026-07-26-18.json
2026-07-26 10:01:10 [INFO] ✅ AI 筛选完成，共 0 条交易相关消息
2026-07-26 11:00:50 [INFO] 🚀 开始抓取 2026-07-26 19:00 币圈新闻
2026-07-26 11:00:50 [INFO] 📡 抓取 RSS 新闻源...
2026-07-26 11:00:50 [INFO] 📡 抓取交易所公告 & 链上数据...
2026-07-26 11:00:50 [INFO]   ⏭ CoinTelegraph: 过滤掉 29 条非近期新闻
2026-07-26 11:00:50 [INFO]   ⏭ The Block: 过滤掉 20 条非近期新闻
2026-07-26 11:00:50 [INFO]   ⏭ Decrypt: 过滤掉 35 条非近期新闻
2026-07-26 11:00:51 [INFO]   ⏭ Bitcoin Magazine: 过滤掉 10 条非近期新闻
2026-07-26 11:00:51 [INFO]   ⏭ CoinDesk: 过滤掉 24 条非近期新闻
2026-07-26 11:00:51 [INFO]   ⏭ Blockworks: 过滤掉 50 条非近期新闻
2026-07-26 11:00:51 [INFO]   ⏭ Reuters Crypto: 过滤掉 50 条非近期新闻
2026-07-26 11:00:51 [WARNING] 解析失败 Bitget公告: 'NoneType' object is not subscriptable
2026-07-26 11:00:51 [INFO]   ⏭ 宏观经济: 过滤掉 49 条非近期新闻
2026-07-26 11:00:51 [INFO]   ⏭ Reddit r/cryptocurrency: 过滤掉 23 条非近期新闻
2026-07-26 11:00:51 [INFO]   ⏭ Bloomberg Crypto: 过滤掉 50 条非近期新闻
2026-07-26 11:00:51 [INFO]   ⏭ CNBC Crypto: 过滤掉 50 条非近期新闻
2026-07-26 11:00:51 [INFO]   ⏭ DL News: 过滤掉 50 条非近期新闻
2026-07-26 11:00:51 [INFO]   ⏭ Decrypt: 过滤掉 50 条非近期新闻
2026-07-26 11:00:51 [INFO]   ⏭ Blockworks: 过滤掉 3 条非近期新闻
2026-07-26 11:00:51 [INFO]   ⏭ Bitcoin Magazine: 过滤掉 50 条非近期新闻
2026-07-26 11:00:51 [INFO]   ⏭ 吴说区块链: 过滤掉 50 条非近期新闻
2026-07-26 11:00:52 [INFO]   ⏭ DeFi Llama: 过滤掉 50 条非近期新闻
2026-07-26 11:00:52 [INFO]   ⏭ 雪球加密: 过滤掉 50 条非近期新闻
2026-07-26 11:00:52 [INFO]   ⏭ The Block: 过滤掉 50 条非近期新闻
2026-07-26 11:00:52 [INFO]   ⏭ Crypto Twitter: 过滤掉 38 条非近期新闻
2026-07-26 11:00:52 [INFO]   ⏭ PANews: 过滤掉 50 条非近期新闻
2026-07-26 11:00:52 [INFO]   ⏭ 律动BlockBeats: 过滤掉 13 条非近期新闻
2026-07-26 11:00:54 [INFO]   ✓ CoinDesk: 1 条
2026-07-26 11:00:54 [INFO]   ✓ The Block: 0 条
2026-07-26 11:00:54 [INFO]   ✓ Decrypt: 0 条
2026-07-26 11:00:54 [INFO]   ✓ CoinTelegraph: 1 条
2026-07-26 11:00:54 [INFO]   ✓ Bitcoin Magazine: 0 条
2026-07-26 11:00:54 [INFO]   ✓ Blockworks: 0 条
2026-07-26 11:00:54 [INFO]   ✓ DL News: 0 条
2026-07-26 11:00:54 [INFO]   ✓ 金色财经: 4 条
2026-07-26 11:00:54 [INFO]   ✓ PANews: 0 条
2026-07-26 11:00:54 [INFO]   ✓ 律动BlockBeats: 7 条
2026-07-26 11:00:54 [INFO]   ✓ 吴说区块链: 0 条
2026-07-26 11:00:54 [INFO]   ✓ Bloomberg Crypto: 0 条
2026-07-26 11:00:54 [INFO]   ✓ Reuters Crypto: 0 条
2026-07-26 11:00:54 [INFO]   ✓ CNBC Crypto: 0 条
2026-07-26 11:00:54 [INFO]   ✓ Reddit r/cryptocurrency: 2 条
2026-07-26 11:00:54 [INFO]   ✓ Reddit r/bitcoin: 0 条
2026-07-26 11:00:54 [INFO]   ✓ Crypto Twitter: 12 条
2026-07-26 11:00:54 [INFO]   ✓ 宏观经济: 1 条
2026-07-26 11:00:54 [INFO]   ✓ Binance公告: 20 条
2026-07-26 11:00:54 [INFO]   ✓ OKX公告: 0 条
2026-07-26 11:00:54 [INFO]   ✓ Bitget公告: 0 条
2026-07-26 11:00:54 [INFO]   ✓ Whale Alert: 0 条
2026-07-26 11:00:54 [INFO]   ✓ Fear & Greed Index: 1 条
2026-07-26 11:00:54 [INFO]   ✓ DeFi Llama: 0 条
2026-07-26 11:00:54 [INFO]   ✓ 雪球加密: 0 条
2026-07-26 11:00:54 [INFO] 📊 共抓取 49 条新闻
2026-07-26 11:00:54 [INFO] 📋 原始新闻已保存: reports/2026-07-26-19-raw.json (49 条)
2026-07-26 11:00:54 [INFO] 📋 标题摘要已保存: reports/2026-07-26-19-raw-titles.md
2026-07-26 11:00:54 [INFO] ✅ 抓取完成，共 49 条，已保存到 reports/2026-07-26-19-raw.json
2026-07-26 11:00:55 [INFO] 🤖 开始 AI 筛选 2026-07-26 19:00 币圈消息
2026-07-26 11:00:55 [INFO] 📋 已加载原始新闻: reports/2026-07-26-19-raw.json (49 条)
2026-07-26 11:00:55 [INFO] 📚 已加载历史新闻标题（15470 字符）
2026-07-26 11:00:55 [INFO] 📚 已加载历史筛选标题 0 条、URL 0 个，用于去重
2026-07-26 11:00:55 [INFO] 🔄 尝试 AI 提供商: deepseek
2026-07-26 11:00:55 [INFO] 🤖 使用 AI 提供商: deepseek (模型: deepseek-v4-flash)
2026-07-26 11:00:55 [INFO] 🤖 AI 筛选 [[deepseek] 1/6 策略=仅标题+链接 retry=0]（49 条，10544 字符，temp=0.3）
2026-07-26 11:00:56 [ERROR] AI 调用异常 ([deepseek] 1/6 策略=仅标题+链接 retry=0): Error code: 401 - {'error': {'message': 'Authentication Fails, Your api key: ****df0d is invalid', 'type': 'authentication_error', 'param': None, 'code': 'invalid_request_error'}}
2026-07-26 11:00:56 [WARNING] [[deepseek] 1/6 策略=仅标题+链接 retry=0] AI 调用失败或解析失败，继续下一次尝试
2026-07-26 11:00:56 [INFO] 🤖 AI 筛选 [[deepseek] 2/6 策略=仅标题+链接 retry=1]（49 条，10544 字符，temp=0.3）
2026-07-26 11:00:56 [ERROR] AI 调用异常 ([deepseek] 2/6 策略=仅标题+链接 retry=1): Error code: 401 - {'error': {'message': 'Authentication Fails, Your api key: ****df0d is invalid', 'type': 'authentication_error', 'param': None, 'code': 'invalid_request_error'}}
2026-07-26 11:00:56 [WARNING] [[deepseek] 2/6 策略=仅标题+链接 retry=1] AI 调用失败或解析失败，继续下一次尝试
2026-07-26 11:00:56 [INFO] 🤖 AI 筛选 [[deepseek] 3/6 策略=仅标题+链接 retry=2]（49 条，10544 字符，temp=0.3）
2026-07-26 11:00:56 [ERROR] AI 调用异常 ([deepseek] 3/6 策略=仅标题+链接 retry=2): Error code: 401 - {'error': {'message': 'Authentication Fails, Your api key: ****df0d is invalid', 'type': 'authentication_error', 'param': None, 'code': 'invalid_request_error'}}
2026-07-26 11:00:56 [WARNING] [[deepseek] 3/6 策略=仅标题+链接 retry=2] AI 调用失败或解析失败，继续下一次尝试
2026-07-26 11:00:56 [INFO] 🤖 AI 筛选 [[deepseek] 4/6 策略=完整内容 retry=0]（49 条，15555 字符，temp=0.3）
2026-07-26 11:00:57 [ERROR] AI 调用异常 ([deepseek] 4/6 策略=完整内容 retry=0): Error code: 401 - {'error': {'message': 'Authentication Fails, Your api key: ****df0d is invalid', 'type': 'authentication_error', 'param': None, 'code': 'invalid_request_error'}}
2026-07-26 11:00:57 [WARNING] [[deepseek] 4/6 策略=完整内容 retry=0] AI 调用失败或解析失败，继续下一次尝试
2026-07-26 11:00:57 [INFO] 🤖 AI 筛选 [[deepseek] 5/6 策略=完整内容 retry=1]（49 条，15555 字符，temp=0.3）
2026-07-26 11:00:57 [ERROR] AI 调用异常 ([deepseek] 5/6 策略=完整内容 retry=1): Error code: 401 - {'error': {'message': 'Authentication Fails, Your api key: ****df0d is invalid', 'type': 'authentication_error', 'param': None, 'code': 'invalid_request_error'}}
2026-07-26 11:00:57 [WARNING] [[deepseek] 5/6 策略=完整内容 retry=1] AI 调用失败或解析失败，继续下一次尝试
2026-07-26 11:00:57 [INFO] 🤖 AI 筛选 [[deepseek] 6/6 策略=仅标题（无历史） retry=0]（49 条，10544 字符，temp=0.3）
2026-07-26 11:00:58 [ERROR] AI 调用异常 ([deepseek] 6/6 策略=仅标题（无历史） retry=0): Error code: 401 - {'error': {'message': 'Authentication Fails, Your api key: ****df0d is invalid', 'type': 'authentication_error', 'param': None, 'code': 'invalid_request_error'}}
2026-07-26 11:00:58 [WARNING] [[deepseek] 6/6 策略=仅标题（无历史） retry=0] AI 调用失败或解析失败，继续下一次尝试
2026-07-26 11:00:58 [WARNING] [deepseek] 已达最大尝试次数 6，停止
2026-07-26 11:00:58 [INFO] ⚠️ deepseek 未能产出满意结果，尝试下一个提供商
2026-07-26 11:00:58 [INFO] 🔄 尝试 AI 提供商: zhipu
2026-07-26 11:00:58 [ERROR] 未设置环境变量 ZHIPU_API_KEY，无法使用 zhipu
2026-07-26 11:00:58 [INFO] ⚠️ zhipu 未能产出满意结果，尝试下一个提供商
2026-07-26 11:00:58 [INFO] 🔄 尝试 AI 提供商: kimi
2026-07-26 11:00:58 [ERROR] 未设置环境变量 KIMI_API_KEY，无法使用 kimi
2026-07-26 11:00:58 [INFO] ⚠️ kimi 未能产出满意结果，尝试下一个提供商
2026-07-26 11:00:58 [INFO] 🔄 尝试 AI 提供商: huoshan
2026-07-26 11:00:58 [ERROR] 未设置环境变量 HUOSHAN_API_KEY，无法使用 huoshan
2026-07-26 11:00:58 [INFO] ⚠️ huoshan 未能产出满意结果，尝试下一个提供商
2026-07-26 11:00:58 [ERROR] ❌ 所有提供商均失败，返回空列表
2026-07-26 11:00:58 [INFO] 📦 JSON 已保存: reports/2026-07-26-19.json
2026-07-26 11:00:58 [INFO] ✅ AI 筛选完成，共 0 条交易相关消息
2026-07-26 12:00:51 [INFO] 🚀 开始抓取 2026-07-26 20:00 币圈新闻
2026-07-26 12:00:51 [INFO] 📡 抓取 RSS 新闻源...
2026-07-26 12:00:51 [INFO] 📡 抓取交易所公告 & 链上数据...
2026-07-26 12:00:52 [INFO]   ⏭ Decrypt: 过滤掉 50 条非近期新闻
2026-07-26 12:00:52 [INFO]   ⏭ The Block: 过滤掉 20 条非近期新闻
2026-07-26 12:00:52 [INFO]   ⏭ CoinTelegraph: 过滤掉 29 条非近期新闻
2026-07-26 12:00:52 [WARNING] 解析失败 Bitget公告: 'NoneType' object is not subscriptable
2026-07-26 12:00:52 [INFO]   ⏭ Bitcoin Magazine: 过滤掉 10 条非近期新闻
2026-07-26 12:00:52 [INFO]   ⏭ CoinDesk: 过滤掉 25 条非近期新闻
2026-07-26 12:00:53 [INFO]   ⏭ Blockworks: 过滤掉 50 条非近期新闻
2026-07-26 12:00:53 [INFO]   ⏭ 宏观经济: 过滤掉 49 条非近期新闻
2026-07-26 12:00:53 [INFO]   ⏭ Bloomberg Crypto: 过滤掉 50 条非近期新闻
2026-07-26 12:00:53 [INFO]   ⏭ CNBC Crypto: 过滤掉 50 条非近期新闻
2026-07-26 12:00:53 [INFO]   ⏭ Reuters Crypto: 过滤掉 50 条非近期新闻
2026-07-26 12:00:53 [INFO]   ⏭ Decrypt: 过滤掉 50 条非近期新闻
2026-07-26 12:00:53 [INFO]   ⏭ DL News: 过滤掉 50 条非近期新闻
2026-07-26 12:00:53 [INFO]   ⏭ Bitcoin Magazine: 过滤掉 50 条非近期新闻
2026-07-26 12:00:53 [INFO]   ⏭ Blockworks: 过滤掉 3 条非近期新闻
2026-07-26 12:00:53 [INFO]   ⏭ DeFi Llama: 过滤掉 50 条非近期新闻
2026-07-26 12:00:53 [INFO]   ⏭ 吴说区块链: 过滤掉 47 条非近期新闻
2026-07-26 12:00:53 [INFO]   ⏭ Reddit r/bitcoin: 过滤掉 23 条非近期新闻
2026-07-26 12:00:54 [INFO]   ⏭ The Block: 过滤掉 50 条非近期新闻
2026-07-26 12:00:54 [INFO]   ⏭ PANews: 过滤掉 50 条非近期新闻
2026-07-26 12:00:54 [INFO]   ⏭ 律动BlockBeats: 过滤掉 50 条非近期新闻
2026-07-26 12:00:54 [INFO]   ⏭ Crypto Twitter: 过滤掉 41 条非近期新闻
2026-07-26 12:00:54 [INFO]   ⏭ CoinDesk: 过滤掉 50 条非近期新闻
2026-07-26 12:00:54 [INFO]   ⏭ 雪球加密: 过滤掉 49 条非近期新闻
2026-07-26 12:00:54 [INFO]   ✓ CoinDesk: 0 条
2026-07-26 12:00:54 [INFO]   ✓ The Block: 0 条
2026-07-26 12:00:54 [INFO]   ✓ Decrypt: 0 条
2026-07-26 12:00:54 [INFO]   ✓ CoinTelegraph: 1 条
2026-07-26 12:00:54 [INFO]   ✓ Bitcoin Magazine: 0 条
2026-07-26 12:00:54 [INFO]   ✓ Blockworks: 0 条
2026-07-26 12:00:54 [INFO]   ✓ DL News: 0 条
2026-07-26 12:00:54 [INFO]   ✓ 金色财经: 4 条
2026-07-26 12:00:54 [INFO]   ✓ PANews: 0 条
2026-07-26 12:00:54 [INFO]   ✓ 律动BlockBeats: 0 条
2026-07-26 12:00:54 [INFO]   ✓ 吴说区块链: 0 条
2026-07-26 12:00:54 [INFO]   ✓ Bloomberg Crypto: 0 条
2026-07-26 12:00:54 [INFO]   ✓ Reuters Crypto: 0 条
2026-07-26 12:00:54 [INFO]   ✓ CNBC Crypto: 0 条
2026-07-26 12:00:54 [INFO]   ✓ Reddit r/cryptocurrency: 0 条
2026-07-26 12:00:54 [INFO]   ✓ Reddit r/bitcoin: 2 条
2026-07-26 12:00:54 [INFO]   ✓ Crypto Twitter: 9 条
2026-07-26 12:00:54 [INFO]   ✓ 宏观经济: 1 条
2026-07-26 12:00:54 [INFO]   ✓ Binance公告: 20 条
2026-07-26 12:00:54 [INFO]   ✓ OKX公告: 0 条
2026-07-26 12:00:54 [INFO]   ✓ Bitget公告: 0 条
2026-07-26 12:00:54 [INFO]   ✓ Whale Alert: 0 条
2026-07-26 12:00:54 [INFO]   ✓ Fear & Greed Index: 1 条
2026-07-26 12:00:54 [INFO]   ✓ DeFi Llama: 0 条
2026-07-26 12:00:54 [INFO]   ✓ 雪球加密: 1 条
2026-07-26 12:00:54 [INFO] 📊 共抓取 39 条新闻
2026-07-26 12:00:54 [INFO] 📋 原始新闻已保存: reports/2026-07-26-20-raw.json (39 条)
2026-07-26 12:00:54 [INFO] 📋 标题摘要已保存: reports/2026-07-26-20-raw-titles.md
2026-07-26 12:00:54 [INFO] ✅ 抓取完成，共 39 条，已保存到 reports/2026-07-26-20-raw.json
2026-07-26 12:00:55 [INFO] 🤖 开始 AI 筛选 2026-07-26 20:00 币圈消息
2026-07-26 12:00:55 [INFO] 📋 已加载原始新闻: reports/2026-07-26-20-raw.json (39 条)
2026-07-26 12:00:55 [INFO] 📚 已加载历史新闻标题（16965 字符）
2026-07-26 12:00:55 [INFO] 📚 已加载历史筛选标题 0 条、URL 0 个，用于去重
2026-07-26 12:00:55 [INFO] 🔄 尝试 AI 提供商: deepseek
2026-07-26 12:00:55 [INFO] 🤖 使用 AI 提供商: deepseek (模型: deepseek-v4-flash)
2026-07-26 12:00:55 [INFO] 🤖 AI 筛选 [[deepseek] 1/6 策略=仅标题+链接 retry=0]（39 条，8928 字符，temp=0.3）
2026-07-26 12:00:56 [ERROR] AI 调用异常 ([deepseek] 1/6 策略=仅标题+链接 retry=0): Error code: 401 - {'error': {'message': 'Authentication Fails, Your api key: ****df0d is invalid', 'type': 'authentication_error', 'param': None, 'code': 'invalid_request_error'}}
2026-07-26 12:00:56 [WARNING] [[deepseek] 1/6 策略=仅标题+链接 retry=0] AI 调用失败或解析失败，继续下一次尝试
2026-07-26 12:00:56 [INFO] 🤖 AI 筛选 [[deepseek] 2/6 策略=仅标题+链接 retry=1]（39 条，8928 字符，temp=0.3）
2026-07-26 12:00:56 [ERROR] AI 调用异常 ([deepseek] 2/6 策略=仅标题+链接 retry=1): Error code: 401 - {'error': {'message': 'Authentication Fails, Your api key: ****df0d is invalid', 'type': 'authentication_error', 'param': None, 'code': 'invalid_request_error'}}
2026-07-26 12:00:56 [WARNING] [[deepseek] 2/6 策略=仅标题+链接 retry=1] AI 调用失败或解析失败，继续下一次尝试
2026-07-26 12:00:56 [INFO] 🤖 AI 筛选 [[deepseek] 3/6 策略=仅标题+链接 retry=2]（39 条，8928 字符，temp=0.3）
2026-07-26 12:00:57 [ERROR] AI 调用异常 ([deepseek] 3/6 策略=仅标题+链接 retry=2): Error code: 401 - {'error': {'message': 'Authentication Fails, Your api key: ****df0d is invalid', 'type': 'authentication_error', 'param': None, 'code': 'invalid_request_error'}}
2026-07-26 12:00:57 [WARNING] [[deepseek] 3/6 策略=仅标题+链接 retry=2] AI 调用失败或解析失败，继续下一次尝试
2026-07-26 12:00:57 [INFO] 🤖 AI 筛选 [[deepseek] 4/6 策略=完整内容 retry=0]（39 条，12777 字符，temp=0.3）
2026-07-26 12:00:57 [ERROR] AI 调用异常 ([deepseek] 4/6 策略=完整内容 retry=0): Error code: 401 - {'error': {'message': 'Authentication Fails, Your api key: ****df0d is invalid', 'type': 'authentication_error', 'param': None, 'code': 'invalid_request_error'}}
2026-07-26 12:00:57 [WARNING] [[deepseek] 4/6 策略=完整内容 retry=0] AI 调用失败或解析失败，继续下一次尝试
2026-07-26 12:00:57 [INFO] 🤖 AI 筛选 [[deepseek] 5/6 策略=完整内容 retry=1]（39 条，12777 字符，temp=0.3）
2026-07-26 12:00:58 [ERROR] AI 调用异常 ([deepseek] 5/6 策略=完整内容 retry=1): Error code: 401 - {'error': {'message': 'Authentication Fails, Your api key: ****df0d is invalid', 'type': 'authentication_error', 'param': None, 'code': 'invalid_request_error'}}
2026-07-26 12:00:58 [WARNING] [[deepseek] 5/6 策略=完整内容 retry=1] AI 调用失败或解析失败，继续下一次尝试
2026-07-26 12:00:58 [INFO] 🤖 AI 筛选 [[deepseek] 6/6 策略=仅标题（无历史） retry=0]（39 条，8928 字符，temp=0.3）
2026-07-26 12:00:58 [ERROR] AI 调用异常 ([deepseek] 6/6 策略=仅标题（无历史） retry=0): Error code: 401 - {'error': {'message': 'Authentication Fails, Your api key: ****df0d is invalid', 'type': 'authentication_error', 'param': None, 'code': 'invalid_request_error'}}
2026-07-26 12:00:58 [WARNING] [[deepseek] 6/6 策略=仅标题（无历史） retry=0] AI 调用失败或解析失败，继续下一次尝试
2026-07-26 12:00:58 [WARNING] [deepseek] 已达最大尝试次数 6，停止
2026-07-26 12:00:58 [INFO] ⚠️ deepseek 未能产出满意结果，尝试下一个提供商
2026-07-26 12:00:58 [INFO] 🔄 尝试 AI 提供商: zhipu
2026-07-26 12:00:58 [ERROR] 未设置环境变量 ZHIPU_API_KEY，无法使用 zhipu
2026-07-26 12:00:58 [INFO] ⚠️ zhipu 未能产出满意结果，尝试下一个提供商
2026-07-26 12:00:58 [INFO] 🔄 尝试 AI 提供商: kimi
2026-07-26 12:00:58 [ERROR] 未设置环境变量 KIMI_API_KEY，无法使用 kimi
2026-07-26 12:00:58 [INFO] ⚠️ kimi 未能产出满意结果，尝试下一个提供商
2026-07-26 12:00:58 [INFO] 🔄 尝试 AI 提供商: huoshan
2026-07-26 12:00:58 [ERROR] 未设置环境变量 HUOSHAN_API_KEY，无法使用 huoshan
2026-07-26 12:00:58 [INFO] ⚠️ huoshan 未能产出满意结果，尝试下一个提供商
2026-07-26 12:00:58 [ERROR] ❌ 所有提供商均失败，返回空列表
2026-07-26 12:00:58 [INFO] 📦 JSON 已保存: reports/2026-07-26-20.json
2026-07-26 12:00:58 [INFO] ✅ AI 筛选完成，共 0 条交易相关消息
2026-07-26 13:00:48 [INFO] 🚀 开始抓取 2026-07-26 21:00 币圈新闻
2026-07-26 13:00:48 [INFO] 📡 抓取 RSS 新闻源...
2026-07-26 13:00:48 [INFO] 📡 抓取交易所公告 & 链上数据...
2026-07-26 13:00:49 [INFO]   ⏭ CoinTelegraph: 过滤掉 29 条非近期新闻
2026-07-26 13:00:49 [INFO]   ⏭ Decrypt: 过滤掉 35 条非近期新闻
2026-07-26 13:00:49 [INFO]   ⏭ The Block: 过滤掉 20 条非近期新闻
2026-07-26 13:00:49 [INFO]   ⏭ Reuters Crypto: 过滤掉 50 条非近期新闻
2026-07-26 13:00:49 [INFO]   ⏭ Bloomberg Crypto: 过滤掉 50 条非近期新闻
2026-07-26 13:00:49 [INFO]   ⏭ 宏观经济: 过滤掉 50 条非近期新闻
2026-07-26 13:00:49 [WARNING] 解析失败 Bitget公告: 'NoneType' object is not subscriptable
2026-07-26 13:00:49 [INFO]   ⏭ CNBC Crypto: 过滤掉 49 条非近期新闻
2026-07-26 13:00:49 [INFO]   ⏭ Reddit r/bitcoin: 过滤掉 24 条非近期新闻
2026-07-26 13:00:49 [INFO]   ⏭ CoinDesk: 过滤掉 24 条非近期新闻
2026-07-26 13:00:49 [INFO]   ⏭ Bitcoin Magazine: 过滤掉 10 条非近期新闻
2026-07-26 13:00:49 [INFO]   ⏭ Blockworks: 过滤掉 50 条非近期新闻
2026-07-26 13:00:50 [INFO]   ⏭ 宏观经济: 过滤掉 50 条非近期新闻
2026-07-26 13:00:50 [INFO]   ⏭ Decrypt: 过滤掉 50 条非近期新闻
2026-07-26 13:00:50 [INFO]   ⏭ DL News: 过滤掉 50 条非近期新闻
2026-07-26 13:00:50 [INFO]   ⏭ Bitcoin Magazine: 过滤掉 50 条非近期新闻
2026-07-26 13:00:50 [INFO]   ⏭ Blockworks: 过滤掉 3 条非近期新闻
2026-07-26 13:00:50 [INFO]   ⏭ DeFi Llama: 过滤掉 50 条非近期新闻
2026-07-26 13:00:50 [INFO]   ⏭ 吴说区块链: 过滤掉 49 条非近期新闻
2026-07-26 13:00:50 [INFO]   ⏭ 雪球加密: 过滤掉 49 条非近期新闻
2026-07-26 13:00:50 [INFO]   ⏭ The Block: 过滤掉 50 条非近期新闻
2026-07-26 13:00:50 [INFO]   ⏭ Crypto Twitter: 过滤掉 40 条非近期新闻
2026-07-26 13:00:50 [INFO]   ⏭ 律动BlockBeats: 过滤掉 9 条非近期新闻
2026-07-26 13:00:50 [INFO]   ⏭ PANews: 过滤掉 50 条非近期新闻
2026-07-26 13:00:53 [INFO]   ⏭ 金色财经: 过滤掉 13 条非近期新闻
2026-07-26 13:00:53 [INFO]   ✓ CoinDesk: 1 条
2026-07-26 13:00:53 [INFO]   ✓ The Block: 0 条
2026-07-26 13:00:53 [INFO]   ✓ Decrypt: 0 条
2026-07-26 13:00:53 [INFO]   ✓ CoinTelegraph: 1 条
2026-07-26 13:00:53 [INFO]   ✓ Bitcoin Magazine: 0 条
2026-07-26 13:00:53 [INFO]   ✓ Blockworks: 0 条
2026-07-26 13:00:53 [INFO]   ✓ DL News: 0 条
2026-07-26 13:00:53 [INFO]   ✓ 金色财经: 7 条
2026-07-26 13:00:53 [INFO]   ✓ PANews: 0 条
2026-07-26 13:00:53 [INFO]   ✓ 律动BlockBeats: 11 条
2026-07-26 13:00:53 [INFO]   ✓ 吴说区块链: 0 条
2026-07-26 13:00:53 [INFO]   ✓ Bloomberg Crypto: 0 条
2026-07-26 13:00:53 [INFO]   ✓ Reuters Crypto: 0 条
2026-07-26 13:00:53 [INFO]   ✓ CNBC Crypto: 1 条
2026-07-26 13:00:53 [INFO]   ✓ Reddit r/cryptocurrency: 0 条
2026-07-26 13:00:53 [INFO]   ✓ Reddit r/bitcoin: 1 条
2026-07-26 13:00:53 [INFO]   ✓ Crypto Twitter: 10 条
2026-07-26 13:00:53 [INFO]   ✓ 宏观经济: 0 条
2026-07-26 13:00:53 [INFO]   ✓ Binance公告: 20 条
2026-07-26 13:00:53 [INFO]   ✓ OKX公告: 0 条
2026-07-26 13:00:53 [INFO]   ✓ Bitget公告: 0 条
2026-07-26 13:00:53 [INFO]   ✓ Whale Alert: 0 条
2026-07-26 13:00:53 [INFO]   ✓ Fear & Greed Index: 1 条
2026-07-26 13:00:53 [INFO]   ✓ DeFi Llama: 0 条
2026-07-26 13:00:53 [INFO]   ✓ 雪球加密: 1 条
2026-07-26 13:00:53 [INFO] 📊 共抓取 54 条新闻
2026-07-26 13:00:53 [INFO] 📋 原始新闻已保存: reports/2026-07-26-21-raw.json (54 条)
2026-07-26 13:00:53 [INFO] 📋 标题摘要已保存: reports/2026-07-26-21-raw-titles.md
2026-07-26 13:00:53 [INFO] ✅ 抓取完成，共 54 条，已保存到 reports/2026-07-26-21-raw.json
2026-07-26 13:00:53 [INFO] 🤖 开始 AI 筛选 2026-07-26 21:00 币圈消息
2026-07-26 13:00:53 [INFO] 📋 已加载原始新闻: reports/2026-07-26-21-raw.json (54 条)
2026-07-26 13:00:53 [INFO] 📚 已加载历史新闻标题（17891 字符）
2026-07-26 13:00:53 [INFO] 📚 已加载历史筛选标题 0 条、URL 0 个，用于去重
2026-07-26 13:00:53 [INFO] 🔄 尝试 AI 提供商: deepseek
2026-07-26 13:00:53 [INFO] 🤖 使用 AI 提供商: deepseek (模型: deepseek-v4-flash)
2026-07-26 13:00:53 [INFO] 🤖 AI 筛选 [[deepseek] 1/6 策略=仅标题+链接 retry=0]（54 条，10849 字符，temp=0.3）
2026-07-26 13:00:54 [ERROR] AI 调用异常 ([deepseek] 1/6 策略=仅标题+链接 retry=0): Error code: 401 - {'error': {'message': 'Authentication Fails, Your api key: ****df0d is invalid', 'type': 'authentication_error', 'param': None, 'code': 'invalid_request_error'}}
2026-07-26 13:00:54 [WARNING] [[deepseek] 1/6 策略=仅标题+链接 retry=0] AI 调用失败或解析失败，继续下一次尝试
2026-07-26 13:00:54 [INFO] 🤖 AI 筛选 [[deepseek] 2/6 策略=仅标题+链接 retry=1]（54 条，10849 字符，temp=0.3）
2026-07-26 13:00:55 [ERROR] AI 调用异常 ([deepseek] 2/6 策略=仅标题+链接 retry=1): Error code: 401 - {'error': {'message': 'Authentication Fails, Your api key: ****df0d is invalid', 'type': 'authentication_error', 'param': None, 'code': 'invalid_request_error'}}
2026-07-26 13:00:55 [WARNING] [[deepseek] 2/6 策略=仅标题+链接 retry=1] AI 调用失败或解析失败，继续下一次尝试
2026-07-26 13:00:55 [INFO] 🤖 AI 筛选 [[deepseek] 3/6 策略=仅标题+链接 retry=2]（54 条，10849 字符，temp=0.3）
2026-07-26 13:00:55 [ERROR] AI 调用异常 ([deepseek] 3/6 策略=仅标题+链接 retry=2): Error code: 401 - {'error': {'message': 'Authentication Fails, Your api key: ****df0d is invalid', 'type': 'authentication_error', 'param': None, 'code': 'invalid_request_error'}}
2026-07-26 13:00:55 [WARNING] [[deepseek] 3/6 策略=仅标题+链接 retry=2] AI 调用失败或解析失败，继续下一次尝试
2026-07-26 13:00:55 [INFO] 🤖 AI 筛选 [[deepseek] 4/6 策略=完整内容 retry=0]（54 条，17452 字符，temp=0.3）
2026-07-26 13:00:56 [ERROR] AI 调用异常 ([deepseek] 4/6 策略=完整内容 retry=0): Error code: 401 - {'error': {'message': 'Authentication Fails, Your api key: ****df0d is invalid', 'type': 'authentication_error', 'param': None, 'code': 'invalid_request_error'}}
2026-07-26 13:00:56 [WARNING] [[deepseek] 4/6 策略=完整内容 retry=0] AI 调用失败或解析失败，继续下一次尝试
2026-07-26 13:00:56 [INFO] 🤖 AI 筛选 [[deepseek] 5/6 策略=完整内容 retry=1]（54 条，17452 字符，temp=0.3）
2026-07-26 13:00:56 [ERROR] AI 调用异常 ([deepseek] 5/6 策略=完整内容 retry=1): Error code: 401 - {'error': {'message': 'Authentication Fails, Your api key: ****df0d is invalid', 'type': 'authentication_error', 'param': None, 'code': 'invalid_request_error'}}
2026-07-26 13:00:56 [WARNING] [[deepseek] 5/6 策略=完整内容 retry=1] AI 调用失败或解析失败，继续下一次尝试
2026-07-26 13:00:56 [INFO] 🤖 AI 筛选 [[deepseek] 6/6 策略=仅标题（无历史） retry=0]（54 条，10849 字符，temp=0.3）
2026-07-26 13:00:57 [ERROR] AI 调用异常 ([deepseek] 6/6 策略=仅标题（无历史） retry=0): Error code: 401 - {'error': {'message': 'Authentication Fails, Your api key: ****df0d is invalid', 'type': 'authentication_error', 'param': None, 'code': 'invalid_request_error'}}
2026-07-26 13:00:57 [WARNING] [[deepseek] 6/6 策略=仅标题（无历史） retry=0] AI 调用失败或解析失败，继续下一次尝试
2026-07-26 13:00:57 [WARNING] [deepseek] 已达最大尝试次数 6，停止
2026-07-26 13:00:57 [INFO] ⚠️ deepseek 未能产出满意结果，尝试下一个提供商
2026-07-26 13:00:57 [INFO] 🔄 尝试 AI 提供商: zhipu
2026-07-26 13:00:57 [ERROR] 未设置环境变量 ZHIPU_API_KEY，无法使用 zhipu
2026-07-26 13:00:57 [INFO] ⚠️ zhipu 未能产出满意结果，尝试下一个提供商
2026-07-26 13:00:57 [INFO] 🔄 尝试 AI 提供商: kimi
2026-07-26 13:00:57 [ERROR] 未设置环境变量 KIMI_API_KEY，无法使用 kimi
2026-07-26 13:00:57 [INFO] ⚠️ kimi 未能产出满意结果，尝试下一个提供商
2026-07-26 13:00:57 [INFO] 🔄 尝试 AI 提供商: huoshan
2026-07-26 13:00:57 [ERROR] 未设置环境变量 HUOSHAN_API_KEY，无法使用 huoshan
2026-07-26 13:00:57 [INFO] ⚠️ huoshan 未能产出满意结果，尝试下一个提供商
2026-07-26 13:00:57 [ERROR] ❌ 所有提供商均失败，返回空列表
2026-07-26 13:00:57 [INFO] 📦 JSON 已保存: reports/2026-07-26-21.json
2026-07-26 13:00:57 [INFO] ✅ AI 筛选完成，共 0 条交易相关消息
2026-07-26 14:00:52 [INFO] 🚀 开始抓取 2026-07-26 22:00 币圈新闻
2026-07-26 14:00:52 [INFO] 📡 抓取 RSS 新闻源...
2026-07-26 14:00:52 [INFO] 📡 抓取交易所公告 & 链上数据...
2026-07-26 14:00:52 [INFO]   ⏭ Decrypt: 过滤掉 35 条非近期新闻
2026-07-26 14:00:52 [INFO]   ⏭ The Block: 过滤掉 20 条非近期新闻
2026-07-26 14:00:52 [INFO]   ⏭ CoinTelegraph: 过滤掉 28 条非近期新闻
2026-07-26 14:00:52 [INFO]   ⏭ CoinDesk: 过滤掉 24 条非近期新闻
2026-07-26 14:00:52 [INFO]   ⏭ Bitcoin Magazine: 过滤掉 10 条非近期新闻
2026-07-26 14:00:52 [WARNING] 解析失败 Bitget公告: 'NoneType' object is not subscriptable
2026-07-26 14:00:52 [INFO]   ⏭ Blockworks: 过滤掉 50 条非近期新闻
2026-07-26 14:00:52 [INFO]   ⏭ 宏观经济: 过滤掉 50 条非近期新闻
2026-07-26 14:00:52 [INFO]   ⏭ Bloomberg Crypto: 过滤掉 50 条非近期新闻
2026-07-26 14:00:52 [INFO]   ⏭ Reuters Crypto: 过滤掉 50 条非近期新闻
2026-07-26 14:00:53 [INFO]   ⏭ CNBC Crypto: 过滤掉 50 条非近期新闻
2026-07-26 14:00:53 [INFO]   ⏭ 雪球加密: 过滤掉 49 条非近期新闻
2026-07-26 14:00:53 [INFO]   ⏭ DL News: 过滤掉 50 条非近期新闻
2026-07-26 14:00:53 [INFO]   ⏭ Decrypt: 过滤掉 50 条非近期新闻
2026-07-26 14:00:53 [INFO]   ⏭ The Block: 过滤掉 50 条非近期新闻
2026-07-26 14:00:53 [INFO]   ⏭ DeFi Llama: 过滤掉 50 条非近期新闻
2026-07-26 14:00:53 [INFO]   ⏭ Reddit r/cryptocurrency: 过滤掉 22 条非近期新闻
2026-07-26 14:00:53 [INFO]   ⏭ Bitcoin Magazine: 过滤掉 50 条非近期新闻
2026-07-26 14:00:53 [INFO]   ⏭ 吴说区块链: 过滤掉 47 条非近期新闻
2026-07-26 14:00:53 [INFO]   ⏭ Blockworks: 过滤掉 3 条非近期新闻
2026-07-26 14:00:53 [INFO]   ⏭ 宏观经济: 过滤掉 50 条非近期新闻
2026-07-26 14:00:53 [INFO]   ⏭ Crypto Twitter: 过滤掉 39 条非近期新闻
2026-07-26 14:01:00 [INFO]   ⏭ PANews: 过滤掉 50 条非近期新闻
2026-07-26 14:01:00 [INFO]   ⏭ 金色财经: 过滤掉 14 条非近期新闻
2026-07-26 14:01:00 [INFO]   ⏭ 律动BlockBeats: 过滤掉 50 条非近期新闻
2026-07-26 14:01:00 [INFO]   ✓ CoinDesk: 1 条
2026-07-26 14:01:00 [INFO]   ✓ The Block: 0 条
2026-07-26 14:01:00 [INFO]   ✓ Decrypt: 0 条
2026-07-26 14:01:00 [INFO]   ✓ CoinTelegraph: 2 条
2026-07-26 14:01:00 [INFO]   ✓ Bitcoin Magazine: 0 条
2026-07-26 14:01:00 [INFO]   ✓ Blockworks: 0 条
2026-07-26 14:01:00 [INFO]   ✓ DL News: 0 条
2026-07-26 14:01:00 [INFO]   ✓ 金色财经: 6 条
2026-07-26 14:01:00 [INFO]   ✓ PANews: 0 条
2026-07-26 14:01:00 [INFO]   ✓ 律动BlockBeats: 0 条
2026-07-26 14:01:00 [INFO]   ✓ 吴说区块链: 0 条
2026-07-26 14:01:00 [INFO]   ✓ Bloomberg Crypto: 0 条
2026-07-26 14:01:00 [INFO]   ✓ Reuters Crypto: 0 条
2026-07-26 14:01:00 [INFO]   ✓ CNBC Crypto: 0 条
2026-07-26 14:01:00 [INFO]   ✓ Reddit r/cryptocurrency: 3 条
2026-07-26 14:01:00 [INFO]   ✓ Reddit r/bitcoin: 0 条
2026-07-26 14:01:00 [INFO]   ✓ Crypto Twitter: 11 条
2026-07-26 14:01:00 [INFO]   ✓ 宏观经济: 0 条
2026-07-26 14:01:00 [INFO]   ✓ Binance公告: 20 条
2026-07-26 14:01:00 [INFO]   ✓ OKX公告: 0 条
2026-07-26 14:01:00 [INFO]   ✓ Bitget公告: 0 条
2026-07-26 14:01:00 [INFO]   ✓ Whale Alert: 0 条
2026-07-26 14:01:00 [INFO]   ✓ Fear & Greed Index: 1 条
2026-07-26 14:01:00 [INFO]   ✓ DeFi Llama: 0 条
2026-07-26 14:01:00 [INFO]   ✓ 雪球加密: 1 条
2026-07-26 14:01:00 [INFO] 📊 共抓取 45 条新闻
2026-07-26 14:01:00 [INFO] 📋 原始新闻已保存: reports/2026-07-26-22-raw.json (45 条)
2026-07-26 14:01:00 [INFO] 📋 标题摘要已保存: reports/2026-07-26-22-raw-titles.md
2026-07-26 14:01:00 [INFO] ✅ 抓取完成，共 45 条，已保存到 reports/2026-07-26-22-raw.json
2026-07-26 14:01:01 [INFO] 🤖 开始 AI 筛选 2026-07-26 22:00 币圈消息
2026-07-26 14:01:01 [INFO] 📋 已加载原始新闻: reports/2026-07-26-22-raw.json (45 条)
2026-07-26 14:01:01 [INFO] 📚 已加载历史新闻标题（19184 字符）
2026-07-26 14:01:01 [INFO] 📚 已加载历史筛选标题 0 条、URL 0 个，用于去重
2026-07-26 14:01:01 [INFO] 🔄 尝试 AI 提供商: deepseek
2026-07-26 14:01:01 [INFO] 🤖 使用 AI 提供商: deepseek (模型: deepseek-v4-flash)
2026-07-26 14:01:01 [INFO] 🤖 AI 筛选 [[deepseek] 1/6 策略=仅标题+链接 retry=0]（45 条，10069 字符，temp=0.3）
2026-07-26 14:01:02 [ERROR] AI 调用异常 ([deepseek] 1/6 策略=仅标题+链接 retry=0): Error code: 401 - {'error': {'message': 'Authentication Fails, Your api key: ****df0d is invalid', 'type': 'authentication_error', 'param': None, 'code': 'invalid_request_error'}}
2026-07-26 14:01:02 [WARNING] [[deepseek] 1/6 策略=仅标题+链接 retry=0] AI 调用失败或解析失败，继续下一次尝试
2026-07-26 14:01:02 [INFO] 🤖 AI 筛选 [[deepseek] 2/6 策略=仅标题+链接 retry=1]（45 条，10069 字符，temp=0.3）
2026-07-26 14:01:02 [ERROR] AI 调用异常 ([deepseek] 2/6 策略=仅标题+链接 retry=1): Error code: 401 - {'error': {'message': 'Authentication Fails, Your api key: ****df0d is invalid', 'type': 'authentication_error', 'param': None, 'code': 'invalid_request_error'}}
2026-07-26 14:01:02 [WARNING] [[deepseek] 2/6 策略=仅标题+链接 retry=1] AI 调用失败或解析失败，继续下一次尝试
2026-07-26 14:01:02 [INFO] 🤖 AI 筛选 [[deepseek] 3/6 策略=仅标题+链接 retry=2]（45 条，10069 字符，temp=0.3）
2026-07-26 14:01:03 [ERROR] AI 调用异常 ([deepseek] 3/6 策略=仅标题+链接 retry=2): Error code: 401 - {'error': {'message': 'Authentication Fails, Your api key: ****df0d is invalid', 'type': 'authentication_error', 'param': None, 'code': 'invalid_request_error'}}
2026-07-26 14:01:03 [WARNING] [[deepseek] 3/6 策略=仅标题+链接 retry=2] AI 调用失败或解析失败，继续下一次尝试
2026-07-26 14:01:03 [INFO] 🤖 AI 筛选 [[deepseek] 4/6 策略=完整内容 retry=0]（45 条，14873 字符，temp=0.3）
2026-07-26 14:01:03 [ERROR] AI 调用异常 ([deepseek] 4/6 策略=完整内容 retry=0): Error code: 401 - {'error': {'message': 'Authentication Fails, Your api key: ****df0d is invalid', 'type': 'authentication_error', 'param': None, 'code': 'invalid_request_error'}}
2026-07-26 14:01:03 [WARNING] [[deepseek] 4/6 策略=完整内容 retry=0] AI 调用失败或解析失败，继续下一次尝试
2026-07-26 14:01:03 [INFO] 🤖 AI 筛选 [[deepseek] 5/6 策略=完整内容 retry=1]（45 条，14873 字符，temp=0.3）
2026-07-26 14:01:03 [ERROR] AI 调用异常 ([deepseek] 5/6 策略=完整内容 retry=1): Error code: 401 - {'error': {'message': 'Authentication Fails, Your api key: ****df0d is invalid', 'type': 'authentication_error', 'param': None, 'code': 'invalid_request_error'}}
2026-07-26 14:01:03 [WARNING] [[deepseek] 5/6 策略=完整内容 retry=1] AI 调用失败或解析失败，继续下一次尝试
2026-07-26 14:01:03 [INFO] 🤖 AI 筛选 [[deepseek] 6/6 策略=仅标题（无历史） retry=0]（45 条，10069 字符，temp=0.3）
2026-07-26 14:01:04 [ERROR] AI 调用异常 ([deepseek] 6/6 策略=仅标题（无历史） retry=0): Error code: 401 - {'error': {'message': 'Authentication Fails, Your api key: ****df0d is invalid', 'type': 'authentication_error', 'param': None, 'code': 'invalid_request_error'}}
2026-07-26 14:01:04 [WARNING] [[deepseek] 6/6 策略=仅标题（无历史） retry=0] AI 调用失败或解析失败，继续下一次尝试
2026-07-26 14:01:04 [WARNING] [deepseek] 已达最大尝试次数 6，停止
2026-07-26 14:01:04 [INFO] ⚠️ deepseek 未能产出满意结果，尝试下一个提供商
2026-07-26 14:01:04 [INFO] 🔄 尝试 AI 提供商: zhipu
2026-07-26 14:01:04 [ERROR] 未设置环境变量 ZHIPU_API_KEY，无法使用 zhipu
2026-07-26 14:01:04 [INFO] ⚠️ zhipu 未能产出满意结果，尝试下一个提供商
2026-07-26 14:01:04 [INFO] 🔄 尝试 AI 提供商: kimi
2026-07-26 14:01:04 [ERROR] 未设置环境变量 KIMI_API_KEY，无法使用 kimi
2026-07-26 14:01:04 [INFO] ⚠️ kimi 未能产出满意结果，尝试下一个提供商
2026-07-26 14:01:04 [INFO] 🔄 尝试 AI 提供商: huoshan
2026-07-26 14:01:04 [ERROR] 未设置环境变量 HUOSHAN_API_KEY，无法使用 huoshan
2026-07-26 14:01:04 [INFO] ⚠️ huoshan 未能产出满意结果，尝试下一个提供商
2026-07-26 14:01:04 [ERROR] ❌ 所有提供商均失败，返回空列表
2026-07-26 14:01:04 [INFO] 📦 JSON 已保存: reports/2026-07-26-22.json
2026-07-26 14:01:04 [INFO] ✅ AI 筛选完成，共 0 条交易相关消息
2026-07-26 15:00:54 [INFO] 🚀 开始抓取 2026-07-26 23:00 币圈新闻
2026-07-26 15:00:55 [INFO] 📡 抓取 RSS 新闻源...
2026-07-26 15:00:55 [INFO] 📡 抓取交易所公告 & 链上数据...
2026-07-26 15:00:55 [INFO]   ⏭ CoinTelegraph: 过滤掉 29 条非近期新闻
2026-07-26 15:00:55 [INFO]   ⏭ Decrypt: 过滤掉 34 条非近期新闻
2026-07-26 15:00:55 [INFO]   ⏭ The Block: 过滤掉 19 条非近期新闻
2026-07-26 15:00:55 [INFO]   ⏭ CoinDesk: 过滤掉 25 条非近期新闻
2026-07-26 15:00:55 [WARNING] 解析失败 Bitget公告: 'NoneType' object is not subscriptable
2026-07-26 15:00:55 [INFO]   ⏭ Bitcoin Magazine: 过滤掉 10 条非近期新闻
2026-07-26 15:00:55 [INFO]   ⏭ Bloomberg Crypto: 过滤掉 50 条非近期新闻
2026-07-26 15:00:55 [INFO]   ⏭ Reuters Crypto: 过滤掉 50 条非近期新闻
2026-07-26 15:00:55 [INFO]   ⏭ Blockworks: 过滤掉 50 条非近期新闻
2026-07-26 15:00:55 [INFO]   ⏭ CNBC Crypto: 过滤掉 49 条非近期新闻
2026-07-26 15:00:55 [INFO]   ⏭ 宏观经济: 过滤掉 50 条非近期新闻
2026-07-26 15:00:55 [INFO]   ⏭ DL News: 过滤掉 50 条非近期新闻
2026-07-26 15:00:55 [INFO]   ⏭ DeFi Llama: 过滤掉 50 条非近期新闻
2026-07-26 15:00:56 [INFO]   ⏭ Reddit r/cryptocurrency: 过滤掉 21 条非近期新闻
2026-07-26 15:00:56 [INFO]   ⏭ 雪球加密: 过滤掉 50 条非近期新闻
2026-07-26 15:00:56 [INFO]   ⏭ Blockworks: 过滤掉 3 条非近期新闻
2026-07-26 15:00:56 [INFO]   ⏭ 宏观经济: 过滤掉 50 条非近期新闻
2026-07-26 15:00:56 [INFO]   ⏭ Bitcoin Magazine: 过滤掉 50 条非近期新闻
2026-07-26 15:00:56 [INFO]   ⏭ 吴说区块链: 过滤掉 47 条非近期新闻
2026-07-26 15:00:56 [INFO]   ⏭ CoinDesk: 过滤掉 50 条非近期新闻
2026-07-26 15:00:56 [INFO]   ⏭ Crypto Twitter: 过滤掉 43 条非近期新闻
2026-07-26 15:01:09 [INFO]   ⏭ PANews: 过滤掉 50 条非近期新闻
2026-07-26 15:01:10 [DEBUG] 请求失败 https://rsshub.rssforever.com/theblockbeats/newsflash: 
2026-07-26 15:01:10 [DEBUG] 请求失败 https://rsshub.rssforever.com/jinse/lives: 
2026-07-26 15:01:10 [INFO]   ⏭ 律动BlockBeats: 过滤掉 50 条非近期新闻
2026-07-26 15:01:10 [DEBUG] 请求失败 https://rsshub.rssforever.com/bloomberg/crypto: 
2026-07-26 15:01:10 [INFO]   ✓ CoinDesk: 0 条
2026-07-26 15:01:10 [INFO]   ✓ The Block: 1 条
2026-07-26 15:01:10 [INFO]   ✓ Decrypt: 1 条
2026-07-26 15:01:10 [INFO]   ✓ CoinTelegraph: 1 条
2026-07-26 15:01:10 [INFO]   ✓ Bitcoin Magazine: 0 条
2026-07-26 15:01:10 [INFO]   ✓ Blockworks: 0 条
2026-07-26 15:01:10 [INFO]   ✓ DL News: 0 条
2026-07-26 15:01:10 [INFO]   ✓ 金色财经: 0 条
2026-07-26 15:01:10 [INFO]   ✓ PANews: 0 条
2026-07-26 15:01:10 [INFO]   ✓ 律动BlockBeats: 0 条
2026-07-26 15:01:10 [INFO]   ✓ 吴说区块链: 0 条
2026-07-26 15:01:10 [INFO]   ✓ Bloomberg Crypto: 0 条
2026-07-26 15:01:10 [INFO]   ✓ Reuters Crypto: 0 条
2026-07-26 15:01:10 [INFO]   ✓ CNBC Crypto: 1 条
2026-07-26 15:01:10 [INFO]   ✓ Reddit r/cryptocurrency: 4 条
2026-07-26 15:01:10 [INFO]   ✓ Reddit r/bitcoin: 0 条
2026-07-26 15:01:10 [INFO]   ✓ Crypto Twitter: 7 条
2026-07-26 15:01:10 [INFO]   ✓ 宏观经济: 0 条
2026-07-26 15:01:10 [INFO]   ✓ Binance公告: 20 条
2026-07-26 15:01:10 [INFO]   ✓ OKX公告: 0 条
2026-07-26 15:01:10 [INFO]   ✓ Bitget公告: 0 条
2026-07-26 15:01:10 [INFO]   ✓ Whale Alert: 0 条
2026-07-26 15:01:10 [INFO]   ✓ Fear & Greed Index: 1 条
2026-07-26 15:01:10 [INFO]   ✓ DeFi Llama: 0 条
2026-07-26 15:01:10 [INFO]   ✓ 雪球加密: 0 条
2026-07-26 15:01:10 [INFO] 📊 共抓取 36 条新闻
2026-07-26 15:01:10 [INFO] 📋 原始新闻已保存: reports/2026-07-26-23-raw.json (36 条)
2026-07-26 15:01:10 [INFO] 📋 标题摘要已保存: reports/2026-07-26-23-raw-titles.md
2026-07-26 15:01:10 [INFO] ✅ 抓取完成，共 36 条，已保存到 reports/2026-07-26-23-raw.json
2026-07-26 15:01:11 [INFO] 🤖 开始 AI 筛选 2026-07-26 23:00 币圈消息
2026-07-26 15:01:11 [INFO] 📋 已加载原始新闻: reports/2026-07-26-23-raw.json (36 条)
2026-07-26 15:01:11 [INFO] 📚 已加载历史新闻标题（20173 字符）
2026-07-26 15:01:11 [INFO] 📚 已加载历史筛选标题 0 条、URL 0 个，用于去重
2026-07-26 15:01:11 [INFO] 🔄 尝试 AI 提供商: deepseek
2026-07-26 15:01:11 [INFO] 🤖 使用 AI 提供商: deepseek (模型: deepseek-v4-flash)
2026-07-26 15:01:11 [INFO] 🤖 AI 筛选 [[deepseek] 1/6 策略=仅标题+链接 retry=0]（36 条，8250 字符，temp=0.3）
2026-07-26 15:01:12 [ERROR] AI 调用异常 ([deepseek] 1/6 策略=仅标题+链接 retry=0): Error code: 401 - {'error': {'message': 'Authentication Fails, Your api key: ****df0d is invalid', 'type': 'authentication_error', 'param': None, 'code': 'invalid_request_error'}}
2026-07-26 15:01:12 [WARNING] [[deepseek] 1/6 策略=仅标题+链接 retry=0] AI 调用失败或解析失败，继续下一次尝试
2026-07-26 15:01:12 [INFO] 🤖 AI 筛选 [[deepseek] 2/6 策略=仅标题+链接 retry=1]（36 条，8250 字符，temp=0.3）
2026-07-26 15:01:12 [ERROR] AI 调用异常 ([deepseek] 2/6 策略=仅标题+链接 retry=1): Error code: 401 - {'error': {'message': 'Authentication Fails, Your api key: ****df0d is invalid', 'type': 'authentication_error', 'param': None, 'code': 'invalid_request_error'}}
2026-07-26 15:01:12 [WARNING] [[deepseek] 2/6 策略=仅标题+链接 retry=1] AI 调用失败或解析失败，继续下一次尝试
2026-07-26 15:01:12 [INFO] 🤖 AI 筛选 [[deepseek] 3/6 策略=仅标题+链接 retry=2]（36 条，8250 字符，temp=0.3）
2026-07-26 15:01:13 [ERROR] AI 调用异常 ([deepseek] 3/6 策略=仅标题+链接 retry=2): Error code: 401 - {'error': {'message': 'Authentication Fails, Your api key: ****df0d is invalid', 'type': 'authentication_error', 'param': None, 'code': 'invalid_request_error'}}
2026-07-26 15:01:13 [WARNING] [[deepseek] 3/6 策略=仅标题+链接 retry=2] AI 调用失败或解析失败，继续下一次尝试
2026-07-26 15:01:13 [INFO] 🤖 AI 筛选 [[deepseek] 4/6 策略=完整内容 retry=0]（36 条，11891 字符，temp=0.3）
2026-07-26 15:01:13 [ERROR] AI 调用异常 ([deepseek] 4/6 策略=完整内容 retry=0): Error code: 401 - {'error': {'message': 'Authentication Fails, Your api key: ****df0d is invalid', 'type': 'authentication_error', 'param': None, 'code': 'invalid_request_error'}}
2026-07-26 15:01:13 [WARNING] [[deepseek] 4/6 策略=完整内容 retry=0] AI 调用失败或解析失败，继续下一次尝试
2026-07-26 15:01:13 [INFO] 🤖 AI 筛选 [[deepseek] 5/6 策略=完整内容 retry=1]（36 条，11891 字符，temp=0.3）
2026-07-26 15:01:14 [ERROR] AI 调用异常 ([deepseek] 5/6 策略=完整内容 retry=1): Error code: 401 - {'error': {'message': 'Authentication Fails, Your api key: ****df0d is invalid', 'type': 'authentication_error', 'param': None, 'code': 'invalid_request_error'}}
2026-07-26 15:01:14 [WARNING] [[deepseek] 5/6 策略=完整内容 retry=1] AI 调用失败或解析失败，继续下一次尝试
2026-07-26 15:01:14 [INFO] 🤖 AI 筛选 [[deepseek] 6/6 策略=仅标题（无历史） retry=0]（36 条，8250 字符，temp=0.3）
2026-07-26 15:01:14 [ERROR] AI 调用异常 ([deepseek] 6/6 策略=仅标题（无历史） retry=0): Error code: 401 - {'error': {'message': 'Authentication Fails, Your api key: ****df0d is invalid', 'type': 'authentication_error', 'param': None, 'code': 'invalid_request_error'}}
2026-07-26 15:01:14 [WARNING] [[deepseek] 6/6 策略=仅标题（无历史） retry=0] AI 调用失败或解析失败，继续下一次尝试
2026-07-26 15:01:14 [WARNING] [deepseek] 已达最大尝试次数 6，停止
2026-07-26 15:01:14 [INFO] ⚠️ deepseek 未能产出满意结果，尝试下一个提供商
2026-07-26 15:01:14 [INFO] 🔄 尝试 AI 提供商: zhipu
2026-07-26 15:01:14 [ERROR] 未设置环境变量 ZHIPU_API_KEY，无法使用 zhipu
2026-07-26 15:01:14 [INFO] ⚠️ zhipu 未能产出满意结果，尝试下一个提供商
2026-07-26 15:01:14 [INFO] 🔄 尝试 AI 提供商: kimi
2026-07-26 15:01:14 [ERROR] 未设置环境变量 KIMI_API_KEY，无法使用 kimi
2026-07-26 15:01:14 [INFO] ⚠️ kimi 未能产出满意结果，尝试下一个提供商
2026-07-26 15:01:14 [INFO] 🔄 尝试 AI 提供商: huoshan
2026-07-26 15:01:14 [ERROR] 未设置环境变量 HUOSHAN_API_KEY，无法使用 huoshan
2026-07-26 15:01:14 [INFO] ⚠️ huoshan 未能产出满意结果，尝试下一个提供商
2026-07-26 15:01:14 [ERROR] ❌ 所有提供商均失败，返回空列表
2026-07-26 15:01:14 [INFO] 📦 JSON 已保存: reports/2026-07-26-23.json
2026-07-26 15:01:14 [INFO] ✅ AI 筛选完成，共 0 条交易相关消息
