2026-07-27 16:00:57 [INFO] 🚀 开始抓取 2026-07-28 00:00 币圈新闻
2026-07-27 16:00:57 [INFO] 📡 抓取 RSS 新闻源...
2026-07-27 16:00:57 [INFO] 📡 抓取交易所公告 & 链上数据...
2026-07-27 16:00:57 [INFO]   ⏭ Decrypt: 过滤掉 48 条非近期新闻
2026-07-27 16:00:58 [INFO]   ⏭ The Block: 过滤掉 14 条非近期新闻
2026-07-27 16:00:58 [INFO]   ⏭ CoinTelegraph: 过滤掉 29 条非近期新闻
2026-07-27 16:00:58 [INFO]   ⏭ CoinDesk: 过滤掉 22 条非近期新闻
2026-07-27 16:00:58 [INFO]   ⏭ Bitcoin Magazine: 过滤掉 8 条非近期新闻
2026-07-27 16:00:58 [WARNING] 解析失败 Bitget公告: 'NoneType' object is not subscriptable
2026-07-27 16:00:58 [INFO]   ⏭ Bloomberg Crypto: 过滤掉 50 条非近期新闻
2026-07-27 16:00:58 [INFO]   ⏭ Blockworks: 过滤掉 50 条非近期新闻
2026-07-27 16:00:58 [INFO]   ⏭ 宏观经济: 过滤掉 47 条非近期新闻
2026-07-27 16:00:58 [INFO]   ⏭ Reuters Crypto: 过滤掉 50 条非近期新闻
2026-07-27 16:00:58 [INFO]   ⏭ CNBC Crypto: 过滤掉 48 条非近期新闻
2026-07-27 16:00:58 [INFO]   ⏭ DL News: 过滤掉 50 条非近期新闻
2026-07-27 16:00:58 [INFO]   ⏭ Reddit r/bitcoin: 过滤掉 24 条非近期新闻
2026-07-27 16:00:58 [INFO]   ⏭ Blockworks: 过滤掉 4 条非近期新闻
2026-07-27 16:01:13 [DEBUG] 请求失败 https://rsshub.rssforever.com/theblockbeats/newsflash: 
2026-07-27 16:01:13 [DEBUG] 请求失败 https://rsshub.rssforever.com/whalealert/recent: 
2026-07-27 16:01:13 [DEBUG] 请求失败 https://rsshub.rssforever.com/panewslab/news: 
2026-07-27 16:01:13 [DEBUG] 请求失败 https://rsshub.rssforever.com/jinse/lives: 
2026-07-27 16:01:13 [DEBUG] 请求失败 https://rsshub.rssforever.com/wublock: 
2026-07-27 16:01:13 [DEBUG] 请求失败 https://rsshub.rssforever.com/defillama/protocol: 
2026-07-27 16:01:13 [DEBUG] 请求失败 https://rsshub.rssforever.com/twitter/list/crypto_news: 
2026-07-27 16:01:13 [DEBUG] 请求失败 https://rsshub.rssforever.com/xueqiu/hotstock/0: 
2026-07-27 16:01:13 [DEBUG] 请求失败 https://rsshub.rssforever.com/reddit/subreddit/cryptocurrency/hot: 
2026-07-27 16:01:13 [INFO]   ⏭ 吴说区块链: 过滤掉 48 条非近期新闻
2026-07-27 16:01:13 [INFO]   ⏭ DeFi Llama: 过滤掉 50 条非近期新闻
2026-07-27 16:01:13 [INFO]   ⏭ 雪球加密: 过滤掉 50 条非近期新闻
2026-07-27 16:01:13 [INFO]   ⏭ 律动BlockBeats: 过滤掉 50 条非近期新闻
2026-07-27 16:01:13 [INFO]   ⏭ PANews: 过滤掉 50 条非近期新闻
2026-07-27 16:01:13 [DEBUG] 请求失败 https://rsshub.rssforever.com/bloomberg/crypto: 
2026-07-27 16:01:13 [INFO]   ⏭ Crypto Twitter: 过滤掉 40 条非近期新闻
2026-07-27 16:01:13 [INFO]   ✓ CoinDesk: 3 条
2026-07-27 16:01:13 [INFO]   ✓ The Block: 5 条
2026-07-27 16:01:13 [INFO]   ✓ Decrypt: 2 条
2026-07-27 16:01:13 [INFO]   ✓ CoinTelegraph: 1 条
2026-07-27 16:01:13 [INFO]   ✓ Bitcoin Magazine: 2 条
2026-07-27 16:01:13 [INFO]   ✓ Blockworks: 0 条
2026-07-27 16:01:13 [INFO]   ✓ DL News: 0 条
2026-07-27 16:01:13 [INFO]   ✓ 金色财经: 0 条
2026-07-27 16:01:13 [INFO]   ✓ PANews: 0 条
2026-07-27 16:01:13 [INFO]   ✓ 律动BlockBeats: 0 条
2026-07-27 16:01:13 [INFO]   ✓ 吴说区块链: 0 条
2026-07-27 16:01:13 [INFO]   ✓ Bloomberg Crypto: 0 条
2026-07-27 16:01:13 [INFO]   ✓ Reuters Crypto: 0 条
2026-07-27 16:01:13 [INFO]   ✓ CNBC Crypto: 2 条
2026-07-27 16:01:13 [INFO]   ✓ Reddit r/cryptocurrency: 0 条
2026-07-27 16:01:13 [INFO]   ✓ Reddit r/bitcoin: 1 条
2026-07-27 16:01:13 [INFO]   ✓ Crypto Twitter: 10 条
2026-07-27 16:01:13 [INFO]   ✓ 宏观经济: 3 条
2026-07-27 16:01:13 [INFO]   ✓ Binance公告: 20 条
2026-07-27 16:01:13 [INFO]   ✓ OKX公告: 0 条
2026-07-27 16:01:13 [INFO]   ✓ Bitget公告: 0 条
2026-07-27 16:01:13 [INFO]   ✓ Whale Alert: 0 条
2026-07-27 16:01:13 [INFO]   ✓ Fear & Greed Index: 1 条
2026-07-27 16:01:13 [INFO]   ✓ DeFi Llama: 0 条
2026-07-27 16:01:13 [INFO]   ✓ 雪球加密: 0 条
2026-07-27 16:01:13 [INFO] 📊 共抓取 50 条新闻
2026-07-27 16:01:13 [INFO] 📋 原始新闻已保存: reports/2026-07-28-00-raw.json (50 条)
2026-07-27 16:01:13 [INFO] 📋 标题摘要已保存: reports/2026-07-28-00-raw-titles.md
2026-07-27 16:01:13 [INFO] ✅ 抓取完成，共 50 条，已保存到 reports/2026-07-28-00-raw.json
2026-07-27 16:01:14 [INFO] 🤖 开始 AI 筛选 2026-07-28 00:00 币圈消息
2026-07-27 16:01:14 [INFO] 📋 已加载原始新闻: reports/2026-07-28-00-raw.json (50 条)
2026-07-27 16:01:14 [INFO] 📚 已加载历史新闻标题（32271 字符）
2026-07-27 16:01:14 [INFO] 📚 已加载历史筛选标题 0 条、URL 0 个，用于去重
2026-07-27 16:01:14 [INFO] 🔄 尝试 AI 提供商: deepseek
2026-07-27 16:01:14 [INFO] 🤖 使用 AI 提供商: deepseek (模型: deepseek-v4-flash)
2026-07-27 16:01:14 [INFO] 🤖 AI 筛选 [[deepseek] 1/6 策略=仅标题+链接 retry=0]（50 条，12525 字符，temp=0.3）
2026-07-27 16:01:15 [ERROR] AI 调用异常 ([deepseek] 1/6 策略=仅标题+链接 retry=0): Error code: 401 - {'error': {'message': 'Authentication Fails, Your api key: ****df0d is invalid', 'type': 'authentication_error', 'param': None, 'code': 'invalid_request_error'}}
2026-07-27 16:01:15 [WARNING] [[deepseek] 1/6 策略=仅标题+链接 retry=0] AI 调用失败或解析失败，继续下一次尝试
2026-07-27 16:01:15 [INFO] 🤖 AI 筛选 [[deepseek] 2/6 策略=仅标题+链接 retry=1]（50 条，12525 字符，temp=0.3）
2026-07-27 16:01:16 [ERROR] AI 调用异常 ([deepseek] 2/6 策略=仅标题+链接 retry=1): Error code: 401 - {'error': {'message': 'Authentication Fails, Your api key: ****df0d is invalid', 'type': 'authentication_error', 'param': None, 'code': 'invalid_request_error'}}
2026-07-27 16:01:16 [WARNING] [[deepseek] 2/6 策略=仅标题+链接 retry=1] AI 调用失败或解析失败，继续下一次尝试
2026-07-27 16:01:16 [INFO] 🤖 AI 筛选 [[deepseek] 3/6 策略=仅标题+链接 retry=2]（50 条，12525 字符，temp=0.3）
2026-07-27 16:01:16 [ERROR] AI 调用异常 ([deepseek] 3/6 策略=仅标题+链接 retry=2): Error code: 401 - {'error': {'message': 'Authentication Fails, Your api key: ****df0d is invalid', 'type': 'authentication_error', 'param': None, 'code': 'invalid_request_error'}}
2026-07-27 16:01:16 [WARNING] [[deepseek] 3/6 策略=仅标题+链接 retry=2] AI 调用失败或解析失败，继续下一次尝试
2026-07-27 16:01:16 [INFO] 🤖 AI 筛选 [[deepseek] 4/6 策略=完整内容 retry=0]（50 条，17143 字符，temp=0.3）
2026-07-27 16:01:16 [ERROR] AI 调用异常 ([deepseek] 4/6 策略=完整内容 retry=0): Error code: 401 - {'error': {'message': 'Authentication Fails, Your api key: ****df0d is invalid', 'type': 'authentication_error', 'param': None, 'code': 'invalid_request_error'}}
2026-07-27 16:01:16 [WARNING] [[deepseek] 4/6 策略=完整内容 retry=0] AI 调用失败或解析失败，继续下一次尝试
2026-07-27 16:01:16 [INFO] 🤖 AI 筛选 [[deepseek] 5/6 策略=完整内容 retry=1]（50 条，17143 字符，temp=0.3）
2026-07-27 16:01:17 [ERROR] AI 调用异常 ([deepseek] 5/6 策略=完整内容 retry=1): Error code: 401 - {'error': {'message': 'Authentication Fails, Your api key: ****df0d is invalid', 'type': 'authentication_error', 'param': None, 'code': 'invalid_request_error'}}
2026-07-27 16:01:17 [WARNING] [[deepseek] 5/6 策略=完整内容 retry=1] AI 调用失败或解析失败，继续下一次尝试
2026-07-27 16:01:17 [INFO] 🤖 AI 筛选 [[deepseek] 6/6 策略=仅标题（无历史） retry=0]（50 条，12525 字符，temp=0.3）
2026-07-27 16:01:17 [ERROR] AI 调用异常 ([deepseek] 6/6 策略=仅标题（无历史） retry=0): Error code: 401 - {'error': {'message': 'Authentication Fails, Your api key: ****df0d is invalid', 'type': 'authentication_error', 'param': None, 'code': 'invalid_request_error'}}
2026-07-27 16:01:17 [WARNING] [[deepseek] 6/6 策略=仅标题（无历史） retry=0] AI 调用失败或解析失败，继续下一次尝试
2026-07-27 16:01:17 [WARNING] [deepseek] 已达最大尝试次数 6，停止
2026-07-27 16:01:17 [INFO] ⚠️ deepseek 未能产出满意结果，尝试下一个提供商
2026-07-27 16:01:17 [INFO] 🔄 尝试 AI 提供商: zhipu
2026-07-27 16:01:17 [ERROR] 未设置环境变量 ZHIPU_API_KEY，无法使用 zhipu
2026-07-27 16:01:17 [INFO] ⚠️ zhipu 未能产出满意结果，尝试下一个提供商
2026-07-27 16:01:17 [INFO] 🔄 尝试 AI 提供商: kimi
2026-07-27 16:01:17 [ERROR] 未设置环境变量 KIMI_API_KEY，无法使用 kimi
2026-07-27 16:01:17 [INFO] ⚠️ kimi 未能产出满意结果，尝试下一个提供商
2026-07-27 16:01:17 [INFO] 🔄 尝试 AI 提供商: huoshan
2026-07-27 16:01:17 [ERROR] 未设置环境变量 HUOSHAN_API_KEY，无法使用 huoshan
2026-07-27 16:01:17 [INFO] ⚠️ huoshan 未能产出满意结果，尝试下一个提供商
2026-07-27 16:01:17 [ERROR] ❌ 所有提供商均失败，返回空列表
2026-07-27 16:01:17 [INFO] 📦 JSON 已保存: reports/2026-07-28-00.json
2026-07-27 16:01:17 [INFO] ✅ AI 筛选完成，共 0 条交易相关消息
2026-07-27 17:01:01 [INFO] 🚀 开始抓取 2026-07-28 01:00 币圈新闻
2026-07-27 17:01:01 [INFO] 📡 抓取 RSS 新闻源...
2026-07-27 17:01:01 [INFO] 📡 抓取交易所公告 & 链上数据...
2026-07-27 17:01:01 [INFO]   ⏭ The Block: 过滤掉 16 条非近期新闻
2026-07-27 17:01:01 [INFO]   ⏭ Decrypt: 过滤掉 48 条非近期新闻
2026-07-27 17:01:01 [INFO]   ⏭ CoinTelegraph: 过滤掉 28 条非近期新闻
2026-07-27 17:01:01 [WARNING] 解析失败 Bitget公告: 'NoneType' object is not subscriptable
2026-07-27 17:01:01 [INFO]   ⏭ CoinDesk: 过滤掉 24 条非近期新闻
2026-07-27 17:01:02 [INFO]   ⏭ Bitcoin Magazine: 过滤掉 8 条非近期新闻
2026-07-27 17:01:02 [INFO]   ⏭ Bloomberg Crypto: 过滤掉 50 条非近期新闻
2026-07-27 17:01:02 [INFO]   ⏭ Reuters Crypto: 过滤掉 50 条非近期新闻
2026-07-27 17:01:02 [INFO]   ⏭ 宏观经济: 过滤掉 49 条非近期新闻
2026-07-27 17:01:02 [INFO]   ⏭ CNBC Crypto: 过滤掉 48 条非近期新闻
2026-07-27 17:01:02 [INFO]   ⏭ Reddit r/cryptocurrency: 过滤掉 24 条非近期新闻
2026-07-27 17:01:02 [INFO]   ⏭ Blockworks: 过滤掉 50 条非近期新闻
2026-07-27 17:01:02 [INFO]   ⏭ DL News: 过滤掉 50 条非近期新闻
2026-07-27 17:01:02 [INFO]   ⏭ Blockworks: 过滤掉 3 条非近期新闻
2026-07-27 17:01:02 [INFO]   ⏭ 吴说区块链: 过滤掉 49 条非近期新闻
2026-07-27 17:01:02 [INFO]   ⏭ DeFi Llama: 过滤掉 50 条非近期新闻
2026-07-27 17:01:02 [INFO]   ⏭ 雪球加密: 过滤掉 49 条非近期新闻
2026-07-27 17:01:03 [INFO]   ⏭ Crypto Twitter: 过滤掉 43 条非近期新闻
2026-07-27 17:01:05 [INFO]   ⏭ PANews: 过滤掉 50 条非近期新闻
2026-07-27 17:01:05 [INFO]   ⏭ 律动BlockBeats: 过滤掉 50 条非近期新闻
2026-07-27 17:01:06 [INFO]   ⏭ 金色财经: 过滤掉 5 条非近期新闻
2026-07-27 17:01:06 [INFO]   ✓ CoinDesk: 1 条
2026-07-27 17:01:06 [INFO]   ✓ The Block: 3 条
2026-07-27 17:01:06 [INFO]   ✓ Decrypt: 2 条
2026-07-27 17:01:06 [INFO]   ✓ CoinTelegraph: 2 条
2026-07-27 17:01:06 [INFO]   ✓ Bitcoin Magazine: 2 条
2026-07-27 17:01:06 [INFO]   ✓ Blockworks: 0 条
2026-07-27 17:01:06 [INFO]   ✓ DL News: 0 条
2026-07-27 17:01:06 [INFO]   ✓ 金色财经: 15 条
2026-07-27 17:01:06 [INFO]   ✓ PANews: 0 条
2026-07-27 17:01:06 [INFO]   ✓ 律动BlockBeats: 0 条
2026-07-27 17:01:06 [INFO]   ✓ 吴说区块链: 0 条
2026-07-27 17:01:06 [INFO]   ✓ Bloomberg Crypto: 0 条
2026-07-27 17:01:06 [INFO]   ✓ Reuters Crypto: 0 条
2026-07-27 17:01:06 [INFO]   ✓ CNBC Crypto: 2 条
2026-07-27 17:01:06 [INFO]   ✓ Reddit r/cryptocurrency: 1 条
2026-07-27 17:01:06 [INFO]   ✓ Reddit r/bitcoin: 0 条
2026-07-27 17:01:06 [INFO]   ✓ Crypto Twitter: 7 条
2026-07-27 17:01:06 [INFO]   ✓ 宏观经济: 1 条
2026-07-27 17:01:06 [INFO]   ✓ Binance公告: 20 条
2026-07-27 17:01:06 [INFO]   ✓ OKX公告: 0 条
2026-07-27 17:01:06 [INFO]   ✓ Bitget公告: 0 条
2026-07-27 17:01:06 [INFO]   ✓ Whale Alert: 0 条
2026-07-27 17:01:06 [INFO]   ✓ Fear & Greed Index: 1 条
2026-07-27 17:01:06 [INFO]   ✓ DeFi Llama: 0 条
2026-07-27 17:01:06 [INFO]   ✓ 雪球加密: 1 条
2026-07-27 17:01:06 [INFO] 📊 共抓取 58 条新闻
2026-07-27 17:01:06 [INFO] 📋 原始新闻已保存: reports/2026-07-28-01-raw.json (58 条)
2026-07-27 17:01:06 [INFO] 📋 标题摘要已保存: reports/2026-07-28-01-raw-titles.md
2026-07-27 17:01:06 [INFO] ✅ 抓取完成，共 58 条，已保存到 reports/2026-07-28-01-raw.json
2026-07-27 17:01:07 [INFO] 🤖 开始 AI 筛选 2026-07-28 01:00 币圈消息
2026-07-27 17:01:07 [INFO] 📋 已加载原始新闻: reports/2026-07-28-01-raw.json (58 条)
2026-07-27 17:01:07 [INFO] 📚 已加载历史新闻标题（32132 字符）
2026-07-27 17:01:07 [INFO] 📚 已加载历史筛选标题 0 条、URL 0 个，用于去重
2026-07-27 17:01:07 [INFO] 🔄 尝试 AI 提供商: deepseek
2026-07-27 17:01:07 [INFO] 🤖 使用 AI 提供商: deepseek (模型: deepseek-v4-flash)
2026-07-27 17:01:07 [INFO] 🤖 AI 筛选 [[deepseek] 1/6 策略=仅标题+链接 retry=0]（58 条，11528 字符，temp=0.3）
2026-07-27 17:01:08 [ERROR] AI 调用异常 ([deepseek] 1/6 策略=仅标题+链接 retry=0): Error code: 401 - {'error': {'message': 'Authentication Fails, Your api key: ****df0d is invalid', 'type': 'authentication_error', 'param': None, 'code': 'invalid_request_error'}}
2026-07-27 17:01:08 [WARNING] [[deepseek] 1/6 策略=仅标题+链接 retry=0] AI 调用失败或解析失败，继续下一次尝试
2026-07-27 17:01:08 [INFO] 🤖 AI 筛选 [[deepseek] 2/6 策略=仅标题+链接 retry=1]（58 条，11528 字符，temp=0.3）
2026-07-27 17:01:09 [ERROR] AI 调用异常 ([deepseek] 2/6 策略=仅标题+链接 retry=1): Error code: 401 - {'error': {'message': 'Authentication Fails, Your api key: ****df0d is invalid', 'type': 'authentication_error', 'param': None, 'code': 'invalid_request_error'}}
2026-07-27 17:01:09 [WARNING] [[deepseek] 2/6 策略=仅标题+链接 retry=1] AI 调用失败或解析失败，继续下一次尝试
2026-07-27 17:01:09 [INFO] 🤖 AI 筛选 [[deepseek] 3/6 策略=仅标题+链接 retry=2]（58 条，11528 字符，temp=0.3）
2026-07-27 17:01:09 [ERROR] AI 调用异常 ([deepseek] 3/6 策略=仅标题+链接 retry=2): Error code: 401 - {'error': {'message': 'Authentication Fails, Your api key: ****df0d is invalid', 'type': 'authentication_error', 'param': None, 'code': 'invalid_request_error'}}
2026-07-27 17:01:09 [WARNING] [[deepseek] 3/6 策略=仅标题+链接 retry=2] AI 调用失败或解析失败，继续下一次尝试
2026-07-27 17:01:09 [INFO] 🤖 AI 筛选 [[deepseek] 4/6 策略=完整内容 retry=0]（58 条，18504 字符，temp=0.3）
2026-07-27 17:01:10 [ERROR] AI 调用异常 ([deepseek] 4/6 策略=完整内容 retry=0): Error code: 401 - {'error': {'message': 'Authentication Fails, Your api key: ****df0d is invalid', 'type': 'authentication_error', 'param': None, 'code': 'invalid_request_error'}}
2026-07-27 17:01:10 [WARNING] [[deepseek] 4/6 策略=完整内容 retry=0] AI 调用失败或解析失败，继续下一次尝试
2026-07-27 17:01:10 [INFO] 🤖 AI 筛选 [[deepseek] 5/6 策略=完整内容 retry=1]（58 条，18504 字符，temp=0.3）
2026-07-27 17:01:10 [ERROR] AI 调用异常 ([deepseek] 5/6 策略=完整内容 retry=1): Error code: 401 - {'error': {'message': 'Authentication Fails, Your api key: ****df0d is invalid', 'type': 'authentication_error', 'param': None, 'code': 'invalid_request_error'}}
2026-07-27 17:01:10 [WARNING] [[deepseek] 5/6 策略=完整内容 retry=1] AI 调用失败或解析失败，继续下一次尝试
2026-07-27 17:01:10 [INFO] 🤖 AI 筛选 [[deepseek] 6/6 策略=仅标题（无历史） retry=0]（58 条，11528 字符，temp=0.3）
2026-07-27 17:01:10 [ERROR] AI 调用异常 ([deepseek] 6/6 策略=仅标题（无历史） retry=0): Error code: 401 - {'error': {'message': 'Authentication Fails, Your api key: ****df0d is invalid', 'type': 'authentication_error', 'param': None, 'code': 'invalid_request_error'}}
2026-07-27 17:01:10 [WARNING] [[deepseek] 6/6 策略=仅标题（无历史） retry=0] AI 调用失败或解析失败，继续下一次尝试
2026-07-27 17:01:10 [WARNING] [deepseek] 已达最大尝试次数 6，停止
2026-07-27 17:01:10 [INFO] ⚠️ deepseek 未能产出满意结果，尝试下一个提供商
2026-07-27 17:01:10 [INFO] 🔄 尝试 AI 提供商: zhipu
2026-07-27 17:01:10 [ERROR] 未设置环境变量 ZHIPU_API_KEY，无法使用 zhipu
2026-07-27 17:01:10 [INFO] ⚠️ zhipu 未能产出满意结果，尝试下一个提供商
2026-07-27 17:01:10 [INFO] 🔄 尝试 AI 提供商: kimi
2026-07-27 17:01:10 [ERROR] 未设置环境变量 KIMI_API_KEY，无法使用 kimi
2026-07-27 17:01:10 [INFO] ⚠️ kimi 未能产出满意结果，尝试下一个提供商
2026-07-27 17:01:10 [INFO] 🔄 尝试 AI 提供商: huoshan
2026-07-27 17:01:10 [ERROR] 未设置环境变量 HUOSHAN_API_KEY，无法使用 huoshan
2026-07-27 17:01:10 [INFO] ⚠️ huoshan 未能产出满意结果，尝试下一个提供商
2026-07-27 17:01:10 [ERROR] ❌ 所有提供商均失败，返回空列表
2026-07-27 17:01:10 [INFO] 📦 JSON 已保存: reports/2026-07-28-01.json
2026-07-27 17:01:10 [INFO] ✅ AI 筛选完成，共 0 条交易相关消息
2026-07-27 18:01:05 [INFO] 🚀 开始抓取 2026-07-28 02:00 币圈新闻
2026-07-27 18:01:05 [INFO] 📡 抓取 RSS 新闻源...
2026-07-27 18:01:05 [INFO] 📡 抓取交易所公告 & 链上数据...
2026-07-27 18:01:05 [INFO]   ⏭ Decrypt: 过滤掉 32 条非近期新闻
2026-07-27 18:01:05 [INFO]   ⏭ The Block: 过滤掉 18 条非近期新闻
2026-07-27 18:01:05 [INFO]   ⏭ CoinTelegraph: 过滤掉 28 条非近期新闻
2026-07-27 18:01:05 [INFO]   ⏭ CoinDesk: 过滤掉 23 条非近期新闻
2026-07-27 18:01:05 [INFO]   ⏭ Bitcoin Magazine: 过滤掉 9 条非近期新闻
2026-07-27 18:01:05 [WARNING] 解析失败 Bitget公告: 'NoneType' object is not subscriptable
2026-07-27 18:01:05 [INFO]   ⏭ Blockworks: 过滤掉 50 条非近期新闻
2026-07-27 18:01:05 [INFO]   ⏭ 宏观经济: 过滤掉 49 条非近期新闻
2026-07-27 18:01:05 [INFO]   ⏭ Bloomberg Crypto: 过滤掉 50 条非近期新闻
2026-07-27 18:01:05 [INFO]   ⏭ Reuters Crypto: 过滤掉 50 条非近期新闻
2026-07-27 18:01:06 [INFO]   ⏭ CNBC Crypto: 过滤掉 46 条非近期新闻
2026-07-27 18:01:06 [INFO]   ⏭ DeFi Llama: 过滤掉 50 条非近期新闻
2026-07-27 18:01:06 [INFO]   ⏭ DL News: 过滤掉 50 条非近期新闻
2026-07-27 18:01:06 [INFO]   ⏭ 雪球加密: 过滤掉 49 条非近期新闻
2026-07-27 18:01:06 [INFO]   ⏭ Reddit r/bitcoin: 过滤掉 23 条非近期新闻
2026-07-27 18:01:06 [INFO]   ⏭ 吴说区块链: 过滤掉 48 条非近期新闻
2026-07-27 18:01:06 [INFO]   ⏭ Blockworks: 过滤掉 5 条非近期新闻
2026-07-27 18:01:06 [INFO]   ⏭ Crypto Twitter: 过滤掉 44 条非近期新闻
2026-07-27 18:01:10 [INFO]   ⏭ PANews: 过滤掉 50 条非近期新闻
2026-07-27 18:01:10 [INFO]   ⏭ 律动BlockBeats: 过滤掉 50 条非近期新闻
2026-07-27 18:01:13 [INFO]   ⏭ 金色财经: 过滤掉 11 条非近期新闻
2026-07-27 18:01:13 [INFO]   ✓ CoinDesk: 2 条
2026-07-27 18:01:13 [INFO]   ✓ The Block: 1 条
2026-07-27 18:01:13 [INFO]   ✓ Decrypt: 2 条
2026-07-27 18:01:13 [INFO]   ✓ CoinTelegraph: 2 条
2026-07-27 18:01:13 [INFO]   ✓ Bitcoin Magazine: 1 条
2026-07-27 18:01:13 [INFO]   ✓ Blockworks: 0 条
2026-07-27 18:01:13 [INFO]   ✓ DL News: 0 条
2026-07-27 18:01:13 [INFO]   ✓ 金色财经: 9 条
2026-07-27 18:01:13 [INFO]   ✓ PANews: 0 条
2026-07-27 18:01:13 [INFO]   ✓ 律动BlockBeats: 0 条
2026-07-27 18:01:13 [INFO]   ✓ 吴说区块链: 0 条
2026-07-27 18:01:13 [INFO]   ✓ Bloomberg Crypto: 0 条
2026-07-27 18:01:13 [INFO]   ✓ Reuters Crypto: 0 条
2026-07-27 18:01:13 [INFO]   ✓ CNBC Crypto: 4 条
2026-07-27 18:01:13 [INFO]   ✓ Reddit r/cryptocurrency: 0 条
2026-07-27 18:01:13 [INFO]   ✓ Reddit r/bitcoin: 2 条
2026-07-27 18:01:13 [INFO]   ✓ Crypto Twitter: 6 条
2026-07-27 18:01:13 [INFO]   ✓ 宏观经济: 1 条
2026-07-27 18:01:13 [INFO]   ✓ Binance公告: 20 条
2026-07-27 18:01:13 [INFO]   ✓ OKX公告: 0 条
2026-07-27 18:01:13 [INFO]   ✓ Bitget公告: 0 条
2026-07-27 18:01:13 [INFO]   ✓ Whale Alert: 0 条
2026-07-27 18:01:13 [INFO]   ✓ Fear & Greed Index: 1 条
2026-07-27 18:01:13 [INFO]   ✓ DeFi Llama: 0 条
2026-07-27 18:01:13 [INFO]   ✓ 雪球加密: 1 条
2026-07-27 18:01:13 [INFO] 📊 共抓取 52 条新闻
2026-07-27 18:01:13 [INFO] 📋 原始新闻已保存: reports/2026-07-28-02-raw.json (52 条)
2026-07-27 18:01:13 [INFO] 📋 标题摘要已保存: reports/2026-07-28-02-raw-titles.md
2026-07-27 18:01:13 [INFO] ✅ 抓取完成，共 52 条，已保存到 reports/2026-07-28-02-raw.json
2026-07-27 18:01:14 [INFO] 🤖 开始 AI 筛选 2026-07-28 02:00 币圈消息
2026-07-27 18:01:14 [INFO] 📋 已加载原始新闻: reports/2026-07-28-02-raw.json (52 条)
2026-07-27 18:01:14 [INFO] 📚 已加载历史新闻标题（31909 字符）
2026-07-27 18:01:14 [INFO] 📚 已加载历史筛选标题 0 条、URL 0 个，用于去重
2026-07-27 18:01:14 [INFO] 🔄 尝试 AI 提供商: deepseek
2026-07-27 18:01:14 [INFO] 🤖 使用 AI 提供商: deepseek (模型: deepseek-v4-flash)
2026-07-27 18:01:14 [INFO] 🤖 AI 筛选 [[deepseek] 1/6 策略=仅标题+链接 retry=0]（52 条，11440 字符，temp=0.3）
2026-07-27 18:01:15 [ERROR] AI 调用异常 ([deepseek] 1/6 策略=仅标题+链接 retry=0): Error code: 401 - {'error': {'message': 'Authentication Fails, Your api key: ****df0d is invalid', 'type': 'authentication_error', 'param': None, 'code': 'invalid_request_error'}}
2026-07-27 18:01:15 [WARNING] [[deepseek] 1/6 策略=仅标题+链接 retry=0] AI 调用失败或解析失败，继续下一次尝试
2026-07-27 18:01:15 [INFO] 🤖 AI 筛选 [[deepseek] 2/6 策略=仅标题+链接 retry=1]（52 条，11440 字符，temp=0.3）
2026-07-27 18:01:15 [ERROR] AI 调用异常 ([deepseek] 2/6 策略=仅标题+链接 retry=1): Error code: 401 - {'error': {'message': 'Authentication Fails, Your api key: ****df0d is invalid', 'type': 'authentication_error', 'param': None, 'code': 'invalid_request_error'}}
2026-07-27 18:01:15 [WARNING] [[deepseek] 2/6 策略=仅标题+链接 retry=1] AI 调用失败或解析失败，继续下一次尝试
2026-07-27 18:01:15 [INFO] 🤖 AI 筛选 [[deepseek] 3/6 策略=仅标题+链接 retry=2]（52 条，11440 字符，temp=0.3）
2026-07-27 18:01:16 [ERROR] AI 调用异常 ([deepseek] 3/6 策略=仅标题+链接 retry=2): Error code: 401 - {'error': {'message': 'Authentication Fails, Your api key: ****df0d is invalid', 'type': 'authentication_error', 'param': None, 'code': 'invalid_request_error'}}
2026-07-27 18:01:16 [WARNING] [[deepseek] 3/6 策略=仅标题+链接 retry=2] AI 调用失败或解析失败，继续下一次尝试
2026-07-27 18:01:16 [INFO] 🤖 AI 筛选 [[deepseek] 4/6 策略=完整内容 retry=0]（52 条，17312 字符，temp=0.3）
2026-07-27 18:01:16 [ERROR] AI 调用异常 ([deepseek] 4/6 策略=完整内容 retry=0): Error code: 401 - {'error': {'message': 'Authentication Fails, Your api key: ****df0d is invalid', 'type': 'authentication_error', 'param': None, 'code': 'invalid_request_error'}}
2026-07-27 18:01:16 [WARNING] [[deepseek] 4/6 策略=完整内容 retry=0] AI 调用失败或解析失败，继续下一次尝试
2026-07-27 18:01:16 [INFO] 🤖 AI 筛选 [[deepseek] 5/6 策略=完整内容 retry=1]（52 条，17312 字符，temp=0.3）
2026-07-27 18:01:17 [ERROR] AI 调用异常 ([deepseek] 5/6 策略=完整内容 retry=1): Error code: 401 - {'error': {'message': 'Authentication Fails, Your api key: ****df0d is invalid', 'type': 'authentication_error', 'param': None, 'code': 'invalid_request_error'}}
2026-07-27 18:01:17 [WARNING] [[deepseek] 5/6 策略=完整内容 retry=1] AI 调用失败或解析失败，继续下一次尝试
2026-07-27 18:01:17 [INFO] 🤖 AI 筛选 [[deepseek] 6/6 策略=仅标题（无历史） retry=0]（52 条，11440 字符，temp=0.3）
2026-07-27 18:01:17 [ERROR] AI 调用异常 ([deepseek] 6/6 策略=仅标题（无历史） retry=0): Error code: 401 - {'error': {'message': 'Authentication Fails, Your api key: ****df0d is invalid', 'type': 'authentication_error', 'param': None, 'code': 'invalid_request_error'}}
2026-07-27 18:01:17 [WARNING] [[deepseek] 6/6 策略=仅标题（无历史） retry=0] AI 调用失败或解析失败，继续下一次尝试
2026-07-27 18:01:17 [WARNING] [deepseek] 已达最大尝试次数 6，停止
2026-07-27 18:01:17 [INFO] ⚠️ deepseek 未能产出满意结果，尝试下一个提供商
2026-07-27 18:01:17 [INFO] 🔄 尝试 AI 提供商: zhipu
2026-07-27 18:01:17 [ERROR] 未设置环境变量 ZHIPU_API_KEY，无法使用 zhipu
2026-07-27 18:01:17 [INFO] ⚠️ zhipu 未能产出满意结果，尝试下一个提供商
2026-07-27 18:01:17 [INFO] 🔄 尝试 AI 提供商: kimi
2026-07-27 18:01:17 [ERROR] 未设置环境变量 KIMI_API_KEY，无法使用 kimi
2026-07-27 18:01:17 [INFO] ⚠️ kimi 未能产出满意结果，尝试下一个提供商
2026-07-27 18:01:17 [INFO] 🔄 尝试 AI 提供商: huoshan
2026-07-27 18:01:17 [ERROR] 未设置环境变量 HUOSHAN_API_KEY，无法使用 huoshan
2026-07-27 18:01:17 [INFO] ⚠️ huoshan 未能产出满意结果，尝试下一个提供商
2026-07-27 18:01:17 [ERROR] ❌ 所有提供商均失败，返回空列表
2026-07-27 18:01:17 [INFO] 📦 JSON 已保存: reports/2026-07-28-02.json
2026-07-27 18:01:17 [INFO] ✅ AI 筛选完成，共 0 条交易相关消息
2026-07-27 19:00:59 [INFO] 🚀 开始抓取 2026-07-28 03:00 币圈新闻
2026-07-27 19:00:59 [INFO] 📡 抓取 RSS 新闻源...
2026-07-27 19:00:59 [INFO] 📡 抓取交易所公告 & 链上数据...
2026-07-27 19:00:59 [INFO]   ⏭ CoinTelegraph: 过滤掉 28 条非近期新闻
2026-07-27 19:00:59 [INFO]   ⏭ The Block: 过滤掉 16 条非近期新闻
2026-07-27 19:00:59 [INFO]   ⏭ Decrypt: 过滤掉 30 条非近期新闻
2026-07-27 19:00:59 [INFO]   ⏭ Bitcoin Magazine: 过滤掉 10 条非近期新闻
2026-07-27 19:00:59 [INFO]   ⏭ Blockworks: 过滤掉 50 条非近期新闻
2026-07-27 19:00:59 [WARNING] 解析失败 Bitget公告: 'NoneType' object is not subscriptable
2026-07-27 19:01:00 [INFO]   ⏭ Bloomberg Crypto: 过滤掉 50 条非近期新闻
2026-07-27 19:01:00 [INFO]   ⏭ 宏观经济: 过滤掉 50 条非近期新闻
2026-07-27 19:01:00 [INFO]   ⏭ Reuters Crypto: 过滤掉 50 条非近期新闻
2026-07-27 19:01:00 [INFO]   ⏭ CNBC Crypto: 过滤掉 47 条非近期新闻
2026-07-27 19:01:00 [INFO]   ⏭ CoinDesk: 过滤掉 24 条非近期新闻
2026-07-27 19:01:00 [INFO]   ⏭ Reddit r/bitcoin: 过滤掉 22 条非近期新闻
2026-07-27 19:01:00 [INFO]   ⏭ DL News: 过滤掉 50 条非近期新闻
2026-07-27 19:01:00 [INFO]   ⏭ Bitcoin Magazine: 过滤掉 50 条非近期新闻
2026-07-27 19:01:00 [INFO]   ⏭ 宏观经济: 过滤掉 50 条非近期新闻
2026-07-27 19:01:00 [INFO]   ⏭ Blockworks: 过滤掉 5 条非近期新闻
2026-07-27 19:01:00 [INFO]   ⏭ DeFi Llama: 过滤掉 50 条非近期新闻
2026-07-27 19:01:00 [INFO]   ⏭ 吴说区块链: 过滤掉 47 条非近期新闻
2026-07-27 19:01:00 [INFO]   ⏭ 律动BlockBeats: 过滤掉 17 条非近期新闻
2026-07-27 19:01:00 [INFO]   ⏭ 雪球加密: 过滤掉 50 条非近期新闻
2026-07-27 19:01:00 [INFO]   ⏭ PANews: 过滤掉 50 条非近期新闻
2026-07-27 19:01:01 [INFO]   ⏭ Crypto Twitter: 过滤掉 45 条非近期新闻
2026-07-27 19:01:02 [INFO]   ⏭ 金色财经: 过滤掉 25 条非近期新闻
2026-07-27 19:01:02 [INFO]   ✓ CoinDesk: 1 条
2026-07-27 19:01:02 [INFO]   ✓ The Block: 3 条
2026-07-27 19:01:02 [INFO]   ✓ Decrypt: 3 条
2026-07-27 19:01:02 [INFO]   ✓ CoinTelegraph: 2 条
2026-07-27 19:01:02 [INFO]   ✓ Bitcoin Magazine: 0 条
2026-07-27 19:01:02 [INFO]   ✓ Blockworks: 0 条
2026-07-27 19:01:02 [INFO]   ✓ DL News: 0 条
2026-07-27 19:01:02 [INFO]   ✓ 金色财经: 5 条
2026-07-27 19:01:02 [INFO]   ✓ PANews: 0 条
2026-07-27 19:01:02 [INFO]   ✓ 律动BlockBeats: 3 条
2026-07-27 19:01:02 [INFO]   ✓ 吴说区块链: 0 条
2026-07-27 19:01:02 [INFO]   ✓ Bloomberg Crypto: 0 条
2026-07-27 19:01:02 [INFO]   ✓ Reuters Crypto: 0 条
2026-07-27 19:01:02 [INFO]   ✓ CNBC Crypto: 3 条
2026-07-27 19:01:02 [INFO]   ✓ Reddit r/cryptocurrency: 0 条
2026-07-27 19:01:02 [INFO]   ✓ Reddit r/bitcoin: 3 条
2026-07-27 19:01:02 [INFO]   ✓ Crypto Twitter: 5 条
2026-07-27 19:01:02 [INFO]   ✓ 宏观经济: 0 条
2026-07-27 19:01:02 [INFO]   ✓ Binance公告: 20 条
2026-07-27 19:01:02 [INFO]   ✓ OKX公告: 0 条
2026-07-27 19:01:02 [INFO]   ✓ Bitget公告: 0 条
2026-07-27 19:01:02 [INFO]   ✓ Whale Alert: 0 条
2026-07-27 19:01:02 [INFO]   ✓ Fear & Greed Index: 1 条
2026-07-27 19:01:02 [INFO]   ✓ DeFi Llama: 0 条
2026-07-27 19:01:02 [INFO]   ✓ 雪球加密: 0 条
2026-07-27 19:01:02 [INFO] 📊 共抓取 49 条新闻
2026-07-27 19:01:02 [INFO] 📋 原始新闻已保存: reports/2026-07-28-03-raw.json (49 条)
2026-07-27 19:01:02 [INFO] 📋 标题摘要已保存: reports/2026-07-28-03-raw-titles.md
2026-07-27 19:01:02 [INFO] ✅ 抓取完成，共 49 条，已保存到 reports/2026-07-28-03-raw.json
2026-07-27 19:01:02 [INFO] 🤖 开始 AI 筛选 2026-07-28 03:00 币圈消息
2026-07-27 19:01:02 [INFO] 📋 已加载原始新闻: reports/2026-07-28-03-raw.json (49 条)
2026-07-27 19:01:02 [INFO] 📚 已加载历史新闻标题（30751 字符）
2026-07-27 19:01:02 [INFO] 📚 已加载历史筛选标题 0 条、URL 0 个，用于去重
2026-07-27 19:01:02 [INFO] 🔄 尝试 AI 提供商: deepseek
2026-07-27 19:01:02 [INFO] 🤖 使用 AI 提供商: deepseek (模型: deepseek-v4-flash)
2026-07-27 19:01:02 [INFO] 🤖 AI 筛选 [[deepseek] 1/6 策略=仅标题+链接 retry=0]（49 条，10725 字符，temp=0.3）
2026-07-27 19:01:03 [ERROR] AI 调用异常 ([deepseek] 1/6 策略=仅标题+链接 retry=0): Error code: 401 - {'error': {'message': 'Authentication Fails, Your api key: ****df0d is invalid', 'type': 'authentication_error', 'param': None, 'code': 'invalid_request_error'}}
2026-07-27 19:01:03 [WARNING] [[deepseek] 1/6 策略=仅标题+链接 retry=0] AI 调用失败或解析失败，继续下一次尝试
2026-07-27 19:01:03 [INFO] 🤖 AI 筛选 [[deepseek] 2/6 策略=仅标题+链接 retry=1]（49 条，10725 字符，temp=0.3）
2026-07-27 19:01:04 [ERROR] AI 调用异常 ([deepseek] 2/6 策略=仅标题+链接 retry=1): Error code: 401 - {'error': {'message': 'Authentication Fails, Your api key: ****df0d is invalid', 'type': 'authentication_error', 'param': None, 'code': 'invalid_request_error'}}
2026-07-27 19:01:04 [WARNING] [[deepseek] 2/6 策略=仅标题+链接 retry=1] AI 调用失败或解析失败，继续下一次尝试
2026-07-27 19:01:04 [INFO] 🤖 AI 筛选 [[deepseek] 3/6 策略=仅标题+链接 retry=2]（49 条，10725 字符，temp=0.3）
2026-07-27 19:01:04 [ERROR] AI 调用异常 ([deepseek] 3/6 策略=仅标题+链接 retry=2): Error code: 401 - {'error': {'message': 'Authentication Fails, Your api key: ****df0d is invalid', 'type': 'authentication_error', 'param': None, 'code': 'invalid_request_error'}}
2026-07-27 19:01:04 [WARNING] [[deepseek] 3/6 策略=仅标题+链接 retry=2] AI 调用失败或解析失败，继续下一次尝试
2026-07-27 19:01:04 [INFO] 🤖 AI 筛选 [[deepseek] 4/6 策略=完整内容 retry=0]（49 条，16580 字符，temp=0.3）
2026-07-27 19:01:05 [ERROR] AI 调用异常 ([deepseek] 4/6 策略=完整内容 retry=0): Error code: 401 - {'error': {'message': 'Authentication Fails, Your api key: ****df0d is invalid', 'type': 'authentication_error', 'param': None, 'code': 'invalid_request_error'}}
2026-07-27 19:01:05 [WARNING] [[deepseek] 4/6 策略=完整内容 retry=0] AI 调用失败或解析失败，继续下一次尝试
2026-07-27 19:01:05 [INFO] 🤖 AI 筛选 [[deepseek] 5/6 策略=完整内容 retry=1]（49 条，16580 字符，temp=0.3）
2026-07-27 19:01:05 [ERROR] AI 调用异常 ([deepseek] 5/6 策略=完整内容 retry=1): Error code: 401 - {'error': {'message': 'Authentication Fails, Your api key: ****df0d is invalid', 'type': 'authentication_error', 'param': None, 'code': 'invalid_request_error'}}
2026-07-27 19:01:05 [WARNING] [[deepseek] 5/6 策略=完整内容 retry=1] AI 调用失败或解析失败，继续下一次尝试
2026-07-27 19:01:05 [INFO] 🤖 AI 筛选 [[deepseek] 6/6 策略=仅标题（无历史） retry=0]（49 条，10725 字符，temp=0.3）
2026-07-27 19:01:06 [ERROR] AI 调用异常 ([deepseek] 6/6 策略=仅标题（无历史） retry=0): Error code: 401 - {'error': {'message': 'Authentication Fails, Your api key: ****df0d is invalid', 'type': 'authentication_error', 'param': None, 'code': 'invalid_request_error'}}
2026-07-27 19:01:06 [WARNING] [[deepseek] 6/6 策略=仅标题（无历史） retry=0] AI 调用失败或解析失败，继续下一次尝试
2026-07-27 19:01:06 [WARNING] [deepseek] 已达最大尝试次数 6，停止
2026-07-27 19:01:06 [INFO] ⚠️ deepseek 未能产出满意结果，尝试下一个提供商
2026-07-27 19:01:06 [INFO] 🔄 尝试 AI 提供商: zhipu
2026-07-27 19:01:06 [ERROR] 未设置环境变量 ZHIPU_API_KEY，无法使用 zhipu
2026-07-27 19:01:06 [INFO] ⚠️ zhipu 未能产出满意结果，尝试下一个提供商
2026-07-27 19:01:06 [INFO] 🔄 尝试 AI 提供商: kimi
2026-07-27 19:01:06 [ERROR] 未设置环境变量 KIMI_API_KEY，无法使用 kimi
2026-07-27 19:01:06 [INFO] ⚠️ kimi 未能产出满意结果，尝试下一个提供商
2026-07-27 19:01:06 [INFO] 🔄 尝试 AI 提供商: huoshan
2026-07-27 19:01:06 [ERROR] 未设置环境变量 HUOSHAN_API_KEY，无法使用 huoshan
2026-07-27 19:01:06 [INFO] ⚠️ huoshan 未能产出满意结果，尝试下一个提供商
2026-07-27 19:01:06 [ERROR] ❌ 所有提供商均失败，返回空列表
2026-07-27 19:01:06 [INFO] 📦 JSON 已保存: reports/2026-07-28-03.json
2026-07-27 19:01:06 [INFO] ✅ AI 筛选完成，共 0 条交易相关消息
2026-07-27 20:01:01 [INFO] 🚀 开始抓取 2026-07-28 04:00 币圈新闻
2026-07-27 20:01:02 [INFO] 📡 抓取 RSS 新闻源...
2026-07-27 20:01:02 [INFO] 📡 抓取交易所公告 & 链上数据...
2026-07-27 20:01:02 [INFO]   ⏭ The Block: 过滤掉 17 条非近期新闻
2026-07-27 20:01:02 [INFO]   ⏭ Decrypt: 过滤掉 30 条非近期新闻
2026-07-27 20:01:02 [INFO]   ⏭ CoinTelegraph: 过滤掉 27 条非近期新闻
2026-07-27 20:01:02 [INFO]   ⏭ Bloomberg Crypto: 过滤掉 50 条非近期新闻
2026-07-27 20:01:02 [WARNING] 解析失败 Bitget公告: 'NoneType' object is not subscriptable
2026-07-27 20:01:02 [INFO]   ⏭ Reuters Crypto: 过滤掉 50 条非近期新闻
2026-07-27 20:01:02 [INFO]   ⏭ Reddit r/cryptocurrency: 过滤掉 23 条非近期新闻
2026-07-27 20:01:02 [INFO]   ⏭ 宏观经济: 过滤掉 50 条非近期新闻
2026-07-27 20:01:02 [INFO]   ⏭ CNBC Crypto: 过滤掉 47 条非近期新闻
2026-07-27 20:01:02 [INFO]   ⏭ CoinDesk: 过滤掉 24 条非近期新闻
2026-07-27 20:01:02 [INFO]   ⏭ Blockworks: 过滤掉 50 条非近期新闻
2026-07-27 20:01:02 [INFO]   ⏭ Bitcoin Magazine: 过滤掉 9 条非近期新闻
2026-07-27 20:01:03 [INFO]   ⏭ 宏观经济: 过滤掉 50 条非近期新闻
2026-07-27 20:01:03 [INFO]   ⏭ Blockworks: 过滤掉 3 条非近期新闻
2026-07-27 20:01:03 [INFO]   ⏭ DL News: 过滤掉 50 条非近期新闻
2026-07-27 20:01:03 [INFO]   ⏭ DeFi Llama: 过滤掉 50 条非近期新闻
2026-07-27 20:01:03 [INFO]   ⏭ 吴说区块链: 过滤掉 46 条非近期新闻
2026-07-27 20:01:03 [INFO]   ⏭ Crypto Twitter: 过滤掉 43 条非近期新闻
2026-07-27 20:01:03 [INFO]   ⏭ 雪球加密: 过滤掉 50 条非近期新闻
2026-07-27 20:01:06 [INFO]   ⏭ PANews: 过滤掉 50 条非近期新闻
2026-07-27 20:01:07 [INFO]   ⏭ 律动BlockBeats: 过滤掉 50 条非近期新闻
2026-07-27 20:01:10 [INFO]   ⏭ 金色财经: 过滤掉 14 条非近期新闻
2026-07-27 20:01:18 [DEBUG] 请求失败 https://rsshub.rssforever.com/bloomberg/crypto: 
2026-07-27 20:01:18 [INFO]   ✓ CoinDesk: 1 条
2026-07-27 20:01:18 [INFO]   ✓ The Block: 2 条
2026-07-27 20:01:18 [INFO]   ✓ Decrypt: 3 条
2026-07-27 20:01:18 [INFO]   ✓ CoinTelegraph: 3 条
2026-07-27 20:01:18 [INFO]   ✓ Bitcoin Magazine: 1 条
2026-07-27 20:01:18 [INFO]   ✓ Blockworks: 0 条
2026-07-27 20:01:18 [INFO]   ✓ DL News: 0 条
2026-07-27 20:01:18 [INFO]   ✓ 金色财经: 6 条
2026-07-27 20:01:18 [INFO]   ✓ PANews: 0 条
2026-07-27 20:01:18 [INFO]   ✓ 律动BlockBeats: 0 条
2026-07-27 20:01:18 [INFO]   ✓ 吴说区块链: 0 条
2026-07-27 20:01:18 [INFO]   ✓ Bloomberg Crypto: 0 条
2026-07-27 20:01:18 [INFO]   ✓ Reuters Crypto: 0 条
2026-07-27 20:01:18 [INFO]   ✓ CNBC Crypto: 3 条
2026-07-27 20:01:18 [INFO]   ✓ Reddit r/cryptocurrency: 2 条
2026-07-27 20:01:18 [INFO]   ✓ Reddit r/bitcoin: 0 条
2026-07-27 20:01:18 [INFO]   ✓ Crypto Twitter: 7 条
2026-07-27 20:01:18 [INFO]   ✓ 宏观经济: 0 条
2026-07-27 20:01:18 [INFO]   ✓ Binance公告: 20 条
2026-07-27 20:01:18 [INFO]   ✓ OKX公告: 0 条
2026-07-27 20:01:18 [INFO]   ✓ Bitget公告: 0 条
2026-07-27 20:01:18 [INFO]   ✓ Whale Alert: 0 条
2026-07-27 20:01:18 [INFO]   ✓ Fear & Greed Index: 1 条
2026-07-27 20:01:18 [INFO]   ✓ DeFi Llama: 0 条
2026-07-27 20:01:18 [INFO]   ✓ 雪球加密: 0 条
2026-07-27 20:01:18 [INFO] 📊 共抓取 49 条新闻
2026-07-27 20:01:18 [INFO] 📋 原始新闻已保存: reports/2026-07-28-04-raw.json (49 条)
2026-07-27 20:01:18 [INFO] 📋 标题摘要已保存: reports/2026-07-28-04-raw-titles.md
2026-07-27 20:01:18 [INFO] ✅ 抓取完成，共 49 条，已保存到 reports/2026-07-28-04-raw.json
2026-07-27 20:01:18 [INFO] 🤖 开始 AI 筛选 2026-07-28 04:00 币圈消息
2026-07-27 20:01:18 [INFO] 📋 已加载原始新闻: reports/2026-07-28-04-raw.json (49 条)
2026-07-27 20:01:18 [INFO] 📚 已加载历史新闻标题（28541 字符）
2026-07-27 20:01:18 [INFO] 📚 已加载历史筛选标题 0 条、URL 0 个，用于去重
2026-07-27 20:01:18 [INFO] 🔄 尝试 AI 提供商: deepseek
2026-07-27 20:01:18 [INFO] 🤖 使用 AI 提供商: deepseek (模型: deepseek-v4-flash)
2026-07-27 20:01:18 [INFO] 🤖 AI 筛选 [[deepseek] 1/6 策略=仅标题+链接 retry=0]（49 条，11410 字符，temp=0.3）
2026-07-27 20:01:19 [ERROR] AI 调用异常 ([deepseek] 1/6 策略=仅标题+链接 retry=0): Error code: 401 - {'error': {'message': 'Authentication Fails, Your api key: ****df0d is invalid', 'type': 'authentication_error', 'param': None, 'code': 'invalid_request_error'}}
2026-07-27 20:01:19 [WARNING] [[deepseek] 1/6 策略=仅标题+链接 retry=0] AI 调用失败或解析失败，继续下一次尝试
2026-07-27 20:01:19 [INFO] 🤖 AI 筛选 [[deepseek] 2/6 策略=仅标题+链接 retry=1]（49 条，11410 字符，temp=0.3）
2026-07-27 20:01:20 [ERROR] AI 调用异常 ([deepseek] 2/6 策略=仅标题+链接 retry=1): Error code: 401 - {'error': {'message': 'Authentication Fails, Your api key: ****df0d is invalid', 'type': 'authentication_error', 'param': None, 'code': 'invalid_request_error'}}
2026-07-27 20:01:20 [WARNING] [[deepseek] 2/6 策略=仅标题+链接 retry=1] AI 调用失败或解析失败，继续下一次尝试
2026-07-27 20:01:20 [INFO] 🤖 AI 筛选 [[deepseek] 3/6 策略=仅标题+链接 retry=2]（49 条，11410 字符，temp=0.3）
2026-07-27 20:01:20 [ERROR] AI 调用异常 ([deepseek] 3/6 策略=仅标题+链接 retry=2): Error code: 401 - {'error': {'message': 'Authentication Fails, Your api key: ****df0d is invalid', 'type': 'authentication_error', 'param': None, 'code': 'invalid_request_error'}}
2026-07-27 20:01:20 [WARNING] [[deepseek] 3/6 策略=仅标题+链接 retry=2] AI 调用失败或解析失败，继续下一次尝试
2026-07-27 20:01:20 [INFO] 🤖 AI 筛选 [[deepseek] 4/6 策略=完整内容 retry=0]（49 条，17355 字符，temp=0.3）
2026-07-27 20:01:21 [ERROR] AI 调用异常 ([deepseek] 4/6 策略=完整内容 retry=0): Error code: 401 - {'error': {'message': 'Authentication Fails, Your api key: ****df0d is invalid', 'type': 'authentication_error', 'param': None, 'code': 'invalid_request_error'}}
2026-07-27 20:01:21 [WARNING] [[deepseek] 4/6 策略=完整内容 retry=0] AI 调用失败或解析失败，继续下一次尝试
2026-07-27 20:01:21 [INFO] 🤖 AI 筛选 [[deepseek] 5/6 策略=完整内容 retry=1]（49 条，17355 字符，temp=0.3）
2026-07-27 20:01:21 [ERROR] AI 调用异常 ([deepseek] 5/6 策略=完整内容 retry=1): Error code: 401 - {'error': {'message': 'Authentication Fails, Your api key: ****df0d is invalid', 'type': 'authentication_error', 'param': None, 'code': 'invalid_request_error'}}
2026-07-27 20:01:21 [WARNING] [[deepseek] 5/6 策略=完整内容 retry=1] AI 调用失败或解析失败，继续下一次尝试
2026-07-27 20:01:21 [INFO] 🤖 AI 筛选 [[deepseek] 6/6 策略=仅标题（无历史） retry=0]（49 条，11410 字符，temp=0.3）
2026-07-27 20:01:22 [ERROR] AI 调用异常 ([deepseek] 6/6 策略=仅标题（无历史） retry=0): Error code: 401 - {'error': {'message': 'Authentication Fails, Your api key: ****df0d is invalid', 'type': 'authentication_error', 'param': None, 'code': 'invalid_request_error'}}
2026-07-27 20:01:22 [WARNING] [[deepseek] 6/6 策略=仅标题（无历史） retry=0] AI 调用失败或解析失败，继续下一次尝试
2026-07-27 20:01:22 [WARNING] [deepseek] 已达最大尝试次数 6，停止
2026-07-27 20:01:22 [INFO] ⚠️ deepseek 未能产出满意结果，尝试下一个提供商
2026-07-27 20:01:22 [INFO] 🔄 尝试 AI 提供商: zhipu
2026-07-27 20:01:22 [ERROR] 未设置环境变量 ZHIPU_API_KEY，无法使用 zhipu
2026-07-27 20:01:22 [INFO] ⚠️ zhipu 未能产出满意结果，尝试下一个提供商
2026-07-27 20:01:22 [INFO] 🔄 尝试 AI 提供商: kimi
2026-07-27 20:01:22 [ERROR] 未设置环境变量 KIMI_API_KEY，无法使用 kimi
2026-07-27 20:01:22 [INFO] ⚠️ kimi 未能产出满意结果，尝试下一个提供商
2026-07-27 20:01:22 [INFO] 🔄 尝试 AI 提供商: huoshan
2026-07-27 20:01:22 [ERROR] 未设置环境变量 HUOSHAN_API_KEY，无法使用 huoshan
2026-07-27 20:01:22 [INFO] ⚠️ huoshan 未能产出满意结果，尝试下一个提供商
2026-07-27 20:01:22 [ERROR] ❌ 所有提供商均失败，返回空列表
2026-07-27 20:01:22 [INFO] 📦 JSON 已保存: reports/2026-07-28-04.json
2026-07-27 20:01:22 [INFO] ✅ AI 筛选完成，共 0 条交易相关消息
2026-07-27 21:00:58 [INFO] 🚀 开始抓取 2026-07-28 05:00 币圈新闻
2026-07-27 21:00:58 [INFO] 📡 抓取 RSS 新闻源...
2026-07-27 21:00:58 [INFO] 📡 抓取交易所公告 & 链上数据...
2026-07-27 21:00:59 [INFO]   ⏭ The Block: 过滤掉 18 条非近期新闻
2026-07-27 21:00:59 [INFO]   ⏭ CoinTelegraph: 过滤掉 29 条非近期新闻
2026-07-27 21:00:59 [INFO]   ⏭ Decrypt: 过滤掉 30 条非近期新闻
2026-07-27 21:00:59 [INFO]   ⏭ Bloomberg Crypto: 过滤掉 50 条非近期新闻
2026-07-27 21:00:59 [INFO]   ⏭ Reuters Crypto: 过滤掉 50 条非近期新闻
2026-07-27 21:00:59 [WARNING] 解析失败 Bitget公告: 'NoneType' object is not subscriptable
2026-07-27 21:00:59 [INFO]   ⏭ CNBC Crypto: 过滤掉 48 条非近期新闻
2026-07-27 21:00:59 [INFO]   ⏭ 宏观经济: 过滤掉 50 条非近期新闻
2026-07-27 21:00:59 [INFO]   ⏭ CoinDesk: 过滤掉 24 条非近期新闻
2026-07-27 21:00:59 [INFO]   ⏭ Bitcoin Magazine: 过滤掉 8 条非近期新闻
2026-07-27 21:00:59 [INFO]   ⏭ Blockworks: 过滤掉 50 条非近期新闻
2026-07-27 21:00:59 [INFO]   ⏭ Reddit r/cryptocurrency: 过滤掉 24 条非近期新闻
2026-07-27 21:01:00 [INFO]   ⏭ 雪球加密: 过滤掉 50 条非近期新闻
2026-07-27 21:01:00 [INFO]   ⏭ 宏观经济: 过滤掉 50 条非近期新闻
2026-07-27 21:01:00 [INFO]   ⏭ DL News: 过滤掉 50 条非近期新闻
2026-07-27 21:01:00 [INFO]   ⏭ DeFi Llama: 过滤掉 50 条非近期新闻
2026-07-27 21:01:00 [INFO]   ⏭ Blockworks: 过滤掉 4 条非近期新闻
2026-07-27 21:01:00 [INFO]   ⏭ Crypto Twitter: 过滤掉 47 条非近期新闻
2026-07-27 21:01:01 [INFO]   ⏭ 吴说区块链: 过滤掉 47 条非近期新闻
2026-07-27 21:01:14 [DEBUG] 请求失败 https://rsshub.rssforever.com/panewslab/news: 
2026-07-27 21:01:14 [DEBUG] 请求失败 https://rsshub.rssforever.com/jinse/lives: 
2026-07-27 21:01:14 [DEBUG] 请求失败 https://rsshub.rssforever.com/theblockbeats/newsflash: 
2026-07-27 21:01:14 [DEBUG] 请求失败 https://rsshub.rssforever.com/bloomberg/crypto: 
2026-07-27 21:01:14 [INFO]   ⏭ PANews: 过滤掉 50 条非近期新闻
2026-07-27 21:01:15 [INFO]   ⏭ 律动BlockBeats: 过滤掉 50 条非近期新闻
2026-07-27 21:01:15 [INFO]   ✓ CoinDesk: 1 条
2026-07-27 21:01:15 [INFO]   ✓ The Block: 1 条
2026-07-27 21:01:15 [INFO]   ✓ Decrypt: 4 条
2026-07-27 21:01:15 [INFO]   ✓ CoinTelegraph: 1 条
2026-07-27 21:01:15 [INFO]   ✓ Bitcoin Magazine: 2 条
2026-07-27 21:01:15 [INFO]   ✓ Blockworks: 0 条
2026-07-27 21:01:15 [INFO]   ✓ DL News: 0 条
2026-07-27 21:01:15 [INFO]   ✓ 金色财经: 0 条
2026-07-27 21:01:15 [INFO]   ✓ PANews: 0 条
2026-07-27 21:01:15 [INFO]   ✓ 律动BlockBeats: 0 条
2026-07-27 21:01:15 [INFO]   ✓ 吴说区块链: 0 条
2026-07-27 21:01:15 [INFO]   ✓ Bloomberg Crypto: 0 条
2026-07-27 21:01:15 [INFO]   ✓ Reuters Crypto: 0 条
2026-07-27 21:01:15 [INFO]   ✓ CNBC Crypto: 2 条
2026-07-27 21:01:15 [INFO]   ✓ Reddit r/cryptocurrency: 1 条
2026-07-27 21:01:15 [INFO]   ✓ Reddit r/bitcoin: 0 条
2026-07-27 21:01:15 [INFO]   ✓ Crypto Twitter: 3 条
2026-07-27 21:01:15 [INFO]   ✓ 宏观经济: 0 条
2026-07-27 21:01:15 [INFO]   ✓ Binance公告: 20 条
2026-07-27 21:01:15 [INFO]   ✓ OKX公告: 0 条
2026-07-27 21:01:15 [INFO]   ✓ Bitget公告: 0 条
2026-07-27 21:01:15 [INFO]   ✓ Whale Alert: 0 条
2026-07-27 21:01:15 [INFO]   ✓ Fear & Greed Index: 1 条
2026-07-27 21:01:15 [INFO]   ✓ DeFi Llama: 0 条
2026-07-27 21:01:15 [INFO]   ✓ 雪球加密: 0 条
2026-07-27 21:01:15 [INFO] 📊 共抓取 36 条新闻
2026-07-27 21:01:15 [INFO] 📋 原始新闻已保存: reports/2026-07-28-05-raw.json (36 条)
2026-07-27 21:01:15 [INFO] 📋 标题摘要已保存: reports/2026-07-28-05-raw-titles.md
2026-07-27 21:01:15 [INFO] ✅ 抓取完成，共 36 条，已保存到 reports/2026-07-28-05-raw.json
2026-07-27 21:01:15 [INFO] 🤖 开始 AI 筛选 2026-07-28 05:00 币圈消息
2026-07-27 21:01:15 [INFO] 📋 已加载原始新闻: reports/2026-07-28-05-raw.json (36 条)
2026-07-27 21:01:15 [INFO] 📚 已加载历史新闻标题（26125 字符）
2026-07-27 21:01:15 [INFO] 📚 已加载历史筛选标题 0 条、URL 0 个，用于去重
2026-07-27 21:01:15 [INFO] 🔄 尝试 AI 提供商: deepseek
2026-07-27 21:01:15 [INFO] 🤖 使用 AI 提供商: deepseek (模型: deepseek-v4-flash)
2026-07-27 21:01:15 [INFO] 🤖 AI 筛选 [[deepseek] 1/6 策略=仅标题+链接 retry=0]（36 条，7951 字符，temp=0.3）
2026-07-27 21:01:16 [ERROR] AI 调用异常 ([deepseek] 1/6 策略=仅标题+链接 retry=0): Error code: 401 - {'error': {'message': 'Authentication Fails, Your api key: ****df0d is invalid', 'type': 'authentication_error', 'param': None, 'code': 'invalid_request_error'}}
2026-07-27 21:01:16 [WARNING] [[deepseek] 1/6 策略=仅标题+链接 retry=0] AI 调用失败或解析失败，继续下一次尝试
2026-07-27 21:01:16 [INFO] 🤖 AI 筛选 [[deepseek] 2/6 策略=仅标题+链接 retry=1]（36 条，7951 字符，temp=0.3）
2026-07-27 21:01:16 [ERROR] AI 调用异常 ([deepseek] 2/6 策略=仅标题+链接 retry=1): Error code: 401 - {'error': {'message': 'Authentication Fails, Your api key: ****df0d is invalid', 'type': 'authentication_error', 'param': None, 'code': 'invalid_request_error'}}
2026-07-27 21:01:16 [WARNING] [[deepseek] 2/6 策略=仅标题+链接 retry=1] AI 调用失败或解析失败，继续下一次尝试
2026-07-27 21:01:16 [INFO] 🤖 AI 筛选 [[deepseek] 3/6 策略=仅标题+链接 retry=2]（36 条，7951 字符，temp=0.3）
2026-07-27 21:01:17 [ERROR] AI 调用异常 ([deepseek] 3/6 策略=仅标题+链接 retry=2): Error code: 401 - {'error': {'message': 'Authentication Fails, Your api key: ****df0d is invalid', 'type': 'authentication_error', 'param': None, 'code': 'invalid_request_error'}}
2026-07-27 21:01:17 [WARNING] [[deepseek] 3/6 策略=仅标题+链接 retry=2] AI 调用失败或解析失败，继续下一次尝试
2026-07-27 21:01:17 [INFO] 🤖 AI 筛选 [[deepseek] 4/6 策略=完整内容 retry=0]（36 条，11798 字符，temp=0.3）
2026-07-27 21:01:17 [ERROR] AI 调用异常 ([deepseek] 4/6 策略=完整内容 retry=0): Error code: 401 - {'error': {'message': 'Authentication Fails, Your api key: ****df0d is invalid', 'type': 'authentication_error', 'param': None, 'code': 'invalid_request_error'}}
2026-07-27 21:01:17 [WARNING] [[deepseek] 4/6 策略=完整内容 retry=0] AI 调用失败或解析失败，继续下一次尝试
2026-07-27 21:01:17 [INFO] 🤖 AI 筛选 [[deepseek] 5/6 策略=完整内容 retry=1]（36 条，11798 字符，temp=0.3）
2026-07-27 21:01:18 [ERROR] AI 调用异常 ([deepseek] 5/6 策略=完整内容 retry=1): Error code: 401 - {'error': {'message': 'Authentication Fails, Your api key: ****df0d is invalid', 'type': 'authentication_error', 'param': None, 'code': 'invalid_request_error'}}
2026-07-27 21:01:18 [WARNING] [[deepseek] 5/6 策略=完整内容 retry=1] AI 调用失败或解析失败，继续下一次尝试
2026-07-27 21:01:18 [INFO] 🤖 AI 筛选 [[deepseek] 6/6 策略=仅标题（无历史） retry=0]（36 条，7951 字符，temp=0.3）
2026-07-27 21:01:18 [ERROR] AI 调用异常 ([deepseek] 6/6 策略=仅标题（无历史） retry=0): Error code: 401 - {'error': {'message': 'Authentication Fails, Your api key: ****df0d is invalid', 'type': 'authentication_error', 'param': None, 'code': 'invalid_request_error'}}
2026-07-27 21:01:18 [WARNING] [[deepseek] 6/6 策略=仅标题（无历史） retry=0] AI 调用失败或解析失败，继续下一次尝试
2026-07-27 21:01:18 [WARNING] [deepseek] 已达最大尝试次数 6，停止
2026-07-27 21:01:18 [INFO] ⚠️ deepseek 未能产出满意结果，尝试下一个提供商
2026-07-27 21:01:18 [INFO] 🔄 尝试 AI 提供商: zhipu
2026-07-27 21:01:18 [ERROR] 未设置环境变量 ZHIPU_API_KEY，无法使用 zhipu
2026-07-27 21:01:18 [INFO] ⚠️ zhipu 未能产出满意结果，尝试下一个提供商
2026-07-27 21:01:18 [INFO] 🔄 尝试 AI 提供商: kimi
2026-07-27 21:01:18 [ERROR] 未设置环境变量 KIMI_API_KEY，无法使用 kimi
2026-07-27 21:01:18 [INFO] ⚠️ kimi 未能产出满意结果，尝试下一个提供商
2026-07-27 21:01:18 [INFO] 🔄 尝试 AI 提供商: huoshan
2026-07-27 21:01:18 [ERROR] 未设置环境变量 HUOSHAN_API_KEY，无法使用 huoshan
2026-07-27 21:01:18 [INFO] ⚠️ huoshan 未能产出满意结果，尝试下一个提供商
2026-07-27 21:01:18 [ERROR] ❌ 所有提供商均失败，返回空列表
2026-07-27 21:01:18 [INFO] 📦 JSON 已保存: reports/2026-07-28-05.json
2026-07-27 21:01:18 [INFO] ✅ AI 筛选完成，共 0 条交易相关消息
2026-07-27 22:01:02 [INFO] 🚀 开始抓取 2026-07-28 06:00 币圈新闻
2026-07-27 22:01:03 [INFO] 📡 抓取 RSS 新闻源...
2026-07-27 22:01:03 [INFO] 📡 抓取交易所公告 & 链上数据...
2026-07-27 22:01:03 [INFO]   ⏭ Decrypt: 过滤掉 47 条非近期新闻
2026-07-27 22:01:03 [INFO]   ⏭ The Block: 过滤掉 17 条非近期新闻
2026-07-27 22:01:03 [WARNING] 解析失败 Bitget公告: 'NoneType' object is not subscriptable
2026-07-27 22:01:03 [INFO]   ⏭ CoinDesk: 过滤掉 25 条非近期新闻
2026-07-27 22:01:03 [INFO]   ⏭ Reuters Crypto: 过滤掉 50 条非近期新闻
2026-07-27 22:01:03 [INFO]   ⏭ 宏观经济: 过滤掉 49 条非近期新闻
2026-07-27 22:01:03 [INFO]   ⏭ Bitcoin Magazine: 过滤掉 9 条非近期新闻
2026-07-27 22:01:03 [INFO]   ⏭ Bloomberg Crypto: 过滤掉 50 条非近期新闻
2026-07-27 22:01:03 [INFO]   ⏭ Blockworks: 过滤掉 50 条非近期新闻
2026-07-27 22:01:03 [INFO]   ⏭ CNBC Crypto: 过滤掉 49 条非近期新闻
2026-07-27 22:01:04 [INFO]   ⏭ DL News: 过滤掉 50 条非近期新闻
2026-07-27 22:01:04 [INFO]   ⏭ Blockworks: 过滤掉 4 条非近期新闻
2026-07-27 22:01:04 [INFO]   ⏭ Reddit r/bitcoin: 过滤掉 22 条非近期新闻
2026-07-27 22:01:04 [INFO]   ⏭ 吴说区块链: 过滤掉 47 条非近期新闻
2026-07-27 22:01:04 [INFO]   ⏭ 雪球加密: 过滤掉 50 条非近期新闻
2026-07-27 22:01:04 [INFO]   ⏭ DeFi Llama: 过滤掉 50 条非近期新闻
2026-07-27 22:01:04 [INFO]   ⏭ PANews: 过滤掉 50 条非近期新闻
2026-07-27 22:01:04 [INFO]   ⏭ CoinTelegraph: 过滤掉 29 条非近期新闻
2026-07-27 22:01:04 [INFO]   ⏭ Crypto Twitter: 过滤掉 48 条非近期新闻
2026-07-27 22:01:04 [INFO]   ⏭ 律动BlockBeats: 过滤掉 50 条非近期新闻
2026-07-27 22:01:18 [DEBUG] 请求失败 https://rsshub.rssforever.com/reddit/subreddit/cryptocurrency/hot: 
2026-07-27 22:01:18 [DEBUG] 请求失败 https://rsshub.rssforever.com/coindesk/most-popular: 
2026-07-27 22:01:18 [INFO]   ⏭ CoinDesk: 过滤掉 50 条非近期新闻
2026-07-27 22:01:18 [INFO]   ✓ CoinDesk: 0 条
2026-07-27 22:01:18 [INFO]   ✓ The Block: 2 条
2026-07-27 22:01:18 [INFO]   ✓ Decrypt: 3 条
2026-07-27 22:01:18 [INFO]   ✓ CoinTelegraph: 1 条
2026-07-27 22:01:18 [INFO]   ✓ Bitcoin Magazine: 1 条
2026-07-27 22:01:18 [INFO]   ✓ Blockworks: 0 条
2026-07-27 22:01:18 [INFO]   ✓ DL News: 0 条
2026-07-27 22:01:18 [INFO]   ✓ 金色财经: 5 条
2026-07-27 22:01:18 [INFO]   ✓ PANews: 0 条
2026-07-27 22:01:18 [INFO]   ✓ 律动BlockBeats: 0 条
2026-07-27 22:01:18 [INFO]   ✓ 吴说区块链: 0 条
2026-07-27 22:01:18 [INFO]   ✓ Bloomberg Crypto: 0 条
2026-07-27 22:01:18 [INFO]   ✓ Reuters Crypto: 0 条
2026-07-27 22:01:18 [INFO]   ✓ CNBC Crypto: 1 条
2026-07-27 22:01:18 [INFO]   ✓ Reddit r/cryptocurrency: 0 条
2026-07-27 22:01:18 [INFO]   ✓ Reddit r/bitcoin: 3 条
2026-07-27 22:01:18 [INFO]   ✓ Crypto Twitter: 2 条
2026-07-27 22:01:18 [INFO]   ✓ 宏观经济: 1 条
2026-07-27 22:01:18 [INFO]   ✓ Binance公告: 20 条
2026-07-27 22:01:18 [INFO]   ✓ OKX公告: 0 条
2026-07-27 22:01:18 [INFO]   ✓ Bitget公告: 0 条
2026-07-27 22:01:18 [INFO]   ✓ Whale Alert: 0 条
2026-07-27 22:01:18 [INFO]   ✓ Fear & Greed Index: 1 条
2026-07-27 22:01:18 [INFO]   ✓ DeFi Llama: 0 条
2026-07-27 22:01:18 [INFO]   ✓ 雪球加密: 0 条
2026-07-27 22:01:18 [INFO] 📊 共抓取 40 条新闻
2026-07-27 22:01:18 [INFO] 📋 原始新闻已保存: reports/2026-07-28-06-raw.json (40 条)
2026-07-27 22:01:18 [INFO] 📋 标题摘要已保存: reports/2026-07-28-06-raw-titles.md
2026-07-27 22:01:18 [INFO] ✅ 抓取完成，共 40 条，已保存到 reports/2026-07-28-06-raw.json
2026-07-27 22:01:19 [INFO] 🤖 开始 AI 筛选 2026-07-28 06:00 币圈消息
2026-07-27 22:01:19 [INFO] 📋 已加载原始新闻: reports/2026-07-28-06-raw.json (40 条)
2026-07-27 22:01:19 [INFO] 📚 已加载历史新闻标题（24237 字符）
2026-07-27 22:01:19 [INFO] 📚 已加载历史筛选标题 0 条、URL 0 个，用于去重
2026-07-27 22:01:19 [INFO] 🔄 尝试 AI 提供商: deepseek
2026-07-27 22:01:19 [INFO] 🤖 使用 AI 提供商: deepseek (模型: deepseek-v4-flash)
2026-07-27 22:01:19 [INFO] 🤖 AI 筛选 [[deepseek] 1/6 策略=仅标题+链接 retry=0]（40 条，7508 字符，temp=0.3）
2026-07-27 22:01:20 [ERROR] AI 调用异常 ([deepseek] 1/6 策略=仅标题+链接 retry=0): Error code: 401 - {'error': {'message': 'Authentication Fails, Your api key: ****df0d is invalid', 'type': 'authentication_error', 'param': None, 'code': 'invalid_request_error'}}
2026-07-27 22:01:20 [WARNING] [[deepseek] 1/6 策略=仅标题+链接 retry=0] AI 调用失败或解析失败，继续下一次尝试
2026-07-27 22:01:20 [INFO] 🤖 AI 筛选 [[deepseek] 2/6 策略=仅标题+链接 retry=1]（40 条，7508 字符，temp=0.3）
2026-07-27 22:01:20 [ERROR] AI 调用异常 ([deepseek] 2/6 策略=仅标题+链接 retry=1): Error code: 401 - {'error': {'message': 'Authentication Fails, Your api key: ****df0d is invalid', 'type': 'authentication_error', 'param': None, 'code': 'invalid_request_error'}}
2026-07-27 22:01:20 [WARNING] [[deepseek] 2/6 策略=仅标题+链接 retry=1] AI 调用失败或解析失败，继续下一次尝试
2026-07-27 22:01:20 [INFO] 🤖 AI 筛选 [[deepseek] 3/6 策略=仅标题+链接 retry=2]（40 条，7508 字符，temp=0.3）
2026-07-27 22:01:20 [ERROR] AI 调用异常 ([deepseek] 3/6 策略=仅标题+链接 retry=2): Error code: 401 - {'error': {'message': 'Authentication Fails, Your api key: ****df0d is invalid', 'type': 'authentication_error', 'param': None, 'code': 'invalid_request_error'}}
2026-07-27 22:01:20 [WARNING] [[deepseek] 3/6 策略=仅标题+链接 retry=2] AI 调用失败或解析失败，继续下一次尝试
2026-07-27 22:01:20 [INFO] 🤖 AI 筛选 [[deepseek] 4/6 策略=完整内容 retry=0]（40 条，12449 字符，temp=0.3）
2026-07-27 22:01:21 [ERROR] AI 调用异常 ([deepseek] 4/6 策略=完整内容 retry=0): Error code: 401 - {'error': {'message': 'Authentication Fails, Your api key: ****df0d is invalid', 'type': 'authentication_error', 'param': None, 'code': 'invalid_request_error'}}
2026-07-27 22:01:21 [WARNING] [[deepseek] 4/6 策略=完整内容 retry=0] AI 调用失败或解析失败，继续下一次尝试
2026-07-27 22:01:21 [INFO] 🤖 AI 筛选 [[deepseek] 5/6 策略=完整内容 retry=1]（40 条，12449 字符，temp=0.3）
2026-07-27 22:01:21 [ERROR] AI 调用异常 ([deepseek] 5/6 策略=完整内容 retry=1): Error code: 401 - {'error': {'message': 'Authentication Fails, Your api key: ****df0d is invalid', 'type': 'authentication_error', 'param': None, 'code': 'invalid_request_error'}}
2026-07-27 22:01:21 [WARNING] [[deepseek] 5/6 策略=完整内容 retry=1] AI 调用失败或解析失败，继续下一次尝试
2026-07-27 22:01:21 [INFO] 🤖 AI 筛选 [[deepseek] 6/6 策略=仅标题（无历史） retry=0]（40 条，7508 字符，temp=0.3）
2026-07-27 22:01:22 [ERROR] AI 调用异常 ([deepseek] 6/6 策略=仅标题（无历史） retry=0): Error code: 401 - {'error': {'message': 'Authentication Fails, Your api key: ****df0d is invalid', 'type': 'authentication_error', 'param': None, 'code': 'invalid_request_error'}}
2026-07-27 22:01:22 [WARNING] [[deepseek] 6/6 策略=仅标题（无历史） retry=0] AI 调用失败或解析失败，继续下一次尝试
2026-07-27 22:01:22 [WARNING] [deepseek] 已达最大尝试次数 6，停止
2026-07-27 22:01:22 [INFO] ⚠️ deepseek 未能产出满意结果，尝试下一个提供商
2026-07-27 22:01:22 [INFO] 🔄 尝试 AI 提供商: zhipu
2026-07-27 22:01:22 [ERROR] 未设置环境变量 ZHIPU_API_KEY，无法使用 zhipu
2026-07-27 22:01:22 [INFO] ⚠️ zhipu 未能产出满意结果，尝试下一个提供商
2026-07-27 22:01:22 [INFO] 🔄 尝试 AI 提供商: kimi
2026-07-27 22:01:22 [ERROR] 未设置环境变量 KIMI_API_KEY，无法使用 kimi
2026-07-27 22:01:22 [INFO] ⚠️ kimi 未能产出满意结果，尝试下一个提供商
2026-07-27 22:01:22 [INFO] 🔄 尝试 AI 提供商: huoshan
2026-07-27 22:01:22 [ERROR] 未设置环境变量 HUOSHAN_API_KEY，无法使用 huoshan
2026-07-27 22:01:22 [INFO] ⚠️ huoshan 未能产出满意结果，尝试下一个提供商
2026-07-27 22:01:22 [ERROR] ❌ 所有提供商均失败，返回空列表
2026-07-27 22:01:22 [INFO] 📦 JSON 已保存: reports/2026-07-28-06.json
2026-07-27 22:01:22 [INFO] ✅ AI 筛选完成，共 0 条交易相关消息
2026-07-27 23:00:53 [INFO] 🚀 开始抓取 2026-07-28 07:00 币圈新闻
2026-07-27 23:00:53 [INFO] 📡 抓取 RSS 新闻源...
2026-07-27 23:00:53 [INFO] 📡 抓取交易所公告 & 链上数据...
2026-07-27 23:00:53 [INFO]   ⏭ Decrypt: 过滤掉 31 条非近期新闻
2026-07-27 23:00:53 [INFO]   ⏭ The Block: 过滤掉 18 条非近期新闻
2026-07-27 23:00:53 [INFO]   ⏭ CoinTelegraph: 过滤掉 29 条非近期新闻
2026-07-27 23:00:54 [INFO]   ⏭ Bitcoin Magazine: 过滤掉 10 条非近期新闻
2026-07-27 23:00:54 [INFO]   ⏭ Blockworks: 过滤掉 50 条非近期新闻
2026-07-27 23:00:54 [INFO]   ⏭ CoinDesk: 过滤掉 25 条非近期新闻
2026-07-27 23:00:54 [WARNING] 解析失败 Bitget公告: 'NoneType' object is not subscriptable
2026-07-27 23:00:54 [INFO]   ⏭ Reuters Crypto: 过滤掉 50 条非近期新闻
2026-07-27 23:00:54 [INFO]   ⏭ Bloomberg Crypto: 过滤掉 50 条非近期新闻
2026-07-27 23:00:54 [INFO]   ⏭ CNBC Crypto: 过滤掉 49 条非近期新闻
2026-07-27 23:00:54 [INFO]   ⏭ DL News: 过滤掉 50 条非近期新闻
2026-07-27 23:00:54 [INFO]   ⏭ 宏观经济: 过滤掉 49 条非近期新闻
2026-07-27 23:00:54 [INFO]   ⏭ Bitcoin Magazine: 过滤掉 50 条非近期新闻
2026-07-27 23:00:54 [INFO]   ⏭ Blockworks: 过滤掉 4 条非近期新闻
2026-07-27 23:00:54 [INFO]   ⏭ Reddit r/cryptocurrency: 过滤掉 23 条非近期新闻
2026-07-27 23:01:08 [DEBUG] 请求失败 https://rsshub.rssforever.com/panewslab/news: 
2026-07-27 23:01:08 [DEBUG] 请求失败 https://rsshub.rssforever.com/theblockbeats/newsflash: 
2026-07-27 23:01:08 [DEBUG] 请求失败 https://rsshub.rssforever.com/wublock: 
2026-07-27 23:01:08 [DEBUG] 请求失败 https://rsshub.rssforever.com/twitter/list/crypto_news: 
2026-07-27 23:01:08 [DEBUG] 请求失败 https://rsshub.rssforever.com/whalealert/recent: 
2026-07-27 23:01:08 [DEBUG] 请求失败 https://rsshub.rssforever.com/defillama/protocol: 
2026-07-27 23:01:08 [DEBUG] 请求失败 https://rsshub.rssforever.com/xueqiu/hotstock/0: 
2026-07-27 23:01:08 [DEBUG] 请求失败 https://rsshub.rssforever.com/jinse/lives: 
2026-07-27 23:01:09 [DEBUG] 请求失败 https://rsshub.rssforever.com/reddit/subreddit/bitcoin/hot: 
2026-07-27 23:01:09 [INFO]   ⏭ DeFi Llama: 过滤掉 50 条非近期新闻
2026-07-27 23:01:09 [INFO]   ⏭ 雪球加密: 过滤掉 50 条非近期新闻
2026-07-27 23:01:09 [INFO]   ⏭ 吴说区块链: 过滤掉 46 条非近期新闻
2026-07-27 23:01:09 [DEBUG] 请求失败 https://rsshub.rssforever.com/coindesk/most-popular: 
2026-07-27 23:01:09 [INFO]   ⏭ PANews: 过滤掉 50 条非近期新闻
2026-07-27 23:01:09 [INFO]   ⏭ Crypto Twitter: 过滤掉 47 条非近期新闻
2026-07-27 23:01:09 [INFO]   ⏭ 律动BlockBeats: 过滤掉 50 条非近期新闻
2026-07-27 23:01:09 [DEBUG] 请求失败 https://rsshub.rssforever.com/bloomberg/crypto: 
2026-07-27 23:01:09 [INFO]   ⏭ CoinDesk: 过滤掉 50 条非近期新闻
2026-07-27 23:01:09 [INFO]   ✓ CoinDesk: 0 条
2026-07-27 23:01:09 [INFO]   ✓ The Block: 1 条
2026-07-27 23:01:09 [INFO]   ✓ Decrypt: 3 条
2026-07-27 23:01:09 [INFO]   ✓ CoinTelegraph: 1 条
2026-07-27 23:01:09 [INFO]   ✓ Bitcoin Magazine: 0 条
2026-07-27 23:01:09 [INFO]   ✓ Blockworks: 0 条
2026-07-27 23:01:09 [INFO]   ✓ DL News: 0 条
2026-07-27 23:01:09 [INFO]   ✓ 金色财经: 0 条
2026-07-27 23:01:09 [INFO]   ✓ PANews: 0 条
2026-07-27 23:01:09 [INFO]   ✓ 律动BlockBeats: 0 条
2026-07-27 23:01:09 [INFO]   ✓ 吴说区块链: 0 条
2026-07-27 23:01:09 [INFO]   ✓ Bloomberg Crypto: 0 条
2026-07-27 23:01:09 [INFO]   ✓ Reuters Crypto: 0 条
2026-07-27 23:01:09 [INFO]   ✓ CNBC Crypto: 1 条
2026-07-27 23:01:09 [INFO]   ✓ Reddit r/cryptocurrency: 2 条
2026-07-27 23:01:09 [INFO]   ✓ Reddit r/bitcoin: 0 条
2026-07-27 23:01:09 [INFO]   ✓ Crypto Twitter: 3 条
2026-07-27 23:01:09 [INFO]   ✓ 宏观经济: 1 条
2026-07-27 23:01:09 [INFO]   ✓ Binance公告: 20 条
2026-07-27 23:01:09 [INFO]   ✓ OKX公告: 0 条
2026-07-27 23:01:09 [INFO]   ✓ Bitget公告: 0 条
2026-07-27 23:01:09 [INFO]   ✓ Whale Alert: 0 条
2026-07-27 23:01:09 [INFO]   ✓ Fear & Greed Index: 1 条
2026-07-27 23:01:09 [INFO]   ✓ DeFi Llama: 0 条
2026-07-27 23:01:09 [INFO]   ✓ 雪球加密: 0 条
2026-07-27 23:01:09 [INFO] 📊 共抓取 33 条新闻
2026-07-27 23:01:09 [INFO] 📋 原始新闻已保存: reports/2026-07-28-07-raw.json (33 条)
2026-07-27 23:01:09 [INFO] 📋 标题摘要已保存: reports/2026-07-28-07-raw-titles.md
2026-07-27 23:01:09 [INFO] ✅ 抓取完成，共 33 条，已保存到 reports/2026-07-28-07-raw.json
2026-07-27 23:01:10 [INFO] 🤖 开始 AI 筛选 2026-07-28 07:00 币圈消息
2026-07-27 23:01:10 [INFO] 📋 已加载原始新闻: reports/2026-07-28-07-raw.json (33 条)
2026-07-27 23:01:10 [INFO] 📚 已加载历史新闻标题（22852 字符）
2026-07-27 23:01:10 [INFO] 📚 已加载历史筛选标题 0 条、URL 0 个，用于去重
2026-07-27 23:01:10 [INFO] 🔄 尝试 AI 提供商: deepseek
2026-07-27 23:01:10 [INFO] 🤖 使用 AI 提供商: deepseek (模型: deepseek-v4-flash)
2026-07-27 23:01:10 [INFO] 🤖 AI 筛选 [[deepseek] 1/6 策略=仅标题+链接 retry=0]（33 条，7132 字符，temp=0.3）
2026-07-27 23:01:11 [ERROR] AI 调用异常 ([deepseek] 1/6 策略=仅标题+链接 retry=0): Error code: 401 - {'error': {'message': 'Authentication Fails, Your api key: ****df0d is invalid', 'type': 'authentication_error', 'param': None, 'code': 'invalid_request_error'}}
2026-07-27 23:01:11 [WARNING] [[deepseek] 1/6 策略=仅标题+链接 retry=0] AI 调用失败或解析失败，继续下一次尝试
2026-07-27 23:01:11 [INFO] 🤖 AI 筛选 [[deepseek] 2/6 策略=仅标题+链接 retry=1]（33 条，7132 字符，temp=0.3）
2026-07-27 23:01:11 [ERROR] AI 调用异常 ([deepseek] 2/6 策略=仅标题+链接 retry=1): Error code: 401 - {'error': {'message': 'Authentication Fails, Your api key: ****df0d is invalid', 'type': 'authentication_error', 'param': None, 'code': 'invalid_request_error'}}
2026-07-27 23:01:11 [WARNING] [[deepseek] 2/6 策略=仅标题+链接 retry=1] AI 调用失败或解析失败，继续下一次尝试
2026-07-27 23:01:11 [INFO] 🤖 AI 筛选 [[deepseek] 3/6 策略=仅标题+链接 retry=2]（33 条，7132 字符，temp=0.3）
2026-07-27 23:01:12 [ERROR] AI 调用异常 ([deepseek] 3/6 策略=仅标题+链接 retry=2): Error code: 401 - {'error': {'message': 'Authentication Fails, Your api key: ****df0d is invalid', 'type': 'authentication_error', 'param': None, 'code': 'invalid_request_error'}}
2026-07-27 23:01:12 [WARNING] [[deepseek] 3/6 策略=仅标题+链接 retry=2] AI 调用失败或解析失败，继续下一次尝试
2026-07-27 23:01:12 [INFO] 🤖 AI 筛选 [[deepseek] 4/6 策略=完整内容 retry=0]（33 条，10615 字符，temp=0.3）
2026-07-27 23:01:12 [ERROR] AI 调用异常 ([deepseek] 4/6 策略=完整内容 retry=0): Error code: 401 - {'error': {'message': 'Authentication Fails, Your api key: ****df0d is invalid', 'type': 'authentication_error', 'param': None, 'code': 'invalid_request_error'}}
2026-07-27 23:01:12 [WARNING] [[deepseek] 4/6 策略=完整内容 retry=0] AI 调用失败或解析失败，继续下一次尝试
2026-07-27 23:01:12 [INFO] 🤖 AI 筛选 [[deepseek] 5/6 策略=完整内容 retry=1]（33 条，10615 字符，temp=0.3）
2026-07-27 23:01:13 [ERROR] AI 调用异常 ([deepseek] 5/6 策略=完整内容 retry=1): Error code: 401 - {'error': {'message': 'Authentication Fails, Your api key: ****df0d is invalid', 'type': 'authentication_error', 'param': None, 'code': 'invalid_request_error'}}
2026-07-27 23:01:13 [WARNING] [[deepseek] 5/6 策略=完整内容 retry=1] AI 调用失败或解析失败，继续下一次尝试
2026-07-27 23:01:13 [INFO] 🤖 AI 筛选 [[deepseek] 6/6 策略=仅标题（无历史） retry=0]（33 条，7132 字符，temp=0.3）
2026-07-27 23:01:13 [ERROR] AI 调用异常 ([deepseek] 6/6 策略=仅标题（无历史） retry=0): Error code: 401 - {'error': {'message': 'Authentication Fails, Your api key: ****df0d is invalid', 'type': 'authentication_error', 'param': None, 'code': 'invalid_request_error'}}
2026-07-27 23:01:13 [WARNING] [[deepseek] 6/6 策略=仅标题（无历史） retry=0] AI 调用失败或解析失败，继续下一次尝试
2026-07-27 23:01:13 [WARNING] [deepseek] 已达最大尝试次数 6，停止
2026-07-27 23:01:13 [INFO] ⚠️ deepseek 未能产出满意结果，尝试下一个提供商
2026-07-27 23:01:13 [INFO] 🔄 尝试 AI 提供商: zhipu
2026-07-27 23:01:13 [ERROR] 未设置环境变量 ZHIPU_API_KEY，无法使用 zhipu
2026-07-27 23:01:13 [INFO] ⚠️ zhipu 未能产出满意结果，尝试下一个提供商
2026-07-27 23:01:13 [INFO] 🔄 尝试 AI 提供商: kimi
2026-07-27 23:01:13 [ERROR] 未设置环境变量 KIMI_API_KEY，无法使用 kimi
2026-07-27 23:01:13 [INFO] ⚠️ kimi 未能产出满意结果，尝试下一个提供商
2026-07-27 23:01:13 [INFO] 🔄 尝试 AI 提供商: huoshan
2026-07-27 23:01:13 [ERROR] 未设置环境变量 HUOSHAN_API_KEY，无法使用 huoshan
2026-07-27 23:01:13 [INFO] ⚠️ huoshan 未能产出满意结果，尝试下一个提供商
2026-07-27 23:01:13 [ERROR] ❌ 所有提供商均失败，返回空列表
2026-07-27 23:01:13 [INFO] 📦 JSON 已保存: reports/2026-07-28-07.json
2026-07-27 23:01:13 [INFO] ✅ AI 筛选完成，共 0 条交易相关消息
2026-07-28 00:00:59 [INFO] 🚀 开始抓取 2026-07-28 08:00 币圈新闻
2026-07-28 00:00:59 [INFO] 📡 抓取 RSS 新闻源...
2026-07-28 00:00:59 [INFO] 📡 抓取交易所公告 & 链上数据...
2026-07-28 00:00:59 [INFO]   ⏭ Decrypt: 过滤掉 32 条非近期新闻
2026-07-28 00:00:59 [INFO]   ⏭ The Block: 过滤掉 19 条非近期新闻
2026-07-28 00:00:59 [INFO]   ⏭ CoinTelegraph: 过滤掉 29 条非近期新闻
2026-07-28 00:00:59 [INFO]   ⏭ Bitcoin Magazine: 过滤掉 10 条非近期新闻
2026-07-28 00:00:59 [INFO]   ⏭ CoinDesk: 过滤掉 23 条非近期新闻
2026-07-28 00:00:59 [INFO]   ⏭ Blockworks: 过滤掉 50 条非近期新闻
2026-07-28 00:00:59 [WARNING] 解析失败 Bitget公告: 'NoneType' object is not subscriptable
2026-07-28 00:00:59 [INFO]   ⏭ Bloomberg Crypto: 过滤掉 50 条非近期新闻
2026-07-28 00:00:59 [INFO]   ⏭ Reuters Crypto: 过滤掉 50 条非近期新闻
2026-07-28 00:00:59 [INFO]   ⏭ CNBC Crypto: 过滤掉 50 条非近期新闻
2026-07-28 00:00:59 [INFO]   ⏭ Reddit r/bitcoin: 过滤掉 24 条非近期新闻
2026-07-28 00:01:00 [INFO]   ⏭ 宏观经济: 过滤掉 50 条非近期新闻
2026-07-28 00:01:00 [INFO]   ⏭ Blockworks: 过滤掉 4 条非近期新闻
2026-07-28 00:01:00 [INFO]   ⏭ DL News: 过滤掉 50 条非近期新闻
2026-07-28 00:01:00 [INFO]   ⏭ Bitcoin Magazine: 过滤掉 50 条非近期新闻
2026-07-28 00:01:00 [INFO]   ⏭ 宏观经济: 过滤掉 50 条非近期新闻
2026-07-28 00:01:00 [INFO]   ⏭ DeFi Llama: 过滤掉 50 条非近期新闻
2026-07-28 00:01:00 [INFO]   ⏭ The Block: 过滤掉 50 条非近期新闻
2026-07-28 00:01:00 [INFO]   ⏭ 吴说区块链: 过滤掉 48 条非近期新闻
2026-07-28 00:01:00 [INFO]   ⏭ 雪球加密: 过滤掉 49 条非近期新闻
2026-07-28 00:01:00 [INFO]   ⏭ Crypto Twitter: 过滤掉 49 条非近期新闻
2026-07-28 00:01:07 [INFO]   ⏭ 律动BlockBeats: 过滤掉 16 条非近期新闻
2026-07-28 00:01:07 [INFO]   ⏭ PANews: 过滤掉 50 条非近期新闻
2026-07-28 00:01:08 [INFO]   ✓ CoinDesk: 2 条
2026-07-28 00:01:08 [INFO]   ✓ The Block: 0 条
2026-07-28 00:01:08 [INFO]   ✓ Decrypt: 2 条
2026-07-28 00:01:08 [INFO]   ✓ CoinTelegraph: 1 条
2026-07-28 00:01:08 [INFO]   ✓ Bitcoin Magazine: 0 条
2026-07-28 00:01:08 [INFO]   ✓ Blockworks: 0 条
2026-07-28 00:01:08 [INFO]   ✓ DL News: 0 条
2026-07-28 00:01:08 [INFO]   ✓ 金色财经: 8 条
2026-07-28 00:01:08 [INFO]   ✓ PANews: 0 条
2026-07-28 00:01:08 [INFO]   ✓ 律动BlockBeats: 4 条
2026-07-28 00:01:08 [INFO]   ✓ 吴说区块链: 0 条
2026-07-28 00:01:08 [INFO]   ✓ Bloomberg Crypto: 0 条
2026-07-28 00:01:08 [INFO]   ✓ Reuters Crypto: 0 条
2026-07-28 00:01:08 [INFO]   ✓ CNBC Crypto: 0 条
2026-07-28 00:01:08 [INFO]   ✓ Reddit r/cryptocurrency: 0 条
2026-07-28 00:01:08 [INFO]   ✓ Reddit r/bitcoin: 1 条
2026-07-28 00:01:08 [INFO]   ✓ Crypto Twitter: 1 条
2026-07-28 00:01:08 [INFO]   ✓ 宏观经济: 0 条
2026-07-28 00:01:08 [INFO]   ✓ Binance公告: 20 条
2026-07-28 00:01:08 [INFO]   ✓ OKX公告: 0 条
2026-07-28 00:01:08 [INFO]   ✓ Bitget公告: 0 条
2026-07-28 00:01:08 [INFO]   ✓ Whale Alert: 0 条
2026-07-28 00:01:08 [INFO]   ✓ Fear & Greed Index: 1 条
2026-07-28 00:01:08 [INFO]   ✓ DeFi Llama: 0 条
2026-07-28 00:01:08 [INFO]   ✓ 雪球加密: 1 条
2026-07-28 00:01:08 [INFO] 📊 共抓取 41 条新闻
2026-07-28 00:01:08 [INFO] 📋 原始新闻已保存: reports/2026-07-28-08-raw.json (41 条)
2026-07-28 00:01:08 [INFO] 📋 标题摘要已保存: reports/2026-07-28-08-raw-titles.md
2026-07-28 00:01:08 [INFO] ✅ 抓取完成，共 41 条，已保存到 reports/2026-07-28-08-raw.json
2026-07-28 00:01:09 [INFO] 🤖 开始 AI 筛选 2026-07-28 08:00 币圈消息
2026-07-28 00:01:09 [INFO] 📋 已加载原始新闻: reports/2026-07-28-08-raw.json (41 条)
2026-07-28 00:01:09 [INFO] 📚 已加载历史新闻标题（21251 字符）
2026-07-28 00:01:09 [INFO] 📚 已加载历史筛选标题 0 条、URL 0 个，用于去重
2026-07-28 00:01:09 [INFO] 🔄 尝试 AI 提供商: deepseek
2026-07-28 00:01:09 [INFO] 🤖 使用 AI 提供商: deepseek (模型: deepseek-v4-flash)
2026-07-28 00:01:09 [INFO] 🤖 AI 筛选 [[deepseek] 1/6 策略=仅标题+链接 retry=0]（41 条，6955 字符，temp=0.3）
2026-07-28 00:01:10 [ERROR] AI 调用异常 ([deepseek] 1/6 策略=仅标题+链接 retry=0): Error code: 401 - {'error': {'message': 'Authentication Fails, Your api key: ****df0d is invalid', 'type': 'authentication_error', 'param': None, 'code': 'invalid_request_error'}}
2026-07-28 00:01:10 [WARNING] [[deepseek] 1/6 策略=仅标题+链接 retry=0] AI 调用失败或解析失败，继续下一次尝试
2026-07-28 00:01:10 [INFO] 🤖 AI 筛选 [[deepseek] 2/6 策略=仅标题+链接 retry=1]（41 条，6955 字符，temp=0.3）
2026-07-28 00:01:10 [ERROR] AI 调用异常 ([deepseek] 2/6 策略=仅标题+链接 retry=1): Error code: 401 - {'error': {'message': 'Authentication Fails, Your api key: ****df0d is invalid', 'type': 'authentication_error', 'param': None, 'code': 'invalid_request_error'}}
2026-07-28 00:01:10 [WARNING] [[deepseek] 2/6 策略=仅标题+链接 retry=1] AI 调用失败或解析失败，继续下一次尝试
2026-07-28 00:01:10 [INFO] 🤖 AI 筛选 [[deepseek] 3/6 策略=仅标题+链接 retry=2]（41 条，6955 字符，temp=0.3）
2026-07-28 00:01:11 [ERROR] AI 调用异常 ([deepseek] 3/6 策略=仅标题+链接 retry=2): Error code: 401 - {'error': {'message': 'Authentication Fails, Your api key: ****df0d is invalid', 'type': 'authentication_error', 'param': None, 'code': 'invalid_request_error'}}
2026-07-28 00:01:11 [WARNING] [[deepseek] 3/6 策略=仅标题+链接 retry=2] AI 调用失败或解析失败，继续下一次尝试
2026-07-28 00:01:11 [INFO] 🤖 AI 筛选 [[deepseek] 4/6 策略=完整内容 retry=0]（41 条，11838 字符，temp=0.3）
2026-07-28 00:01:11 [ERROR] AI 调用异常 ([deepseek] 4/6 策略=完整内容 retry=0): Error code: 401 - {'error': {'message': 'Authentication Fails, Your api key: ****df0d is invalid', 'type': 'authentication_error', 'param': None, 'code': 'invalid_request_error'}}
2026-07-28 00:01:11 [WARNING] [[deepseek] 4/6 策略=完整内容 retry=0] AI 调用失败或解析失败，继续下一次尝试
2026-07-28 00:01:11 [INFO] 🤖 AI 筛选 [[deepseek] 5/6 策略=完整内容 retry=1]（41 条，11838 字符，temp=0.3）
2026-07-28 00:01:12 [ERROR] AI 调用异常 ([deepseek] 5/6 策略=完整内容 retry=1): Error code: 401 - {'error': {'message': 'Authentication Fails, Your api key: ****df0d is invalid', 'type': 'authentication_error', 'param': None, 'code': 'invalid_request_error'}}
2026-07-28 00:01:12 [WARNING] [[deepseek] 5/6 策略=完整内容 retry=1] AI 调用失败或解析失败，继续下一次尝试
2026-07-28 00:01:12 [INFO] 🤖 AI 筛选 [[deepseek] 6/6 策略=仅标题（无历史） retry=0]（41 条，6955 字符，temp=0.3）
2026-07-28 00:01:12 [ERROR] AI 调用异常 ([deepseek] 6/6 策略=仅标题（无历史） retry=0): Error code: 401 - {'error': {'message': 'Authentication Fails, Your api key: ****df0d is invalid', 'type': 'authentication_error', 'param': None, 'code': 'invalid_request_error'}}
2026-07-28 00:01:12 [WARNING] [[deepseek] 6/6 策略=仅标题（无历史） retry=0] AI 调用失败或解析失败，继续下一次尝试
2026-07-28 00:01:12 [WARNING] [deepseek] 已达最大尝试次数 6，停止
2026-07-28 00:01:12 [INFO] ⚠️ deepseek 未能产出满意结果，尝试下一个提供商
2026-07-28 00:01:12 [INFO] 🔄 尝试 AI 提供商: zhipu
2026-07-28 00:01:12 [ERROR] 未设置环境变量 ZHIPU_API_KEY，无法使用 zhipu
2026-07-28 00:01:12 [INFO] ⚠️ zhipu 未能产出满意结果，尝试下一个提供商
2026-07-28 00:01:12 [INFO] 🔄 尝试 AI 提供商: kimi
2026-07-28 00:01:12 [ERROR] 未设置环境变量 KIMI_API_KEY，无法使用 kimi
2026-07-28 00:01:12 [INFO] ⚠️ kimi 未能产出满意结果，尝试下一个提供商
2026-07-28 00:01:12 [INFO] 🔄 尝试 AI 提供商: huoshan
2026-07-28 00:01:12 [ERROR] 未设置环境变量 HUOSHAN_API_KEY，无法使用 huoshan
2026-07-28 00:01:12 [INFO] ⚠️ huoshan 未能产出满意结果，尝试下一个提供商
2026-07-28 00:01:12 [ERROR] ❌ 所有提供商均失败，返回空列表
2026-07-28 00:01:12 [INFO] 📦 JSON 已保存: reports/2026-07-28-08.json
2026-07-28 00:01:12 [INFO] ✅ AI 筛选完成，共 0 条交易相关消息
2026-07-28 01:00:50 [INFO] 🚀 开始抓取 2026-07-28 09:00 币圈新闻
2026-07-28 01:00:50 [INFO] 📡 抓取 RSS 新闻源...
2026-07-28 01:00:50 [INFO] 📡 抓取交易所公告 & 链上数据...
2026-07-28 01:00:51 [INFO]   ⏭ Decrypt: 过滤掉 34 条非近期新闻
2026-07-28 01:00:51 [INFO]   ⏭ The Block: 过滤掉 19 条非近期新闻
2026-07-28 01:00:51 [INFO]   ⏭ CoinTelegraph: 过滤掉 30 条非近期新闻
2026-07-28 01:00:51 [INFO]   ⏭ Bitcoin Magazine: 过滤掉 10 条非近期新闻
2026-07-28 01:00:51 [WARNING] 解析失败 Bitget公告: 'NoneType' object is not subscriptable
2026-07-28 01:00:51 [INFO]   ⏭ Reuters Crypto: 过滤掉 50 条非近期新闻
2026-07-28 01:00:51 [INFO]   ⏭ Bloomberg Crypto: 过滤掉 50 条非近期新闻
2026-07-28 01:00:51 [INFO]   ⏭ CoinDesk: 过滤掉 23 条非近期新闻
2026-07-28 01:00:51 [INFO]   ⏭ 宏观经济: 过滤掉 50 条非近期新闻
2026-07-28 01:00:51 [INFO]   ⏭ CNBC Crypto: 过滤掉 49 条非近期新闻
2026-07-28 01:00:51 [INFO]   ⏭ Blockworks: 过滤掉 50 条非近期新闻
2026-07-28 01:00:51 [INFO]   ⏭ DL News: 过滤掉 50 条非近期新闻
2026-07-28 01:00:51 [INFO]   ⏭ Reddit r/cryptocurrency: 过滤掉 23 条非近期新闻
2026-07-28 01:00:51 [INFO]   ⏭ Decrypt: 过滤掉 50 条非近期新闻
2026-07-28 01:00:51 [INFO]   ⏭ 宏观经济: 过滤掉 50 条非近期新闻
2026-07-28 01:00:51 [INFO]   ⏭ Blockworks: 过滤掉 4 条非近期新闻
2026-07-28 01:00:52 [INFO]   ⏭ Bitcoin Magazine: 过滤掉 50 条非近期新闻
2026-07-28 01:00:52 [INFO]   ⏭ The Block: 过滤掉 50 条非近期新闻
2026-07-28 01:00:52 [INFO]   ⏭ DeFi Llama: 过滤掉 50 条非近期新闻
2026-07-28 01:00:52 [INFO]   ⏭ 吴说区块链: 过滤掉 50 条非近期新闻
2026-07-28 01:00:52 [INFO]   ⏭ 雪球加密: 过滤掉 48 条非近期新闻
2026-07-28 01:00:52 [INFO]   ⏭ Crypto Twitter: 过滤掉 49 条非近期新闻
2026-07-28 01:00:52 [INFO]   ⏭ 律动BlockBeats: 过滤掉 50 条非近期新闻
2026-07-28 01:00:52 [INFO]   ⏭ PANews: 过滤掉 50 条非近期新闻
2026-07-28 01:00:55 [INFO]   ⏭ CoinTelegraph: 过滤掉 26 条非近期新闻
2026-07-28 01:00:56 [INFO]   ⏭ CoinTelegraph: 过滤掉 50 条非近期新闻
2026-07-28 01:00:58 [INFO]   ✓ CoinDesk: 2 条
2026-07-28 01:00:58 [INFO]   ✓ The Block: 0 条
2026-07-28 01:00:58 [INFO]   ✓ Decrypt: 0 条
2026-07-28 01:00:58 [INFO]   ✓ CoinTelegraph: 0 条
2026-07-28 01:00:58 [INFO]   ✓ Bitcoin Magazine: 0 条
2026-07-28 01:00:58 [INFO]   ✓ Blockworks: 0 条
2026-07-28 01:00:58 [INFO]   ✓ DL News: 0 条
2026-07-28 01:00:58 [INFO]   ✓ 金色财经: 1 条
2026-07-28 01:00:58 [INFO]   ✓ PANews: 0 条
2026-07-28 01:00:58 [INFO]   ✓ 律动BlockBeats: 0 条
2026-07-28 01:00:58 [INFO]   ✓ 吴说区块链: 0 条
2026-07-28 01:00:58 [INFO]   ✓ Bloomberg Crypto: 0 条
2026-07-28 01:00:58 [INFO]   ✓ Reuters Crypto: 0 条
2026-07-28 01:00:58 [INFO]   ✓ CNBC Crypto: 1 条
2026-07-28 01:00:58 [INFO]   ✓ Reddit r/cryptocurrency: 2 条
2026-07-28 01:00:58 [INFO]   ✓ Reddit r/bitcoin: 0 条
2026-07-28 01:00:58 [INFO]   ✓ Crypto Twitter: 1 条
2026-07-28 01:00:58 [INFO]   ✓ 宏观经济: 0 条
2026-07-28 01:00:58 [INFO]   ✓ Binance公告: 20 条
2026-07-28 01:00:58 [INFO]   ✓ OKX公告: 0 条
2026-07-28 01:00:58 [INFO]   ✓ Bitget公告: 0 条
2026-07-28 01:00:58 [INFO]   ✓ Whale Alert: 0 条
2026-07-28 01:00:58 [INFO]   ✓ Fear & Greed Index: 1 条
2026-07-28 01:00:58 [INFO]   ✓ DeFi Llama: 0 条
2026-07-28 01:00:58 [INFO]   ✓ 雪球加密: 2 条
2026-07-28 01:00:58 [INFO] 📊 共抓取 30 条新闻
2026-07-28 01:00:58 [INFO] 📋 原始新闻已保存: reports/2026-07-28-09-raw.json (30 条)
2026-07-28 01:00:58 [INFO] 📋 标题摘要已保存: reports/2026-07-28-09-raw-titles.md
2026-07-28 01:00:58 [INFO] ✅ 抓取完成，共 30 条，已保存到 reports/2026-07-28-09-raw.json
2026-07-28 01:00:59 [INFO] 🤖 开始 AI 筛选 2026-07-28 09:00 币圈消息
2026-07-28 01:00:59 [INFO] 📋 已加载原始新闻: reports/2026-07-28-09-raw.json (30 条)
2026-07-28 01:00:59 [INFO] 📚 已加载历史新闻标题（19955 字符）
2026-07-28 01:00:59 [INFO] 📚 已加载历史筛选标题 0 条、URL 0 个，用于去重
2026-07-28 01:00:59 [INFO] 🔄 尝试 AI 提供商: deepseek
2026-07-28 01:00:59 [INFO] 🤖 使用 AI 提供商: deepseek (模型: deepseek-v4-flash)
2026-07-28 01:00:59 [INFO] 🤖 AI 筛选 [[deepseek] 1/6 策略=仅标题+链接 retry=0]（30 条，6169 字符，temp=0.3）
2026-07-28 01:01:00 [ERROR] AI 调用异常 ([deepseek] 1/6 策略=仅标题+链接 retry=0): Error code: 401 - {'error': {'message': 'Authentication Fails, Your api key: ****df0d is invalid', 'type': 'authentication_error', 'param': None, 'code': 'invalid_request_error'}}
2026-07-28 01:01:00 [WARNING] [[deepseek] 1/6 策略=仅标题+链接 retry=0] AI 调用失败或解析失败，继续下一次尝试
2026-07-28 01:01:00 [INFO] 🤖 AI 筛选 [[deepseek] 2/6 策略=仅标题+链接 retry=1]（30 条，6169 字符，temp=0.3）
2026-07-28 01:01:00 [ERROR] AI 调用异常 ([deepseek] 2/6 策略=仅标题+链接 retry=1): Error code: 401 - {'error': {'message': 'Authentication Fails, Your api key: ****df0d is invalid', 'type': 'authentication_error', 'param': None, 'code': 'invalid_request_error'}}
2026-07-28 01:01:00 [WARNING] [[deepseek] 2/6 策略=仅标题+链接 retry=1] AI 调用失败或解析失败，继续下一次尝试
2026-07-28 01:01:00 [INFO] 🤖 AI 筛选 [[deepseek] 3/6 策略=仅标题+链接 retry=2]（30 条，6169 字符，temp=0.3）
2026-07-28 01:01:01 [ERROR] AI 调用异常 ([deepseek] 3/6 策略=仅标题+链接 retry=2): Error code: 401 - {'error': {'message': 'Authentication Fails, Your api key: ****df0d is invalid', 'type': 'authentication_error', 'param': None, 'code': 'invalid_request_error'}}
2026-07-28 01:01:01 [WARNING] [[deepseek] 3/6 策略=仅标题+链接 retry=2] AI 调用失败或解析失败，继续下一次尝试
2026-07-28 01:01:01 [INFO] 🤖 AI 筛选 [[deepseek] 4/6 策略=完整内容 retry=0]（30 条，8689 字符，temp=0.3）
2026-07-28 01:01:01 [ERROR] AI 调用异常 ([deepseek] 4/6 策略=完整内容 retry=0): Error code: 401 - {'error': {'message': 'Authentication Fails, Your api key: ****df0d is invalid', 'type': 'authentication_error', 'param': None, 'code': 'invalid_request_error'}}
2026-07-28 01:01:01 [WARNING] [[deepseek] 4/6 策略=完整内容 retry=0] AI 调用失败或解析失败，继续下一次尝试
2026-07-28 01:01:01 [INFO] 🤖 AI 筛选 [[deepseek] 5/6 策略=完整内容 retry=1]（30 条，8689 字符，temp=0.3）
2026-07-28 01:01:02 [ERROR] AI 调用异常 ([deepseek] 5/6 策略=完整内容 retry=1): Error code: 401 - {'error': {'message': 'Authentication Fails, Your api key: ****df0d is invalid', 'type': 'authentication_error', 'param': None, 'code': 'invalid_request_error'}}
2026-07-28 01:01:02 [WARNING] [[deepseek] 5/6 策略=完整内容 retry=1] AI 调用失败或解析失败，继续下一次尝试
2026-07-28 01:01:02 [INFO] 🤖 AI 筛选 [[deepseek] 6/6 策略=仅标题（无历史） retry=0]（30 条，6169 字符，temp=0.3）
2026-07-28 01:01:02 [ERROR] AI 调用异常 ([deepseek] 6/6 策略=仅标题（无历史） retry=0): Error code: 401 - {'error': {'message': 'Authentication Fails, Your api key: ****df0d is invalid', 'type': 'authentication_error', 'param': None, 'code': 'invalid_request_error'}}
2026-07-28 01:01:02 [WARNING] [[deepseek] 6/6 策略=仅标题（无历史） retry=0] AI 调用失败或解析失败，继续下一次尝试
2026-07-28 01:01:02 [WARNING] [deepseek] 已达最大尝试次数 6，停止
2026-07-28 01:01:02 [INFO] ⚠️ deepseek 未能产出满意结果，尝试下一个提供商
2026-07-28 01:01:02 [INFO] 🔄 尝试 AI 提供商: zhipu
2026-07-28 01:01:02 [ERROR] 未设置环境变量 ZHIPU_API_KEY，无法使用 zhipu
2026-07-28 01:01:02 [INFO] ⚠️ zhipu 未能产出满意结果，尝试下一个提供商
2026-07-28 01:01:02 [INFO] 🔄 尝试 AI 提供商: kimi
2026-07-28 01:01:02 [ERROR] 未设置环境变量 KIMI_API_KEY，无法使用 kimi
2026-07-28 01:01:02 [INFO] ⚠️ kimi 未能产出满意结果，尝试下一个提供商
2026-07-28 01:01:02 [INFO] 🔄 尝试 AI 提供商: huoshan
2026-07-28 01:01:02 [ERROR] 未设置环境变量 HUOSHAN_API_KEY，无法使用 huoshan
2026-07-28 01:01:02 [INFO] ⚠️ huoshan 未能产出满意结果，尝试下一个提供商
2026-07-28 01:01:02 [ERROR] ❌ 所有提供商均失败，返回空列表
2026-07-28 01:01:02 [INFO] 📦 JSON 已保存: reports/2026-07-28-09.json
2026-07-28 01:01:02 [INFO] ✅ AI 筛选完成，共 0 条交易相关消息
2026-07-28 02:00:54 [INFO] 🚀 开始抓取 2026-07-28 10:00 币圈新闻
2026-07-28 02:00:54 [INFO] 📡 抓取 RSS 新闻源...
2026-07-28 02:00:54 [INFO] 📡 抓取交易所公告 & 链上数据...
2026-07-28 02:00:54 [INFO]   ⏭ CoinTelegraph: 过滤掉 29 条非近期新闻
2026-07-28 02:00:54 [INFO]   ⏭ The Block: 过滤掉 18 条非近期新闻
2026-07-28 02:00:54 [INFO]   ⏭ Decrypt: 过滤掉 34 条非近期新闻
2026-07-28 02:00:55 [WARNING] 解析失败 Bitget公告: 'NoneType' object is not subscriptable
2026-07-28 02:00:55 [INFO]   ⏭ Bloomberg Crypto: 过滤掉 49 条非近期新闻
2026-07-28 02:00:55 [INFO]   ⏭ 宏观经济: 过滤掉 49 条非近期新闻
2026-07-28 02:00:55 [INFO]   ⏭ Reuters Crypto: 过滤掉 50 条非近期新闻
2026-07-28 02:00:55 [INFO]   ⏭ CNBC Crypto: 过滤掉 49 条非近期新闻
2026-07-28 02:00:55 [INFO]   ⏭ CoinDesk: 过滤掉 25 条非近期新闻
2026-07-28 02:00:55 [INFO]   ⏭ Bitcoin Magazine: 过滤掉 10 条非近期新闻
2026-07-28 02:00:55 [INFO]   ⏭ Blockworks: 过滤掉 50 条非近期新闻
2026-07-28 02:00:55 [INFO]   ⏭ Reddit r/bitcoin: 过滤掉 23 条非近期新闻
2026-07-28 02:00:55 [INFO]   ⏭ Blockworks: 过滤掉 4 条非近期新闻
2026-07-28 02:00:56 [INFO]   ⏭ DL News: 过滤掉 50 条非近期新闻
2026-07-28 02:00:56 [INFO]   ⏭ Decrypt: 过滤掉 50 条非近期新闻
2026-07-28 02:00:56 [INFO]   ⏭ Bitcoin Magazine: 过滤掉 50 条非近期新闻
2026-07-28 02:00:56 [INFO]   ⏭ 吴说区块链: 过滤掉 47 条非近期新闻
2026-07-28 02:00:56 [INFO]   ⏭ DeFi Llama: 过滤掉 50 条非近期新闻
2026-07-28 02:00:56 [INFO]   ⏭ 雪球加密: 过滤掉 48 条非近期新闻
2026-07-28 02:00:56 [INFO]   ⏭ CoinDesk: 过滤掉 50 条非近期新闻
2026-07-28 02:00:56 [INFO]   ⏭ Crypto Twitter: 过滤掉 49 条非近期新闻
2026-07-28 02:01:10 [DEBUG] 请求失败 https://rsshub.rssforever.com/theblockbeats/newsflash: 
2026-07-28 02:01:10 [DEBUG] 请求失败 https://rsshub.rssforever.com/panewslab/news: 
2026-07-28 02:01:10 [DEBUG] 请求失败 https://rsshub.rssforever.com/jinse/lives: 
2026-07-28 02:01:11 [INFO]   ⏭ 律动BlockBeats: 过滤掉 50 条非近期新闻
2026-07-28 02:01:11 [INFO]   ⏭ PANews: 过滤掉 50 条非近期新闻
2026-07-28 02:01:11 [INFO]   ✓ CoinDesk: 0 条
2026-07-28 02:01:11 [INFO]   ✓ The Block: 1 条
2026-07-28 02:01:11 [INFO]   ✓ Decrypt: 0 条
2026-07-28 02:01:11 [INFO]   ✓ CoinTelegraph: 1 条
2026-07-28 02:01:11 [INFO]   ✓ Bitcoin Magazine: 0 条
2026-07-28 02:01:11 [INFO]   ✓ Blockworks: 0 条
2026-07-28 02:01:11 [INFO]   ✓ DL News: 0 条
2026-07-28 02:01:11 [INFO]   ✓ 金色财经: 0 条
2026-07-28 02:01:11 [INFO]   ✓ PANews: 0 条
2026-07-28 02:01:11 [INFO]   ✓ 律动BlockBeats: 0 条
2026-07-28 02:01:11 [INFO]   ✓ 吴说区块链: 1 条
2026-07-28 02:01:11 [INFO]   ✓ Bloomberg Crypto: 1 条
2026-07-28 02:01:11 [INFO]   ✓ Reuters Crypto: 0 条
2026-07-28 02:01:11 [INFO]   ✓ CNBC Crypto: 1 条
2026-07-28 02:01:11 [INFO]   ✓ Reddit r/cryptocurrency: 0 条
2026-07-28 02:01:11 [INFO]   ✓ Reddit r/bitcoin: 2 条
2026-07-28 02:01:11 [INFO]   ✓ Crypto Twitter: 1 条
2026-07-28 02:01:11 [INFO]   ✓ 宏观经济: 1 条
2026-07-28 02:01:11 [INFO]   ✓ Binance公告: 20 条
2026-07-28 02:01:11 [INFO]   ✓ OKX公告: 0 条
2026-07-28 02:01:11 [INFO]   ✓ Bitget公告: 0 条
2026-07-28 02:01:11 [INFO]   ✓ Whale Alert: 0 条
2026-07-28 02:01:11 [INFO]   ✓ Fear & Greed Index: 1 条
2026-07-28 02:01:11 [INFO]   ✓ DeFi Llama: 0 条
2026-07-28 02:01:11 [INFO]   ✓ 雪球加密: 2 条
2026-07-28 02:01:11 [INFO] 📊 共抓取 32 条新闻
2026-07-28 02:01:11 [INFO] 📋 原始新闻已保存: reports/2026-07-28-10-raw.json (32 条)
2026-07-28 02:01:11 [INFO] 📋 标题摘要已保存: reports/2026-07-28-10-raw-titles.md
2026-07-28 02:01:11 [INFO] ✅ 抓取完成，共 32 条，已保存到 reports/2026-07-28-10-raw.json
2026-07-28 02:01:11 [INFO] 🤖 开始 AI 筛选 2026-07-28 10:00 币圈消息
2026-07-28 02:01:11 [INFO] 📋 已加载原始新闻: reports/2026-07-28-10-raw.json (32 条)
2026-07-28 02:01:11 [INFO] 📚 已加载历史新闻标题（18569 字符）
2026-07-28 02:01:11 [INFO] 📚 已加载历史筛选标题 0 条、URL 0 个，用于去重
2026-07-28 02:01:11 [INFO] 🔄 尝试 AI 提供商: deepseek
2026-07-28 02:01:12 [INFO] 🤖 使用 AI 提供商: deepseek (模型: deepseek-v4-flash)
2026-07-28 02:01:12 [INFO] 🤖 AI 筛选 [[deepseek] 1/6 策略=仅标题+链接 retry=0]（32 条，6970 字符，temp=0.3）
2026-07-28 02:01:12 [ERROR] AI 调用异常 ([deepseek] 1/6 策略=仅标题+链接 retry=0): Error code: 401 - {'error': {'message': 'Authentication Fails, Your api key: ****df0d is invalid', 'type': 'authentication_error', 'param': None, 'code': 'invalid_request_error'}}
2026-07-28 02:01:12 [WARNING] [[deepseek] 1/6 策略=仅标题+链接 retry=0] AI 调用失败或解析失败，继续下一次尝试
2026-07-28 02:01:12 [INFO] 🤖 AI 筛选 [[deepseek] 2/6 策略=仅标题+链接 retry=1]（32 条，6970 字符，temp=0.3）
2026-07-28 02:01:13 [ERROR] AI 调用异常 ([deepseek] 2/6 策略=仅标题+链接 retry=1): Error code: 401 - {'error': {'message': 'Authentication Fails, Your api key: ****df0d is invalid', 'type': 'authentication_error', 'param': None, 'code': 'invalid_request_error'}}
2026-07-28 02:01:13 [WARNING] [[deepseek] 2/6 策略=仅标题+链接 retry=1] AI 调用失败或解析失败，继续下一次尝试
2026-07-28 02:01:13 [INFO] 🤖 AI 筛选 [[deepseek] 3/6 策略=仅标题+链接 retry=2]（32 条，6970 字符，temp=0.3）
2026-07-28 02:01:13 [ERROR] AI 调用异常 ([deepseek] 3/6 策略=仅标题+链接 retry=2): Error code: 401 - {'error': {'message': 'Authentication Fails, Your api key: ****df0d is invalid', 'type': 'authentication_error', 'param': None, 'code': 'invalid_request_error'}}
2026-07-28 02:01:13 [WARNING] [[deepseek] 3/6 策略=仅标题+链接 retry=2] AI 调用失败或解析失败，继续下一次尝试
2026-07-28 02:01:13 [INFO] 🤖 AI 筛选 [[deepseek] 4/6 策略=完整内容 retry=0]（32 条，10006 字符，temp=0.3）
2026-07-28 02:01:14 [ERROR] AI 调用异常 ([deepseek] 4/6 策略=完整内容 retry=0): Error code: 401 - {'error': {'message': 'Authentication Fails, Your api key: ****df0d is invalid', 'type': 'authentication_error', 'param': None, 'code': 'invalid_request_error'}}
2026-07-28 02:01:14 [WARNING] [[deepseek] 4/6 策略=完整内容 retry=0] AI 调用失败或解析失败，继续下一次尝试
2026-07-28 02:01:14 [INFO] 🤖 AI 筛选 [[deepseek] 5/6 策略=完整内容 retry=1]（32 条，10006 字符，temp=0.3）
2026-07-28 02:01:14 [ERROR] AI 调用异常 ([deepseek] 5/6 策略=完整内容 retry=1): Error code: 401 - {'error': {'message': 'Authentication Fails, Your api key: ****df0d is invalid', 'type': 'authentication_error', 'param': None, 'code': 'invalid_request_error'}}
2026-07-28 02:01:14 [WARNING] [[deepseek] 5/6 策略=完整内容 retry=1] AI 调用失败或解析失败，继续下一次尝试
2026-07-28 02:01:14 [INFO] 🤖 AI 筛选 [[deepseek] 6/6 策略=仅标题（无历史） retry=0]（32 条，6970 字符，temp=0.3）
2026-07-28 02:01:14 [ERROR] AI 调用异常 ([deepseek] 6/6 策略=仅标题（无历史） retry=0): Error code: 401 - {'error': {'message': 'Authentication Fails, Your api key: ****df0d is invalid', 'type': 'authentication_error', 'param': None, 'code': 'invalid_request_error'}}
2026-07-28 02:01:14 [WARNING] [[deepseek] 6/6 策略=仅标题（无历史） retry=0] AI 调用失败或解析失败，继续下一次尝试
2026-07-28 02:01:14 [WARNING] [deepseek] 已达最大尝试次数 6，停止
2026-07-28 02:01:14 [INFO] ⚠️ deepseek 未能产出满意结果，尝试下一个提供商
2026-07-28 02:01:14 [INFO] 🔄 尝试 AI 提供商: zhipu
2026-07-28 02:01:14 [ERROR] 未设置环境变量 ZHIPU_API_KEY，无法使用 zhipu
2026-07-28 02:01:14 [INFO] ⚠️ zhipu 未能产出满意结果，尝试下一个提供商
2026-07-28 02:01:14 [INFO] 🔄 尝试 AI 提供商: kimi
2026-07-28 02:01:14 [ERROR] 未设置环境变量 KIMI_API_KEY，无法使用 kimi
2026-07-28 02:01:14 [INFO] ⚠️ kimi 未能产出满意结果，尝试下一个提供商
2026-07-28 02:01:14 [INFO] 🔄 尝试 AI 提供商: huoshan
2026-07-28 02:01:14 [ERROR] 未设置环境变量 HUOSHAN_API_KEY，无法使用 huoshan
2026-07-28 02:01:14 [INFO] ⚠️ huoshan 未能产出满意结果，尝试下一个提供商
2026-07-28 02:01:14 [ERROR] ❌ 所有提供商均失败，返回空列表
2026-07-28 02:01:14 [INFO] 📦 JSON 已保存: reports/2026-07-28-10.json
2026-07-28 02:01:14 [INFO] ✅ AI 筛选完成，共 0 条交易相关消息
2026-07-28 03:00:54 [INFO] 🚀 开始抓取 2026-07-28 11:00 币圈新闻
2026-07-28 03:00:54 [INFO] 📡 抓取 RSS 新闻源...
2026-07-28 03:00:54 [INFO] 📡 抓取交易所公告 & 链上数据...
2026-07-28 03:00:54 [INFO]   ⏭ Decrypt: 过滤掉 34 条非近期新闻
2026-07-28 03:00:54 [INFO]   ⏭ CoinTelegraph: 过滤掉 28 条非近期新闻
2026-07-28 03:00:54 [INFO]   ⏭ The Block: 过滤掉 18 条非近期新闻
2026-07-28 03:00:54 [INFO]   ⏭ Bitcoin Magazine: 过滤掉 10 条非近期新闻
2026-07-28 03:00:54 [INFO]   ⏭ CoinDesk: 过滤掉 25 条非近期新闻
2026-07-28 03:00:54 [INFO]   ⏭ Reuters Crypto: 过滤掉 50 条非近期新闻
2026-07-28 03:00:55 [INFO]   ⏭ Blockworks: 过滤掉 50 条非近期新闻
2026-07-28 03:00:55 [INFO]   ⏭ Bloomberg Crypto: 过滤掉 49 条非近期新闻
2026-07-28 03:00:55 [WARNING] 解析失败 Bitget公告: 'NoneType' object is not subscriptable
2026-07-28 03:00:55 [INFO]   ⏭ 宏观经济: 过滤掉 49 条非近期新闻
2026-07-28 03:00:55 [INFO]   ⏭ Reddit r/bitcoin: 过滤掉 22 条非近期新闻
2026-07-28 03:00:55 [INFO]   ⏭ CNBC Crypto: 过滤掉 49 条非近期新闻
2026-07-28 03:00:55 [INFO]   ⏭ DL News: 过滤掉 50 条非近期新闻
2026-07-28 03:00:55 [INFO]   ⏭ Decrypt: 过滤掉 50 条非近期新闻
2026-07-28 03:00:55 [INFO]   ⏭ Bitcoin Magazine: 过滤掉 50 条非近期新闻
2026-07-28 03:00:55 [INFO]   ⏭ 吴说区块链: 过滤掉 48 条非近期新闻
2026-07-28 03:00:55 [INFO]   ⏭ Blockworks: 过滤掉 4 条非近期新闻
2026-07-28 03:00:55 [INFO]   ⏭ 雪球加密: 过滤掉 50 条非近期新闻
2026-07-28 03:00:55 [INFO]   ⏭ DeFi Llama: 过滤掉 50 条非近期新闻
2026-07-28 03:00:55 [INFO]   ⏭ CoinDesk: 过滤掉 50 条非近期新闻
2026-07-28 03:00:56 [INFO]   ⏭ Crypto Twitter: 过滤掉 47 条非近期新闻
2026-07-28 03:01:05 [INFO]   ⏭ 律动BlockBeats: 过滤掉 50 条非近期新闻
2026-07-28 03:01:05 [INFO]   ⏭ PANews: 过滤掉 50 条非近期新闻
2026-07-28 03:01:09 [DEBUG] 请求失败 https://rsshub.rssforever.com/jinse/lives: 
2026-07-28 03:01:10 [INFO]   ✓ CoinDesk: 0 条
2026-07-28 03:01:10 [INFO]   ✓ The Block: 1 条
2026-07-28 03:01:10 [INFO]   ✓ Decrypt: 0 条
2026-07-28 03:01:10 [INFO]   ✓ CoinTelegraph: 2 条
2026-07-28 03:01:10 [INFO]   ✓ Bitcoin Magazine: 0 条
2026-07-28 03:01:10 [INFO]   ✓ Blockworks: 0 条
2026-07-28 03:01:10 [INFO]   ✓ DL News: 0 条
2026-07-28 03:01:10 [INFO]   ✓ 金色财经: 0 条
2026-07-28 03:01:10 [INFO]   ✓ PANews: 0 条
2026-07-28 03:01:10 [INFO]   ✓ 律动BlockBeats: 0 条
2026-07-28 03:01:10 [INFO]   ✓ 吴说区块链: 1 条
2026-07-28 03:01:10 [INFO]   ✓ Bloomberg Crypto: 1 条
2026-07-28 03:01:10 [INFO]   ✓ Reuters Crypto: 0 条
2026-07-28 03:01:10 [INFO]   ✓ CNBC Crypto: 1 条
2026-07-28 03:01:10 [INFO]   ✓ Reddit r/cryptocurrency: 0 条
2026-07-28 03:01:10 [INFO]   ✓ Reddit r/bitcoin: 3 条
2026-07-28 03:01:10 [INFO]   ✓ Crypto Twitter: 3 条
2026-07-28 03:01:10 [INFO]   ✓ 宏观经济: 1 条
2026-07-28 03:01:10 [INFO]   ✓ Binance公告: 20 条
2026-07-28 03:01:10 [INFO]   ✓ OKX公告: 0 条
2026-07-28 03:01:10 [INFO]   ✓ Bitget公告: 0 条
2026-07-28 03:01:10 [INFO]   ✓ Whale Alert: 0 条
2026-07-28 03:01:10 [INFO]   ✓ Fear & Greed Index: 1 条
2026-07-28 03:01:10 [INFO]   ✓ DeFi Llama: 0 条
2026-07-28 03:01:10 [INFO]   ✓ 雪球加密: 0 条
2026-07-28 03:01:10 [INFO] 📊 共抓取 34 条新闻
2026-07-28 03:01:10 [INFO] 📋 原始新闻已保存: reports/2026-07-28-11-raw.json (34 条)
2026-07-28 03:01:10 [INFO] 📋 标题摘要已保存: reports/2026-07-28-11-raw-titles.md
2026-07-28 03:01:10 [INFO] ✅ 抓取完成，共 34 条，已保存到 reports/2026-07-28-11-raw.json
2026-07-28 03:01:10 [INFO] 🤖 开始 AI 筛选 2026-07-28 11:00 币圈消息
2026-07-28 03:01:10 [INFO] 📋 已加载原始新闻: reports/2026-07-28-11-raw.json (34 条)
2026-07-28 03:01:10 [INFO] 📚 已加载历史新闻标题（17365 字符）
2026-07-28 03:01:10 [INFO] 📚 已加载历史筛选标题 0 条、URL 0 个，用于去重
2026-07-28 03:01:10 [INFO] 🔄 尝试 AI 提供商: deepseek
2026-07-28 03:01:11 [INFO] 🤖 使用 AI 提供商: deepseek (模型: deepseek-v4-flash)
2026-07-28 03:01:11 [INFO] 🤖 AI 筛选 [[deepseek] 1/6 策略=仅标题+链接 retry=0]（34 条，7980 字符，temp=0.3）
2026-07-28 03:01:12 [ERROR] AI 调用异常 ([deepseek] 1/6 策略=仅标题+链接 retry=0): Error code: 401 - {'error': {'message': 'Authentication Fails, Your api key: ****df0d is invalid', 'type': 'authentication_error', 'param': None, 'code': 'invalid_request_error'}}
2026-07-28 03:01:12 [WARNING] [[deepseek] 1/6 策略=仅标题+链接 retry=0] AI 调用失败或解析失败，继续下一次尝试
2026-07-28 03:01:12 [INFO] 🤖 AI 筛选 [[deepseek] 2/6 策略=仅标题+链接 retry=1]（34 条，7980 字符，temp=0.3）
2026-07-28 03:01:12 [ERROR] AI 调用异常 ([deepseek] 2/6 策略=仅标题+链接 retry=1): Error code: 401 - {'error': {'message': 'Authentication Fails, Your api key: ****df0d is invalid', 'type': 'authentication_error', 'param': None, 'code': 'invalid_request_error'}}
2026-07-28 03:01:12 [WARNING] [[deepseek] 2/6 策略=仅标题+链接 retry=1] AI 调用失败或解析失败，继续下一次尝试
2026-07-28 03:01:12 [INFO] 🤖 AI 筛选 [[deepseek] 3/6 策略=仅标题+链接 retry=2]（34 条，7980 字符，temp=0.3）
2026-07-28 03:01:12 [ERROR] AI 调用异常 ([deepseek] 3/6 策略=仅标题+链接 retry=2): Error code: 401 - {'error': {'message': 'Authentication Fails, Your api key: ****df0d is invalid', 'type': 'authentication_error', 'param': None, 'code': 'invalid_request_error'}}
2026-07-28 03:01:12 [WARNING] [[deepseek] 3/6 策略=仅标题+链接 retry=2] AI 调用失败或解析失败，继续下一次尝试
2026-07-28 03:01:12 [INFO] 🤖 AI 筛选 [[deepseek] 4/6 策略=完整内容 retry=0]（34 条，11676 字符，temp=0.3）
2026-07-28 03:01:13 [ERROR] AI 调用异常 ([deepseek] 4/6 策略=完整内容 retry=0): Error code: 401 - {'error': {'message': 'Authentication Fails, Your api key: ****df0d is invalid', 'type': 'authentication_error', 'param': None, 'code': 'invalid_request_error'}}
2026-07-28 03:01:13 [WARNING] [[deepseek] 4/6 策略=完整内容 retry=0] AI 调用失败或解析失败，继续下一次尝试
2026-07-28 03:01:13 [INFO] 🤖 AI 筛选 [[deepseek] 5/6 策略=完整内容 retry=1]（34 条，11676 字符，temp=0.3）
2026-07-28 03:01:13 [ERROR] AI 调用异常 ([deepseek] 5/6 策略=完整内容 retry=1): Error code: 401 - {'error': {'message': 'Authentication Fails, Your api key: ****df0d is invalid', 'type': 'authentication_error', 'param': None, 'code': 'invalid_request_error'}}
2026-07-28 03:01:13 [WARNING] [[deepseek] 5/6 策略=完整内容 retry=1] AI 调用失败或解析失败，继续下一次尝试
2026-07-28 03:01:13 [INFO] 🤖 AI 筛选 [[deepseek] 6/6 策略=仅标题（无历史） retry=0]（34 条，7980 字符，temp=0.3）
2026-07-28 03:01:14 [ERROR] AI 调用异常 ([deepseek] 6/6 策略=仅标题（无历史） retry=0): Error code: 401 - {'error': {'message': 'Authentication Fails, Your api key: ****df0d is invalid', 'type': 'authentication_error', 'param': None, 'code': 'invalid_request_error'}}
2026-07-28 03:01:14 [WARNING] [[deepseek] 6/6 策略=仅标题（无历史） retry=0] AI 调用失败或解析失败，继续下一次尝试
2026-07-28 03:01:14 [WARNING] [deepseek] 已达最大尝试次数 6，停止
2026-07-28 03:01:14 [INFO] ⚠️ deepseek 未能产出满意结果，尝试下一个提供商
2026-07-28 03:01:14 [INFO] 🔄 尝试 AI 提供商: zhipu
2026-07-28 03:01:14 [ERROR] 未设置环境变量 ZHIPU_API_KEY，无法使用 zhipu
2026-07-28 03:01:14 [INFO] ⚠️ zhipu 未能产出满意结果，尝试下一个提供商
2026-07-28 03:01:14 [INFO] 🔄 尝试 AI 提供商: kimi
2026-07-28 03:01:14 [ERROR] 未设置环境变量 KIMI_API_KEY，无法使用 kimi
2026-07-28 03:01:14 [INFO] ⚠️ kimi 未能产出满意结果，尝试下一个提供商
2026-07-28 03:01:14 [INFO] 🔄 尝试 AI 提供商: huoshan
2026-07-28 03:01:14 [ERROR] 未设置环境变量 HUOSHAN_API_KEY，无法使用 huoshan
2026-07-28 03:01:14 [INFO] ⚠️ huoshan 未能产出满意结果，尝试下一个提供商
2026-07-28 03:01:14 [ERROR] ❌ 所有提供商均失败，返回空列表
2026-07-28 03:01:14 [INFO] 📦 JSON 已保存: reports/2026-07-28-11.json
2026-07-28 03:01:14 [INFO] ✅ AI 筛选完成，共 0 条交易相关消息
2026-07-28 04:00:47 [INFO] 🚀 开始抓取 2026-07-28 12:00 币圈新闻
2026-07-28 04:00:47 [INFO] 📡 抓取 RSS 新闻源...
2026-07-28 04:00:47 [INFO] 📡 抓取交易所公告 & 链上数据...
2026-07-28 04:00:47 [INFO]   ⏭ Decrypt: 过滤掉 50 条非近期新闻
2026-07-28 04:00:47 [INFO]   ⏭ The Block: 过滤掉 19 条非近期新闻
2026-07-28 04:00:47 [INFO]   ⏭ CoinTelegraph: 过滤掉 28 条非近期新闻
2026-07-28 04:00:48 [WARNING] 解析失败 Bitget公告: 'NoneType' object is not subscriptable
2026-07-28 04:00:48 [INFO]   ⏭ Reuters Crypto: 过滤掉 50 条非近期新闻
2026-07-28 04:00:48 [INFO]   ⏭ 宏观经济: 过滤掉 49 条非近期新闻
2026-07-28 04:00:48 [INFO]   ⏭ Bitcoin Magazine: 过滤掉 10 条非近期新闻
2026-07-28 04:00:48 [INFO]   ⏭ CoinDesk: 过滤掉 25 条非近期新闻
2026-07-28 04:00:48 [INFO]   ⏭ Bloomberg Crypto: 过滤掉 50 条非近期新闻
2026-07-28 04:00:48 [INFO]   ⏭ CNBC Crypto: 过滤掉 49 条非近期新闻
2026-07-28 04:00:48 [INFO]   ⏭ Reddit r/cryptocurrency: 过滤掉 23 条非近期新闻
2026-07-28 04:00:48 [INFO]   ⏭ DL News: 过滤掉 50 条非近期新闻
2026-07-28 04:00:48 [INFO]   ⏭ Decrypt: 过滤掉 50 条非近期新闻
2026-07-28 04:00:48 [INFO]   ⏭ Blockworks: 过滤掉 50 条非近期新闻
2026-07-28 04:00:48 [INFO]   ⏭ Bitcoin Magazine: 过滤掉 50 条非近期新闻
2026-07-28 04:00:49 [INFO]   ⏭ Blockworks: 过滤掉 4 条非近期新闻
2026-07-28 04:00:49 [INFO]   ⏭ DeFi Llama: 过滤掉 50 条非近期新闻
2026-07-28 04:00:49 [INFO]   ⏭ The Block: 过滤掉 50 条非近期新闻
2026-07-28 04:00:49 [INFO]   ⏭ CoinDesk: 过滤掉 50 条非近期新闻
2026-07-28 04:00:49 [INFO]   ⏭ 吴说区块链: 过滤掉 45 条非近期新闻
2026-07-28 04:00:49 [INFO]   ⏭ 雪球加密: 过滤掉 50 条非近期新闻
2026-07-28 04:00:49 [INFO]   ⏭ Crypto Twitter: 过滤掉 47 条非近期新闻
2026-07-28 04:01:03 [DEBUG] 请求失败 https://rsshub.rssforever.com/theblockbeats/newsflash: 
2026-07-28 04:01:03 [DEBUG] 请求失败 https://rsshub.rssforever.com/panewslab/news: 
2026-07-28 04:01:03 [DEBUG] 请求失败 https://rsshub.rssforever.com/jinse/lives: 
2026-07-28 04:01:03 [DEBUG] 请求失败 https://rsshub.rssforever.com/bloomberg/crypto: 
2026-07-28 04:01:04 [INFO]   ⏭ 律动BlockBeats: 过滤掉 50 条非近期新闻
2026-07-28 04:01:04 [INFO]   ⏭ PANews: 过滤掉 50 条非近期新闻
2026-07-28 04:01:04 [INFO]   ✓ CoinDesk: 0 条
2026-07-28 04:01:04 [INFO]   ✓ The Block: 0 条
2026-07-28 04:01:04 [INFO]   ✓ Decrypt: 0 条
2026-07-28 04:01:04 [INFO]   ✓ CoinTelegraph: 2 条
2026-07-28 04:01:04 [INFO]   ✓ Bitcoin Magazine: 0 条
2026-07-28 04:01:04 [INFO]   ✓ Blockworks: 0 条
2026-07-28 04:01:04 [INFO]   ✓ DL News: 0 条
2026-07-28 04:01:04 [INFO]   ✓ 金色财经: 0 条
2026-07-28 04:01:04 [INFO]   ✓ PANews: 0 条
2026-07-28 04:01:04 [INFO]   ✓ 律动BlockBeats: 0 条
2026-07-28 04:01:04 [INFO]   ✓ 吴说区块链: 0 条
2026-07-28 04:01:04 [INFO]   ✓ Bloomberg Crypto: 0 条
2026-07-28 04:01:04 [INFO]   ✓ Reuters Crypto: 0 条
2026-07-28 04:01:04 [INFO]   ✓ CNBC Crypto: 1 条
2026-07-28 04:01:04 [INFO]   ✓ Reddit r/cryptocurrency: 2 条
2026-07-28 04:01:04 [INFO]   ✓ Reddit r/bitcoin: 0 条
2026-07-28 04:01:04 [INFO]   ✓ Crypto Twitter: 3 条
2026-07-28 04:01:04 [INFO]   ✓ 宏观经济: 1 条
2026-07-28 04:01:04 [INFO]   ✓ Binance公告: 20 条
2026-07-28 04:01:04 [INFO]   ✓ OKX公告: 0 条
2026-07-28 04:01:04 [INFO]   ✓ Bitget公告: 0 条
2026-07-28 04:01:04 [INFO]   ✓ Whale Alert: 0 条
2026-07-28 04:01:04 [INFO]   ✓ Fear & Greed Index: 1 条
2026-07-28 04:01:04 [INFO]   ✓ DeFi Llama: 0 条
2026-07-28 04:01:04 [INFO]   ✓ 雪球加密: 0 条
2026-07-28 04:01:04 [INFO] 📊 共抓取 30 条新闻
2026-07-28 04:01:04 [INFO] 📋 原始新闻已保存: reports/2026-07-28-12-raw.json (30 条)
2026-07-28 04:01:04 [INFO] 📋 标题摘要已保存: reports/2026-07-28-12-raw-titles.md
2026-07-28 04:01:04 [INFO] ✅ 抓取完成，共 30 条，已保存到 reports/2026-07-28-12-raw.json
2026-07-28 04:01:04 [INFO] 🤖 开始 AI 筛选 2026-07-28 12:00 币圈消息
2026-07-28 04:01:04 [INFO] 📋 已加载原始新闻: reports/2026-07-28-12-raw.json (30 条)
2026-07-28 04:01:04 [INFO] 📚 已加载历史新闻标题（17160 字符）
2026-07-28 04:01:04 [INFO] 📚 已加载历史筛选标题 0 条、URL 0 个，用于去重
2026-07-28 04:01:04 [INFO] 🔄 尝试 AI 提供商: deepseek
2026-07-28 04:01:04 [INFO] 🤖 使用 AI 提供商: deepseek (模型: deepseek-v4-flash)
2026-07-28 04:01:04 [INFO] 🤖 AI 筛选 [[deepseek] 1/6 策略=仅标题+链接 retry=0]（30 条，6993 字符，temp=0.3）
2026-07-28 04:01:05 [ERROR] AI 调用异常 ([deepseek] 1/6 策略=仅标题+链接 retry=0): Error code: 401 - {'error': {'message': 'Authentication Fails, Your api key: ****df0d is invalid', 'type': 'authentication_error', 'param': None, 'code': 'invalid_request_error'}}
2026-07-28 04:01:05 [WARNING] [[deepseek] 1/6 策略=仅标题+链接 retry=0] AI 调用失败或解析失败，继续下一次尝试
2026-07-28 04:01:05 [INFO] 🤖 AI 筛选 [[deepseek] 2/6 策略=仅标题+链接 retry=1]（30 条，6993 字符，temp=0.3）
2026-07-28 04:01:06 [ERROR] AI 调用异常 ([deepseek] 2/6 策略=仅标题+链接 retry=1): Error code: 401 - {'error': {'message': 'Authentication Fails, Your api key: ****df0d is invalid', 'type': 'authentication_error', 'param': None, 'code': 'invalid_request_error'}}
2026-07-28 04:01:06 [WARNING] [[deepseek] 2/6 策略=仅标题+链接 retry=1] AI 调用失败或解析失败，继续下一次尝试
2026-07-28 04:01:06 [INFO] 🤖 AI 筛选 [[deepseek] 3/6 策略=仅标题+链接 retry=2]（30 条，6993 字符，temp=0.3）
2026-07-28 04:01:06 [ERROR] AI 调用异常 ([deepseek] 3/6 策略=仅标题+链接 retry=2): Error code: 401 - {'error': {'message': 'Authentication Fails, Your api key: ****df0d is invalid', 'type': 'authentication_error', 'param': None, 'code': 'invalid_request_error'}}
2026-07-28 04:01:06 [WARNING] [[deepseek] 3/6 策略=仅标题+链接 retry=2] AI 调用失败或解析失败，继续下一次尝试
2026-07-28 04:01:06 [INFO] 🤖 AI 筛选 [[deepseek] 4/6 策略=完整内容 retry=0]（30 条，9833 字符，temp=0.3）
2026-07-28 04:01:07 [ERROR] AI 调用异常 ([deepseek] 4/6 策略=完整内容 retry=0): Error code: 401 - {'error': {'message': 'Authentication Fails, Your api key: ****df0d is invalid', 'type': 'authentication_error', 'param': None, 'code': 'invalid_request_error'}}
2026-07-28 04:01:07 [WARNING] [[deepseek] 4/6 策略=完整内容 retry=0] AI 调用失败或解析失败，继续下一次尝试
2026-07-28 04:01:07 [INFO] 🤖 AI 筛选 [[deepseek] 5/6 策略=完整内容 retry=1]（30 条，9833 字符，temp=0.3）
2026-07-28 04:01:07 [ERROR] AI 调用异常 ([deepseek] 5/6 策略=完整内容 retry=1): Error code: 401 - {'error': {'message': 'Authentication Fails, Your api key: ****df0d is invalid', 'type': 'authentication_error', 'param': None, 'code': 'invalid_request_error'}}
2026-07-28 04:01:07 [WARNING] [[deepseek] 5/6 策略=完整内容 retry=1] AI 调用失败或解析失败，继续下一次尝试
2026-07-28 04:01:07 [INFO] 🤖 AI 筛选 [[deepseek] 6/6 策略=仅标题（无历史） retry=0]（30 条，6993 字符，temp=0.3）
2026-07-28 04:01:07 [ERROR] AI 调用异常 ([deepseek] 6/6 策略=仅标题（无历史） retry=0): Error code: 401 - {'error': {'message': 'Authentication Fails, Your api key: ****df0d is invalid', 'type': 'authentication_error', 'param': None, 'code': 'invalid_request_error'}}
2026-07-28 04:01:07 [WARNING] [[deepseek] 6/6 策略=仅标题（无历史） retry=0] AI 调用失败或解析失败，继续下一次尝试
2026-07-28 04:01:07 [WARNING] [deepseek] 已达最大尝试次数 6，停止
2026-07-28 04:01:07 [INFO] ⚠️ deepseek 未能产出满意结果，尝试下一个提供商
2026-07-28 04:01:07 [INFO] 🔄 尝试 AI 提供商: zhipu
2026-07-28 04:01:07 [ERROR] 未设置环境变量 ZHIPU_API_KEY，无法使用 zhipu
2026-07-28 04:01:07 [INFO] ⚠️ zhipu 未能产出满意结果，尝试下一个提供商
2026-07-28 04:01:07 [INFO] 🔄 尝试 AI 提供商: kimi
2026-07-28 04:01:07 [ERROR] 未设置环境变量 KIMI_API_KEY，无法使用 kimi
2026-07-28 04:01:07 [INFO] ⚠️ kimi 未能产出满意结果，尝试下一个提供商
2026-07-28 04:01:07 [INFO] 🔄 尝试 AI 提供商: huoshan
2026-07-28 04:01:07 [ERROR] 未设置环境变量 HUOSHAN_API_KEY，无法使用 huoshan
2026-07-28 04:01:07 [INFO] ⚠️ huoshan 未能产出满意结果，尝试下一个提供商
2026-07-28 04:01:07 [ERROR] ❌ 所有提供商均失败，返回空列表
2026-07-28 04:01:07 [INFO] 📦 JSON 已保存: reports/2026-07-28-12.json
2026-07-28 04:01:07 [INFO] ✅ AI 筛选完成，共 0 条交易相关消息
2026-07-28 05:00:56 [INFO] 🚀 开始抓取 2026-07-28 13:00 币圈新闻
2026-07-28 05:00:56 [INFO] 📡 抓取 RSS 新闻源...
2026-07-28 05:00:56 [INFO] 📡 抓取交易所公告 & 链上数据...
2026-07-28 05:00:56 [INFO]   ⏭ Decrypt: 过滤掉 50 条非近期新闻
2026-07-28 05:00:56 [INFO]   ⏭ The Block: 过滤掉 19 条非近期新闻
2026-07-28 05:00:56 [INFO]   ⏭ CoinTelegraph: 过滤掉 28 条非近期新闻
2026-07-28 05:00:56 [INFO]   ⏭ CoinDesk: 过滤掉 24 条非近期新闻
2026-07-28 05:00:56 [WARNING] 解析失败 Bitget公告: 'NoneType' object is not subscriptable
2026-07-28 05:00:56 [INFO]   ⏭ Bitcoin Magazine: 过滤掉 10 条非近期新闻
2026-07-28 05:00:57 [INFO]   ⏭ Blockworks: 过滤掉 50 条非近期新闻
2026-07-28 05:00:57 [INFO]   ⏭ Bloomberg Crypto: 过滤掉 50 条非近期新闻
2026-07-28 05:00:57 [INFO]   ⏭ 宏观经济: 过滤掉 48 条非近期新闻
2026-07-28 05:00:57 [INFO]   ⏭ Reuters Crypto: 过滤掉 50 条非近期新闻
2026-07-28 05:00:57 [INFO]   ⏭ CNBC Crypto: 过滤掉 49 条非近期新闻
2026-07-28 05:00:57 [INFO]   ⏭ Reddit r/cryptocurrency: 过滤掉 22 条非近期新闻
2026-07-28 05:00:57 [INFO]   ⏭ DL News: 过滤掉 50 条非近期新闻
2026-07-28 05:00:57 [INFO]   ⏭ Decrypt: 过滤掉 50 条非近期新闻
2026-07-28 05:00:57 [INFO]   ⏭ DeFi Llama: 过滤掉 50 条非近期新闻
2026-07-28 05:00:57 [INFO]   ⏭ Blockworks: 过滤掉 4 条非近期新闻
2026-07-28 05:00:57 [INFO]   ⏭ Bitcoin Magazine: 过滤掉 50 条非近期新闻
2026-07-28 05:00:57 [INFO]   ⏭ 雪球加密: 过滤掉 50 条非近期新闻
2026-07-28 05:00:57 [INFO]   ⏭ 吴说区块链: 过滤掉 48 条非近期新闻
2026-07-28 05:00:57 [INFO]   ⏭ The Block: 过滤掉 50 条非近期新闻
2026-07-28 05:00:57 [INFO]   ⏭ Crypto Twitter: 过滤掉 48 条非近期新闻
2026-07-28 05:01:09 [INFO]   ⏭ 律动BlockBeats: 过滤掉 50 条非近期新闻
2026-07-28 05:01:10 [INFO]   ⏭ PANews: 过滤掉 50 条非近期新闻
2026-07-28 05:01:11 [DEBUG] 请求失败 https://rsshub.rssforever.com/jinse/lives: 
2026-07-28 05:01:12 [INFO]   ✓ CoinDesk: 1 条
2026-07-28 05:01:12 [INFO]   ✓ The Block: 0 条
2026-07-28 05:01:12 [INFO]   ✓ Decrypt: 0 条
2026-07-28 05:01:12 [INFO]   ✓ CoinTelegraph: 2 条
2026-07-28 05:01:12 [INFO]   ✓ Bitcoin Magazine: 0 条
2026-07-28 05:01:12 [INFO]   ✓ Blockworks: 0 条
2026-07-28 05:01:12 [INFO]   ✓ DL News: 0 条
2026-07-28 05:01:12 [INFO]   ✓ 金色财经: 0 条
2026-07-28 05:01:12 [INFO]   ✓ PANews: 0 条
2026-07-28 05:01:12 [INFO]   ✓ 律动BlockBeats: 0 条
2026-07-28 05:01:12 [INFO]   ✓ 吴说区块链: 0 条
2026-07-28 05:01:12 [INFO]   ✓ Bloomberg Crypto: 0 条
2026-07-28 05:01:12 [INFO]   ✓ Reuters Crypto: 0 条
2026-07-28 05:01:12 [INFO]   ✓ CNBC Crypto: 1 条
2026-07-28 05:01:12 [INFO]   ✓ Reddit r/cryptocurrency: 3 条
2026-07-28 05:01:12 [INFO]   ✓ Reddit r/bitcoin: 0 条
2026-07-28 05:01:12 [INFO]   ✓ Crypto Twitter: 2 条
2026-07-28 05:01:12 [INFO]   ✓ 宏观经济: 2 条
2026-07-28 05:01:12 [INFO]   ✓ Binance公告: 20 条
2026-07-28 05:01:12 [INFO]   ✓ OKX公告: 0 条
2026-07-28 05:01:12 [INFO]   ✓ Bitget公告: 0 条
2026-07-28 05:01:12 [INFO]   ✓ Whale Alert: 0 条
2026-07-28 05:01:12 [INFO]   ✓ Fear & Greed Index: 1 条
2026-07-28 05:01:12 [INFO]   ✓ DeFi Llama: 0 条
2026-07-28 05:01:12 [INFO]   ✓ 雪球加密: 0 条
2026-07-28 05:01:12 [INFO] 📊 共抓取 32 条新闻
2026-07-28 05:01:12 [INFO] 📋 原始新闻已保存: reports/2026-07-28-13-raw.json (32 条)
2026-07-28 05:01:12 [INFO] 📋 标题摘要已保存: reports/2026-07-28-13-raw-titles.md
2026-07-28 05:01:12 [INFO] ✅ 抓取完成，共 32 条，已保存到 reports/2026-07-28-13-raw.json
2026-07-28 05:01:12 [INFO] 🤖 开始 AI 筛选 2026-07-28 13:00 币圈消息
2026-07-28 05:01:12 [INFO] 📋 已加载原始新闻: reports/2026-07-28-13-raw.json (32 条)
2026-07-28 05:01:12 [INFO] 📚 已加载历史新闻标题（16725 字符）
2026-07-28 05:01:12 [INFO] 📚 已加载历史筛选标题 0 条、URL 0 个，用于去重
2026-07-28 05:01:12 [INFO] 🔄 尝试 AI 提供商: deepseek
2026-07-28 05:01:12 [INFO] 🤖 使用 AI 提供商: deepseek (模型: deepseek-v4-flash)
2026-07-28 05:01:12 [INFO] 🤖 AI 筛选 [[deepseek] 1/6 策略=仅标题+链接 retry=0]（32 条，7077 字符，temp=0.3）
2026-07-28 05:01:13 [ERROR] AI 调用异常 ([deepseek] 1/6 策略=仅标题+链接 retry=0): Error code: 401 - {'error': {'message': 'Authentication Fails, Your api key: ****df0d is invalid', 'type': 'authentication_error', 'param': None, 'code': 'invalid_request_error'}}
2026-07-28 05:01:13 [WARNING] [[deepseek] 1/6 策略=仅标题+链接 retry=0] AI 调用失败或解析失败，继续下一次尝试
2026-07-28 05:01:13 [INFO] 🤖 AI 筛选 [[deepseek] 2/6 策略=仅标题+链接 retry=1]（32 条，7077 字符，temp=0.3）
2026-07-28 05:01:13 [ERROR] AI 调用异常 ([deepseek] 2/6 策略=仅标题+链接 retry=1): Error code: 401 - {'error': {'message': 'Authentication Fails, Your api key: ****df0d is invalid', 'type': 'authentication_error', 'param': None, 'code': 'invalid_request_error'}}
2026-07-28 05:01:13 [WARNING] [[deepseek] 2/6 策略=仅标题+链接 retry=1] AI 调用失败或解析失败，继续下一次尝试
2026-07-28 05:01:13 [INFO] 🤖 AI 筛选 [[deepseek] 3/6 策略=仅标题+链接 retry=2]（32 条，7077 字符，temp=0.3）
2026-07-28 05:01:14 [ERROR] AI 调用异常 ([deepseek] 3/6 策略=仅标题+链接 retry=2): Error code: 401 - {'error': {'message': 'Authentication Fails, Your api key: ****df0d is invalid', 'type': 'authentication_error', 'param': None, 'code': 'invalid_request_error'}}
2026-07-28 05:01:14 [WARNING] [[deepseek] 3/6 策略=仅标题+链接 retry=2] AI 调用失败或解析失败，继续下一次尝试
2026-07-28 05:01:14 [INFO] 🤖 AI 筛选 [[deepseek] 4/6 策略=完整内容 retry=0]（32 条，9915 字符，temp=0.3）
2026-07-28 05:01:14 [ERROR] AI 调用异常 ([deepseek] 4/6 策略=完整内容 retry=0): Error code: 401 - {'error': {'message': 'Authentication Fails, Your api key: ****df0d is invalid', 'type': 'authentication_error', 'param': None, 'code': 'invalid_request_error'}}
2026-07-28 05:01:14 [WARNING] [[deepseek] 4/6 策略=完整内容 retry=0] AI 调用失败或解析失败，继续下一次尝试
2026-07-28 05:01:14 [INFO] 🤖 AI 筛选 [[deepseek] 5/6 策略=完整内容 retry=1]（32 条，9915 字符，temp=0.3）
2026-07-28 05:01:14 [ERROR] AI 调用异常 ([deepseek] 5/6 策略=完整内容 retry=1): Error code: 401 - {'error': {'message': 'Authentication Fails, Your api key: ****df0d is invalid', 'type': 'authentication_error', 'param': None, 'code': 'invalid_request_error'}}
2026-07-28 05:01:14 [WARNING] [[deepseek] 5/6 策略=完整内容 retry=1] AI 调用失败或解析失败，继续下一次尝试
2026-07-28 05:01:14 [INFO] 🤖 AI 筛选 [[deepseek] 6/6 策略=仅标题（无历史） retry=0]（32 条，7077 字符，temp=0.3）
2026-07-28 05:01:15 [ERROR] AI 调用异常 ([deepseek] 6/6 策略=仅标题（无历史） retry=0): Error code: 401 - {'error': {'message': 'Authentication Fails, Your api key: ****df0d is invalid', 'type': 'authentication_error', 'param': None, 'code': 'invalid_request_error'}}
2026-07-28 05:01:15 [WARNING] [[deepseek] 6/6 策略=仅标题（无历史） retry=0] AI 调用失败或解析失败，继续下一次尝试
2026-07-28 05:01:15 [WARNING] [deepseek] 已达最大尝试次数 6，停止
2026-07-28 05:01:15 [INFO] ⚠️ deepseek 未能产出满意结果，尝试下一个提供商
2026-07-28 05:01:15 [INFO] 🔄 尝试 AI 提供商: zhipu
2026-07-28 05:01:15 [ERROR] 未设置环境变量 ZHIPU_API_KEY，无法使用 zhipu
2026-07-28 05:01:15 [INFO] ⚠️ zhipu 未能产出满意结果，尝试下一个提供商
2026-07-28 05:01:15 [INFO] 🔄 尝试 AI 提供商: kimi
2026-07-28 05:01:15 [ERROR] 未设置环境变量 KIMI_API_KEY，无法使用 kimi
2026-07-28 05:01:15 [INFO] ⚠️ kimi 未能产出满意结果，尝试下一个提供商
2026-07-28 05:01:15 [INFO] 🔄 尝试 AI 提供商: huoshan
2026-07-28 05:01:15 [ERROR] 未设置环境变量 HUOSHAN_API_KEY，无法使用 huoshan
2026-07-28 05:01:15 [INFO] ⚠️ huoshan 未能产出满意结果，尝试下一个提供商
2026-07-28 05:01:15 [ERROR] ❌ 所有提供商均失败，返回空列表
2026-07-28 05:01:15 [INFO] 📦 JSON 已保存: reports/2026-07-28-13.json
2026-07-28 05:01:15 [INFO] ✅ AI 筛选完成，共 0 条交易相关消息
2026-07-28 06:01:04 [INFO] 🚀 开始抓取 2026-07-28 14:00 币圈新闻
2026-07-28 06:01:04 [INFO] 📡 抓取 RSS 新闻源...
2026-07-28 06:01:04 [INFO] 📡 抓取交易所公告 & 链上数据...
2026-07-28 06:01:04 [INFO]   ⏭ Decrypt: 过滤掉 50 条非近期新闻
2026-07-28 06:01:04 [INFO]   ⏭ The Block: 过滤掉 18 条非近期新闻
2026-07-28 06:01:04 [INFO]   ⏭ CoinTelegraph: 过滤掉 29 条非近期新闻
2026-07-28 06:01:05 [INFO]   ⏭ 宏观经济: 过滤掉 49 条非近期新闻
2026-07-28 06:01:05 [WARNING] 解析失败 Bitget公告: 'NoneType' object is not subscriptable
2026-07-28 06:01:05 [INFO]   ⏭ Reuters Crypto: 过滤掉 50 条非近期新闻
2026-07-28 06:01:05 [INFO]   ⏭ Bloomberg Crypto: 过滤掉 50 条非近期新闻
2026-07-28 06:01:05 [INFO]   ⏭ CNBC Crypto: 过滤掉 50 条非近期新闻
2026-07-28 06:01:05 [INFO]   ⏭ CoinDesk: 过滤掉 24 条非近期新闻
2026-07-28 06:01:05 [INFO]   ⏭ Reddit r/cryptocurrency: 过滤掉 22 条非近期新闻
2026-07-28 06:01:05 [INFO]   ⏭ Bitcoin Magazine: 过滤掉 10 条非近期新闻
2026-07-28 06:01:05 [INFO]   ⏭ Blockworks: 过滤掉 50 条非近期新闻
2026-07-28 06:01:05 [INFO]   ⏭ DL News: 过滤掉 50 条非近期新闻
2026-07-28 06:01:05 [INFO]   ⏭ DeFi Llama: 过滤掉 50 条非近期新闻
2026-07-28 06:01:05 [INFO]   ⏭ Decrypt: 过滤掉 50 条非近期新闻
2026-07-28 06:01:05 [INFO]   ⏭ Blockworks: 过滤掉 4 条非近期新闻
2026-07-28 06:01:05 [INFO]   ⏭ 吴说区块链: 过滤掉 48 条非近期新闻
2026-07-28 06:01:05 [INFO]   ⏭ 雪球加密: 过滤掉 50 条非近期新闻
2026-07-28 06:01:05 [INFO]   ⏭ Bitcoin Magazine: 过滤掉 50 条非近期新闻
2026-07-28 06:01:06 [INFO]   ⏭ Crypto Twitter: 过滤掉 49 条非近期新闻
2026-07-28 06:01:06 [INFO]   ⏭ PANews: 过滤掉 50 条非近期新闻
2026-07-28 06:01:06 [INFO]   ⏭ 律动BlockBeats: 过滤掉 50 条非近期新闻
2026-07-28 06:01:16 [INFO]   ✓ CoinDesk: 1 条
2026-07-28 06:01:16 [INFO]   ✓ The Block: 1 条
2026-07-28 06:01:16 [INFO]   ✓ Decrypt: 0 条
2026-07-28 06:01:16 [INFO]   ✓ CoinTelegraph: 1 条
2026-07-28 06:01:16 [INFO]   ✓ Bitcoin Magazine: 0 条
2026-07-28 06:01:16 [INFO]   ✓ Blockworks: 0 条
2026-07-28 06:01:16 [INFO]   ✓ DL News: 0 条
2026-07-28 06:01:16 [INFO]   ✓ 金色财经: 20 条
2026-07-28 06:01:16 [INFO]   ✓ PANews: 0 条
2026-07-28 06:01:16 [INFO]   ✓ 律动BlockBeats: 0 条
2026-07-28 06:01:16 [INFO]   ✓ 吴说区块链: 0 条
2026-07-28 06:01:16 [INFO]   ✓ Bloomberg Crypto: 0 条
2026-07-28 06:01:16 [INFO]   ✓ Reuters Crypto: 0 条
2026-07-28 06:01:16 [INFO]   ✓ CNBC Crypto: 0 条
2026-07-28 06:01:16 [INFO]   ✓ Reddit r/cryptocurrency: 3 条
2026-07-28 06:01:16 [INFO]   ✓ Reddit r/bitcoin: 0 条
2026-07-28 06:01:16 [INFO]   ✓ Crypto Twitter: 1 条
2026-07-28 06:01:16 [INFO]   ✓ 宏观经济: 1 条
2026-07-28 06:01:16 [INFO]   ✓ Binance公告: 20 条
2026-07-28 06:01:16 [INFO]   ✓ OKX公告: 0 条
2026-07-28 06:01:16 [INFO]   ✓ Bitget公告: 0 条
2026-07-28 06:01:16 [INFO]   ✓ Whale Alert: 0 条
2026-07-28 06:01:16 [INFO]   ✓ Fear & Greed Index: 1 条
2026-07-28 06:01:16 [INFO]   ✓ DeFi Llama: 0 条
2026-07-28 06:01:16 [INFO]   ✓ 雪球加密: 0 条
2026-07-28 06:01:16 [INFO] 📊 共抓取 49 条新闻
2026-07-28 06:01:16 [INFO] 📋 原始新闻已保存: reports/2026-07-28-14-raw.json (49 条)
2026-07-28 06:01:16 [INFO] 📋 标题摘要已保存: reports/2026-07-28-14-raw-titles.md
2026-07-28 06:01:16 [INFO] ✅ 抓取完成，共 49 条，已保存到 reports/2026-07-28-14-raw.json
2026-07-28 06:01:17 [INFO] 🤖 开始 AI 筛选 2026-07-28 14:00 币圈消息
2026-07-28 06:01:17 [INFO] 📋 已加载原始新闻: reports/2026-07-28-14-raw.json (49 条)
2026-07-28 06:01:17 [INFO] 📚 已加载历史新闻标题（16637 字符）
2026-07-28 06:01:17 [INFO] 📚 已加载历史筛选标题 0 条、URL 0 个，用于去重
2026-07-28 06:01:17 [INFO] 🔄 尝试 AI 提供商: deepseek
2026-07-28 06:01:17 [INFO] 🤖 使用 AI 提供商: deepseek (模型: deepseek-v4-flash)
2026-07-28 06:01:17 [INFO] 🤖 AI 筛选 [[deepseek] 1/6 策略=仅标题+链接 retry=0]（49 条，7263 字符，temp=0.3）
2026-07-28 06:01:17 [ERROR] AI 调用异常 ([deepseek] 1/6 策略=仅标题+链接 retry=0): Error code: 401 - {'error': {'message': 'Authentication Fails, Your api key: ****df0d is invalid', 'type': 'authentication_error', 'param': None, 'code': 'invalid_request_error'}}
2026-07-28 06:01:17 [WARNING] [[deepseek] 1/6 策略=仅标题+链接 retry=0] AI 调用失败或解析失败，继续下一次尝试
2026-07-28 06:01:17 [INFO] 🤖 AI 筛选 [[deepseek] 2/6 策略=仅标题+链接 retry=1]（49 条，7263 字符，temp=0.3）
2026-07-28 06:01:18 [ERROR] AI 调用异常 ([deepseek] 2/6 策略=仅标题+链接 retry=1): Error code: 401 - {'error': {'message': 'Authentication Fails, Your api key: ****df0d is invalid', 'type': 'authentication_error', 'param': None, 'code': 'invalid_request_error'}}
2026-07-28 06:01:18 [WARNING] [[deepseek] 2/6 策略=仅标题+链接 retry=1] AI 调用失败或解析失败，继续下一次尝试
2026-07-28 06:01:18 [INFO] 🤖 AI 筛选 [[deepseek] 3/6 策略=仅标题+链接 retry=2]（49 条，7263 字符，temp=0.3）
2026-07-28 06:01:18 [ERROR] AI 调用异常 ([deepseek] 3/6 策略=仅标题+链接 retry=2): Error code: 401 - {'error': {'message': 'Authentication Fails, Your api key: ****df0d is invalid', 'type': 'authentication_error', 'param': None, 'code': 'invalid_request_error'}}
2026-07-28 06:01:18 [WARNING] [[deepseek] 3/6 策略=仅标题+链接 retry=2] AI 调用失败或解析失败，继续下一次尝试
2026-07-28 06:01:18 [INFO] 🤖 AI 筛选 [[deepseek] 4/6 策略=完整内容 retry=0]（49 条，13779 字符，temp=0.3）
2026-07-28 06:01:19 [ERROR] AI 调用异常 ([deepseek] 4/6 策略=完整内容 retry=0): Error code: 401 - {'error': {'message': 'Authentication Fails, Your api key: ****df0d is invalid', 'type': 'authentication_error', 'param': None, 'code': 'invalid_request_error'}}
2026-07-28 06:01:19 [WARNING] [[deepseek] 4/6 策略=完整内容 retry=0] AI 调用失败或解析失败，继续下一次尝试
2026-07-28 06:01:19 [INFO] 🤖 AI 筛选 [[deepseek] 5/6 策略=完整内容 retry=1]（49 条，13779 字符，temp=0.3）
2026-07-28 06:01:19 [ERROR] AI 调用异常 ([deepseek] 5/6 策略=完整内容 retry=1): Error code: 401 - {'error': {'message': 'Authentication Fails, Your api key: ****df0d is invalid', 'type': 'authentication_error', 'param': None, 'code': 'invalid_request_error'}}
2026-07-28 06:01:19 [WARNING] [[deepseek] 5/6 策略=完整内容 retry=1] AI 调用失败或解析失败，继续下一次尝试
2026-07-28 06:01:19 [INFO] 🤖 AI 筛选 [[deepseek] 6/6 策略=仅标题（无历史） retry=0]（49 条，7263 字符，temp=0.3）
2026-07-28 06:01:19 [ERROR] AI 调用异常 ([deepseek] 6/6 策略=仅标题（无历史） retry=0): Error code: 401 - {'error': {'message': 'Authentication Fails, Your api key: ****df0d is invalid', 'type': 'authentication_error', 'param': None, 'code': 'invalid_request_error'}}
2026-07-28 06:01:19 [WARNING] [[deepseek] 6/6 策略=仅标题（无历史） retry=0] AI 调用失败或解析失败，继续下一次尝试
2026-07-28 06:01:19 [WARNING] [deepseek] 已达最大尝试次数 6，停止
2026-07-28 06:01:19 [INFO] ⚠️ deepseek 未能产出满意结果，尝试下一个提供商
2026-07-28 06:01:19 [INFO] 🔄 尝试 AI 提供商: zhipu
2026-07-28 06:01:19 [ERROR] 未设置环境变量 ZHIPU_API_KEY，无法使用 zhipu
2026-07-28 06:01:19 [INFO] ⚠️ zhipu 未能产出满意结果，尝试下一个提供商
2026-07-28 06:01:19 [INFO] 🔄 尝试 AI 提供商: kimi
2026-07-28 06:01:19 [ERROR] 未设置环境变量 KIMI_API_KEY，无法使用 kimi
2026-07-28 06:01:19 [INFO] ⚠️ kimi 未能产出满意结果，尝试下一个提供商
2026-07-28 06:01:19 [INFO] 🔄 尝试 AI 提供商: huoshan
2026-07-28 06:01:19 [ERROR] 未设置环境变量 HUOSHAN_API_KEY，无法使用 huoshan
2026-07-28 06:01:19 [INFO] ⚠️ huoshan 未能产出满意结果，尝试下一个提供商
2026-07-28 06:01:19 [ERROR] ❌ 所有提供商均失败，返回空列表
2026-07-28 06:01:19 [INFO] 📦 JSON 已保存: reports/2026-07-28-14.json
2026-07-28 06:01:19 [INFO] ✅ AI 筛选完成，共 0 条交易相关消息
2026-07-28 07:00:59 [INFO] 🚀 开始抓取 2026-07-28 15:00 币圈新闻
2026-07-28 07:00:59 [INFO] 📡 抓取 RSS 新闻源...
2026-07-28 07:00:59 [INFO] 📡 抓取交易所公告 & 链上数据...
2026-07-28 07:01:00 [INFO]   ⏭ The Block: 过滤掉 18 条非近期新闻
2026-07-28 07:01:00 [INFO]   ⏭ CoinTelegraph: 过滤掉 29 条非近期新闻
2026-07-28 07:01:00 [INFO]   ⏭ Decrypt: 过滤掉 34 条非近期新闻
2026-07-28 07:01:00 [INFO]   ⏭ Bloomberg Crypto: 过滤掉 50 条非近期新闻
2026-07-28 07:01:00 [INFO]   ⏭ CoinDesk: 过滤掉 25 条非近期新闻
2026-07-28 07:01:00 [WARNING] 解析失败 Bitget公告: 'NoneType' object is not subscriptable
2026-07-28 07:01:00 [INFO]   ⏭ Reuters Crypto: 过滤掉 50 条非近期新闻
2026-07-28 07:01:00 [INFO]   ⏭ CNBC Crypto: 过滤掉 50 条非近期新闻
2026-07-28 07:01:00 [INFO]   ⏭ Bitcoin Magazine: 过滤掉 10 条非近期新闻
2026-07-28 07:01:00 [INFO]   ⏭ 宏观经济: 过滤掉 49 条非近期新闻
2026-07-28 07:01:00 [INFO]   ⏭ DL News: 过滤掉 50 条非近期新闻
2026-07-28 07:01:00 [INFO]   ⏭ Decrypt: 过滤掉 50 条非近期新闻
2026-07-28 07:01:00 [INFO]   ⏭ Blockworks: 过滤掉 50 条非近期新闻
2026-07-28 07:01:00 [INFO]   ⏭ DeFi Llama: 过滤掉 50 条非近期新闻
2026-07-28 07:01:01 [INFO]   ⏭ Reddit r/cryptocurrency: 过滤掉 24 条非近期新闻
2026-07-28 07:01:01 [INFO]   ⏭ Bitcoin Magazine: 过滤掉 50 条非近期新闻
2026-07-28 07:01:01 [INFO]   ⏭ 雪球加密: 过滤掉 49 条非近期新闻
2026-07-28 07:01:01 [INFO]   ⏭ CoinDesk: 过滤掉 50 条非近期新闻
2026-07-28 07:01:01 [INFO]   ⏭ Blockworks: 过滤掉 4 条非近期新闻
2026-07-28 07:01:01 [INFO]   ⏭ 吴说区块链: 过滤掉 46 条非近期新闻
2026-07-28 07:01:01 [INFO]   ⏭ Crypto Twitter: 过滤掉 48 条非近期新闻
2026-07-28 07:01:01 [INFO]   ⏭ PANews: 过滤掉 50 条非近期新闻
2026-07-28 07:01:04 [INFO]   ✓ CoinDesk: 0 条
2026-07-28 07:01:04 [INFO]   ✓ The Block: 1 条
2026-07-28 07:01:04 [INFO]   ✓ Decrypt: 0 条
2026-07-28 07:01:04 [INFO]   ✓ CoinTelegraph: 1 条
2026-07-28 07:01:04 [INFO]   ✓ Bitcoin Magazine: 0 条
2026-07-28 07:01:04 [INFO]   ✓ Blockworks: 0 条
2026-07-28 07:01:04 [INFO]   ✓ DL News: 0 条
2026-07-28 07:01:04 [INFO]   ✓ 金色财经: 9 条
2026-07-28 07:01:04 [INFO]   ✓ PANews: 0 条
2026-07-28 07:01:04 [INFO]   ✓ 律动BlockBeats: 20 条
2026-07-28 07:01:04 [INFO]   ✓ 吴说区块链: 0 条
2026-07-28 07:01:04 [INFO]   ✓ Bloomberg Crypto: 0 条
2026-07-28 07:01:04 [INFO]   ✓ Reuters Crypto: 0 条
2026-07-28 07:01:04 [INFO]   ✓ CNBC Crypto: 0 条
2026-07-28 07:01:04 [INFO]   ✓ Reddit r/cryptocurrency: 1 条
2026-07-28 07:01:04 [INFO]   ✓ Reddit r/bitcoin: 0 条
2026-07-28 07:01:04 [INFO]   ✓ Crypto Twitter: 2 条
2026-07-28 07:01:04 [INFO]   ✓ 宏观经济: 1 条
2026-07-28 07:01:04 [INFO]   ✓ Binance公告: 20 条
2026-07-28 07:01:04 [INFO]   ✓ OKX公告: 0 条
2026-07-28 07:01:04 [INFO]   ✓ Bitget公告: 0 条
2026-07-28 07:01:04 [INFO]   ✓ Whale Alert: 0 条
2026-07-28 07:01:04 [INFO]   ✓ Fear & Greed Index: 1 条
2026-07-28 07:01:04 [INFO]   ✓ DeFi Llama: 0 条
2026-07-28 07:01:04 [INFO]   ✓ 雪球加密: 1 条
2026-07-28 07:01:04 [INFO] 📊 共抓取 57 条新闻
2026-07-28 07:01:04 [INFO] 📋 原始新闻已保存: reports/2026-07-28-15-raw.json (57 条)
2026-07-28 07:01:04 [INFO] 📋 标题摘要已保存: reports/2026-07-28-15-raw-titles.md
2026-07-28 07:01:04 [INFO] ✅ 抓取完成，共 57 条，已保存到 reports/2026-07-28-15-raw.json
2026-07-28 07:01:04 [INFO] 🤖 开始 AI 筛选 2026-07-28 15:00 币圈消息
2026-07-28 07:01:04 [INFO] 📋 已加载原始新闻: reports/2026-07-28-15-raw.json (57 条)
2026-07-28 07:01:04 [INFO] 📚 已加载历史新闻标题（16727 字符）
2026-07-28 07:01:04 [INFO] 📚 已加载历史筛选标题 0 条、URL 0 个，用于去重
2026-07-28 07:01:04 [INFO] 🔄 尝试 AI 提供商: deepseek
2026-07-28 07:01:04 [INFO] 🤖 使用 AI 提供商: deepseek (模型: deepseek-v4-flash)
2026-07-28 07:01:04 [INFO] 🤖 AI 筛选 [[deepseek] 1/6 策略=仅标题+链接 retry=0]（57 条，8438 字符，temp=0.3）
2026-07-28 07:01:05 [ERROR] AI 调用异常 ([deepseek] 1/6 策略=仅标题+链接 retry=0): Error code: 401 - {'error': {'message': 'Authentication Fails, Your api key: ****df0d is invalid', 'type': 'authentication_error', 'param': None, 'code': 'invalid_request_error'}}
2026-07-28 07:01:05 [WARNING] [[deepseek] 1/6 策略=仅标题+链接 retry=0] AI 调用失败或解析失败，继续下一次尝试
2026-07-28 07:01:05 [INFO] 🤖 AI 筛选 [[deepseek] 2/6 策略=仅标题+链接 retry=1]（57 条，8438 字符，temp=0.3）
2026-07-28 07:01:06 [ERROR] AI 调用异常 ([deepseek] 2/6 策略=仅标题+链接 retry=1): Error code: 401 - {'error': {'message': 'Authentication Fails, Your api key: ****df0d is invalid', 'type': 'authentication_error', 'param': None, 'code': 'invalid_request_error'}}
2026-07-28 07:01:06 [WARNING] [[deepseek] 2/6 策略=仅标题+链接 retry=1] AI 调用失败或解析失败，继续下一次尝试
2026-07-28 07:01:06 [INFO] 🤖 AI 筛选 [[deepseek] 3/6 策略=仅标题+链接 retry=2]（57 条，8438 字符，temp=0.3）
2026-07-28 07:01:06 [ERROR] AI 调用异常 ([deepseek] 3/6 策略=仅标题+链接 retry=2): Error code: 401 - {'error': {'message': 'Authentication Fails, Your api key: ****df0d is invalid', 'type': 'authentication_error', 'param': None, 'code': 'invalid_request_error'}}
2026-07-28 07:01:06 [WARNING] [[deepseek] 3/6 策略=仅标题+链接 retry=2] AI 调用失败或解析失败，继续下一次尝试
2026-07-28 07:01:06 [INFO] 🤖 AI 筛选 [[deepseek] 4/6 策略=完整内容 retry=0]（57 条，15711 字符，temp=0.3）
2026-07-28 07:01:06 [ERROR] AI 调用异常 ([deepseek] 4/6 策略=完整内容 retry=0): Error code: 401 - {'error': {'message': 'Authentication Fails, Your api key: ****df0d is invalid', 'type': 'authentication_error', 'param': None, 'code': 'invalid_request_error'}}
2026-07-28 07:01:06 [WARNING] [[deepseek] 4/6 策略=完整内容 retry=0] AI 调用失败或解析失败，继续下一次尝试
2026-07-28 07:01:06 [INFO] 🤖 AI 筛选 [[deepseek] 5/6 策略=完整内容 retry=1]（57 条，15711 字符，temp=0.3）
2026-07-28 07:01:07 [ERROR] AI 调用异常 ([deepseek] 5/6 策略=完整内容 retry=1): Error code: 401 - {'error': {'message': 'Authentication Fails, Your api key: ****df0d is invalid', 'type': 'authentication_error', 'param': None, 'code': 'invalid_request_error'}}
2026-07-28 07:01:07 [WARNING] [[deepseek] 5/6 策略=完整内容 retry=1] AI 调用失败或解析失败，继续下一次尝试
2026-07-28 07:01:07 [INFO] 🤖 AI 筛选 [[deepseek] 6/6 策略=仅标题（无历史） retry=0]（57 条，8438 字符，temp=0.3）
2026-07-28 07:01:07 [ERROR] AI 调用异常 ([deepseek] 6/6 策略=仅标题（无历史） retry=0): Error code: 401 - {'error': {'message': 'Authentication Fails, Your api key: ****df0d is invalid', 'type': 'authentication_error', 'param': None, 'code': 'invalid_request_error'}}
2026-07-28 07:01:07 [WARNING] [[deepseek] 6/6 策略=仅标题（无历史） retry=0] AI 调用失败或解析失败，继续下一次尝试
2026-07-28 07:01:07 [WARNING] [deepseek] 已达最大尝试次数 6，停止
2026-07-28 07:01:07 [INFO] ⚠️ deepseek 未能产出满意结果，尝试下一个提供商
2026-07-28 07:01:07 [INFO] 🔄 尝试 AI 提供商: zhipu
2026-07-28 07:01:07 [ERROR] 未设置环境变量 ZHIPU_API_KEY，无法使用 zhipu
2026-07-28 07:01:07 [INFO] ⚠️ zhipu 未能产出满意结果，尝试下一个提供商
2026-07-28 07:01:07 [INFO] 🔄 尝试 AI 提供商: kimi
2026-07-28 07:01:07 [ERROR] 未设置环境变量 KIMI_API_KEY，无法使用 kimi
2026-07-28 07:01:07 [INFO] ⚠️ kimi 未能产出满意结果，尝试下一个提供商
2026-07-28 07:01:07 [INFO] 🔄 尝试 AI 提供商: huoshan
2026-07-28 07:01:07 [ERROR] 未设置环境变量 HUOSHAN_API_KEY，无法使用 huoshan
2026-07-28 07:01:07 [INFO] ⚠️ huoshan 未能产出满意结果，尝试下一个提供商
2026-07-28 07:01:07 [ERROR] ❌ 所有提供商均失败，返回空列表
2026-07-28 07:01:07 [INFO] 📦 JSON 已保存: reports/2026-07-28-15.json
2026-07-28 07:01:07 [INFO] ✅ AI 筛选完成，共 0 条交易相关消息
2026-07-28 08:00:56 [INFO] 🚀 开始抓取 2026-07-28 16:00 币圈新闻
2026-07-28 08:00:56 [INFO] 📡 抓取 RSS 新闻源...
2026-07-28 08:00:56 [INFO] 📡 抓取交易所公告 & 链上数据...
2026-07-28 08:00:56 [INFO]   ⏭ The Block: 过滤掉 18 条非近期新闻
2026-07-28 08:00:56 [INFO]   ⏭ Decrypt: 过滤掉 34 条非近期新闻
2026-07-28 08:00:56 [INFO]   ⏭ CoinTelegraph: 过滤掉 29 条非近期新闻
2026-07-28 08:00:56 [INFO]   ⏭ Bloomberg Crypto: 过滤掉 49 条非近期新闻
2026-07-28 08:00:56 [INFO]   ⏭ Reuters Crypto: 过滤掉 50 条非近期新闻
2026-07-28 08:00:56 [WARNING] 解析失败 Bitget公告: 'NoneType' object is not subscriptable
2026-07-28 08:00:57 [INFO]   ⏭ CNBC Crypto: 过滤掉 50 条非近期新闻
2026-07-28 08:00:57 [INFO]   ⏭ CoinDesk: 过滤掉 22 条非近期新闻
2026-07-28 08:00:57 [INFO]   ⏭ 宏观经济: 过滤掉 46 条非近期新闻
2026-07-28 08:00:57 [INFO]   ⏭ Bitcoin Magazine: 过滤掉 10 条非近期新闻
2026-07-28 08:00:57 [INFO]   ⏭ Blockworks: 过滤掉 50 条非近期新闻
2026-07-28 08:00:57 [INFO]   ⏭ Reddit r/bitcoin: 过滤掉 22 条非近期新闻
2026-07-28 08:00:57 [INFO]   ⏭ Decrypt: 过滤掉 50 条非近期新闻
2026-07-28 08:00:57 [INFO]   ⏭ Blockworks: 过滤掉 4 条非近期新闻
2026-07-28 08:00:57 [INFO]   ⏭ DeFi Llama: 过滤掉 50 条非近期新闻
2026-07-28 08:00:57 [INFO]   ⏭ 雪球加密: 过滤掉 48 条非近期新闻
2026-07-28 08:00:57 [INFO]   ⏭ DL News: 过滤掉 50 条非近期新闻
2026-07-28 08:00:57 [INFO]   ⏭ 吴说区块链: 过滤掉 46 条非近期新闻
2026-07-28 08:00:57 [INFO]   ⏭ Bitcoin Magazine: 过滤掉 50 条非近期新闻
2026-07-28 08:00:58 [INFO]   ⏭ Crypto Twitter: 过滤掉 48 条非近期新闻
2026-07-28 08:00:58 [INFO]   ⏭ PANews: 过滤掉 50 条非近期新闻
2026-07-28 08:01:00 [INFO]   ✓ CoinDesk: 3 条
2026-07-28 08:01:00 [INFO]   ✓ The Block: 1 条
2026-07-28 08:01:00 [INFO]   ✓ Decrypt: 0 条
2026-07-28 08:01:00 [INFO]   ✓ CoinTelegraph: 1 条
2026-07-28 08:01:00 [INFO]   ✓ Bitcoin Magazine: 0 条
2026-07-28 08:01:00 [INFO]   ✓ Blockworks: 0 条
2026-07-28 08:01:00 [INFO]   ✓ DL News: 0 条
2026-07-28 08:01:00 [INFO]   ✓ 金色财经: 8 条
2026-07-28 08:01:00 [INFO]   ✓ PANews: 0 条
2026-07-28 08:01:00 [INFO]   ✓ 律动BlockBeats: 20 条
2026-07-28 08:01:00 [INFO]   ✓ 吴说区块链: 0 条
2026-07-28 08:01:00 [INFO]   ✓ Bloomberg Crypto: 1 条
2026-07-28 08:01:00 [INFO]   ✓ Reuters Crypto: 0 条
2026-07-28 08:01:00 [INFO]   ✓ CNBC Crypto: 0 条
2026-07-28 08:01:00 [INFO]   ✓ Reddit r/cryptocurrency: 0 条
2026-07-28 08:01:00 [INFO]   ✓ Reddit r/bitcoin: 3 条
2026-07-28 08:01:00 [INFO]   ✓ Crypto Twitter: 2 条
2026-07-28 08:01:00 [INFO]   ✓ 宏观经济: 4 条
2026-07-28 08:01:00 [INFO]   ✓ Binance公告: 20 条
2026-07-28 08:01:00 [INFO]   ✓ OKX公告: 0 条
2026-07-28 08:01:00 [INFO]   ✓ Bitget公告: 0 条
2026-07-28 08:01:00 [INFO]   ✓ Whale Alert: 0 条
2026-07-28 08:01:00 [INFO]   ✓ Fear & Greed Index: 1 条
2026-07-28 08:01:00 [INFO]   ✓ DeFi Llama: 0 条
2026-07-28 08:01:00 [INFO]   ✓ 雪球加密: 2 条
2026-07-28 08:01:00 [INFO] 📊 共抓取 66 条新闻
2026-07-28 08:01:00 [INFO] 📋 原始新闻已保存: reports/2026-07-28-16-raw.json (66 条)
2026-07-28 08:01:00 [INFO] 📋 标题摘要已保存: reports/2026-07-28-16-raw-titles.md
2026-07-28 08:01:00 [INFO] ✅ 抓取完成，共 66 条，已保存到 reports/2026-07-28-16-raw.json
2026-07-28 08:01:00 [INFO] 🤖 开始 AI 筛选 2026-07-28 16:00 币圈消息
2026-07-28 08:01:00 [INFO] 📋 已加载原始新闻: reports/2026-07-28-16-raw.json (66 条)
2026-07-28 08:01:00 [INFO] 📚 已加载历史新闻标题（17565 字符）
2026-07-28 08:01:00 [INFO] 📚 已加载历史筛选标题 0 条、URL 0 个，用于去重
2026-07-28 08:01:00 [INFO] 🔄 尝试 AI 提供商: deepseek
2026-07-28 08:01:00 [INFO] 🤖 使用 AI 提供商: deepseek (模型: deepseek-v4-flash)
2026-07-28 08:01:00 [INFO] 🤖 AI 筛选 [[deepseek] 1/6 策略=仅标题+链接 retry=0]（66 条，11332 字符，temp=0.3）
2026-07-28 08:01:01 [ERROR] AI 调用异常 ([deepseek] 1/6 策略=仅标题+链接 retry=0): Error code: 401 - {'error': {'message': 'Authentication Fails, Your api key: ****df0d is invalid', 'type': 'authentication_error', 'param': None, 'code': 'invalid_request_error'}}
2026-07-28 08:01:01 [WARNING] [[deepseek] 1/6 策略=仅标题+链接 retry=0] AI 调用失败或解析失败，继续下一次尝试
2026-07-28 08:01:01 [INFO] 🤖 AI 筛选 [[deepseek] 2/6 策略=仅标题+链接 retry=1]（66 条，11332 字符，temp=0.3）
2026-07-28 08:01:02 [ERROR] AI 调用异常 ([deepseek] 2/6 策略=仅标题+链接 retry=1): Error code: 401 - {'error': {'message': 'Authentication Fails, Your api key: ****df0d is invalid', 'type': 'authentication_error', 'param': None, 'code': 'invalid_request_error'}}
2026-07-28 08:01:02 [WARNING] [[deepseek] 2/6 策略=仅标题+链接 retry=1] AI 调用失败或解析失败，继续下一次尝试
2026-07-28 08:01:02 [INFO] 🤖 AI 筛选 [[deepseek] 3/6 策略=仅标题+链接 retry=2]（66 条，11332 字符，temp=0.3）
2026-07-28 08:01:02 [ERROR] AI 调用异常 ([deepseek] 3/6 策略=仅标题+链接 retry=2): Error code: 401 - {'error': {'message': 'Authentication Fails, Your api key: ****df0d is invalid', 'type': 'authentication_error', 'param': None, 'code': 'invalid_request_error'}}
2026-07-28 08:01:02 [WARNING] [[deepseek] 3/6 策略=仅标题+链接 retry=2] AI 调用失败或解析失败，继续下一次尝试
2026-07-28 08:01:02 [INFO] 🤖 AI 筛选 [[deepseek] 4/6 策略=完整内容 retry=0]（66 条，20029 字符，temp=0.3）
2026-07-28 08:01:02 [ERROR] AI 调用异常 ([deepseek] 4/6 策略=完整内容 retry=0): Error code: 401 - {'error': {'message': 'Authentication Fails, Your api key: ****df0d is invalid', 'type': 'authentication_error', 'param': None, 'code': 'invalid_request_error'}}
2026-07-28 08:01:02 [WARNING] [[deepseek] 4/6 策略=完整内容 retry=0] AI 调用失败或解析失败，继续下一次尝试
2026-07-28 08:01:02 [INFO] 🤖 AI 筛选 [[deepseek] 5/6 策略=完整内容 retry=1]（66 条，20029 字符，temp=0.3）
2026-07-28 08:01:03 [ERROR] AI 调用异常 ([deepseek] 5/6 策略=完整内容 retry=1): Error code: 401 - {'error': {'message': 'Authentication Fails, Your api key: ****df0d is invalid', 'type': 'authentication_error', 'param': None, 'code': 'invalid_request_error'}}
2026-07-28 08:01:03 [WARNING] [[deepseek] 5/6 策略=完整内容 retry=1] AI 调用失败或解析失败，继续下一次尝试
2026-07-28 08:01:03 [INFO] 🤖 AI 筛选 [[deepseek] 6/6 策略=仅标题（无历史） retry=0]（66 条，11332 字符，temp=0.3）
2026-07-28 08:01:03 [ERROR] AI 调用异常 ([deepseek] 6/6 策略=仅标题（无历史） retry=0): Error code: 401 - {'error': {'message': 'Authentication Fails, Your api key: ****df0d is invalid', 'type': 'authentication_error', 'param': None, 'code': 'invalid_request_error'}}
2026-07-28 08:01:03 [WARNING] [[deepseek] 6/6 策略=仅标题（无历史） retry=0] AI 调用失败或解析失败，继续下一次尝试
2026-07-28 08:01:03 [WARNING] [deepseek] 已达最大尝试次数 6，停止
2026-07-28 08:01:03 [INFO] ⚠️ deepseek 未能产出满意结果，尝试下一个提供商
2026-07-28 08:01:03 [INFO] 🔄 尝试 AI 提供商: zhipu
2026-07-28 08:01:03 [ERROR] 未设置环境变量 ZHIPU_API_KEY，无法使用 zhipu
2026-07-28 08:01:03 [INFO] ⚠️ zhipu 未能产出满意结果，尝试下一个提供商
2026-07-28 08:01:03 [INFO] 🔄 尝试 AI 提供商: kimi
2026-07-28 08:01:03 [ERROR] 未设置环境变量 KIMI_API_KEY，无法使用 kimi
2026-07-28 08:01:03 [INFO] ⚠️ kimi 未能产出满意结果，尝试下一个提供商
2026-07-28 08:01:03 [INFO] 🔄 尝试 AI 提供商: huoshan
2026-07-28 08:01:03 [ERROR] 未设置环境变量 HUOSHAN_API_KEY，无法使用 huoshan
2026-07-28 08:01:03 [INFO] ⚠️ huoshan 未能产出满意结果，尝试下一个提供商
2026-07-28 08:01:03 [ERROR] ❌ 所有提供商均失败，返回空列表
2026-07-28 08:01:03 [INFO] 📦 JSON 已保存: reports/2026-07-28-16.json
2026-07-28 08:01:03 [INFO] ✅ AI 筛选完成，共 0 条交易相关消息
2026-07-28 09:01:03 [INFO] 🚀 开始抓取 2026-07-28 17:00 币圈新闻
2026-07-28 09:01:03 [INFO] 📡 抓取 RSS 新闻源...
2026-07-28 09:01:03 [INFO] 📡 抓取交易所公告 & 链上数据...
2026-07-28 09:01:03 [INFO]   ⏭ Decrypt: 过滤掉 34 条非近期新闻
2026-07-28 09:01:03 [INFO]   ⏭ CoinTelegraph: 过滤掉 29 条非近期新闻
2026-07-28 09:01:03 [INFO]   ⏭ The Block: 过滤掉 18 条非近期新闻
2026-07-28 09:01:03 [INFO]   ⏭ Bitcoin Magazine: 过滤掉 10 条非近期新闻
2026-07-28 09:01:03 [INFO]   ⏭ CoinDesk: 过滤掉 22 条非近期新闻
2026-07-28 09:01:03 [WARNING] 解析失败 Bitget公告: 'NoneType' object is not subscriptable
2026-07-28 09:01:04 [INFO]   ⏭ Reuters Crypto: 过滤掉 50 条非近期新闻
2026-07-28 09:01:04 [INFO]   ⏭ 宏观经济: 过滤掉 47 条非近期新闻
2026-07-28 09:01:04 [INFO]   ⏭ Blockworks: 过滤掉 50 条非近期新闻
2026-07-28 09:01:04 [INFO]   ⏭ Bloomberg Crypto: 过滤掉 50 条非近期新闻
2026-07-28 09:01:04 [INFO]   ⏭ Decrypt: 过滤掉 50 条非近期新闻
2026-07-28 09:01:04 [INFO]   ⏭ Reddit r/bitcoin: 过滤掉 22 条非近期新闻
2026-07-28 09:01:04 [INFO]   ⏭ CNBC Crypto: 过滤掉 50 条非近期新闻
2026-07-28 09:01:04 [INFO]   ⏭ DL News: 过滤掉 50 条非近期新闻
2026-07-28 09:01:04 [INFO]   ⏭ Blockworks: 过滤掉 4 条非近期新闻
2026-07-28 09:01:04 [INFO]   ⏭ Bitcoin Magazine: 过滤掉 50 条非近期新闻
2026-07-28 09:01:04 [INFO]   ⏭ 雪球加密: 过滤掉 49 条非近期新闻
2026-07-28 09:01:04 [INFO]   ⏭ DeFi Llama: 过滤掉 50 条非近期新闻
2026-07-28 09:01:04 [INFO]   ⏭ 吴说区块链: 过滤掉 46 条非近期新闻
2026-07-28 09:01:05 [INFO]   ⏭ Crypto Twitter: 过滤掉 48 条非近期新闻
2026-07-28 09:01:09 [INFO]   ⏭ 律动BlockBeats: 过滤掉 50 条非近期新闻
2026-07-28 09:01:09 [INFO]   ⏭ PANews: 过滤掉 50 条非近期新闻
2026-07-28 09:01:13 [INFO]   ✓ CoinDesk: 3 条
2026-07-28 09:01:13 [INFO]   ✓ The Block: 1 条
2026-07-28 09:01:13 [INFO]   ✓ Decrypt: 0 条
2026-07-28 09:01:13 [INFO]   ✓ CoinTelegraph: 1 条
2026-07-28 09:01:13 [INFO]   ✓ Bitcoin Magazine: 0 条
2026-07-28 09:01:13 [INFO]   ✓ Blockworks: 0 条
2026-07-28 09:01:13 [INFO]   ✓ DL News: 0 条
2026-07-28 09:01:13 [INFO]   ✓ 金色财经: 5 条
2026-07-28 09:01:13 [INFO]   ✓ PANews: 0 条
2026-07-28 09:01:13 [INFO]   ✓ 律动BlockBeats: 0 条
2026-07-28 09:01:13 [INFO]   ✓ 吴说区块链: 0 条
2026-07-28 09:01:13 [INFO]   ✓ Bloomberg Crypto: 0 条
2026-07-28 09:01:13 [INFO]   ✓ Reuters Crypto: 0 条
2026-07-28 09:01:13 [INFO]   ✓ CNBC Crypto: 0 条
2026-07-28 09:01:13 [INFO]   ✓ Reddit r/cryptocurrency: 0 条
2026-07-28 09:01:13 [INFO]   ✓ Reddit r/bitcoin: 3 条
2026-07-28 09:01:13 [INFO]   ✓ Crypto Twitter: 2 条
2026-07-28 09:01:13 [INFO]   ✓ 宏观经济: 3 条
2026-07-28 09:01:13 [INFO]   ✓ Binance公告: 20 条
2026-07-28 09:01:13 [INFO]   ✓ OKX公告: 0 条
2026-07-28 09:01:13 [INFO]   ✓ Bitget公告: 0 条
2026-07-28 09:01:13 [INFO]   ✓ Whale Alert: 0 条
2026-07-28 09:01:13 [INFO]   ✓ Fear & Greed Index: 1 条
2026-07-28 09:01:13 [INFO]   ✓ DeFi Llama: 0 条
2026-07-28 09:01:13 [INFO]   ✓ 雪球加密: 1 条
2026-07-28 09:01:13 [INFO] 📊 共抓取 40 条新闻
2026-07-28 09:01:13 [INFO] 📋 原始新闻已保存: reports/2026-07-28-17-raw.json (40 条)
2026-07-28 09:01:13 [INFO] 📋 标题摘要已保存: reports/2026-07-28-17-raw-titles.md
2026-07-28 09:01:13 [INFO] ✅ 抓取完成，共 40 条，已保存到 reports/2026-07-28-17-raw.json
2026-07-28 09:01:14 [INFO] 🤖 开始 AI 筛选 2026-07-28 17:00 币圈消息
2026-07-28 09:01:14 [INFO] 📋 已加载原始新闻: reports/2026-07-28-17-raw.json (40 条)
2026-07-28 09:01:14 [INFO] 📚 已加载历史新闻标题（19213 字符）
2026-07-28 09:01:14 [INFO] 📚 已加载历史筛选标题 0 条、URL 0 个，用于去重
2026-07-28 09:01:14 [INFO] 🔄 尝试 AI 提供商: deepseek
2026-07-28 09:01:14 [INFO] 🤖 使用 AI 提供商: deepseek (模型: deepseek-v4-flash)
2026-07-28 09:01:14 [INFO] 🤖 AI 筛选 [[deepseek] 1/6 策略=仅标题+链接 retry=0]（40 条，7976 字符，temp=0.3）
2026-07-28 09:01:15 [ERROR] AI 调用异常 ([deepseek] 1/6 策略=仅标题+链接 retry=0): Error code: 401 - {'error': {'message': 'Authentication Fails, Your api key: ****df0d is invalid', 'type': 'authentication_error', 'param': None, 'code': 'invalid_request_error'}}
2026-07-28 09:01:15 [WARNING] [[deepseek] 1/6 策略=仅标题+链接 retry=0] AI 调用失败或解析失败，继续下一次尝试
2026-07-28 09:01:15 [INFO] 🤖 AI 筛选 [[deepseek] 2/6 策略=仅标题+链接 retry=1]（40 条，7976 字符，temp=0.3）
2026-07-28 09:01:15 [ERROR] AI 调用异常 ([deepseek] 2/6 策略=仅标题+链接 retry=1): Error code: 401 - {'error': {'message': 'Authentication Fails, Your api key: ****df0d is invalid', 'type': 'authentication_error', 'param': None, 'code': 'invalid_request_error'}}
2026-07-28 09:01:15 [WARNING] [[deepseek] 2/6 策略=仅标题+链接 retry=1] AI 调用失败或解析失败，继续下一次尝试
2026-07-28 09:01:15 [INFO] 🤖 AI 筛选 [[deepseek] 3/6 策略=仅标题+链接 retry=2]（40 条，7976 字符，temp=0.3）
2026-07-28 09:01:15 [ERROR] AI 调用异常 ([deepseek] 3/6 策略=仅标题+链接 retry=2): Error code: 401 - {'error': {'message': 'Authentication Fails, Your api key: ****df0d is invalid', 'type': 'authentication_error', 'param': None, 'code': 'invalid_request_error'}}
2026-07-28 09:01:15 [WARNING] [[deepseek] 3/6 策略=仅标题+链接 retry=2] AI 调用失败或解析失败，继续下一次尝试
2026-07-28 09:01:15 [INFO] 🤖 AI 筛选 [[deepseek] 4/6 策略=完整内容 retry=0]（40 条，11782 字符，temp=0.3）
2026-07-28 09:01:16 [ERROR] AI 调用异常 ([deepseek] 4/6 策略=完整内容 retry=0): Error code: 401 - {'error': {'message': 'Authentication Fails, Your api key: ****df0d is invalid', 'type': 'authentication_error', 'param': None, 'code': 'invalid_request_error'}}
2026-07-28 09:01:16 [WARNING] [[deepseek] 4/6 策略=完整内容 retry=0] AI 调用失败或解析失败，继续下一次尝试
2026-07-28 09:01:16 [INFO] 🤖 AI 筛选 [[deepseek] 5/6 策略=完整内容 retry=1]（40 条，11782 字符，temp=0.3）
2026-07-28 09:01:16 [ERROR] AI 调用异常 ([deepseek] 5/6 策略=完整内容 retry=1): Error code: 401 - {'error': {'message': 'Authentication Fails, Your api key: ****df0d is invalid', 'type': 'authentication_error', 'param': None, 'code': 'invalid_request_error'}}
2026-07-28 09:01:16 [WARNING] [[deepseek] 5/6 策略=完整内容 retry=1] AI 调用失败或解析失败，继续下一次尝试
2026-07-28 09:01:16 [INFO] 🤖 AI 筛选 [[deepseek] 6/6 策略=仅标题（无历史） retry=0]（40 条，7976 字符，temp=0.3）
2026-07-28 09:01:17 [ERROR] AI 调用异常 ([deepseek] 6/6 策略=仅标题（无历史） retry=0): Error code: 401 - {'error': {'message': 'Authentication Fails, Your api key: ****df0d is invalid', 'type': 'authentication_error', 'param': None, 'code': 'invalid_request_error'}}
2026-07-28 09:01:17 [WARNING] [[deepseek] 6/6 策略=仅标题（无历史） retry=0] AI 调用失败或解析失败，继续下一次尝试
2026-07-28 09:01:17 [WARNING] [deepseek] 已达最大尝试次数 6，停止
2026-07-28 09:01:17 [INFO] ⚠️ deepseek 未能产出满意结果，尝试下一个提供商
2026-07-28 09:01:17 [INFO] 🔄 尝试 AI 提供商: zhipu
2026-07-28 09:01:17 [ERROR] 未设置环境变量 ZHIPU_API_KEY，无法使用 zhipu
2026-07-28 09:01:17 [INFO] ⚠️ zhipu 未能产出满意结果，尝试下一个提供商
2026-07-28 09:01:17 [INFO] 🔄 尝试 AI 提供商: kimi
2026-07-28 09:01:17 [ERROR] 未设置环境变量 KIMI_API_KEY，无法使用 kimi
2026-07-28 09:01:17 [INFO] ⚠️ kimi 未能产出满意结果，尝试下一个提供商
2026-07-28 09:01:17 [INFO] 🔄 尝试 AI 提供商: huoshan
2026-07-28 09:01:17 [ERROR] 未设置环境变量 HUOSHAN_API_KEY，无法使用 huoshan
2026-07-28 09:01:17 [INFO] ⚠️ huoshan 未能产出满意结果，尝试下一个提供商
2026-07-28 09:01:17 [ERROR] ❌ 所有提供商均失败，返回空列表
2026-07-28 09:01:17 [INFO] 📦 JSON 已保存: reports/2026-07-28-17.json
2026-07-28 09:01:17 [INFO] ✅ AI 筛选完成，共 0 条交易相关消息
2026-07-28 10:00:52 [INFO] 🚀 开始抓取 2026-07-28 18:00 币圈新闻
2026-07-28 10:00:52 [INFO] 📡 抓取 RSS 新闻源...
2026-07-28 10:00:52 [INFO] 📡 抓取交易所公告 & 链上数据...
2026-07-28 10:00:52 [INFO]   ⏭ CoinTelegraph: 过滤掉 28 条非近期新闻
2026-07-28 10:00:52 [INFO]   ⏭ Decrypt: 过滤掉 49 条非近期新闻
2026-07-28 10:00:52 [INFO]   ⏭ The Block: 过滤掉 19 条非近期新闻
2026-07-28 10:00:53 [WARNING] 解析失败 Bitget公告: 'NoneType' object is not subscriptable
2026-07-28 10:00:53 [INFO]   ⏭ Bloomberg Crypto: 过滤掉 50 条非近期新闻
2026-07-28 10:00:53 [INFO]   ⏭ Bitcoin Magazine: 过滤掉 10 条非近期新闻
2026-07-28 10:00:53 [INFO]   ⏭ CoinDesk: 过滤掉 24 条非近期新闻
2026-07-28 10:00:53 [INFO]   ⏭ 宏观经济: 过滤掉 50 条非近期新闻
2026-07-28 10:00:53 [INFO]   ⏭ Reuters Crypto: 过滤掉 50 条非近期新闻
2026-07-28 10:00:53 [INFO]   ⏭ CNBC Crypto: 过滤掉 50 条非近期新闻
2026-07-28 10:00:53 [INFO]   ⏭ Reddit r/bitcoin: 过滤掉 23 条非近期新闻
2026-07-28 10:00:53 [INFO]   ⏭ Blockworks: 过滤掉 50 条非近期新闻
2026-07-28 10:00:53 [INFO]   ⏭ DL News: 过滤掉 50 条非近期新闻
2026-07-28 10:00:53 [INFO]   ⏭ 宏观经济: 过滤掉 50 条非近期新闻
2026-07-28 10:00:54 [INFO]   ⏭ Bitcoin Magazine: 过滤掉 50 条非近期新闻
2026-07-28 10:00:54 [INFO]   ⏭ Blockworks: 过滤掉 4 条非近期新闻
2026-07-28 10:00:54 [INFO]   ⏭ 吴说区块链: 过滤掉 46 条非近期新闻
2026-07-28 10:00:54 [INFO]   ⏭ DeFi Llama: 过滤掉 50 条非近期新闻
2026-07-28 10:00:54 [INFO]   ⏭ 雪球加密: 过滤掉 49 条非近期新闻
2026-07-28 10:00:54 [INFO]   ⏭ The Block: 过滤掉 50 条非近期新闻
2026-07-28 10:00:54 [INFO]   ⏭ 律动BlockBeats: 过滤掉 50 条非近期新闻
2026-07-28 10:00:54 [INFO]   ⏭ Crypto Twitter: 过滤掉 44 条非近期新闻
2026-07-28 10:00:54 [INFO]   ⏭ PANews: 过滤掉 50 条非近期新闻
2026-07-28 10:00:56 [INFO]   ✓ CoinDesk: 1 条
2026-07-28 10:00:56 [INFO]   ✓ The Block: 0 条
2026-07-28 10:00:56 [INFO]   ✓ Decrypt: 1 条
2026-07-28 10:00:56 [INFO]   ✓ CoinTelegraph: 2 条
2026-07-28 10:00:56 [INFO]   ✓ Bitcoin Magazine: 0 条
2026-07-28 10:00:56 [INFO]   ✓ Blockworks: 0 条
2026-07-28 10:00:56 [INFO]   ✓ DL News: 0 条
2026-07-28 10:00:56 [INFO]   ✓ 金色财经: 7 条
2026-07-28 10:00:56 [INFO]   ✓ PANews: 0 条
2026-07-28 10:00:56 [INFO]   ✓ 律动BlockBeats: 0 条
2026-07-28 10:00:56 [INFO]   ✓ 吴说区块链: 0 条
2026-07-28 10:00:56 [INFO]   ✓ Bloomberg Crypto: 0 条
2026-07-28 10:00:56 [INFO]   ✓ Reuters Crypto: 0 条
2026-07-28 10:00:56 [INFO]   ✓ CNBC Crypto: 0 条
2026-07-28 10:00:56 [INFO]   ✓ Reddit r/cryptocurrency: 0 条
2026-07-28 10:00:56 [INFO]   ✓ Reddit r/bitcoin: 2 条
2026-07-28 10:00:56 [INFO]   ✓ Crypto Twitter: 6 条
2026-07-28 10:00:56 [INFO]   ✓ 宏观经济: 0 条
2026-07-28 10:00:56 [INFO]   ✓ Binance公告: 20 条
2026-07-28 10:00:56 [INFO]   ✓ OKX公告: 0 条
2026-07-28 10:00:56 [INFO]   ✓ Bitget公告: 0 条
2026-07-28 10:00:56 [INFO]   ✓ Whale Alert: 0 条
2026-07-28 10:00:56 [INFO]   ✓ Fear & Greed Index: 1 条
2026-07-28 10:00:56 [INFO]   ✓ DeFi Llama: 0 条
2026-07-28 10:00:56 [INFO]   ✓ 雪球加密: 1 条
2026-07-28 10:00:56 [INFO] 📊 共抓取 41 条新闻
2026-07-28 10:00:56 [INFO] 📋 原始新闻已保存: reports/2026-07-28-18-raw.json (41 条)
2026-07-28 10:00:56 [INFO] 📋 标题摘要已保存: reports/2026-07-28-18-raw-titles.md
2026-07-28 10:00:56 [INFO] ✅ 抓取完成，共 41 条，已保存到 reports/2026-07-28-18-raw.json
2026-07-28 10:00:57 [INFO] 🤖 开始 AI 筛选 2026-07-28 18:00 币圈消息
2026-07-28 10:00:57 [INFO] 📋 已加载原始新闻: reports/2026-07-28-18-raw.json (41 条)
2026-07-28 10:00:57 [INFO] 📚 已加载历史新闻标题（19372 字符）
2026-07-28 10:00:57 [INFO] 📚 已加载历史筛选标题 0 条、URL 0 个，用于去重
2026-07-28 10:00:57 [INFO] 🔄 尝试 AI 提供商: deepseek
2026-07-28 10:00:57 [INFO] 🤖 使用 AI 提供商: deepseek (模型: deepseek-v4-flash)
2026-07-28 10:00:57 [INFO] 🤖 AI 筛选 [[deepseek] 1/6 策略=仅标题+链接 retry=0]（41 条，7830 字符，temp=0.3）
2026-07-28 10:00:58 [ERROR] AI 调用异常 ([deepseek] 1/6 策略=仅标题+链接 retry=0): Error code: 401 - {'error': {'message': 'Authentication Fails, Your api key: ****df0d is invalid', 'type': 'authentication_error', 'param': None, 'code': 'invalid_request_error'}}
2026-07-28 10:00:58 [WARNING] [[deepseek] 1/6 策略=仅标题+链接 retry=0] AI 调用失败或解析失败，继续下一次尝试
2026-07-28 10:00:58 [INFO] 🤖 AI 筛选 [[deepseek] 2/6 策略=仅标题+链接 retry=1]（41 条，7830 字符，temp=0.3）
2026-07-28 10:00:58 [ERROR] AI 调用异常 ([deepseek] 2/6 策略=仅标题+链接 retry=1): Error code: 401 - {'error': {'message': 'Authentication Fails, Your api key: ****df0d is invalid', 'type': 'authentication_error', 'param': None, 'code': 'invalid_request_error'}}
2026-07-28 10:00:58 [WARNING] [[deepseek] 2/6 策略=仅标题+链接 retry=1] AI 调用失败或解析失败，继续下一次尝试
2026-07-28 10:00:58 [INFO] 🤖 AI 筛选 [[deepseek] 3/6 策略=仅标题+链接 retry=2]（41 条，7830 字符，temp=0.3）
2026-07-28 10:00:59 [ERROR] AI 调用异常 ([deepseek] 3/6 策略=仅标题+链接 retry=2): Error code: 401 - {'error': {'message': 'Authentication Fails, Your api key: ****df0d is invalid', 'type': 'authentication_error', 'param': None, 'code': 'invalid_request_error'}}
2026-07-28 10:00:59 [WARNING] [[deepseek] 3/6 策略=仅标题+链接 retry=2] AI 调用失败或解析失败，继续下一次尝试
2026-07-28 10:00:59 [INFO] 🤖 AI 筛选 [[deepseek] 4/6 策略=完整内容 retry=0]（41 条，12225 字符，temp=0.3）
2026-07-28 10:00:59 [ERROR] AI 调用异常 ([deepseek] 4/6 策略=完整内容 retry=0): Error code: 401 - {'error': {'message': 'Authentication Fails, Your api key: ****df0d is invalid', 'type': 'authentication_error', 'param': None, 'code': 'invalid_request_error'}}
2026-07-28 10:00:59 [WARNING] [[deepseek] 4/6 策略=完整内容 retry=0] AI 调用失败或解析失败，继续下一次尝试
2026-07-28 10:00:59 [INFO] 🤖 AI 筛选 [[deepseek] 5/6 策略=完整内容 retry=1]（41 条，12225 字符，temp=0.3）
2026-07-28 10:01:00 [ERROR] AI 调用异常 ([deepseek] 5/6 策略=完整内容 retry=1): Error code: 401 - {'error': {'message': 'Authentication Fails, Your api key: ****df0d is invalid', 'type': 'authentication_error', 'param': None, 'code': 'invalid_request_error'}}
2026-07-28 10:01:00 [WARNING] [[deepseek] 5/6 策略=完整内容 retry=1] AI 调用失败或解析失败，继续下一次尝试
2026-07-28 10:01:00 [INFO] 🤖 AI 筛选 [[deepseek] 6/6 策略=仅标题（无历史） retry=0]（41 条，7830 字符，temp=0.3）
2026-07-28 10:01:00 [ERROR] AI 调用异常 ([deepseek] 6/6 策略=仅标题（无历史） retry=0): Error code: 401 - {'error': {'message': 'Authentication Fails, Your api key: ****df0d is invalid', 'type': 'authentication_error', 'param': None, 'code': 'invalid_request_error'}}
2026-07-28 10:01:00 [WARNING] [[deepseek] 6/6 策略=仅标题（无历史） retry=0] AI 调用失败或解析失败，继续下一次尝试
2026-07-28 10:01:00 [WARNING] [deepseek] 已达最大尝试次数 6，停止
2026-07-28 10:01:00 [INFO] ⚠️ deepseek 未能产出满意结果，尝试下一个提供商
2026-07-28 10:01:00 [INFO] 🔄 尝试 AI 提供商: zhipu
2026-07-28 10:01:00 [ERROR] 未设置环境变量 ZHIPU_API_KEY，无法使用 zhipu
2026-07-28 10:01:00 [INFO] ⚠️ zhipu 未能产出满意结果，尝试下一个提供商
2026-07-28 10:01:00 [INFO] 🔄 尝试 AI 提供商: kimi
2026-07-28 10:01:00 [ERROR] 未设置环境变量 KIMI_API_KEY，无法使用 kimi
2026-07-28 10:01:00 [INFO] ⚠️ kimi 未能产出满意结果，尝试下一个提供商
2026-07-28 10:01:00 [INFO] 🔄 尝试 AI 提供商: huoshan
2026-07-28 10:01:00 [ERROR] 未设置环境变量 HUOSHAN_API_KEY，无法使用 huoshan
2026-07-28 10:01:00 [INFO] ⚠️ huoshan 未能产出满意结果，尝试下一个提供商
2026-07-28 10:01:00 [ERROR] ❌ 所有提供商均失败，返回空列表
2026-07-28 10:01:00 [INFO] 📦 JSON 已保存: reports/2026-07-28-18.json
2026-07-28 10:01:00 [INFO] ✅ AI 筛选完成，共 0 条交易相关消息
2026-07-28 11:00:58 [INFO] 🚀 开始抓取 2026-07-28 19:00 币圈新闻
2026-07-28 11:00:58 [INFO] 📡 抓取 RSS 新闻源...
2026-07-28 11:00:58 [INFO] 📡 抓取交易所公告 & 链上数据...
2026-07-28 11:00:58 [INFO]   ⏭ Decrypt: 过滤掉 48 条非近期新闻
2026-07-28 11:00:58 [INFO]   ⏭ The Block: 过滤掉 19 条非近期新闻
2026-07-28 11:00:58 [INFO]   ⏭ CoinTelegraph: 过滤掉 27 条非近期新闻
2026-07-28 11:00:58 [INFO]   ⏭ Bitcoin Magazine: 过滤掉 10 条非近期新闻
2026-07-28 11:00:58 [WARNING] 解析失败 Bitget公告: 'NoneType' object is not subscriptable
2026-07-28 11:00:58 [INFO]   ⏭ CoinDesk: 过滤掉 22 条非近期新闻
2026-07-28 11:00:58 [INFO]   ⏭ 宏观经济: 过滤掉 49 条非近期新闻
2026-07-28 11:00:58 [INFO]   ⏭ Reuters Crypto: 过滤掉 50 条非近期新闻
2026-07-28 11:00:59 [INFO]   ⏭ Blockworks: 过滤掉 50 条非近期新闻
2026-07-28 11:00:59 [INFO]   ⏭ CNBC Crypto: 过滤掉 49 条非近期新闻
2026-07-28 11:00:59 [INFO]   ⏭ Bloomberg Crypto: 过滤掉 49 条非近期新闻
2026-07-28 11:00:59 [INFO]   ⏭ Reddit r/cryptocurrency: 过滤掉 24 条非近期新闻
2026-07-28 11:00:59 [INFO]   ⏭ DL News: 过滤掉 50 条非近期新闻
2026-07-28 11:00:59 [INFO]   ⏭ Bitcoin Magazine: 过滤掉 50 条非近期新闻
2026-07-28 11:00:59 [INFO]   ⏭ Blockworks: 过滤掉 4 条非近期新闻
2026-07-28 11:00:59 [INFO]   ⏭ 吴说区块链: 过滤掉 46 条非近期新闻
2026-07-28 11:00:59 [INFO]   ⏭ DeFi Llama: 过滤掉 50 条非近期新闻
2026-07-28 11:00:59 [INFO]   ⏭ 雪球加密: 过滤掉 48 条非近期新闻
2026-07-28 11:00:59 [INFO]   ⏭ The Block: 过滤掉 50 条非近期新闻
2026-07-28 11:00:59 [INFO]   ⏭ Crypto Twitter: 过滤掉 36 条非近期新闻
2026-07-28 11:00:59 [INFO]   ⏭ 律动BlockBeats: 过滤掉 8 条非近期新闻
2026-07-28 11:00:59 [INFO]   ⏭ PANews: 过滤掉 50 条非近期新闻
2026-07-28 11:01:02 [INFO]   ⏭ 金色财经: 过滤掉 9 条非近期新闻
2026-07-28 11:01:02 [INFO]   ✓ CoinDesk: 3 条
2026-07-28 11:01:02 [INFO]   ✓ The Block: 0 条
2026-07-28 11:01:02 [INFO]   ✓ Decrypt: 2 条
2026-07-28 11:01:02 [INFO]   ✓ CoinTelegraph: 3 条
2026-07-28 11:01:02 [INFO]   ✓ Bitcoin Magazine: 0 条
2026-07-28 11:01:02 [INFO]   ✓ Blockworks: 0 条
2026-07-28 11:01:02 [INFO]   ✓ DL News: 0 条
2026-07-28 11:01:02 [INFO]   ✓ 金色财经: 11 条
2026-07-28 11:01:02 [INFO]   ✓ PANews: 0 条
2026-07-28 11:01:02 [INFO]   ✓ 律动BlockBeats: 12 条
2026-07-28 11:01:02 [INFO]   ✓ 吴说区块链: 1 条
2026-07-28 11:01:02 [INFO]   ✓ Bloomberg Crypto: 1 条
2026-07-28 11:01:02 [INFO]   ✓ Reuters Crypto: 0 条
2026-07-28 11:01:02 [INFO]   ✓ CNBC Crypto: 1 条
2026-07-28 11:01:02 [INFO]   ✓ Reddit r/cryptocurrency: 1 条
2026-07-28 11:01:02 [INFO]   ✓ Reddit r/bitcoin: 0 条
2026-07-28 11:01:02 [INFO]   ✓ Crypto Twitter: 14 条
2026-07-28 11:01:02 [INFO]   ✓ 宏观经济: 1 条
2026-07-28 11:01:02 [INFO]   ✓ Binance公告: 20 条
2026-07-28 11:01:02 [INFO]   ✓ OKX公告: 0 条
2026-07-28 11:01:02 [INFO]   ✓ Bitget公告: 0 条
2026-07-28 11:01:02 [INFO]   ✓ Whale Alert: 0 条
2026-07-28 11:01:02 [INFO]   ✓ Fear & Greed Index: 1 条
2026-07-28 11:01:02 [INFO]   ✓ DeFi Llama: 0 条
2026-07-28 11:01:02 [INFO]   ✓ 雪球加密: 2 条
2026-07-28 11:01:02 [INFO] 📊 共抓取 73 条新闻
2026-07-28 11:01:02 [INFO] 📋 原始新闻已保存: reports/2026-07-28-19-raw.json (73 条)
2026-07-28 11:01:02 [INFO] 📋 标题摘要已保存: reports/2026-07-28-19-raw-titles.md
2026-07-28 11:01:02 [INFO] ✅ 抓取完成，共 73 条，已保存到 reports/2026-07-28-19-raw.json
2026-07-28 11:01:02 [INFO] 🤖 开始 AI 筛选 2026-07-28 19:00 币圈消息
2026-07-28 11:01:02 [INFO] 📋 已加载原始新闻: reports/2026-07-28-19-raw.json (73 条)
2026-07-28 11:01:02 [INFO] 📚 已加载历史新闻标题（19748 字符）
2026-07-28 11:01:02 [INFO] 📚 已加载历史筛选标题 0 条、URL 0 个，用于去重
2026-07-28 11:01:02 [INFO] 🔄 尝试 AI 提供商: deepseek
2026-07-28 11:01:02 [INFO] 🤖 使用 AI 提供商: deepseek (模型: deepseek-v4-flash)
2026-07-28 11:01:02 [INFO] 🤖 AI 筛选 [[deepseek] 1/6 策略=仅标题+链接 retry=0]（73 条，15431 字符，temp=0.3）
2026-07-28 11:01:03 [ERROR] AI 调用异常 ([deepseek] 1/6 策略=仅标题+链接 retry=0): Error code: 401 - {'error': {'message': 'Authentication Fails, Your api key: ****df0d is invalid', 'type': 'authentication_error', 'param': None, 'code': 'invalid_request_error'}}
2026-07-28 11:01:03 [WARNING] [[deepseek] 1/6 策略=仅标题+链接 retry=0] AI 调用失败或解析失败，继续下一次尝试
2026-07-28 11:01:03 [INFO] 🤖 AI 筛选 [[deepseek] 2/6 策略=仅标题+链接 retry=1]（73 条，15431 字符，temp=0.3）
2026-07-28 11:01:03 [ERROR] AI 调用异常 ([deepseek] 2/6 策略=仅标题+链接 retry=1): Error code: 401 - {'error': {'message': 'Authentication Fails, Your api key: ****df0d is invalid', 'type': 'authentication_error', 'param': None, 'code': 'invalid_request_error'}}
2026-07-28 11:01:03 [WARNING] [[deepseek] 2/6 策略=仅标题+链接 retry=1] AI 调用失败或解析失败，继续下一次尝试
2026-07-28 11:01:03 [INFO] 🤖 AI 筛选 [[deepseek] 3/6 策略=仅标题+链接 retry=2]（73 条，15431 字符，temp=0.3）
2026-07-28 11:01:04 [ERROR] AI 调用异常 ([deepseek] 3/6 策略=仅标题+链接 retry=2): Error code: 401 - {'error': {'message': 'Authentication Fails, Your api key: ****df0d is invalid', 'type': 'authentication_error', 'param': None, 'code': 'invalid_request_error'}}
2026-07-28 11:01:04 [WARNING] [[deepseek] 3/6 策略=仅标题+链接 retry=2] AI 调用失败或解析失败，继续下一次尝试
2026-07-28 11:01:04 [INFO] 🤖 AI 筛选 [[deepseek] 4/6 策略=完整内容 retry=0]（73 条，23885 字符，temp=0.3）
2026-07-28 11:01:04 [ERROR] AI 调用异常 ([deepseek] 4/6 策略=完整内容 retry=0): Error code: 401 - {'error': {'message': 'Authentication Fails, Your api key: ****df0d is invalid', 'type': 'authentication_error', 'param': None, 'code': 'invalid_request_error'}}
2026-07-28 11:01:04 [WARNING] [[deepseek] 4/6 策略=完整内容 retry=0] AI 调用失败或解析失败，继续下一次尝试
2026-07-28 11:01:04 [INFO] 🤖 AI 筛选 [[deepseek] 5/6 策略=完整内容 retry=1]（73 条，23885 字符，temp=0.3）
2026-07-28 11:01:05 [ERROR] AI 调用异常 ([deepseek] 5/6 策略=完整内容 retry=1): Error code: 401 - {'error': {'message': 'Authentication Fails, Your api key: ****df0d is invalid', 'type': 'authentication_error', 'param': None, 'code': 'invalid_request_error'}}
2026-07-28 11:01:05 [WARNING] [[deepseek] 5/6 策略=完整内容 retry=1] AI 调用失败或解析失败，继续下一次尝试
2026-07-28 11:01:05 [INFO] 🤖 AI 筛选 [[deepseek] 6/6 策略=仅标题（无历史） retry=0]（73 条，15431 字符，temp=0.3）
2026-07-28 11:01:05 [ERROR] AI 调用异常 ([deepseek] 6/6 策略=仅标题（无历史） retry=0): Error code: 401 - {'error': {'message': 'Authentication Fails, Your api key: ****df0d is invalid', 'type': 'authentication_error', 'param': None, 'code': 'invalid_request_error'}}
2026-07-28 11:01:05 [WARNING] [[deepseek] 6/6 策略=仅标题（无历史） retry=0] AI 调用失败或解析失败，继续下一次尝试
2026-07-28 11:01:05 [WARNING] [deepseek] 已达最大尝试次数 6，停止
2026-07-28 11:01:05 [INFO] ⚠️ deepseek 未能产出满意结果，尝试下一个提供商
2026-07-28 11:01:05 [INFO] 🔄 尝试 AI 提供商: zhipu
2026-07-28 11:01:05 [ERROR] 未设置环境变量 ZHIPU_API_KEY，无法使用 zhipu
2026-07-28 11:01:05 [INFO] ⚠️ zhipu 未能产出满意结果，尝试下一个提供商
2026-07-28 11:01:05 [INFO] 🔄 尝试 AI 提供商: kimi
2026-07-28 11:01:05 [ERROR] 未设置环境变量 KIMI_API_KEY，无法使用 kimi
2026-07-28 11:01:05 [INFO] ⚠️ kimi 未能产出满意结果，尝试下一个提供商
2026-07-28 11:01:05 [INFO] 🔄 尝试 AI 提供商: huoshan
2026-07-28 11:01:05 [ERROR] 未设置环境变量 HUOSHAN_API_KEY，无法使用 huoshan
2026-07-28 11:01:05 [INFO] ⚠️ huoshan 未能产出满意结果，尝试下一个提供商
2026-07-28 11:01:05 [ERROR] ❌ 所有提供商均失败，返回空列表
2026-07-28 11:01:05 [INFO] 📦 JSON 已保存: reports/2026-07-28-19.json
2026-07-28 11:01:05 [INFO] ✅ AI 筛选完成，共 0 条交易相关消息
