2026-09-24 16:00:59 [INFO] 🚀 开始抓取 2026-09-25 00:00 币圈新闻
2026-09-24 16:00:59 [INFO] 📡 抓取 RSS 新闻源...
2026-09-24 16:00:59 [INFO] 📡 抓取交易所公告 & 链上数据...
2026-09-24 16:00:59 [INFO]   ⏭ Decrypt: 过滤掉 49 条非近期新闻
2026-09-24 16:00:59 [INFO]   ⏭ The Block: 过滤掉 19 条非近期新闻
2026-09-24 16:00:59 [INFO]   ⏭ CoinTelegraph: 过滤掉 29 条非近期新闻
2026-09-24 16:00:59 [INFO]   ⏭ Bloomberg Crypto: 过滤掉 50 条非近期新闻
2026-09-24 16:00:59 [WARNING] 解析失败 Bitget公告: 'NoneType' object is not subscriptable
2026-09-24 16:00:59 [INFO]   ⏭ Reuters Crypto: 过滤掉 50 条非近期新闻
2026-09-24 16:00:59 [INFO]   ⏭ CoinDesk: 过滤掉 20 条非近期新闻
2026-09-24 16:00:59 [INFO]   ⏭ CNBC Crypto: 过滤掉 49 条非近期新闻
2026-09-24 16:00:59 [INFO]   ⏭ Bitcoin Magazine: 过滤掉 9 条非近期新闻
2026-09-24 16:00:59 [INFO]   ⏭ 宏观经济: 过滤掉 48 条非近期新闻
2026-09-24 16:00:59 [INFO]   ⏭ Reddit r/bitcoin: 过滤掉 21 条非近期新闻
2026-09-24 16:01:00 [INFO]   ⏭ 金色财经: 过滤掉 5 条非近期新闻
2026-09-24 16:01:00 [INFO]   ⏭ DL News: 过滤掉 50 条非近期新闻
2026-09-24 16:01:00 [INFO]   ⏭ Blockworks: 过滤掉 50 条非近期新闻
2026-09-24 16:01:00 [INFO]   ⏭ Blockworks: 过滤掉 1 条非近期新闻
2026-09-24 16:01:00 [INFO]   ⏭ DeFi Llama: 过滤掉 50 条非近期新闻
2026-09-24 16:01:00 [INFO]   ⏭ 雪球加密: 过滤掉 47 条非近期新闻
2026-09-24 16:01:00 [INFO]   ⏭ 吴说区块链: 过滤掉 50 条非近期新闻
2026-09-24 16:01:01 [INFO]   ⏭ Crypto Twitter: 过滤掉 38 条非近期新闻
2026-09-24 16:01:14 [DEBUG] 请求失败 https://rsshub.rssforever.com/theblockbeats/newsflash: 
2026-09-24 16:01:14 [DEBUG] 请求失败 https://rsshub.rssforever.com/panewslab/news: 
2026-09-24 16:01:15 [DEBUG] 请求失败 https://rsshub.rssforever.com/bloomberg/crypto: 
2026-09-24 16:01:15 [INFO]   ⏭ PANews: 过滤掉 50 条非近期新闻
2026-09-24 16:01:15 [INFO]   ⏭ 律动BlockBeats: 过滤掉 50 条非近期新闻
2026-09-24 16:01:15 [INFO]   ✓ CoinDesk: 5 条
2026-09-24 16:01:15 [INFO]   ✓ The Block: 1 条
2026-09-24 16:01:15 [INFO]   ✓ Decrypt: 1 条
2026-09-24 16:01:15 [INFO]   ✓ CoinTelegraph: 1 条
2026-09-24 16:01:15 [INFO]   ✓ Bitcoin Magazine: 1 条
2026-09-24 16:01:15 [INFO]   ✓ Blockworks: 0 条
2026-09-24 16:01:15 [INFO]   ✓ DL News: 0 条
2026-09-24 16:01:15 [INFO]   ✓ 金色财经: 15 条
2026-09-24 16:01:15 [INFO]   ✓ PANews: 0 条
2026-09-24 16:01:15 [INFO]   ✓ 律动BlockBeats: 0 条
2026-09-24 16:01:15 [INFO]   ✓ 吴说区块链: 0 条
2026-09-24 16:01:15 [INFO]   ✓ Bloomberg Crypto: 0 条
2026-09-24 16:01:15 [INFO]   ✓ Reuters Crypto: 0 条
2026-09-24 16:01:15 [INFO]   ✓ CNBC Crypto: 1 条
2026-09-24 16:01:15 [INFO]   ✓ Reddit r/cryptocurrency: 0 条
2026-09-24 16:01:15 [INFO]   ✓ Reddit r/bitcoin: 4 条
2026-09-24 16:01:15 [INFO]   ✓ Crypto Twitter: 12 条
2026-09-24 16:01:15 [INFO]   ✓ 宏观经济: 2 条
2026-09-24 16:01:15 [INFO]   ✓ Binance公告: 20 条
2026-09-24 16:01:15 [INFO]   ✓ OKX公告: 0 条
2026-09-24 16:01:15 [INFO]   ✓ Bitget公告: 0 条
2026-09-24 16:01:15 [INFO]   ✓ Whale Alert: 0 条
2026-09-24 16:01:15 [INFO]   ✓ Fear & Greed Index: 1 条
2026-09-24 16:01:15 [INFO]   ✓ DeFi Llama: 0 条
2026-09-24 16:01:15 [INFO]   ✓ 雪球加密: 3 条
2026-09-24 16:01:15 [INFO] 📊 共抓取 67 条新闻
2026-09-24 16:01:15 [INFO] 📋 原始新闻已保存: reports/2026-09-25-00-raw.json (67 条)
2026-09-24 16:01:15 [INFO] 📋 标题摘要已保存: reports/2026-09-25-00-raw-titles.md
2026-09-24 16:01:15 [INFO] ✅ 抓取完成，共 67 条，已保存到 reports/2026-09-25-00-raw.json
2026-09-24 16:01:16 [INFO] 🤖 开始 AI 筛选 2026-09-25 00:00 币圈消息
2026-09-24 16:01:16 [INFO] 📋 已加载原始新闻: reports/2026-09-25-00-raw.json (67 条)
2026-09-24 16:01:16 [INFO] 📚 已加载历史新闻标题（33085 字符）
2026-09-24 16:01:16 [INFO] 📚 已加载历史筛选标题 0 条、URL 0 个，用于去重
2026-09-24 16:01:16 [INFO] 🔄 尝试 AI 提供商: deepseek
2026-09-24 16:01:16 [INFO] 🤖 使用 AI 提供商: deepseek (模型: deepseek-v4-flash)
2026-09-24 16:01:16 [INFO] 🤖 AI 筛选 [[deepseek] 1/6 策略=仅标题+链接 retry=0]（67 条，14383 字符，temp=0.3）
2026-09-24 16:01:16 [ERROR] AI 调用异常 ([deepseek] 1/6 策略=仅标题+链接 retry=0): Error code: 401 - {'error': {'message': 'Authentication Fails, Your api key: ****df0d is invalid (request_id: a712b636-2cd5-463d-b795-ad657b0d5bb5)', 'type': 'authentication_error', 'param': None, 'code': 'invalid_request_error'}}
2026-09-24 16:01:16 [WARNING] [[deepseek] 1/6 策略=仅标题+链接 retry=0] AI 调用失败或解析失败，继续下一次尝试
2026-09-24 16:01:16 [INFO] 🤖 AI 筛选 [[deepseek] 2/6 策略=仅标题+链接 retry=1]（67 条，14383 字符，temp=0.3）
2026-09-24 16:01:17 [ERROR] AI 调用异常 ([deepseek] 2/6 策略=仅标题+链接 retry=1): Error code: 401 - {'error': {'message': 'Authentication Fails, Your api key: ****df0d is invalid (request_id: d5d6bd55-bb77-44de-a9f1-929c57d091a0)', 'type': 'authentication_error', 'param': None, 'code': 'invalid_request_error'}}
2026-09-24 16:01:17 [WARNING] [[deepseek] 2/6 策略=仅标题+链接 retry=1] AI 调用失败或解析失败，继续下一次尝试
2026-09-24 16:01:17 [INFO] 🤖 AI 筛选 [[deepseek] 3/6 策略=仅标题+链接 retry=2]（67 条，14383 字符，temp=0.3）
2026-09-24 16:01:17 [ERROR] AI 调用异常 ([deepseek] 3/6 策略=仅标题+链接 retry=2): Error code: 401 - {'error': {'message': 'Authentication Fails, Your api key: ****df0d is invalid (request_id: 3cb4b56b-3f3d-42fc-9704-9ac0c7b7033d)', 'type': 'authentication_error', 'param': None, 'code': 'invalid_request_error'}}
2026-09-24 16:01:17 [WARNING] [[deepseek] 3/6 策略=仅标题+链接 retry=2] AI 调用失败或解析失败，继续下一次尝试
2026-09-24 16:01:17 [INFO] 🤖 AI 筛选 [[deepseek] 4/6 策略=完整内容 retry=0]（67 条，21160 字符，temp=0.3）
2026-09-24 16:01:18 [ERROR] AI 调用异常 ([deepseek] 4/6 策略=完整内容 retry=0): Error code: 401 - {'error': {'message': 'Authentication Fails, Your api key: ****df0d is invalid (request_id: 1cc05b66-542c-40d8-84e9-02342f775476)', 'type': 'authentication_error', 'param': None, 'code': 'invalid_request_error'}}
2026-09-24 16:01:18 [WARNING] [[deepseek] 4/6 策略=完整内容 retry=0] AI 调用失败或解析失败，继续下一次尝试
2026-09-24 16:01:18 [INFO] 🤖 AI 筛选 [[deepseek] 5/6 策略=完整内容 retry=1]（67 条，21160 字符，temp=0.3）
2026-09-24 16:01:18 [ERROR] AI 调用异常 ([deepseek] 5/6 策略=完整内容 retry=1): Error code: 401 - {'error': {'message': 'Authentication Fails, Your api key: ****df0d is invalid (request_id: 948cc82e-ada4-4c4c-ad69-9621140a382e)', 'type': 'authentication_error', 'param': None, 'code': 'invalid_request_error'}}
2026-09-24 16:01:18 [WARNING] [[deepseek] 5/6 策略=完整内容 retry=1] AI 调用失败或解析失败，继续下一次尝试
2026-09-24 16:01:18 [INFO] 🤖 AI 筛选 [[deepseek] 6/6 策略=仅标题（无历史） retry=0]（67 条，14383 字符，temp=0.3）
2026-09-24 16:01:19 [ERROR] AI 调用异常 ([deepseek] 6/6 策略=仅标题（无历史） retry=0): Error code: 401 - {'error': {'message': 'Authentication Fails, Your api key: ****df0d is invalid (request_id: cdf99928-5f55-40f8-a0d5-b9d017d95566)', 'type': 'authentication_error', 'param': None, 'code': 'invalid_request_error'}}
2026-09-24 16:01:19 [WARNING] [[deepseek] 6/6 策略=仅标题（无历史） retry=0] AI 调用失败或解析失败，继续下一次尝试
2026-09-24 16:01:19 [WARNING] [deepseek] 已达最大尝试次数 6，停止
2026-09-24 16:01:19 [INFO] ⚠️ deepseek 未能产出满意结果，尝试下一个提供商
2026-09-24 16:01:19 [INFO] 🔄 尝试 AI 提供商: zhipu
2026-09-24 16:01:19 [ERROR] 未设置环境变量 ZHIPU_API_KEY，无法使用 zhipu
2026-09-24 16:01:19 [INFO] ⚠️ zhipu 未能产出满意结果，尝试下一个提供商
2026-09-24 16:01:19 [INFO] 🔄 尝试 AI 提供商: kimi
2026-09-24 16:01:19 [ERROR] 未设置环境变量 KIMI_API_KEY，无法使用 kimi
2026-09-24 16:01:19 [INFO] ⚠️ kimi 未能产出满意结果，尝试下一个提供商
2026-09-24 16:01:19 [INFO] 🔄 尝试 AI 提供商: huoshan
2026-09-24 16:01:19 [ERROR] 未设置环境变量 HUOSHAN_API_KEY，无法使用 huoshan
2026-09-24 16:01:19 [INFO] ⚠️ huoshan 未能产出满意结果，尝试下一个提供商
2026-09-24 16:01:19 [ERROR] ❌ 所有提供商均失败，返回空列表
2026-09-24 16:01:19 [INFO] 📦 JSON 已保存: reports/2026-09-25-00.json
2026-09-24 16:01:19 [INFO] ✅ AI 筛选完成，共 0 条交易相关消息
2026-09-24 17:01:00 [INFO] 🚀 开始抓取 2026-09-25 01:00 币圈新闻
2026-09-24 17:01:00 [INFO] 📡 抓取 RSS 新闻源...
2026-09-24 17:01:00 [INFO] 📡 抓取交易所公告 & 链上数据...
2026-09-24 17:01:00 [INFO]   ⏭ Decrypt: 过滤掉 31 条非近期新闻
2026-09-24 17:01:00 [INFO]   ⏭ CoinTelegraph: 过滤掉 28 条非近期新闻
2026-09-24 17:01:00 [INFO]   ⏭ The Block: 过滤掉 18 条非近期新闻
2026-09-24 17:01:00 [INFO]   ⏭ CoinDesk: 过滤掉 22 条非近期新闻
2026-09-24 17:01:00 [WARNING] 解析失败 Bitget公告: 'NoneType' object is not subscriptable
2026-09-24 17:01:00 [INFO]   ⏭ Bitcoin Magazine: 过滤掉 9 条非近期新闻
2026-09-24 17:01:01 [INFO]   ⏭ Blockworks: 过滤掉 50 条非近期新闻
2026-09-24 17:01:01 [INFO]   ⏭ Reddit r/bitcoin: 过滤掉 22 条非近期新闻
2026-09-24 17:01:01 [INFO]   ⏭ Reuters Crypto: 过滤掉 50 条非近期新闻
2026-09-24 17:01:01 [INFO]   ⏭ Bloomberg Crypto: 过滤掉 49 条非近期新闻
2026-09-24 17:01:01 [INFO]   ⏭ CNBC Crypto: 过滤掉 50 条非近期新闻
2026-09-24 17:01:01 [INFO]   ⏭ 宏观经济: 过滤掉 47 条非近期新闻
2026-09-24 17:01:01 [INFO]   ⏭ 律动BlockBeats: 过滤掉 10 条非近期新闻
2026-09-24 17:01:01 [INFO]   ⏭ DL News: 过滤掉 50 条非近期新闻
2026-09-24 17:01:01 [INFO]   ⏭ Blockworks: 过滤掉 1 条非近期新闻
2026-09-24 17:01:01 [INFO]   ⏭ DeFi Llama: 过滤掉 50 条非近期新闻
2026-09-24 17:01:02 [INFO]   ⏭ 吴说区块链: 过滤掉 50 条非近期新闻
2026-09-24 17:01:02 [INFO]   ⏭ 雪球加密: 过滤掉 47 条非近期新闻
2026-09-24 17:01:02 [INFO]   ⏭ Crypto Twitter: 过滤掉 40 条非近期新闻
2026-09-24 17:01:04 [INFO]   ⏭ PANews: 过滤掉 50 条非近期新闻
2026-09-24 17:01:04 [INFO]   ✓ CoinDesk: 3 条
2026-09-24 17:01:04 [INFO]   ✓ The Block: 1 条
2026-09-24 17:01:04 [INFO]   ✓ Decrypt: 3 条
2026-09-24 17:01:04 [INFO]   ✓ CoinTelegraph: 2 条
2026-09-24 17:01:04 [INFO]   ✓ Bitcoin Magazine: 1 条
2026-09-24 17:01:04 [INFO]   ✓ Blockworks: 0 条
2026-09-24 17:01:04 [INFO]   ✓ DL News: 0 条
2026-09-24 17:01:04 [INFO]   ✓ 金色财经: 6 条
2026-09-24 17:01:04 [INFO]   ✓ PANews: 0 条
2026-09-24 17:01:04 [INFO]   ✓ 律动BlockBeats: 10 条
2026-09-24 17:01:04 [INFO]   ✓ 吴说区块链: 0 条
2026-09-24 17:01:04 [INFO]   ✓ Bloomberg Crypto: 1 条
2026-09-24 17:01:04 [INFO]   ✓ Reuters Crypto: 0 条
2026-09-24 17:01:04 [INFO]   ✓ CNBC Crypto: 0 条
2026-09-24 17:01:04 [INFO]   ✓ Reddit r/cryptocurrency: 0 条
2026-09-24 17:01:04 [INFO]   ✓ Reddit r/bitcoin: 3 条
2026-09-24 17:01:04 [INFO]   ✓ Crypto Twitter: 10 条
2026-09-24 17:01:04 [INFO]   ✓ 宏观经济: 3 条
2026-09-24 17:01:04 [INFO]   ✓ Binance公告: 20 条
2026-09-24 17:01:04 [INFO]   ✓ OKX公告: 0 条
2026-09-24 17:01:04 [INFO]   ✓ Bitget公告: 0 条
2026-09-24 17:01:04 [INFO]   ✓ Whale Alert: 0 条
2026-09-24 17:01:04 [INFO]   ✓ Fear & Greed Index: 1 条
2026-09-24 17:01:04 [INFO]   ✓ DeFi Llama: 0 条
2026-09-24 17:01:04 [INFO]   ✓ 雪球加密: 3 条
2026-09-24 17:01:04 [INFO] 📊 共抓取 67 条新闻
2026-09-24 17:01:04 [INFO] 📋 原始新闻已保存: reports/2026-09-25-01-raw.json (67 条)
2026-09-24 17:01:04 [INFO] 📋 标题摘要已保存: reports/2026-09-25-01-raw-titles.md
2026-09-24 17:01:04 [INFO] ✅ 抓取完成，共 67 条，已保存到 reports/2026-09-25-01-raw.json
2026-09-24 17:01:04 [INFO] 🤖 开始 AI 筛选 2026-09-25 01:00 币圈消息
2026-09-24 17:01:04 [INFO] 📋 已加载原始新闻: reports/2026-09-25-01-raw.json (67 条)
2026-09-24 17:01:04 [INFO] 📚 已加载历史新闻标题（32365 字符）
2026-09-24 17:01:04 [INFO] 📚 已加载历史筛选标题 0 条、URL 0 个，用于去重
2026-09-24 17:01:04 [INFO] 🔄 尝试 AI 提供商: deepseek
2026-09-24 17:01:04 [INFO] 🤖 使用 AI 提供商: deepseek (模型: deepseek-v4-flash)
2026-09-24 17:01:04 [INFO] 🤖 AI 筛选 [[deepseek] 1/6 策略=仅标题+链接 retry=0]（67 条，14262 字符，temp=0.3）
2026-09-24 17:01:05 [ERROR] AI 调用异常 ([deepseek] 1/6 策略=仅标题+链接 retry=0): Error code: 401 - {'error': {'message': 'Authentication Fails, Your api key: ****df0d is invalid (request_id: 1f3886ab-0d0d-4dcb-a2de-d23befc9f3c1)', 'type': 'authentication_error', 'param': None, 'code': 'invalid_request_error'}}
2026-09-24 17:01:05 [WARNING] [[deepseek] 1/6 策略=仅标题+链接 retry=0] AI 调用失败或解析失败，继续下一次尝试
2026-09-24 17:01:05 [INFO] 🤖 AI 筛选 [[deepseek] 2/6 策略=仅标题+链接 retry=1]（67 条，14262 字符，temp=0.3）
2026-09-24 17:01:05 [ERROR] AI 调用异常 ([deepseek] 2/6 策略=仅标题+链接 retry=1): Error code: 401 - {'error': {'message': 'Authentication Fails, Your api key: ****df0d is invalid (request_id: bec97879-2b79-4c18-a8a4-2f9411ee4687)', 'type': 'authentication_error', 'param': None, 'code': 'invalid_request_error'}}
2026-09-24 17:01:05 [WARNING] [[deepseek] 2/6 策略=仅标题+链接 retry=1] AI 调用失败或解析失败，继续下一次尝试
2026-09-24 17:01:05 [INFO] 🤖 AI 筛选 [[deepseek] 3/6 策略=仅标题+链接 retry=2]（67 条，14262 字符，temp=0.3）
2026-09-24 17:01:06 [ERROR] AI 调用异常 ([deepseek] 3/6 策略=仅标题+链接 retry=2): Error code: 401 - {'error': {'message': 'Authentication Fails, Your api key: ****df0d is invalid (request_id: 0b9a927c-b0e6-4ac7-bd37-a67627069eff)', 'type': 'authentication_error', 'param': None, 'code': 'invalid_request_error'}}
2026-09-24 17:01:06 [WARNING] [[deepseek] 3/6 策略=仅标题+链接 retry=2] AI 调用失败或解析失败，继续下一次尝试
2026-09-24 17:01:06 [INFO] 🤖 AI 筛选 [[deepseek] 4/6 策略=完整内容 retry=0]（67 条，21868 字符，temp=0.3）
2026-09-24 17:01:06 [ERROR] AI 调用异常 ([deepseek] 4/6 策略=完整内容 retry=0): Error code: 401 - {'error': {'message': 'Authentication Fails, Your api key: ****df0d is invalid (request_id: 8dcbdac7-c3c0-4a14-9710-59bfa1c7ed20)', 'type': 'authentication_error', 'param': None, 'code': 'invalid_request_error'}}
2026-09-24 17:01:06 [WARNING] [[deepseek] 4/6 策略=完整内容 retry=0] AI 调用失败或解析失败，继续下一次尝试
2026-09-24 17:01:06 [INFO] 🤖 AI 筛选 [[deepseek] 5/6 策略=完整内容 retry=1]（67 条，21868 字符，temp=0.3）
2026-09-24 17:01:07 [ERROR] AI 调用异常 ([deepseek] 5/6 策略=完整内容 retry=1): Error code: 401 - {'error': {'message': 'Authentication Fails, Your api key: ****df0d is invalid (request_id: 75de9594-5aed-40ac-abc0-2c67db1236d3)', 'type': 'authentication_error', 'param': None, 'code': 'invalid_request_error'}}
2026-09-24 17:01:07 [WARNING] [[deepseek] 5/6 策略=完整内容 retry=1] AI 调用失败或解析失败，继续下一次尝试
2026-09-24 17:01:07 [INFO] 🤖 AI 筛选 [[deepseek] 6/6 策略=仅标题（无历史） retry=0]（67 条，14262 字符，temp=0.3）
2026-09-24 17:01:07 [ERROR] AI 调用异常 ([deepseek] 6/6 策略=仅标题（无历史） retry=0): Error code: 401 - {'error': {'message': 'Authentication Fails, Your api key: ****df0d is invalid (request_id: 034cda5d-96df-4c8f-a799-b3306bd87c47)', 'type': 'authentication_error', 'param': None, 'code': 'invalid_request_error'}}
2026-09-24 17:01:07 [WARNING] [[deepseek] 6/6 策略=仅标题（无历史） retry=0] AI 调用失败或解析失败，继续下一次尝试
2026-09-24 17:01:07 [WARNING] [deepseek] 已达最大尝试次数 6，停止
2026-09-24 17:01:07 [INFO] ⚠️ deepseek 未能产出满意结果，尝试下一个提供商
2026-09-24 17:01:07 [INFO] 🔄 尝试 AI 提供商: zhipu
2026-09-24 17:01:07 [ERROR] 未设置环境变量 ZHIPU_API_KEY，无法使用 zhipu
2026-09-24 17:01:07 [INFO] ⚠️ zhipu 未能产出满意结果，尝试下一个提供商
2026-09-24 17:01:07 [INFO] 🔄 尝试 AI 提供商: kimi
2026-09-24 17:01:07 [ERROR] 未设置环境变量 KIMI_API_KEY，无法使用 kimi
2026-09-24 17:01:07 [INFO] ⚠️ kimi 未能产出满意结果，尝试下一个提供商
2026-09-24 17:01:07 [INFO] 🔄 尝试 AI 提供商: huoshan
2026-09-24 17:01:07 [ERROR] 未设置环境变量 HUOSHAN_API_KEY，无法使用 huoshan
2026-09-24 17:01:07 [INFO] ⚠️ huoshan 未能产出满意结果，尝试下一个提供商
2026-09-24 17:01:07 [ERROR] ❌ 所有提供商均失败，返回空列表
2026-09-24 17:01:07 [INFO] 📦 JSON 已保存: reports/2026-09-25-01.json
2026-09-24 17:01:07 [INFO] ✅ AI 筛选完成，共 0 条交易相关消息
2026-09-24 18:01:00 [INFO] 🚀 开始抓取 2026-09-25 02:00 币圈新闻
2026-09-24 18:01:00 [INFO] 📡 抓取 RSS 新闻源...
2026-09-24 18:01:00 [INFO] 📡 抓取交易所公告 & 链上数据...
2026-09-24 18:01:00 [INFO]   ⏭ Decrypt: 过滤掉 30 条非近期新闻
2026-09-24 18:01:00 [INFO]   ⏭ The Block: 过滤掉 18 条非近期新闻
2026-09-24 18:01:00 [INFO]   ⏭ CoinTelegraph: 过滤掉 28 条非近期新闻
2026-09-24 18:01:01 [INFO]   ⏭ Bloomberg Crypto: 过滤掉 49 条非近期新闻
2026-09-24 18:01:01 [INFO]   ⏭ 宏观经济: 过滤掉 46 条非近期新闻
2026-09-24 18:01:01 [INFO]   ⏭ Reuters Crypto: 过滤掉 50 条非近期新闻
2026-09-24 18:01:01 [INFO]   ⏭ CoinDesk: 过滤掉 25 条非近期新闻
2026-09-24 18:01:01 [INFO]   ⏭ CNBC Crypto: 过滤掉 50 条非近期新闻
2026-09-24 18:01:01 [INFO]   ⏭ Bitcoin Magazine: 过滤掉 9 条非近期新闻
2026-09-24 18:01:01 [WARNING] 解析失败 Bitget公告: 'NoneType' object is not subscriptable
2026-09-24 18:01:01 [INFO]   ⏭ Reddit r/cryptocurrency: 过滤掉 25 条非近期新闻
2026-09-24 18:01:01 [INFO]   ⏭ 律动BlockBeats: 过滤掉 14 条非近期新闻
2026-09-24 18:01:01 [INFO]   ⏭ DL News: 过滤掉 50 条非近期新闻
2026-09-24 18:01:01 [INFO]   ⏭ DeFi Llama: 过滤掉 50 条非近期新闻
2026-09-24 18:01:02 [INFO]   ⏭ 吴说区块链: 过滤掉 50 条非近期新闻
2026-09-24 18:01:02 [INFO]   ⏭ 雪球加密: 过滤掉 50 条非近期新闻
2026-09-24 18:01:02 [INFO]   ⏭ CoinDesk: 过滤掉 50 条非近期新闻
2026-09-24 18:01:02 [INFO]   ⏭ Crypto Twitter: 过滤掉 43 条非近期新闻
2026-09-24 18:01:04 [INFO]   ⏭ Blockworks: 过滤掉 50 条非近期新闻
2026-09-24 18:01:04 [INFO]   ⏭ Blockworks: 过滤掉 1 条非近期新闻
2026-09-24 18:01:09 [INFO]   ⏭ PANews: 过滤掉 50 条非近期新闻
2026-09-24 18:01:16 [DEBUG] 请求失败 https://rsshub.rssforever.com/jinse/lives: 
2026-09-24 18:01:16 [INFO]   ✓ CoinDesk: 0 条
2026-09-24 18:01:16 [INFO]   ✓ The Block: 1 条
2026-09-24 18:01:16 [INFO]   ✓ Decrypt: 4 条
2026-09-24 18:01:16 [INFO]   ✓ CoinTelegraph: 2 条
2026-09-24 18:01:16 [INFO]   ✓ Bitcoin Magazine: 1 条
2026-09-24 18:01:16 [INFO]   ✓ Blockworks: 0 条
2026-09-24 18:01:16 [INFO]   ✓ DL News: 0 条
2026-09-24 18:01:16 [INFO]   ✓ 金色财经: 0 条
2026-09-24 18:01:16 [INFO]   ✓ PANews: 0 条
2026-09-24 18:01:16 [INFO]   ✓ 律动BlockBeats: 6 条
2026-09-24 18:01:16 [INFO]   ✓ 吴说区块链: 0 条
2026-09-24 18:01:16 [INFO]   ✓ Bloomberg Crypto: 1 条
2026-09-24 18:01:16 [INFO]   ✓ Reuters Crypto: 0 条
2026-09-24 18:01:16 [INFO]   ✓ CNBC Crypto: 0 条
2026-09-24 18:01:16 [INFO]   ✓ Reddit r/cryptocurrency: 0 条
2026-09-24 18:01:16 [INFO]   ✓ Reddit r/bitcoin: 0 条
2026-09-24 18:01:16 [INFO]   ✓ Crypto Twitter: 7 条
2026-09-24 18:01:16 [INFO]   ✓ 宏观经济: 4 条
2026-09-24 18:01:16 [INFO]   ✓ Binance公告: 20 条
2026-09-24 18:01:16 [INFO]   ✓ OKX公告: 0 条
2026-09-24 18:01:16 [INFO]   ✓ Bitget公告: 0 条
2026-09-24 18:01:16 [INFO]   ✓ Whale Alert: 0 条
2026-09-24 18:01:16 [INFO]   ✓ Fear & Greed Index: 1 条
2026-09-24 18:01:16 [INFO]   ✓ DeFi Llama: 0 条
2026-09-24 18:01:16 [INFO]   ✓ 雪球加密: 0 条
2026-09-24 18:01:16 [INFO] 📊 共抓取 47 条新闻
2026-09-24 18:01:16 [INFO] 📋 原始新闻已保存: reports/2026-09-25-02-raw.json (47 条)
2026-09-24 18:01:16 [INFO] 📋 标题摘要已保存: reports/2026-09-25-02-raw-titles.md
2026-09-24 18:01:16 [INFO] ✅ 抓取完成，共 47 条，已保存到 reports/2026-09-25-02-raw.json
2026-09-24 18:01:17 [INFO] 🤖 开始 AI 筛选 2026-09-25 02:00 币圈消息
2026-09-24 18:01:17 [INFO] 📋 已加载原始新闻: reports/2026-09-25-02-raw.json (47 条)
2026-09-24 18:01:17 [INFO] 📚 已加载历史新闻标题（31425 字符）
2026-09-24 18:01:17 [INFO] 📚 已加载历史筛选标题 0 条、URL 0 个，用于去重
2026-09-24 18:01:17 [INFO] 🔄 尝试 AI 提供商: deepseek
2026-09-24 18:01:17 [INFO] 🤖 使用 AI 提供商: deepseek (模型: deepseek-v4-flash)
2026-09-24 18:01:17 [INFO] 🤖 AI 筛选 [[deepseek] 1/6 策略=仅标题+链接 retry=0]（47 条，10469 字符，temp=0.3）
2026-09-24 18:01:17 [ERROR] AI 调用异常 ([deepseek] 1/6 策略=仅标题+链接 retry=0): Error code: 401 - {'error': {'message': 'Authentication Fails, Your api key: ****df0d is invalid (request_id: 0123bd9b-781d-4bfe-bd36-283db5d7bd93)', 'type': 'authentication_error', 'param': None, 'code': 'invalid_request_error'}}
2026-09-24 18:01:17 [WARNING] [[deepseek] 1/6 策略=仅标题+链接 retry=0] AI 调用失败或解析失败，继续下一次尝试
2026-09-24 18:01:17 [INFO] 🤖 AI 筛选 [[deepseek] 2/6 策略=仅标题+链接 retry=1]（47 条，10469 字符，temp=0.3）
2026-09-24 18:01:18 [ERROR] AI 调用异常 ([deepseek] 2/6 策略=仅标题+链接 retry=1): Error code: 401 - {'error': {'message': 'Authentication Fails, Your api key: ****df0d is invalid (request_id: 45138c76-a40c-463b-a391-b73c34f22773)', 'type': 'authentication_error', 'param': None, 'code': 'invalid_request_error'}}
2026-09-24 18:01:18 [WARNING] [[deepseek] 2/6 策略=仅标题+链接 retry=1] AI 调用失败或解析失败，继续下一次尝试
2026-09-24 18:01:18 [INFO] 🤖 AI 筛选 [[deepseek] 3/6 策略=仅标题+链接 retry=2]（47 条，10469 字符，temp=0.3）
2026-09-24 18:01:18 [ERROR] AI 调用异常 ([deepseek] 3/6 策略=仅标题+链接 retry=2): Error code: 401 - {'error': {'message': 'Authentication Fails, Your api key: ****df0d is invalid (request_id: 7567f252-35c4-4197-91d0-d79436566f6d)', 'type': 'authentication_error', 'param': None, 'code': 'invalid_request_error'}}
2026-09-24 18:01:18 [WARNING] [[deepseek] 3/6 策略=仅标题+链接 retry=2] AI 调用失败或解析失败，继续下一次尝试
2026-09-24 18:01:18 [INFO] 🤖 AI 筛选 [[deepseek] 4/6 策略=完整内容 retry=0]（47 条，15731 字符，temp=0.3）
2026-09-24 18:01:19 [ERROR] AI 调用异常 ([deepseek] 4/6 策略=完整内容 retry=0): Error code: 401 - {'error': {'message': 'Authentication Fails, Your api key: ****df0d is invalid (request_id: f17f6445-e101-455f-b0d9-f4f74b0430b7)', 'type': 'authentication_error', 'param': None, 'code': 'invalid_request_error'}}
2026-09-24 18:01:19 [WARNING] [[deepseek] 4/6 策略=完整内容 retry=0] AI 调用失败或解析失败，继续下一次尝试
2026-09-24 18:01:19 [INFO] 🤖 AI 筛选 [[deepseek] 5/6 策略=完整内容 retry=1]（47 条，15731 字符，temp=0.3）
2026-09-24 18:01:19 [ERROR] AI 调用异常 ([deepseek] 5/6 策略=完整内容 retry=1): Error code: 401 - {'error': {'message': 'Authentication Fails, Your api key: ****df0d is invalid (request_id: be0427bf-bc48-4f11-9b07-1f55778e453f)', 'type': 'authentication_error', 'param': None, 'code': 'invalid_request_error'}}
2026-09-24 18:01:19 [WARNING] [[deepseek] 5/6 策略=完整内容 retry=1] AI 调用失败或解析失败，继续下一次尝试
2026-09-24 18:01:19 [INFO] 🤖 AI 筛选 [[deepseek] 6/6 策略=仅标题（无历史） retry=0]（47 条，10469 字符，temp=0.3）
2026-09-24 18:01:19 [ERROR] AI 调用异常 ([deepseek] 6/6 策略=仅标题（无历史） retry=0): Error code: 401 - {'error': {'message': 'Authentication Fails, Your api key: ****df0d is invalid (request_id: ebc492e2-767e-4532-9127-1f2777588c48)', 'type': 'authentication_error', 'param': None, 'code': 'invalid_request_error'}}
2026-09-24 18:01:19 [WARNING] [[deepseek] 6/6 策略=仅标题（无历史） retry=0] AI 调用失败或解析失败，继续下一次尝试
2026-09-24 18:01:19 [WARNING] [deepseek] 已达最大尝试次数 6，停止
2026-09-24 18:01:19 [INFO] ⚠️ deepseek 未能产出满意结果，尝试下一个提供商
2026-09-24 18:01:19 [INFO] 🔄 尝试 AI 提供商: zhipu
2026-09-24 18:01:19 [ERROR] 未设置环境变量 ZHIPU_API_KEY，无法使用 zhipu
2026-09-24 18:01:19 [INFO] ⚠️ zhipu 未能产出满意结果，尝试下一个提供商
2026-09-24 18:01:19 [INFO] 🔄 尝试 AI 提供商: kimi
2026-09-24 18:01:19 [ERROR] 未设置环境变量 KIMI_API_KEY，无法使用 kimi
2026-09-24 18:01:19 [INFO] ⚠️ kimi 未能产出满意结果，尝试下一个提供商
2026-09-24 18:01:19 [INFO] 🔄 尝试 AI 提供商: huoshan
2026-09-24 18:01:19 [ERROR] 未设置环境变量 HUOSHAN_API_KEY，无法使用 huoshan
2026-09-24 18:01:19 [INFO] ⚠️ huoshan 未能产出满意结果，尝试下一个提供商
2026-09-24 18:01:19 [ERROR] ❌ 所有提供商均失败，返回空列表
2026-09-24 18:01:19 [INFO] 📦 JSON 已保存: reports/2026-09-25-02.json
2026-09-24 18:01:19 [INFO] ✅ AI 筛选完成，共 0 条交易相关消息
2026-09-24 19:00:57 [INFO] 🚀 开始抓取 2026-09-25 03:00 币圈新闻
2026-09-24 19:00:57 [INFO] 📡 抓取 RSS 新闻源...
2026-09-24 19:00:57 [INFO] 📡 抓取交易所公告 & 链上数据...
2026-09-24 19:00:58 [INFO]   ⏭ Decrypt: 过滤掉 31 条非近期新闻
2026-09-24 19:00:58 [INFO]   ⏭ CoinTelegraph: 过滤掉 28 条非近期新闻
2026-09-24 19:00:58 [INFO]   ⏭ The Block: 过滤掉 17 条非近期新闻
2026-09-24 19:00:58 [INFO]   ⏭ CoinDesk: 过滤掉 24 条非近期新闻
2026-09-24 19:00:58 [INFO]   ⏭ 金色财经: 过滤掉 3 条非近期新闻
2026-09-24 19:00:58 [INFO]   ⏭ Bitcoin Magazine: 过滤掉 9 条非近期新闻
2026-09-24 19:00:58 [WARNING] 解析失败 Bitget公告: 'NoneType' object is not subscriptable
2026-09-24 19:00:58 [INFO]   ⏭ Bloomberg Crypto: 过滤掉 50 条非近期新闻
2026-09-24 19:00:58 [INFO]   ⏭ Reuters Crypto: 过滤掉 50 条非近期新闻
2026-09-24 19:00:58 [INFO]   ⏭ Blockworks: 过滤掉 50 条非近期新闻
2026-09-24 19:00:58 [INFO]   ⏭ Reddit r/cryptocurrency: 过滤掉 24 条非近期新闻
2026-09-24 19:00:58 [INFO]   ⏭ CNBC Crypto: 过滤掉 48 条非近期新闻
2026-09-24 19:00:59 [INFO]   ⏭ 宏观经济: 过滤掉 49 条非近期新闻
2026-09-24 19:00:59 [INFO]   ⏭ Blockworks: 过滤掉 1 条非近期新闻
2026-09-24 19:00:59 [INFO]   ⏭ DeFi Llama: 过滤掉 50 条非近期新闻
2026-09-24 19:00:59 [INFO]   ⏭ DL News: 过滤掉 50 条非近期新闻
2026-09-24 19:00:59 [INFO]   ⏭ Crypto Twitter: 过滤掉 46 条非近期新闻
2026-09-24 19:00:59 [INFO]   ⏭ 雪球加密: 过滤掉 50 条非近期新闻
2026-09-24 19:00:59 [INFO]   ⏭ 吴说区块链: 过滤掉 50 条非近期新闻
2026-09-24 19:01:10 [INFO]   ⏭ 律动BlockBeats: 过滤掉 20 条非近期新闻
2026-09-24 19:01:11 [INFO]   ⏭ PANews: 过滤掉 50 条非近期新闻
2026-09-24 19:01:11 [INFO]   ⏭ 律动BlockBeats: 过滤掉 50 条非近期新闻
2026-09-24 19:01:11 [INFO]   ✓ CoinDesk: 1 条
2026-09-24 19:01:11 [INFO]   ✓ The Block: 2 条
2026-09-24 19:01:11 [INFO]   ✓ Decrypt: 3 条
2026-09-24 19:01:11 [INFO]   ✓ CoinTelegraph: 2 条
2026-09-24 19:01:11 [INFO]   ✓ Bitcoin Magazine: 1 条
2026-09-24 19:01:11 [INFO]   ✓ Blockworks: 0 条
2026-09-24 19:01:11 [INFO]   ✓ DL News: 0 条
2026-09-24 19:01:11 [INFO]   ✓ 金色财经: 6 条
2026-09-24 19:01:11 [INFO]   ✓ PANews: 0 条
2026-09-24 19:01:11 [INFO]   ✓ 律动BlockBeats: 0 条
2026-09-24 19:01:11 [INFO]   ✓ 吴说区块链: 0 条
2026-09-24 19:01:11 [INFO]   ✓ Bloomberg Crypto: 0 条
2026-09-24 19:01:11 [INFO]   ✓ Reuters Crypto: 0 条
2026-09-24 19:01:11 [INFO]   ✓ CNBC Crypto: 2 条
2026-09-24 19:01:11 [INFO]   ✓ Reddit r/cryptocurrency: 1 条
2026-09-24 19:01:11 [INFO]   ✓ Reddit r/bitcoin: 0 条
2026-09-24 19:01:11 [INFO]   ✓ Crypto Twitter: 4 条
2026-09-24 19:01:11 [INFO]   ✓ 宏观经济: 1 条
2026-09-24 19:01:11 [INFO]   ✓ Binance公告: 20 条
2026-09-24 19:01:11 [INFO]   ✓ OKX公告: 0 条
2026-09-24 19:01:11 [INFO]   ✓ Bitget公告: 0 条
2026-09-24 19:01:11 [INFO]   ✓ Whale Alert: 0 条
2026-09-24 19:01:11 [INFO]   ✓ Fear & Greed Index: 1 条
2026-09-24 19:01:11 [INFO]   ✓ DeFi Llama: 0 条
2026-09-24 19:01:11 [INFO]   ✓ 雪球加密: 0 条
2026-09-24 19:01:11 [INFO] 📊 共抓取 44 条新闻
2026-09-24 19:01:11 [INFO] 📋 原始新闻已保存: reports/2026-09-25-03-raw.json (44 条)
2026-09-24 19:01:11 [INFO] 📋 标题摘要已保存: reports/2026-09-25-03-raw-titles.md
2026-09-24 19:01:11 [INFO] ✅ 抓取完成，共 44 条，已保存到 reports/2026-09-25-03-raw.json
2026-09-24 19:01:12 [INFO] 🤖 开始 AI 筛选 2026-09-25 03:00 币圈消息
2026-09-24 19:01:12 [INFO] 📋 已加载原始新闻: reports/2026-09-25-03-raw.json (44 条)
2026-09-24 19:01:12 [INFO] 📚 已加载历史新闻标题（29342 字符）
2026-09-24 19:01:12 [INFO] 📚 已加载历史筛选标题 0 条、URL 0 个，用于去重
2026-09-24 19:01:12 [INFO] 🔄 尝试 AI 提供商: deepseek
2026-09-24 19:01:12 [INFO] 🤖 使用 AI 提供商: deepseek (模型: deepseek-v4-flash)
2026-09-24 19:01:12 [INFO] 🤖 AI 筛选 [[deepseek] 1/6 策略=仅标题+链接 retry=0]（44 条，9414 字符，temp=0.3）
2026-09-24 19:01:12 [ERROR] AI 调用异常 ([deepseek] 1/6 策略=仅标题+链接 retry=0): Error code: 401 - {'error': {'message': 'Authentication Fails, Your api key: ****df0d is invalid (request_id: 0615479e-6d0b-4f0a-881b-c8f04f885db8)', 'type': 'authentication_error', 'param': None, 'code': 'invalid_request_error'}}
2026-09-24 19:01:12 [WARNING] [[deepseek] 1/6 策略=仅标题+链接 retry=0] AI 调用失败或解析失败，继续下一次尝试
2026-09-24 19:01:12 [INFO] 🤖 AI 筛选 [[deepseek] 2/6 策略=仅标题+链接 retry=1]（44 条，9414 字符，temp=0.3）
2026-09-24 19:01:13 [ERROR] AI 调用异常 ([deepseek] 2/6 策略=仅标题+链接 retry=1): Error code: 401 - {'error': {'message': 'Authentication Fails, Your api key: ****df0d is invalid (request_id: 72118a34-8445-4fca-a0e2-f10e2023f1a5)', 'type': 'authentication_error', 'param': None, 'code': 'invalid_request_error'}}
2026-09-24 19:01:13 [WARNING] [[deepseek] 2/6 策略=仅标题+链接 retry=1] AI 调用失败或解析失败，继续下一次尝试
2026-09-24 19:01:13 [INFO] 🤖 AI 筛选 [[deepseek] 3/6 策略=仅标题+链接 retry=2]（44 条，9414 字符，temp=0.3）
2026-09-24 19:01:14 [ERROR] AI 调用异常 ([deepseek] 3/6 策略=仅标题+链接 retry=2): Error code: 401 - {'error': {'message': 'Authentication Fails, Your api key: ****df0d is invalid (request_id: c5033b09-67a8-4db3-94c5-d56d5690cf78)', 'type': 'authentication_error', 'param': None, 'code': 'invalid_request_error'}}
2026-09-24 19:01:14 [WARNING] [[deepseek] 3/6 策略=仅标题+链接 retry=2] AI 调用失败或解析失败，继续下一次尝试
2026-09-24 19:01:14 [INFO] 🤖 AI 筛选 [[deepseek] 4/6 策略=完整内容 retry=0]（44 条，14580 字符，temp=0.3）
2026-09-24 19:01:14 [ERROR] AI 调用异常 ([deepseek] 4/6 策略=完整内容 retry=0): Error code: 401 - {'error': {'message': 'Authentication Fails, Your api key: ****df0d is invalid (request_id: c52df79a-5470-4289-b3a3-0975d7971121)', 'type': 'authentication_error', 'param': None, 'code': 'invalid_request_error'}}
2026-09-24 19:01:14 [WARNING] [[deepseek] 4/6 策略=完整内容 retry=0] AI 调用失败或解析失败，继续下一次尝试
2026-09-24 19:01:14 [INFO] 🤖 AI 筛选 [[deepseek] 5/6 策略=完整内容 retry=1]（44 条，14580 字符，temp=0.3）
2026-09-24 19:01:15 [ERROR] AI 调用异常 ([deepseek] 5/6 策略=完整内容 retry=1): Error code: 401 - {'error': {'message': 'Authentication Fails, Your api key: ****df0d is invalid (request_id: 3dfa286c-5cd3-4e52-a17d-9f77af2672f9)', 'type': 'authentication_error', 'param': None, 'code': 'invalid_request_error'}}
2026-09-24 19:01:15 [WARNING] [[deepseek] 5/6 策略=完整内容 retry=1] AI 调用失败或解析失败，继续下一次尝试
2026-09-24 19:01:15 [INFO] 🤖 AI 筛选 [[deepseek] 6/6 策略=仅标题（无历史） retry=0]（44 条，9414 字符，temp=0.3）
2026-09-24 19:01:15 [ERROR] AI 调用异常 ([deepseek] 6/6 策略=仅标题（无历史） retry=0): Error code: 401 - {'error': {'message': 'Authentication Fails, Your api key: ****df0d is invalid (request_id: a03791e1-b10e-4957-9c59-db1250fe653c)', 'type': 'authentication_error', 'param': None, 'code': 'invalid_request_error'}}
2026-09-24 19:01:15 [WARNING] [[deepseek] 6/6 策略=仅标题（无历史） retry=0] AI 调用失败或解析失败，继续下一次尝试
2026-09-24 19:01:15 [WARNING] [deepseek] 已达最大尝试次数 6，停止
2026-09-24 19:01:15 [INFO] ⚠️ deepseek 未能产出满意结果，尝试下一个提供商
2026-09-24 19:01:15 [INFO] 🔄 尝试 AI 提供商: zhipu
2026-09-24 19:01:15 [ERROR] 未设置环境变量 ZHIPU_API_KEY，无法使用 zhipu
2026-09-24 19:01:15 [INFO] ⚠️ zhipu 未能产出满意结果，尝试下一个提供商
2026-09-24 19:01:15 [INFO] 🔄 尝试 AI 提供商: kimi
2026-09-24 19:01:15 [ERROR] 未设置环境变量 KIMI_API_KEY，无法使用 kimi
2026-09-24 19:01:15 [INFO] ⚠️ kimi 未能产出满意结果，尝试下一个提供商
2026-09-24 19:01:15 [INFO] 🔄 尝试 AI 提供商: huoshan
2026-09-24 19:01:15 [ERROR] 未设置环境变量 HUOSHAN_API_KEY，无法使用 huoshan
2026-09-24 19:01:15 [INFO] ⚠️ huoshan 未能产出满意结果，尝试下一个提供商
2026-09-24 19:01:15 [ERROR] ❌ 所有提供商均失败，返回空列表
2026-09-24 19:01:15 [INFO] 📦 JSON 已保存: reports/2026-09-25-03.json
2026-09-24 19:01:15 [INFO] ✅ AI 筛选完成，共 0 条交易相关消息
2026-09-24 20:00:55 [INFO] 🚀 开始抓取 2026-09-25 04:00 币圈新闻
2026-09-24 20:00:55 [INFO] 📡 抓取 RSS 新闻源...
2026-09-24 20:00:55 [INFO] 📡 抓取交易所公告 & 链上数据...
2026-09-24 20:00:55 [INFO]   ⏭ Decrypt: 过滤掉 32 条非近期新闻
2026-09-24 20:00:55 [INFO]   ⏭ The Block: 过滤掉 16 条非近期新闻
2026-09-24 20:00:55 [INFO]   ⏭ CoinTelegraph: 过滤掉 29 条非近期新闻
2026-09-24 20:00:56 [INFO]   ⏭ CoinDesk: 过滤掉 24 条非近期新闻
2026-09-24 20:00:56 [WARNING] 解析失败 Bitget公告: 'NoneType' object is not subscriptable
2026-09-24 20:00:56 [INFO]   ⏭ CNBC Crypto: 过滤掉 48 条非近期新闻
2026-09-24 20:00:56 [INFO]   ⏭ Bloomberg Crypto: 过滤掉 50 条非近期新闻
2026-09-24 20:00:56 [INFO]   ⏭ Blockworks: 过滤掉 50 条非近期新闻
2026-09-24 20:00:56 [INFO]   ⏭ 宏观经济: 过滤掉 47 条非近期新闻
2026-09-24 20:00:56 [INFO]   ⏭ Reuters Crypto: 过滤掉 50 条非近期新闻
2026-09-24 20:00:56 [INFO]   ⏭ Reddit r/bitcoin: 过滤掉 23 条非近期新闻
2026-09-24 20:00:56 [INFO]   ⏭ DeFi Llama: 过滤掉 50 条非近期新闻
2026-09-24 20:00:56 [INFO]   ⏭ 金色财经: 过滤掉 13 条非近期新闻
2026-09-24 20:00:56 [INFO]   ⏭ DL News: 过滤掉 50 条非近期新闻
2026-09-24 20:00:56 [INFO]   ⏭ 雪球加密: 过滤掉 50 条非近期新闻
2026-09-24 20:00:56 [INFO]   ⏭ Blockworks: 过滤掉 1 条非近期新闻
2026-09-24 20:00:57 [INFO]   ⏭ 吴说区块链: 过滤掉 50 条非近期新闻
2026-09-24 20:00:57 [INFO]   ⏭ Crypto Twitter: 过滤掉 42 条非近期新闻
2026-09-24 20:00:57 [INFO]   ⏭ Bitcoin Magazine: 过滤掉 6 条非近期新闻
2026-09-24 20:01:09 [INFO]   ⏭ 律动BlockBeats: 过滤掉 20 条非近期新闻
2026-09-24 20:01:09 [INFO]   ⏭ PANews: 过滤掉 50 条非近期新闻
2026-09-24 20:01:09 [INFO]   ⏭ 律动BlockBeats: 过滤掉 50 条非近期新闻
2026-09-24 20:01:11 [DEBUG] 请求失败 https://rsshub.rssforever.com/bloomberg/crypto: 
2026-09-24 20:01:11 [INFO]   ✓ CoinDesk: 1 条
2026-09-24 20:01:11 [INFO]   ✓ The Block: 3 条
2026-09-24 20:01:11 [INFO]   ✓ Decrypt: 2 条
2026-09-24 20:01:11 [INFO]   ✓ CoinTelegraph: 1 条
2026-09-24 20:01:11 [INFO]   ✓ Bitcoin Magazine: 4 条
2026-09-24 20:01:11 [INFO]   ✓ Blockworks: 0 条
2026-09-24 20:01:11 [INFO]   ✓ DL News: 0 条
2026-09-24 20:01:11 [INFO]   ✓ 金色财经: 7 条
2026-09-24 20:01:11 [INFO]   ✓ PANews: 0 条
2026-09-24 20:01:11 [INFO]   ✓ 律动BlockBeats: 0 条
2026-09-24 20:01:11 [INFO]   ✓ 吴说区块链: 0 条
2026-09-24 20:01:11 [INFO]   ✓ Bloomberg Crypto: 0 条
2026-09-24 20:01:11 [INFO]   ✓ Reuters Crypto: 0 条
2026-09-24 20:01:11 [INFO]   ✓ CNBC Crypto: 2 条
2026-09-24 20:01:11 [INFO]   ✓ Reddit r/cryptocurrency: 0 条
2026-09-24 20:01:11 [INFO]   ✓ Reddit r/bitcoin: 2 条
2026-09-24 20:01:11 [INFO]   ✓ Crypto Twitter: 8 条
2026-09-24 20:01:11 [INFO]   ✓ 宏观经济: 3 条
2026-09-24 20:01:11 [INFO]   ✓ Binance公告: 20 条
2026-09-24 20:01:11 [INFO]   ✓ OKX公告: 0 条
2026-09-24 20:01:11 [INFO]   ✓ Bitget公告: 0 条
2026-09-24 20:01:11 [INFO]   ✓ Whale Alert: 0 条
2026-09-24 20:01:11 [INFO]   ✓ Fear & Greed Index: 1 条
2026-09-24 20:01:11 [INFO]   ✓ DeFi Llama: 0 条
2026-09-24 20:01:11 [INFO]   ✓ 雪球加密: 0 条
2026-09-24 20:01:11 [INFO] 📊 共抓取 54 条新闻
2026-09-24 20:01:11 [INFO] 📋 原始新闻已保存: reports/2026-09-25-04-raw.json (54 条)
2026-09-24 20:01:11 [INFO] 📋 标题摘要已保存: reports/2026-09-25-04-raw-titles.md
2026-09-24 20:01:11 [INFO] ✅ 抓取完成，共 54 条，已保存到 reports/2026-09-25-04-raw.json
2026-09-24 20:01:12 [INFO] 🤖 开始 AI 筛选 2026-09-25 04:00 币圈消息
2026-09-24 20:01:12 [INFO] 📋 已加载原始新闻: reports/2026-09-25-04-raw.json (54 条)
2026-09-24 20:01:12 [INFO] 📚 已加载历史新闻标题（27330 字符）
2026-09-24 20:01:12 [INFO] 📚 已加载历史筛选标题 0 条、URL 0 个，用于去重
2026-09-24 20:01:12 [INFO] 🔄 尝试 AI 提供商: deepseek
2026-09-24 20:01:12 [INFO] 🤖 使用 AI 提供商: deepseek (模型: deepseek-v4-flash)
2026-09-24 20:01:12 [INFO] 🤖 AI 筛选 [[deepseek] 1/6 策略=仅标题+链接 retry=0]（54 条，12021 字符，temp=0.3）
2026-09-24 20:01:12 [ERROR] AI 调用异常 ([deepseek] 1/6 策略=仅标题+链接 retry=0): Error code: 401 - {'error': {'message': 'Authentication Fails, Your api key: ****df0d is invalid (request_id: 9feb9887-6398-454c-bb86-35c4b2f1fd76)', 'type': 'authentication_error', 'param': None, 'code': 'invalid_request_error'}}
2026-09-24 20:01:12 [WARNING] [[deepseek] 1/6 策略=仅标题+链接 retry=0] AI 调用失败或解析失败，继续下一次尝试
2026-09-24 20:01:12 [INFO] 🤖 AI 筛选 [[deepseek] 2/6 策略=仅标题+链接 retry=1]（54 条，12021 字符，temp=0.3）
2026-09-24 20:01:13 [ERROR] AI 调用异常 ([deepseek] 2/6 策略=仅标题+链接 retry=1): Error code: 401 - {'error': {'message': 'Authentication Fails, Your api key: ****df0d is invalid (request_id: 32f9109d-8d00-4016-a3a7-f601ae4c70bd)', 'type': 'authentication_error', 'param': None, 'code': 'invalid_request_error'}}
2026-09-24 20:01:13 [WARNING] [[deepseek] 2/6 策略=仅标题+链接 retry=1] AI 调用失败或解析失败，继续下一次尝试
2026-09-24 20:01:13 [INFO] 🤖 AI 筛选 [[deepseek] 3/6 策略=仅标题+链接 retry=2]（54 条，12021 字符，temp=0.3）
2026-09-24 20:01:13 [ERROR] AI 调用异常 ([deepseek] 3/6 策略=仅标题+链接 retry=2): Error code: 401 - {'error': {'message': 'Authentication Fails, Your api key: ****df0d is invalid (request_id: d0b8650e-db9b-42f2-ac3b-26643ffd3833)', 'type': 'authentication_error', 'param': None, 'code': 'invalid_request_error'}}
2026-09-24 20:01:13 [WARNING] [[deepseek] 3/6 策略=仅标题+链接 retry=2] AI 调用失败或解析失败，继续下一次尝试
2026-09-24 20:01:13 [INFO] 🤖 AI 筛选 [[deepseek] 4/6 策略=完整内容 retry=0]（54 条，18098 字符，temp=0.3）
2026-09-24 20:01:14 [ERROR] AI 调用异常 ([deepseek] 4/6 策略=完整内容 retry=0): Error code: 401 - {'error': {'message': 'Authentication Fails, Your api key: ****df0d is invalid (request_id: 78e1572f-d3f8-40fa-84a1-226d62df7065)', 'type': 'authentication_error', 'param': None, 'code': 'invalid_request_error'}}
2026-09-24 20:01:14 [WARNING] [[deepseek] 4/6 策略=完整内容 retry=0] AI 调用失败或解析失败，继续下一次尝试
2026-09-24 20:01:14 [INFO] 🤖 AI 筛选 [[deepseek] 5/6 策略=完整内容 retry=1]（54 条，18098 字符，temp=0.3）
2026-09-24 20:01:14 [ERROR] AI 调用异常 ([deepseek] 5/6 策略=完整内容 retry=1): Error code: 401 - {'error': {'message': 'Authentication Fails, Your api key: ****df0d is invalid (request_id: 6fde80af-f9cb-4d44-8760-9078010312a0)', 'type': 'authentication_error', 'param': None, 'code': 'invalid_request_error'}}
2026-09-24 20:01:14 [WARNING] [[deepseek] 5/6 策略=完整内容 retry=1] AI 调用失败或解析失败，继续下一次尝试
2026-09-24 20:01:14 [INFO] 🤖 AI 筛选 [[deepseek] 6/6 策略=仅标题（无历史） retry=0]（54 条，12021 字符，temp=0.3）
2026-09-24 20:01:15 [ERROR] AI 调用异常 ([deepseek] 6/6 策略=仅标题（无历史） retry=0): Error code: 401 - {'error': {'message': 'Authentication Fails, Your api key: ****df0d is invalid (request_id: bc777c06-819e-4dbe-96a4-0f1ecfce210c)', 'type': 'authentication_error', 'param': None, 'code': 'invalid_request_error'}}
2026-09-24 20:01:15 [WARNING] [[deepseek] 6/6 策略=仅标题（无历史） retry=0] AI 调用失败或解析失败，继续下一次尝试
2026-09-24 20:01:15 [WARNING] [deepseek] 已达最大尝试次数 6，停止
2026-09-24 20:01:15 [INFO] ⚠️ deepseek 未能产出满意结果，尝试下一个提供商
2026-09-24 20:01:15 [INFO] 🔄 尝试 AI 提供商: zhipu
2026-09-24 20:01:15 [ERROR] 未设置环境变量 ZHIPU_API_KEY，无法使用 zhipu
2026-09-24 20:01:15 [INFO] ⚠️ zhipu 未能产出满意结果，尝试下一个提供商
2026-09-24 20:01:15 [INFO] 🔄 尝试 AI 提供商: kimi
2026-09-24 20:01:15 [ERROR] 未设置环境变量 KIMI_API_KEY，无法使用 kimi
2026-09-24 20:01:15 [INFO] ⚠️ kimi 未能产出满意结果，尝试下一个提供商
2026-09-24 20:01:15 [INFO] 🔄 尝试 AI 提供商: huoshan
2026-09-24 20:01:15 [ERROR] 未设置环境变量 HUOSHAN_API_KEY，无法使用 huoshan
2026-09-24 20:01:15 [INFO] ⚠️ huoshan 未能产出满意结果，尝试下一个提供商
2026-09-24 20:01:15 [ERROR] ❌ 所有提供商均失败，返回空列表
2026-09-24 20:01:15 [INFO] 📦 JSON 已保存: reports/2026-09-25-04.json
2026-09-24 20:01:15 [INFO] ✅ AI 筛选完成，共 0 条交易相关消息
2026-09-24 21:00:57 [INFO] 🚀 开始抓取 2026-09-25 05:00 币圈新闻
2026-09-24 21:00:57 [INFO] 📡 抓取 RSS 新闻源...
2026-09-24 21:00:57 [INFO] 📡 抓取交易所公告 & 链上数据...
2026-09-24 21:00:57 [INFO]   ⏭ Decrypt: 过滤掉 32 条非近期新闻
2026-09-24 21:00:57 [INFO]   ⏭ The Block: 过滤掉 17 条非近期新闻
2026-09-24 21:00:57 [INFO]   ⏭ CoinTelegraph: 过滤掉 27 条非近期新闻
2026-09-24 21:00:58 [INFO]   ⏭ Bloomberg Crypto: 过滤掉 50 条非近期新闻
2026-09-24 21:00:58 [INFO]   ⏭ Reddit r/bitcoin: 过滤掉 23 条非近期新闻
2026-09-24 21:00:58 [INFO]   ⏭ Reuters Crypto: 过滤掉 50 条非近期新闻
2026-09-24 21:00:58 [INFO]   ⏭ 宏观经济: 过滤掉 47 条非近期新闻
2026-09-24 21:00:58 [WARNING] 解析失败 Bitget公告: 'NoneType' object is not subscriptable
2026-09-24 21:00:58 [INFO]   ⏭ CNBC Crypto: 过滤掉 49 条非近期新闻
2026-09-24 21:00:58 [INFO]   ⏭ Bitcoin Magazine: 过滤掉 6 条非近期新闻
2026-09-24 21:00:58 [INFO]   ⏭ CoinDesk: 过滤掉 21 条非近期新闻
2026-09-24 21:00:58 [INFO]   ⏭ 律动BlockBeats: 过滤掉 20 条非近期新闻
2026-09-24 21:00:58 [INFO]   ⏭ Blockworks: 过滤掉 50 条非近期新闻
2026-09-24 21:00:58 [INFO]   ⏭ DL News: 过滤掉 50 条非近期新闻
2026-09-24 21:00:58 [INFO]   ⏭ Blockworks: 过滤掉 1 条非近期新闻
2026-09-24 21:00:58 [INFO]   ⏭ DeFi Llama: 过滤掉 50 条非近期新闻
2026-09-24 21:00:58 [INFO]   ⏭ 吴说区块链: 过滤掉 50 条非近期新闻
2026-09-24 21:00:59 [INFO]   ⏭ 律动BlockBeats: 过滤掉 50 条非近期新闻
2026-09-24 21:00:59 [INFO]   ⏭ Crypto Twitter: 过滤掉 45 条非近期新闻
2026-09-24 21:01:01 [INFO]   ⏭ 雪球加密: 过滤掉 48 条非近期新闻
2026-09-24 21:01:13 [DEBUG] 请求失败 https://rsshub.rssforever.com/panewslab/news: 
2026-09-24 21:01:13 [DEBUG] 请求失败 https://rsshub.rssforever.com/bloomberg/crypto: 
2026-09-24 21:01:13 [INFO]   ⏭ PANews: 过滤掉 50 条非近期新闻
2026-09-24 21:01:13 [INFO]   ✓ CoinDesk: 4 条
2026-09-24 21:01:13 [INFO]   ✓ The Block: 2 条
2026-09-24 21:01:13 [INFO]   ✓ Decrypt: 2 条
2026-09-24 21:01:13 [INFO]   ✓ CoinTelegraph: 3 条
2026-09-24 21:01:13 [INFO]   ✓ Bitcoin Magazine: 4 条
2026-09-24 21:01:13 [INFO]   ✓ Blockworks: 0 条
2026-09-24 21:01:13 [INFO]   ✓ DL News: 0 条
2026-09-24 21:01:13 [INFO]   ✓ 金色财经: 4 条
2026-09-24 21:01:13 [INFO]   ✓ PANews: 0 条
2026-09-24 21:01:13 [INFO]   ✓ 律动BlockBeats: 0 条
2026-09-24 21:01:13 [INFO]   ✓ 吴说区块链: 0 条
2026-09-24 21:01:13 [INFO]   ✓ Bloomberg Crypto: 0 条
2026-09-24 21:01:13 [INFO]   ✓ Reuters Crypto: 0 条
2026-09-24 21:01:13 [INFO]   ✓ CNBC Crypto: 1 条
2026-09-24 21:01:13 [INFO]   ✓ Reddit r/cryptocurrency: 0 条
2026-09-24 21:01:13 [INFO]   ✓ Reddit r/bitcoin: 2 条
2026-09-24 21:01:13 [INFO]   ✓ Crypto Twitter: 5 条
2026-09-24 21:01:13 [INFO]   ✓ 宏观经济: 3 条
2026-09-24 21:01:13 [INFO]   ✓ Binance公告: 20 条
2026-09-24 21:01:13 [INFO]   ✓ OKX公告: 0 条
2026-09-24 21:01:13 [INFO]   ✓ Bitget公告: 0 条
2026-09-24 21:01:13 [INFO]   ✓ Whale Alert: 0 条
2026-09-24 21:01:13 [INFO]   ✓ Fear & Greed Index: 1 条
2026-09-24 21:01:13 [INFO]   ✓ DeFi Llama: 0 条
2026-09-24 21:01:13 [INFO]   ✓ 雪球加密: 2 条
2026-09-24 21:01:13 [INFO] 📊 共抓取 53 条新闻
2026-09-24 21:01:13 [INFO] 📋 原始新闻已保存: reports/2026-09-25-05-raw.json (53 条)
2026-09-24 21:01:13 [INFO] 📋 标题摘要已保存: reports/2026-09-25-05-raw-titles.md
2026-09-24 21:01:13 [INFO] ✅ 抓取完成，共 53 条，已保存到 reports/2026-09-25-05-raw.json
2026-09-24 21:01:14 [INFO] 🤖 开始 AI 筛选 2026-09-25 05:00 币圈消息
2026-09-24 21:01:14 [INFO] 📋 已加载原始新闻: reports/2026-09-25-05-raw.json (53 条)
2026-09-24 21:01:14 [INFO] 📚 已加载历史新闻标题（26274 字符）
2026-09-24 21:01:14 [INFO] 📚 已加载历史筛选标题 0 条、URL 0 个，用于去重
2026-09-24 21:01:14 [INFO] 🔄 尝试 AI 提供商: deepseek
2026-09-24 21:01:14 [INFO] 🤖 使用 AI 提供商: deepseek (模型: deepseek-v4-flash)
2026-09-24 21:01:14 [INFO] 🤖 AI 筛选 [[deepseek] 1/6 策略=仅标题+链接 retry=0]（53 条，11621 字符，temp=0.3）
2026-09-24 21:01:15 [ERROR] AI 调用异常 ([deepseek] 1/6 策略=仅标题+链接 retry=0): Error code: 401 - {'error': {'message': 'Authentication Fails, Your api key: ****df0d is invalid (request_id: 930cb484-5439-450e-b411-a8f83608f43b)', 'type': 'authentication_error', 'param': None, 'code': 'invalid_request_error'}}
2026-09-24 21:01:15 [WARNING] [[deepseek] 1/6 策略=仅标题+链接 retry=0] AI 调用失败或解析失败，继续下一次尝试
2026-09-24 21:01:15 [INFO] 🤖 AI 筛选 [[deepseek] 2/6 策略=仅标题+链接 retry=1]（53 条，11621 字符，temp=0.3）
2026-09-24 21:01:15 [ERROR] AI 调用异常 ([deepseek] 2/6 策略=仅标题+链接 retry=1): Error code: 401 - {'error': {'message': 'Authentication Fails, Your api key: ****df0d is invalid (request_id: a7297d96-e483-42cd-9bf3-47c848e6e6a5)', 'type': 'authentication_error', 'param': None, 'code': 'invalid_request_error'}}
2026-09-24 21:01:15 [WARNING] [[deepseek] 2/6 策略=仅标题+链接 retry=1] AI 调用失败或解析失败，继续下一次尝试
2026-09-24 21:01:15 [INFO] 🤖 AI 筛选 [[deepseek] 3/6 策略=仅标题+链接 retry=2]（53 条，11621 字符，temp=0.3）
2026-09-24 21:01:16 [ERROR] AI 调用异常 ([deepseek] 3/6 策略=仅标题+链接 retry=2): Error code: 401 - {'error': {'message': 'Authentication Fails, Your api key: ****df0d is invalid (request_id: 2a48a34b-3cac-46cf-9d3c-b6ecc5602bbb)', 'type': 'authentication_error', 'param': None, 'code': 'invalid_request_error'}}
2026-09-24 21:01:16 [WARNING] [[deepseek] 3/6 策略=仅标题+链接 retry=2] AI 调用失败或解析失败，继续下一次尝试
2026-09-24 21:01:16 [INFO] 🤖 AI 筛选 [[deepseek] 4/6 策略=完整内容 retry=0]（53 条，17098 字符，temp=0.3）
2026-09-24 21:01:16 [ERROR] AI 调用异常 ([deepseek] 4/6 策略=完整内容 retry=0): Error code: 401 - {'error': {'message': 'Authentication Fails, Your api key: ****df0d is invalid (request_id: 21cf6122-fde4-4363-bdcc-eb5c502426b8)', 'type': 'authentication_error', 'param': None, 'code': 'invalid_request_error'}}
2026-09-24 21:01:16 [WARNING] [[deepseek] 4/6 策略=完整内容 retry=0] AI 调用失败或解析失败，继续下一次尝试
2026-09-24 21:01:16 [INFO] 🤖 AI 筛选 [[deepseek] 5/6 策略=完整内容 retry=1]（53 条，17098 字符，temp=0.3）
2026-09-24 21:01:17 [ERROR] AI 调用异常 ([deepseek] 5/6 策略=完整内容 retry=1): Error code: 401 - {'error': {'message': 'Authentication Fails, Your api key: ****df0d is invalid (request_id: 8a7f0021-9d29-4ee6-ac67-852134e4c206)', 'type': 'authentication_error', 'param': None, 'code': 'invalid_request_error'}}
2026-09-24 21:01:17 [WARNING] [[deepseek] 5/6 策略=完整内容 retry=1] AI 调用失败或解析失败，继续下一次尝试
2026-09-24 21:01:17 [INFO] 🤖 AI 筛选 [[deepseek] 6/6 策略=仅标题（无历史） retry=0]（53 条，11621 字符，temp=0.3）
2026-09-24 21:01:17 [WARNING] ⏳ [deepseek] 6/6 策略=仅标题（无历史） retry=0 服务过载 (429)，需要等待后重试
2026-09-24 21:01:17 [INFO] ⏳ 等待 15 秒后重试...
2026-09-24 21:01:32 [WARNING] [deepseek] 已达最大尝试次数 6，停止
2026-09-24 21:01:32 [INFO] ⚠️ deepseek 未能产出满意结果，尝试下一个提供商
2026-09-24 21:01:32 [INFO] 🔄 尝试 AI 提供商: zhipu
2026-09-24 21:01:32 [ERROR] 未设置环境变量 ZHIPU_API_KEY，无法使用 zhipu
2026-09-24 21:01:32 [INFO] ⚠️ zhipu 未能产出满意结果，尝试下一个提供商
2026-09-24 21:01:32 [INFO] 🔄 尝试 AI 提供商: kimi
2026-09-24 21:01:32 [ERROR] 未设置环境变量 KIMI_API_KEY，无法使用 kimi
2026-09-24 21:01:32 [INFO] ⚠️ kimi 未能产出满意结果，尝试下一个提供商
2026-09-24 21:01:32 [INFO] 🔄 尝试 AI 提供商: huoshan
2026-09-24 21:01:32 [ERROR] 未设置环境变量 HUOSHAN_API_KEY，无法使用 huoshan
2026-09-24 21:01:32 [INFO] ⚠️ huoshan 未能产出满意结果，尝试下一个提供商
2026-09-24 21:01:32 [ERROR] ❌ 所有提供商均失败，返回空列表
2026-09-24 21:01:32 [INFO] 📦 JSON 已保存: reports/2026-09-25-05.json
2026-09-24 21:01:32 [INFO] ✅ AI 筛选完成，共 0 条交易相关消息
2026-09-24 22:00:56 [INFO] 🚀 开始抓取 2026-09-25 06:00 币圈新闻
2026-09-24 22:00:56 [INFO] 📡 抓取 RSS 新闻源...
2026-09-24 22:00:56 [INFO] 📡 抓取交易所公告 & 链上数据...
2026-09-24 22:00:57 [INFO]   ⏭ Decrypt: 过滤掉 47 条非近期新闻
2026-09-24 22:00:57 [INFO]   ⏭ The Block: 过滤掉 17 条非近期新闻
2026-09-24 22:00:57 [INFO]   ⏭ CoinTelegraph: 过滤掉 26 条非近期新闻
2026-09-24 22:00:57 [WARNING] 解析失败 Bitget公告: 'NoneType' object is not subscriptable
2026-09-24 22:00:57 [INFO]   ⏭ CoinDesk: 过滤掉 20 条非近期新闻
2026-09-24 22:00:57 [INFO]   ⏭ Bitcoin Magazine: 过滤掉 9 条非近期新闻
2026-09-24 22:00:57 [INFO]   ⏭ CNBC Crypto: 过滤掉 50 条非近期新闻
2026-09-24 22:00:57 [INFO]   ⏭ Bloomberg Crypto: 过滤掉 49 条非近期新闻
2026-09-24 22:00:57 [INFO]   ⏭ 宏观经济: 过滤掉 49 条非近期新闻
2026-09-24 22:00:57 [INFO]   ⏭ Reuters Crypto: 过滤掉 50 条非近期新闻
2026-09-24 22:00:57 [INFO]   ⏭ 律动BlockBeats: 过滤掉 20 条非近期新闻
2026-09-24 22:00:57 [INFO]   ⏭ Reddit r/bitcoin: 过滤掉 23 条非近期新闻
2026-09-24 22:00:58 [INFO]   ⏭ DL News: 过滤掉 50 条非近期新闻
2026-09-24 22:00:58 [INFO]   ⏭ Blockworks: 过滤掉 50 条非近期新闻
2026-09-24 22:00:58 [INFO]   ⏭ 吴说区块链: 过滤掉 50 条非近期新闻
2026-09-24 22:00:58 [INFO]   ⏭ 律动BlockBeats: 过滤掉 50 条非近期新闻
2026-09-24 22:00:58 [INFO]   ⏭ Blockworks: 过滤掉 1 条非近期新闻
2026-09-24 22:00:58 [INFO]   ⏭ Crypto Twitter: 过滤掉 45 条非近期新闻
2026-09-24 22:00:58 [INFO]   ⏭ DeFi Llama: 过滤掉 50 条非近期新闻
2026-09-24 22:00:58 [INFO]   ⏭ 雪球加密: 过滤掉 48 条非近期新闻
2026-09-24 22:01:12 [DEBUG] 请求失败 https://rsshub.rssforever.com/panewslab/news: 
2026-09-24 22:01:13 [INFO]   ⏭ PANews: 过滤掉 50 条非近期新闻
2026-09-24 22:01:13 [INFO]   ✓ CoinDesk: 5 条
2026-09-24 22:01:13 [INFO]   ✓ The Block: 2 条
2026-09-24 22:01:13 [INFO]   ✓ Decrypt: 3 条
2026-09-24 22:01:13 [INFO]   ✓ CoinTelegraph: 4 条
2026-09-24 22:01:13 [INFO]   ✓ Bitcoin Magazine: 1 条
2026-09-24 22:01:13 [INFO]   ✓ Blockworks: 0 条
2026-09-24 22:01:13 [INFO]   ✓ DL News: 0 条
2026-09-24 22:01:13 [INFO]   ✓ 金色财经: 8 条
2026-09-24 22:01:13 [INFO]   ✓ PANews: 0 条
2026-09-24 22:01:13 [INFO]   ✓ 律动BlockBeats: 0 条
2026-09-24 22:01:13 [INFO]   ✓ 吴说区块链: 0 条
2026-09-24 22:01:13 [INFO]   ✓ Bloomberg Crypto: 1 条
2026-09-24 22:01:13 [INFO]   ✓ Reuters Crypto: 0 条
2026-09-24 22:01:13 [INFO]   ✓ CNBC Crypto: 0 条
2026-09-24 22:01:13 [INFO]   ✓ Reddit r/cryptocurrency: 0 条
2026-09-24 22:01:13 [INFO]   ✓ Reddit r/bitcoin: 2 条
2026-09-24 22:01:13 [INFO]   ✓ Crypto Twitter: 5 条
2026-09-24 22:01:13 [INFO]   ✓ 宏观经济: 1 条
2026-09-24 22:01:13 [INFO]   ✓ Binance公告: 20 条
2026-09-24 22:01:13 [INFO]   ✓ OKX公告: 0 条
2026-09-24 22:01:13 [INFO]   ✓ Bitget公告: 0 条
2026-09-24 22:01:13 [INFO]   ✓ Whale Alert: 0 条
2026-09-24 22:01:13 [INFO]   ✓ Fear & Greed Index: 1 条
2026-09-24 22:01:13 [INFO]   ✓ DeFi Llama: 0 条
2026-09-24 22:01:13 [INFO]   ✓ 雪球加密: 2 条
2026-09-24 22:01:13 [INFO] 📊 共抓取 55 条新闻
2026-09-24 22:01:13 [INFO] 📋 原始新闻已保存: reports/2026-09-25-06-raw.json (55 条)
2026-09-24 22:01:13 [INFO] 📋 标题摘要已保存: reports/2026-09-25-06-raw-titles.md
2026-09-24 22:01:13 [INFO] ✅ 抓取完成，共 55 条，已保存到 reports/2026-09-25-06-raw.json
2026-09-24 22:01:13 [INFO] 🤖 开始 AI 筛选 2026-09-25 06:00 币圈消息
2026-09-24 22:01:13 [INFO] 📋 已加载原始新闻: reports/2026-09-25-06-raw.json (55 条)
2026-09-24 22:01:13 [INFO] 📚 已加载历史新闻标题（26132 字符）
2026-09-24 22:01:13 [INFO] 📚 已加载历史筛选标题 0 条、URL 0 个，用于去重
2026-09-24 22:01:13 [INFO] 🔄 尝试 AI 提供商: deepseek
2026-09-24 22:01:13 [INFO] 🤖 使用 AI 提供商: deepseek (模型: deepseek-v4-flash)
2026-09-24 22:01:13 [INFO] 🤖 AI 筛选 [[deepseek] 1/6 策略=仅标题+链接 retry=0]（55 条，11697 字符，temp=0.3）
2026-09-24 22:01:14 [ERROR] AI 调用异常 ([deepseek] 1/6 策略=仅标题+链接 retry=0): Error code: 401 - {'error': {'message': 'Authentication Fails, Your api key: ****df0d is invalid (request_id: 5b5a9903-f61d-49ab-bbf6-48315918ba8e)', 'type': 'authentication_error', 'param': None, 'code': 'invalid_request_error'}}
2026-09-24 22:01:14 [WARNING] [[deepseek] 1/6 策略=仅标题+链接 retry=0] AI 调用失败或解析失败，继续下一次尝试
2026-09-24 22:01:14 [INFO] 🤖 AI 筛选 [[deepseek] 2/6 策略=仅标题+链接 retry=1]（55 条，11697 字符，temp=0.3）
2026-09-24 22:01:15 [ERROR] AI 调用异常 ([deepseek] 2/6 策略=仅标题+链接 retry=1): Error code: 401 - {'error': {'message': 'Authentication Fails, Your api key: ****df0d is invalid (request_id: 60587f4a-8843-41e6-9e6b-bb56e545fe6e)', 'type': 'authentication_error', 'param': None, 'code': 'invalid_request_error'}}
2026-09-24 22:01:15 [WARNING] [[deepseek] 2/6 策略=仅标题+链接 retry=1] AI 调用失败或解析失败，继续下一次尝试
2026-09-24 22:01:15 [INFO] 🤖 AI 筛选 [[deepseek] 3/6 策略=仅标题+链接 retry=2]（55 条，11697 字符，temp=0.3）
2026-09-24 22:01:15 [ERROR] AI 调用异常 ([deepseek] 3/6 策略=仅标题+链接 retry=2): Error code: 401 - {'error': {'message': 'Authentication Fails, Your api key: ****df0d is invalid (request_id: c1e84146-02ed-420b-a5a8-70a7dfd22ddd)', 'type': 'authentication_error', 'param': None, 'code': 'invalid_request_error'}}
2026-09-24 22:01:15 [WARNING] [[deepseek] 3/6 策略=仅标题+链接 retry=2] AI 调用失败或解析失败，继续下一次尝试
2026-09-24 22:01:15 [INFO] 🤖 AI 筛选 [[deepseek] 4/6 策略=完整内容 retry=0]（55 条，17408 字符，temp=0.3）
2026-09-24 22:01:16 [ERROR] AI 调用异常 ([deepseek] 4/6 策略=完整内容 retry=0): Error code: 401 - {'error': {'message': 'Authentication Fails, Your api key: ****df0d is invalid (request_id: 38867468-90fb-4dee-91bd-e5b3ce9985ac)', 'type': 'authentication_error', 'param': None, 'code': 'invalid_request_error'}}
2026-09-24 22:01:16 [WARNING] [[deepseek] 4/6 策略=完整内容 retry=0] AI 调用失败或解析失败，继续下一次尝试
2026-09-24 22:01:16 [INFO] 🤖 AI 筛选 [[deepseek] 5/6 策略=完整内容 retry=1]（55 条，17408 字符，temp=0.3）
2026-09-24 22:01:16 [ERROR] AI 调用异常 ([deepseek] 5/6 策略=完整内容 retry=1): Error code: 401 - {'error': {'message': 'Authentication Fails, Your api key: ****df0d is invalid (request_id: 278189cc-c18f-4752-8150-08b2c3618a01)', 'type': 'authentication_error', 'param': None, 'code': 'invalid_request_error'}}
2026-09-24 22:01:16 [WARNING] [[deepseek] 5/6 策略=完整内容 retry=1] AI 调用失败或解析失败，继续下一次尝试
2026-09-24 22:01:16 [INFO] 🤖 AI 筛选 [[deepseek] 6/6 策略=仅标题（无历史） retry=0]（55 条，11697 字符，temp=0.3）
2026-09-24 22:01:17 [ERROR] AI 调用异常 ([deepseek] 6/6 策略=仅标题（无历史） retry=0): Error code: 401 - {'error': {'message': 'Authentication Fails, Your api key: ****df0d is invalid (request_id: 3d32a396-314e-498f-8b81-b1b305ca0504)', 'type': 'authentication_error', 'param': None, 'code': 'invalid_request_error'}}
2026-09-24 22:01:17 [WARNING] [[deepseek] 6/6 策略=仅标题（无历史） retry=0] AI 调用失败或解析失败，继续下一次尝试
2026-09-24 22:01:17 [WARNING] [deepseek] 已达最大尝试次数 6，停止
2026-09-24 22:01:17 [INFO] ⚠️ deepseek 未能产出满意结果，尝试下一个提供商
2026-09-24 22:01:17 [INFO] 🔄 尝试 AI 提供商: zhipu
2026-09-24 22:01:17 [ERROR] 未设置环境变量 ZHIPU_API_KEY，无法使用 zhipu
2026-09-24 22:01:17 [INFO] ⚠️ zhipu 未能产出满意结果，尝试下一个提供商
2026-09-24 22:01:17 [INFO] 🔄 尝试 AI 提供商: kimi
2026-09-24 22:01:17 [ERROR] 未设置环境变量 KIMI_API_KEY，无法使用 kimi
2026-09-24 22:01:17 [INFO] ⚠️ kimi 未能产出满意结果，尝试下一个提供商
2026-09-24 22:01:17 [INFO] 🔄 尝试 AI 提供商: huoshan
2026-09-24 22:01:17 [ERROR] 未设置环境变量 HUOSHAN_API_KEY，无法使用 huoshan
2026-09-24 22:01:17 [INFO] ⚠️ huoshan 未能产出满意结果，尝试下一个提供商
2026-09-24 22:01:17 [ERROR] ❌ 所有提供商均失败，返回空列表
2026-09-24 22:01:17 [INFO] 📦 JSON 已保存: reports/2026-09-25-06.json
2026-09-24 22:01:17 [INFO] ✅ AI 筛选完成，共 0 条交易相关消息
2026-09-24 23:00:53 [INFO] 🚀 开始抓取 2026-09-25 07:00 币圈新闻
2026-09-24 23:00:53 [INFO] 📡 抓取 RSS 新闻源...
2026-09-24 23:00:53 [INFO] 📡 抓取交易所公告 & 链上数据...
2026-09-24 23:00:53 [INFO]   ⏭ Decrypt: 过滤掉 48 条非近期新闻
2026-09-24 23:00:53 [INFO]   ⏭ The Block: 过滤掉 18 条非近期新闻
2026-09-24 23:00:53 [INFO]   ⏭ CoinTelegraph: 过滤掉 27 条非近期新闻
2026-09-24 23:00:54 [WARNING] 解析失败 Bitget公告: 'NoneType' object is not subscriptable
2026-09-24 23:00:54 [INFO]   ⏭ Reddit r/bitcoin: 过滤掉 23 条非近期新闻
2026-09-24 23:00:54 [INFO]   ⏭ Reuters Crypto: 过滤掉 50 条非近期新闻
2026-09-24 23:00:54 [INFO]   ⏭ 宏观经济: 过滤掉 50 条非近期新闻
2026-09-24 23:00:54 [INFO]   ⏭ CNBC Crypto: 过滤掉 50 条非近期新闻
2026-09-24 23:00:54 [INFO]   ⏭ Bloomberg Crypto: 过滤掉 50 条非近期新闻
2026-09-24 23:00:54 [INFO]   ⏭ Bitcoin Magazine: 过滤掉 8 条非近期新闻
2026-09-24 23:00:54 [INFO]   ⏭ CoinDesk: 过滤掉 22 条非近期新闻
2026-09-24 23:00:54 [INFO]   ⏭ Blockworks: 过滤掉 50 条非近期新闻
2026-09-24 23:00:54 [INFO]   ⏭ 宏观经济: 过滤掉 50 条非近期新闻
2026-09-24 23:00:54 [INFO]   ⏭ DL News: 过滤掉 50 条非近期新闻
2026-09-24 23:00:54 [INFO]   ⏭ Blockworks: 过滤掉 1 条非近期新闻
2026-09-24 23:00:55 [INFO]   ⏭ 雪球加密: 过滤掉 50 条非近期新闻
2026-09-24 23:00:55 [INFO]   ⏭ DeFi Llama: 过滤掉 50 条非近期新闻
2026-09-24 23:00:55 [INFO]   ⏭ 吴说区块链: 过滤掉 50 条非近期新闻
2026-09-24 23:00:55 [INFO]   ⏭ Crypto Twitter: 过滤掉 44 条非近期新闻
2026-09-24 23:01:09 [DEBUG] 请求失败 https://rsshub.rssforever.com/panewslab/news: 
2026-09-24 23:01:09 [DEBUG] 请求失败 https://rsshub.rssforever.com/theblockbeats/newsflash: 
2026-09-24 23:01:09 [DEBUG] 请求失败 https://rsshub.rssforever.com/jinse/lives: 
2026-09-24 23:01:10 [INFO]   ⏭ PANews: 过滤掉 50 条非近期新闻
2026-09-24 23:01:10 [DEBUG] 请求失败 https://rsshub.rssforever.com/bloomberg/crypto: 
2026-09-24 23:01:10 [INFO]   ⏭ 律动BlockBeats: 过滤掉 50 条非近期新闻
2026-09-24 23:01:10 [INFO]   ✓ CoinDesk: 3 条
2026-09-24 23:01:10 [INFO]   ✓ The Block: 1 条
2026-09-24 23:01:10 [INFO]   ✓ Decrypt: 2 条
2026-09-24 23:01:10 [INFO]   ✓ CoinTelegraph: 3 条
2026-09-24 23:01:10 [INFO]   ✓ Bitcoin Magazine: 2 条
2026-09-24 23:01:10 [INFO]   ✓ Blockworks: 0 条
2026-09-24 23:01:10 [INFO]   ✓ DL News: 0 条
2026-09-24 23:01:10 [INFO]   ✓ 金色财经: 0 条
2026-09-24 23:01:10 [INFO]   ✓ PANews: 0 条
2026-09-24 23:01:10 [INFO]   ✓ 律动BlockBeats: 0 条
2026-09-24 23:01:10 [INFO]   ✓ 吴说区块链: 0 条
2026-09-24 23:01:10 [INFO]   ✓ Bloomberg Crypto: 0 条
2026-09-24 23:01:10 [INFO]   ✓ Reuters Crypto: 0 条
2026-09-24 23:01:10 [INFO]   ✓ CNBC Crypto: 0 条
2026-09-24 23:01:10 [INFO]   ✓ Reddit r/cryptocurrency: 0 条
2026-09-24 23:01:10 [INFO]   ✓ Reddit r/bitcoin: 2 条
2026-09-24 23:01:10 [INFO]   ✓ Crypto Twitter: 6 条
2026-09-24 23:01:10 [INFO]   ✓ 宏观经济: 0 条
2026-09-24 23:01:10 [INFO]   ✓ Binance公告: 20 条
2026-09-24 23:01:10 [INFO]   ✓ OKX公告: 0 条
2026-09-24 23:01:10 [INFO]   ✓ Bitget公告: 0 条
2026-09-24 23:01:10 [INFO]   ✓ Whale Alert: 0 条
2026-09-24 23:01:10 [INFO]   ✓ Fear & Greed Index: 1 条
2026-09-24 23:01:10 [INFO]   ✓ DeFi Llama: 0 条
2026-09-24 23:01:10 [INFO]   ✓ 雪球加密: 0 条
2026-09-24 23:01:10 [INFO] 📊 共抓取 40 条新闻
2026-09-24 23:01:10 [INFO] 📋 原始新闻已保存: reports/2026-09-25-07-raw.json (40 条)
2026-09-24 23:01:10 [INFO] 📋 标题摘要已保存: reports/2026-09-25-07-raw-titles.md
2026-09-24 23:01:10 [INFO] ✅ 抓取完成，共 40 条，已保存到 reports/2026-09-25-07-raw.json
2026-09-24 23:01:10 [INFO] 🤖 开始 AI 筛选 2026-09-25 07:00 币圈消息
2026-09-24 23:01:10 [INFO] 📋 已加载原始新闻: reports/2026-09-25-07-raw.json (40 条)
2026-09-24 23:01:10 [INFO] 📚 已加载历史新闻标题（25662 字符）
2026-09-24 23:01:10 [INFO] 📚 已加载历史筛选标题 0 条、URL 0 个，用于去重
2026-09-24 23:01:10 [INFO] 🔄 尝试 AI 提供商: deepseek
2026-09-24 23:01:11 [INFO] 🤖 使用 AI 提供商: deepseek (模型: deepseek-v4-flash)
2026-09-24 23:01:11 [INFO] 🤖 AI 筛选 [[deepseek] 1/6 策略=仅标题+链接 retry=0]（40 条，8831 字符，temp=0.3）
2026-09-24 23:01:11 [ERROR] AI 调用异常 ([deepseek] 1/6 策略=仅标题+链接 retry=0): Error code: 401 - {'error': {'message': 'Authentication Fails, Your api key: ****df0d is invalid (request_id: c409e7d2-fdba-469b-a300-5f7cb712dc0c)', 'type': 'authentication_error', 'param': None, 'code': 'invalid_request_error'}}
2026-09-24 23:01:11 [WARNING] [[deepseek] 1/6 策略=仅标题+链接 retry=0] AI 调用失败或解析失败，继续下一次尝试
2026-09-24 23:01:11 [INFO] 🤖 AI 筛选 [[deepseek] 2/6 策略=仅标题+链接 retry=1]（40 条，8831 字符，temp=0.3）
2026-09-24 23:01:12 [ERROR] AI 调用异常 ([deepseek] 2/6 策略=仅标题+链接 retry=1): Error code: 401 - {'error': {'message': 'Authentication Fails, Your api key: ****df0d is invalid (request_id: 0620acf4-43a1-4d3a-9de7-488be1e4e564)', 'type': 'authentication_error', 'param': None, 'code': 'invalid_request_error'}}
2026-09-24 23:01:12 [WARNING] [[deepseek] 2/6 策略=仅标题+链接 retry=1] AI 调用失败或解析失败，继续下一次尝试
2026-09-24 23:01:12 [INFO] 🤖 AI 筛选 [[deepseek] 3/6 策略=仅标题+链接 retry=2]（40 条，8831 字符，temp=0.3）
2026-09-24 23:01:12 [ERROR] AI 调用异常 ([deepseek] 3/6 策略=仅标题+链接 retry=2): Error code: 401 - {'error': {'message': 'Authentication Fails, Your api key: ****df0d is invalid (request_id: 7d0d86ce-66e2-4fb9-8871-f71ea378198d)', 'type': 'authentication_error', 'param': None, 'code': 'invalid_request_error'}}
2026-09-24 23:01:12 [WARNING] [[deepseek] 3/6 策略=仅标题+链接 retry=2] AI 调用失败或解析失败，继续下一次尝试
2026-09-24 23:01:12 [INFO] 🤖 AI 筛选 [[deepseek] 4/6 策略=完整内容 retry=0]（40 条，12810 字符，temp=0.3）
2026-09-24 23:01:13 [ERROR] AI 调用异常 ([deepseek] 4/6 策略=完整内容 retry=0): Error code: 401 - {'error': {'message': 'Authentication Fails, Your api key: ****df0d is invalid (request_id: 88c37d42-f87c-448d-ada1-3c503df5cfb7)', 'type': 'authentication_error', 'param': None, 'code': 'invalid_request_error'}}
2026-09-24 23:01:13 [WARNING] [[deepseek] 4/6 策略=完整内容 retry=0] AI 调用失败或解析失败，继续下一次尝试
2026-09-24 23:01:13 [INFO] 🤖 AI 筛选 [[deepseek] 5/6 策略=完整内容 retry=1]（40 条，12810 字符，temp=0.3）
2026-09-24 23:01:13 [ERROR] AI 调用异常 ([deepseek] 5/6 策略=完整内容 retry=1): Error code: 401 - {'error': {'message': 'Authentication Fails, Your api key: ****df0d is invalid (request_id: 7857504b-8487-4a6d-866d-ce7c247c0fc9)', 'type': 'authentication_error', 'param': None, 'code': 'invalid_request_error'}}
2026-09-24 23:01:13 [WARNING] [[deepseek] 5/6 策略=完整内容 retry=1] AI 调用失败或解析失败，继续下一次尝试
2026-09-24 23:01:13 [INFO] 🤖 AI 筛选 [[deepseek] 6/6 策略=仅标题（无历史） retry=0]（40 条，8831 字符，temp=0.3）
2026-09-24 23:01:14 [ERROR] AI 调用异常 ([deepseek] 6/6 策略=仅标题（无历史） retry=0): Error code: 401 - {'error': {'message': 'Authentication Fails, Your api key: ****df0d is invalid (request_id: 5a915c47-7d8f-4bd6-a8ed-194eb45f3167)', 'type': 'authentication_error', 'param': None, 'code': 'invalid_request_error'}}
2026-09-24 23:01:14 [WARNING] [[deepseek] 6/6 策略=仅标题（无历史） retry=0] AI 调用失败或解析失败，继续下一次尝试
2026-09-24 23:01:14 [WARNING] [deepseek] 已达最大尝试次数 6，停止
2026-09-24 23:01:14 [INFO] ⚠️ deepseek 未能产出满意结果，尝试下一个提供商
2026-09-24 23:01:14 [INFO] 🔄 尝试 AI 提供商: zhipu
2026-09-24 23:01:14 [ERROR] 未设置环境变量 ZHIPU_API_KEY，无法使用 zhipu
2026-09-24 23:01:14 [INFO] ⚠️ zhipu 未能产出满意结果，尝试下一个提供商
2026-09-24 23:01:14 [INFO] 🔄 尝试 AI 提供商: kimi
2026-09-24 23:01:14 [ERROR] 未设置环境变量 KIMI_API_KEY，无法使用 kimi
2026-09-24 23:01:14 [INFO] ⚠️ kimi 未能产出满意结果，尝试下一个提供商
2026-09-24 23:01:14 [INFO] 🔄 尝试 AI 提供商: huoshan
2026-09-24 23:01:14 [ERROR] 未设置环境变量 HUOSHAN_API_KEY，无法使用 huoshan
2026-09-24 23:01:14 [INFO] ⚠️ huoshan 未能产出满意结果，尝试下一个提供商
2026-09-24 23:01:14 [ERROR] ❌ 所有提供商均失败，返回空列表
2026-09-24 23:01:14 [INFO] 📦 JSON 已保存: reports/2026-09-25-07.json
2026-09-24 23:01:14 [INFO] ✅ AI 筛选完成，共 0 条交易相关消息
2026-09-25 00:01:00 [INFO] 🚀 开始抓取 2026-09-25 08:00 币圈新闻
2026-09-25 00:01:00 [INFO] 📡 抓取 RSS 新闻源...
2026-09-25 00:01:00 [INFO] 📡 抓取交易所公告 & 链上数据...
2026-09-25 00:01:00 [INFO]   ⏭ Decrypt: 过滤掉 34 条非近期新闻
2026-09-25 00:01:00 [INFO]   ⏭ The Block: 过滤掉 19 条非近期新闻
2026-09-25 00:01:00 [INFO]   ⏭ CoinTelegraph: 过滤掉 28 条非近期新闻
2026-09-25 00:01:00 [INFO]   ⏭ Bitcoin Magazine: 过滤掉 8 条非近期新闻
2026-09-25 00:01:00 [INFO]   ⏭ CoinDesk: 过滤掉 23 条非近期新闻
2026-09-25 00:01:00 [WARNING] 解析失败 Bitget公告: 'NoneType' object is not subscriptable
2026-09-25 00:01:00 [INFO]   ⏭ Reuters Crypto: 过滤掉 50 条非近期新闻
2026-09-25 00:01:00 [INFO]   ⏭ Bloomberg Crypto: 过滤掉 50 条非近期新闻
2026-09-25 00:01:00 [INFO]   ⏭ Blockworks: 过滤掉 50 条非近期新闻
2026-09-25 00:01:00 [INFO]   ⏭ Decrypt: 过滤掉 50 条非近期新闻
2026-09-25 00:01:00 [INFO]   ⏭ 宏观经济: 过滤掉 49 条非近期新闻
2026-09-25 00:01:01 [INFO]   ⏭ CNBC Crypto: 过滤掉 50 条非近期新闻
2026-09-25 00:01:01 [INFO]   ⏭ Reddit r/bitcoin: 过滤掉 23 条非近期新闻
2026-09-25 00:01:01 [INFO]   ⏭ DL News: 过滤掉 50 条非近期新闻
2026-09-25 00:01:01 [INFO]   ⏭ Blockworks: 过滤掉 1 条非近期新闻
2026-09-25 00:01:01 [INFO]   ⏭ 律动BlockBeats: 过滤掉 18 条非近期新闻
2026-09-25 00:01:01 [INFO]   ⏭ 吴说区块链: 过滤掉 49 条非近期新闻
2026-09-25 00:01:01 [INFO]   ⏭ 雪球加密: 过滤掉 50 条非近期新闻
2026-09-25 00:01:01 [INFO]   ⏭ DeFi Llama: 过滤掉 50 条非近期新闻
2026-09-25 00:01:01 [INFO]   ⏭ The Block: 过滤掉 50 条非近期新闻
2026-09-25 00:01:01 [INFO]   ⏭ Crypto Twitter: 过滤掉 42 条非近期新闻
2026-09-25 00:01:16 [DEBUG] 请求失败 https://rsshub.rssforever.com/panewslab/news: 
2026-09-25 00:01:16 [DEBUG] 请求失败 https://rsshub.rssforever.com/bloomberg/crypto: 
2026-09-25 00:01:16 [INFO]   ⏭ PANews: 过滤掉 50 条非近期新闻
2026-09-25 00:01:16 [INFO]   ✓ CoinDesk: 2 条
2026-09-25 00:01:16 [INFO]   ✓ The Block: 0 条
2026-09-25 00:01:16 [INFO]   ✓ Decrypt: 0 条
2026-09-25 00:01:16 [INFO]   ✓ CoinTelegraph: 2 条
2026-09-25 00:01:16 [INFO]   ✓ Bitcoin Magazine: 2 条
2026-09-25 00:01:16 [INFO]   ✓ Blockworks: 0 条
2026-09-25 00:01:16 [INFO]   ✓ DL News: 0 条
2026-09-25 00:01:16 [INFO]   ✓ 金色财经: 8 条
2026-09-25 00:01:16 [INFO]   ✓ PANews: 0 条
2026-09-25 00:01:16 [INFO]   ✓ 律动BlockBeats: 2 条
2026-09-25 00:01:16 [INFO]   ✓ 吴说区块链: 1 条
2026-09-25 00:01:16 [INFO]   ✓ Bloomberg Crypto: 0 条
2026-09-25 00:01:16 [INFO]   ✓ Reuters Crypto: 0 条
2026-09-25 00:01:16 [INFO]   ✓ CNBC Crypto: 0 条
2026-09-25 00:01:16 [INFO]   ✓ Reddit r/cryptocurrency: 0 条
2026-09-25 00:01:16 [INFO]   ✓ Reddit r/bitcoin: 2 条
2026-09-25 00:01:16 [INFO]   ✓ Crypto Twitter: 8 条
2026-09-25 00:01:16 [INFO]   ✓ 宏观经济: 1 条
2026-09-25 00:01:16 [INFO]   ✓ Binance公告: 20 条
2026-09-25 00:01:16 [INFO]   ✓ OKX公告: 0 条
2026-09-25 00:01:16 [INFO]   ✓ Bitget公告: 0 条
2026-09-25 00:01:16 [INFO]   ✓ Whale Alert: 0 条
2026-09-25 00:01:16 [INFO]   ✓ Fear & Greed Index: 1 条
2026-09-25 00:01:16 [INFO]   ✓ DeFi Llama: 0 条
2026-09-25 00:01:16 [INFO]   ✓ 雪球加密: 0 条
2026-09-25 00:01:16 [INFO] 📊 共抓取 49 条新闻
2026-09-25 00:01:16 [INFO] 📋 原始新闻已保存: reports/2026-09-25-08-raw.json (49 条)
2026-09-25 00:01:16 [INFO] 📋 标题摘要已保存: reports/2026-09-25-08-raw-titles.md
2026-09-25 00:01:16 [INFO] ✅ 抓取完成，共 49 条，已保存到 reports/2026-09-25-08-raw.json
2026-09-25 00:01:17 [INFO] 🤖 开始 AI 筛选 2026-09-25 08:00 币圈消息
2026-09-25 00:01:17 [INFO] 📋 已加载原始新闻: reports/2026-09-25-08-raw.json (49 条)
2026-09-25 00:01:17 [INFO] 📚 已加载历史新闻标题（24281 字符）
2026-09-25 00:01:17 [INFO] 📚 已加载历史筛选标题 0 条、URL 0 个，用于去重
2026-09-25 00:01:17 [INFO] 🔄 尝试 AI 提供商: deepseek
2026-09-25 00:01:17 [INFO] 🤖 使用 AI 提供商: deepseek (模型: deepseek-v4-flash)
2026-09-25 00:01:17 [INFO] 🤖 AI 筛选 [[deepseek] 1/6 策略=仅标题+链接 retry=0]（49 条，9847 字符，temp=0.3）
2026-09-25 00:01:18 [ERROR] AI 调用异常 ([deepseek] 1/6 策略=仅标题+链接 retry=0): Error code: 401 - {'error': {'message': 'Authentication Fails, Your api key: ****df0d is invalid (request_id: 6ad5b792-b88e-4c69-b76f-f8985b48ee57)', 'type': 'authentication_error', 'param': None, 'code': 'invalid_request_error'}}
2026-09-25 00:01:18 [WARNING] [[deepseek] 1/6 策略=仅标题+链接 retry=0] AI 调用失败或解析失败，继续下一次尝试
2026-09-25 00:01:18 [INFO] 🤖 AI 筛选 [[deepseek] 2/6 策略=仅标题+链接 retry=1]（49 条，9847 字符，temp=0.3）
2026-09-25 00:01:18 [ERROR] AI 调用异常 ([deepseek] 2/6 策略=仅标题+链接 retry=1): Error code: 401 - {'error': {'message': 'Authentication Fails, Your api key: ****df0d is invalid (request_id: 0b2dcbe4-d910-45d6-ade3-defb1b8e95b8)', 'type': 'authentication_error', 'param': None, 'code': 'invalid_request_error'}}
2026-09-25 00:01:18 [WARNING] [[deepseek] 2/6 策略=仅标题+链接 retry=1] AI 调用失败或解析失败，继续下一次尝试
2026-09-25 00:01:18 [INFO] 🤖 AI 筛选 [[deepseek] 3/6 策略=仅标题+链接 retry=2]（49 条，9847 字符，temp=0.3）
2026-09-25 00:01:19 [ERROR] AI 调用异常 ([deepseek] 3/6 策略=仅标题+链接 retry=2): Error code: 401 - {'error': {'message': 'Authentication Fails, Your api key: ****df0d is invalid (request_id: 1c72c284-aa49-43df-adee-57a2f64a0272)', 'type': 'authentication_error', 'param': None, 'code': 'invalid_request_error'}}
2026-09-25 00:01:19 [WARNING] [[deepseek] 3/6 策略=仅标题+链接 retry=2] AI 调用失败或解析失败，继续下一次尝试
2026-09-25 00:01:19 [INFO] 🤖 AI 筛选 [[deepseek] 4/6 策略=完整内容 retry=0]（49 条，15056 字符，temp=0.3）
2026-09-25 00:01:19 [ERROR] AI 调用异常 ([deepseek] 4/6 策略=完整内容 retry=0): Error code: 401 - {'error': {'message': 'Authentication Fails, Your api key: ****df0d is invalid (request_id: 1bfb9486-8df5-4044-a191-18584e99dd8b)', 'type': 'authentication_error', 'param': None, 'code': 'invalid_request_error'}}
2026-09-25 00:01:19 [WARNING] [[deepseek] 4/6 策略=完整内容 retry=0] AI 调用失败或解析失败，继续下一次尝试
2026-09-25 00:01:19 [INFO] 🤖 AI 筛选 [[deepseek] 5/6 策略=完整内容 retry=1]（49 条，15056 字符，temp=0.3）
2026-09-25 00:01:20 [ERROR] AI 调用异常 ([deepseek] 5/6 策略=完整内容 retry=1): Error code: 401 - {'error': {'message': 'Authentication Fails, Your api key: ****df0d is invalid (request_id: 53af354d-74e5-4c2a-af93-5117b8170f87)', 'type': 'authentication_error', 'param': None, 'code': 'invalid_request_error'}}
2026-09-25 00:01:20 [WARNING] [[deepseek] 5/6 策略=完整内容 retry=1] AI 调用失败或解析失败，继续下一次尝试
2026-09-25 00:01:20 [INFO] 🤖 AI 筛选 [[deepseek] 6/6 策略=仅标题（无历史） retry=0]（49 条，9847 字符，temp=0.3）
2026-09-25 00:01:20 [ERROR] AI 调用异常 ([deepseek] 6/6 策略=仅标题（无历史） retry=0): Error code: 401 - {'error': {'message': 'Authentication Fails, Your api key: ****df0d is invalid (request_id: 8589018f-940f-4fe2-964b-1c2e9103c4e0)', 'type': 'authentication_error', 'param': None, 'code': 'invalid_request_error'}}
2026-09-25 00:01:20 [WARNING] [[deepseek] 6/6 策略=仅标题（无历史） retry=0] AI 调用失败或解析失败，继续下一次尝试
2026-09-25 00:01:20 [WARNING] [deepseek] 已达最大尝试次数 6，停止
2026-09-25 00:01:20 [INFO] ⚠️ deepseek 未能产出满意结果，尝试下一个提供商
2026-09-25 00:01:20 [INFO] 🔄 尝试 AI 提供商: zhipu
2026-09-25 00:01:20 [ERROR] 未设置环境变量 ZHIPU_API_KEY，无法使用 zhipu
2026-09-25 00:01:20 [INFO] ⚠️ zhipu 未能产出满意结果，尝试下一个提供商
2026-09-25 00:01:20 [INFO] 🔄 尝试 AI 提供商: kimi
2026-09-25 00:01:20 [ERROR] 未设置环境变量 KIMI_API_KEY，无法使用 kimi
2026-09-25 00:01:20 [INFO] ⚠️ kimi 未能产出满意结果，尝试下一个提供商
2026-09-25 00:01:20 [INFO] 🔄 尝试 AI 提供商: huoshan
2026-09-25 00:01:20 [ERROR] 未设置环境变量 HUOSHAN_API_KEY，无法使用 huoshan
2026-09-25 00:01:20 [INFO] ⚠️ huoshan 未能产出满意结果，尝试下一个提供商
2026-09-25 00:01:20 [ERROR] ❌ 所有提供商均失败，返回空列表
2026-09-25 00:01:20 [INFO] 📦 JSON 已保存: reports/2026-09-25-08.json
2026-09-25 00:01:20 [INFO] ✅ AI 筛选完成，共 0 条交易相关消息
2026-09-25 01:01:01 [INFO] 🚀 开始抓取 2026-09-25 09:00 币圈新闻
2026-09-25 01:01:01 [INFO] 📡 抓取 RSS 新闻源...
2026-09-25 01:01:01 [INFO] 📡 抓取交易所公告 & 链上数据...
2026-09-25 01:01:01 [INFO]   ⏭ Decrypt: 过滤掉 34 条非近期新闻
2026-09-25 01:01:01 [INFO]   ⏭ CoinTelegraph: 过滤掉 28 条非近期新闻
2026-09-25 01:01:01 [INFO]   ⏭ The Block: 过滤掉 19 条非近期新闻
2026-09-25 01:01:01 [INFO]   ⏭ CoinDesk: 过滤掉 25 条非近期新闻
2026-09-25 01:01:01 [INFO]   ⏭ Bitcoin Magazine: 过滤掉 10 条非近期新闻
2026-09-25 01:01:01 [INFO]   ⏭ Blockworks: 过滤掉 50 条非近期新闻
2026-09-25 01:01:01 [INFO]   ⏭ Reuters Crypto: 过滤掉 50 条非近期新闻
2026-09-25 01:01:01 [INFO]   ⏭ Bitcoin Magazine: 过滤掉 10 条非近期新闻
2026-09-25 01:01:01 [INFO]   ⏭ Bloomberg Crypto: 过滤掉 50 条非近期新闻
2026-09-25 01:01:01 [WARNING] 解析失败 Bitget公告: 'NoneType' object is not subscriptable
2026-09-25 01:01:01 [INFO]   ⏭ CNBC Crypto: 过滤掉 50 条非近期新闻
2026-09-25 01:01:02 [INFO]   ⏭ Decrypt: 过滤掉 50 条非近期新闻
2026-09-25 01:01:02 [INFO]   ⏭ 宏观经济: 过滤掉 48 条非近期新闻
2026-09-25 01:01:02 [INFO]   ⏭ 律动BlockBeats: 过滤掉 12 条非近期新闻
2026-09-25 01:01:02 [INFO]   ⏭ Blockworks: 过滤掉 1 条非近期新闻
2026-09-25 01:01:02 [INFO]   ⏭ Reddit r/cryptocurrency: 过滤掉 25 条非近期新闻
2026-09-25 01:01:02 [INFO]   ⏭ DL News: 过滤掉 50 条非近期新闻
2026-09-25 01:01:02 [INFO]   ⏭ The Block: 过滤掉 49 条非近期新闻
2026-09-25 01:01:02 [INFO]   ⏭ 吴说区块链: 过滤掉 49 条非近期新闻
2026-09-25 01:01:02 [INFO]   ⏭ DeFi Llama: 过滤掉 50 条非近期新闻
2026-09-25 01:01:02 [INFO]   ⏭ Crypto Twitter: 过滤掉 48 条非近期新闻
2026-09-25 01:01:02 [INFO]   ⏭ 雪球加密: 过滤掉 50 条非近期新闻
2026-09-25 01:01:02 [INFO]   ⏭ CoinDesk: 过滤掉 50 条非近期新闻
2026-09-25 01:01:02 [INFO]   ⏭ Bitcoin Magazine: 过滤掉 50 条非近期新闻
2026-09-25 01:01:16 [DEBUG] 请求失败 https://rsshub.rssforever.com/panewslab/news: 
2026-09-25 01:01:17 [DEBUG] 请求失败 https://rsshub.rssforever.com/bloomberg/crypto: 
2026-09-25 01:01:17 [INFO]   ⏭ PANews: 过滤掉 50 条非近期新闻
2026-09-25 01:01:17 [INFO]   ✓ CoinDesk: 0 条
2026-09-25 01:01:17 [INFO]   ✓ The Block: 1 条
2026-09-25 01:01:17 [INFO]   ✓ Decrypt: 0 条
2026-09-25 01:01:17 [INFO]   ✓ CoinTelegraph: 2 条
2026-09-25 01:01:17 [INFO]   ✓ Bitcoin Magazine: 0 条
2026-09-25 01:01:17 [INFO]   ✓ Blockworks: 0 条
2026-09-25 01:01:17 [INFO]   ✓ DL News: 0 条
2026-09-25 01:01:17 [INFO]   ✓ 金色财经: 4 条
2026-09-25 01:01:17 [INFO]   ✓ PANews: 0 条
2026-09-25 01:01:17 [INFO]   ✓ 律动BlockBeats: 8 条
2026-09-25 01:01:17 [INFO]   ✓ 吴说区块链: 1 条
2026-09-25 01:01:17 [INFO]   ✓ Bloomberg Crypto: 0 条
2026-09-25 01:01:17 [INFO]   ✓ Reuters Crypto: 0 条
2026-09-25 01:01:17 [INFO]   ✓ CNBC Crypto: 0 条
2026-09-25 01:01:17 [INFO]   ✓ Reddit r/cryptocurrency: 0 条
2026-09-25 01:01:17 [INFO]   ✓ Reddit r/bitcoin: 0 条
2026-09-25 01:01:17 [INFO]   ✓ Crypto Twitter: 2 条
2026-09-25 01:01:17 [INFO]   ✓ 宏观经济: 2 条
2026-09-25 01:01:17 [INFO]   ✓ Binance公告: 20 条
2026-09-25 01:01:17 [INFO]   ✓ OKX公告: 0 条
2026-09-25 01:01:17 [INFO]   ✓ Bitget公告: 0 条
2026-09-25 01:01:17 [INFO]   ✓ Whale Alert: 0 条
2026-09-25 01:01:17 [INFO]   ✓ Fear & Greed Index: 1 条
2026-09-25 01:01:17 [INFO]   ✓ DeFi Llama: 0 条
2026-09-25 01:01:17 [INFO]   ✓ 雪球加密: 0 条
2026-09-25 01:01:17 [INFO] 📊 共抓取 41 条新闻
2026-09-25 01:01:17 [INFO] 📋 原始新闻已保存: reports/2026-09-25-09-raw.json (41 条)
2026-09-25 01:01:17 [INFO] 📋 标题摘要已保存: reports/2026-09-25-09-raw-titles.md
2026-09-25 01:01:17 [INFO] ✅ 抓取完成，共 41 条，已保存到 reports/2026-09-25-09-raw.json
2026-09-25 01:01:17 [INFO] 🤖 开始 AI 筛选 2026-09-25 09:00 币圈消息
2026-09-25 01:01:17 [INFO] 📋 已加载原始新闻: reports/2026-09-25-09-raw.json (41 条)
2026-09-25 01:01:17 [INFO] 📚 已加载历史新闻标题（24266 字符）
2026-09-25 01:01:17 [INFO] 📚 已加载历史筛选标题 0 条、URL 0 个，用于去重
2026-09-25 01:01:17 [INFO] 🔄 尝试 AI 提供商: deepseek
2026-09-25 01:01:17 [INFO] 🤖 使用 AI 提供商: deepseek (模型: deepseek-v4-flash)
2026-09-25 01:01:17 [INFO] 🤖 AI 筛选 [[deepseek] 1/6 策略=仅标题+链接 retry=0]（41 条，7693 字符，temp=0.3）
2026-09-25 01:01:18 [ERROR] AI 调用异常 ([deepseek] 1/6 策略=仅标题+链接 retry=0): Error code: 401 - {'error': {'message': 'Authentication Fails, Your api key: ****df0d is invalid (request_id: a182d590-1693-44c0-8c24-6b2774f1cccb)', 'type': 'authentication_error', 'param': None, 'code': 'invalid_request_error'}}
2026-09-25 01:01:18 [WARNING] [[deepseek] 1/6 策略=仅标题+链接 retry=0] AI 调用失败或解析失败，继续下一次尝试
2026-09-25 01:01:18 [INFO] 🤖 AI 筛选 [[deepseek] 2/6 策略=仅标题+链接 retry=1]（41 条，7693 字符，temp=0.3）
2026-09-25 01:01:18 [ERROR] AI 调用异常 ([deepseek] 2/6 策略=仅标题+链接 retry=1): Error code: 401 - {'error': {'message': 'Authentication Fails, Your api key: ****df0d is invalid (request_id: f3169026-3078-4415-afd8-4cacd6893347)', 'type': 'authentication_error', 'param': None, 'code': 'invalid_request_error'}}
2026-09-25 01:01:18 [WARNING] [[deepseek] 2/6 策略=仅标题+链接 retry=1] AI 调用失败或解析失败，继续下一次尝试
2026-09-25 01:01:18 [INFO] 🤖 AI 筛选 [[deepseek] 3/6 策略=仅标题+链接 retry=2]（41 条，7693 字符，temp=0.3）
2026-09-25 01:01:18 [ERROR] AI 调用异常 ([deepseek] 3/6 策略=仅标题+链接 retry=2): Error code: 401 - {'error': {'message': 'Authentication Fails, Your api key: ****df0d is invalid (request_id: 723cb160-beef-4944-8ed6-87187232b6ae)', 'type': 'authentication_error', 'param': None, 'code': 'invalid_request_error'}}
2026-09-25 01:01:18 [WARNING] [[deepseek] 3/6 策略=仅标题+链接 retry=2] AI 调用失败或解析失败，继续下一次尝试
2026-09-25 01:01:18 [INFO] 🤖 AI 筛选 [[deepseek] 4/6 策略=完整内容 retry=0]（41 条，12655 字符，temp=0.3）
2026-09-25 01:01:19 [ERROR] AI 调用异常 ([deepseek] 4/6 策略=完整内容 retry=0): Error code: 401 - {'error': {'message': 'Authentication Fails, Your api key: ****df0d is invalid (request_id: 5e64f965-33ce-44b8-acfd-8d31181d4040)', 'type': 'authentication_error', 'param': None, 'code': 'invalid_request_error'}}
2026-09-25 01:01:19 [WARNING] [[deepseek] 4/6 策略=完整内容 retry=0] AI 调用失败或解析失败，继续下一次尝试
2026-09-25 01:01:19 [INFO] 🤖 AI 筛选 [[deepseek] 5/6 策略=完整内容 retry=1]（41 条，12655 字符，temp=0.3）
2026-09-25 01:01:19 [ERROR] AI 调用异常 ([deepseek] 5/6 策略=完整内容 retry=1): Error code: 401 - {'error': {'message': 'Authentication Fails, Your api key: ****df0d is invalid (request_id: cb377f46-2aa0-4cce-a851-2573360dbbec)', 'type': 'authentication_error', 'param': None, 'code': 'invalid_request_error'}}
2026-09-25 01:01:19 [WARNING] [[deepseek] 5/6 策略=完整内容 retry=1] AI 调用失败或解析失败，继续下一次尝试
2026-09-25 01:01:19 [INFO] 🤖 AI 筛选 [[deepseek] 6/6 策略=仅标题（无历史） retry=0]（41 条，7693 字符，temp=0.3）
2026-09-25 01:01:20 [ERROR] AI 调用异常 ([deepseek] 6/6 策略=仅标题（无历史） retry=0): Error code: 401 - {'error': {'message': 'Authentication Fails, Your api key: ****df0d is invalid (request_id: de52241a-bf93-42c2-b800-ea10854dc451)', 'type': 'authentication_error', 'param': None, 'code': 'invalid_request_error'}}
2026-09-25 01:01:20 [WARNING] [[deepseek] 6/6 策略=仅标题（无历史） retry=0] AI 调用失败或解析失败，继续下一次尝试
2026-09-25 01:01:20 [WARNING] [deepseek] 已达最大尝试次数 6，停止
2026-09-25 01:01:20 [INFO] ⚠️ deepseek 未能产出满意结果，尝试下一个提供商
2026-09-25 01:01:20 [INFO] 🔄 尝试 AI 提供商: zhipu
2026-09-25 01:01:20 [ERROR] 未设置环境变量 ZHIPU_API_KEY，无法使用 zhipu
2026-09-25 01:01:20 [INFO] ⚠️ zhipu 未能产出满意结果，尝试下一个提供商
2026-09-25 01:01:20 [INFO] 🔄 尝试 AI 提供商: kimi
2026-09-25 01:01:20 [ERROR] 未设置环境变量 KIMI_API_KEY，无法使用 kimi
2026-09-25 01:01:20 [INFO] ⚠️ kimi 未能产出满意结果，尝试下一个提供商
2026-09-25 01:01:20 [INFO] 🔄 尝试 AI 提供商: huoshan
2026-09-25 01:01:20 [ERROR] 未设置环境变量 HUOSHAN_API_KEY，无法使用 huoshan
2026-09-25 01:01:20 [INFO] ⚠️ huoshan 未能产出满意结果，尝试下一个提供商
2026-09-25 01:01:20 [ERROR] ❌ 所有提供商均失败，返回空列表
2026-09-25 01:01:20 [INFO] 📦 JSON 已保存: reports/2026-09-25-09.json
2026-09-25 01:01:20 [INFO] ✅ AI 筛选完成，共 0 条交易相关消息
2026-09-25 02:00:58 [INFO] 🚀 开始抓取 2026-09-25 10:00 币圈新闻
2026-09-25 02:00:58 [INFO] 📡 抓取 RSS 新闻源...
2026-09-25 02:00:58 [INFO] 📡 抓取交易所公告 & 链上数据...
2026-09-25 02:00:58 [INFO]   ⏭ The Block: 过滤掉 19 条非近期新闻
2026-09-25 02:00:58 [INFO]   ⏭ CoinTelegraph: 过滤掉 29 条非近期新闻
2026-09-25 02:00:58 [INFO]   ⏭ Decrypt: 过滤掉 34 条非近期新闻
2026-09-25 02:00:58 [WARNING] 解析失败 Bitget公告: 'NoneType' object is not subscriptable
2026-09-25 02:00:58 [INFO]   ⏭ Reuters Crypto: 过滤掉 50 条非近期新闻
2026-09-25 02:00:58 [INFO]   ⏭ Bloomberg Crypto: 过滤掉 50 条非近期新闻
2026-09-25 02:00:58 [INFO]   ⏭ CNBC Crypto: 过滤掉 50 条非近期新闻
2026-09-25 02:00:59 [INFO]   ⏭ 宏观经济: 过滤掉 49 条非近期新闻
2026-09-25 02:00:59 [INFO]   ⏭ Reddit r/cryptocurrency: 过滤掉 25 条非近期新闻
2026-09-25 02:00:59 [INFO]   ⏭ The Block: 过滤掉 49 条非近期新闻
2026-09-25 02:00:59 [INFO]   ⏭ CoinDesk: 过滤掉 25 条非近期新闻
2026-09-25 02:00:59 [INFO]   ⏭ Bitcoin Magazine: 过滤掉 10 条非近期新闻
2026-09-25 02:00:59 [INFO]   ⏭ CoinDesk: 过滤掉 50 条非近期新闻
2026-09-25 02:00:59 [INFO]   ⏭ Blockworks: 过滤掉 50 条非近期新闻
2026-09-25 02:00:59 [INFO]   ⏭ Bitcoin Magazine: 过滤掉 10 条非近期新闻
2026-09-25 02:00:59 [INFO]   ⏭ DL News: 过滤掉 50 条非近期新闻
2026-09-25 02:00:59 [INFO]   ⏭ Decrypt: 过滤掉 50 条非近期新闻
2026-09-25 02:00:59 [INFO]   ⏭ Blockworks: 过滤掉 1 条非近期新闻
2026-09-25 02:00:59 [INFO]   ⏭ Bitcoin Magazine: 过滤掉 50 条非近期新闻
2026-09-25 02:01:14 [DEBUG] 请求失败 https://rsshub.rssforever.com/bloomberg/crypto: 
2026-09-25 02:01:14 [DEBUG] 请求失败 https://rsshub.rssforever.com/xueqiu/hotstock/0: 
2026-09-25 02:01:14 [DEBUG] 请求失败 https://rsshub.rssforever.com/whalealert/recent: 
2026-09-25 02:01:14 [DEBUG] 请求失败 https://rsshub.rssforever.com/jinse/lives: 
2026-09-25 02:01:14 [DEBUG] 请求失败 https://rsshub.rssforever.com/defillama/protocol: 
2026-09-25 02:01:14 [DEBUG] 请求失败 https://rsshub.rssforever.com/twitter/list/crypto_news: 
2026-09-25 02:01:14 [DEBUG] 请求失败 https://rsshub.rssforever.com/theblockbeats/newsflash: 
2026-09-25 02:01:14 [DEBUG] 请求失败 https://rsshub.rssforever.com/panewslab/news: 
2026-09-25 02:01:14 [DEBUG] 请求失败 https://rsshub.rssforever.com/wublock: 
2026-09-25 02:01:15 [INFO]   ⏭ 吴说区块链: 过滤掉 50 条非近期新闻
2026-09-25 02:01:15 [INFO]   ⏭ 雪球加密: 过滤掉 50 条非近期新闻
2026-09-25 02:01:15 [INFO]   ⏭ DeFi Llama: 过滤掉 50 条非近期新闻
2026-09-25 02:01:15 [INFO]   ⏭ 律动BlockBeats: 过滤掉 50 条非近期新闻
2026-09-25 02:01:15 [INFO]   ⏭ PANews: 过滤掉 50 条非近期新闻
2026-09-25 02:01:15 [INFO]   ⏭ Crypto Twitter: 过滤掉 50 条非近期新闻
2026-09-25 02:01:15 [INFO]   ✓ CoinDesk: 0 条
2026-09-25 02:01:15 [INFO]   ✓ The Block: 1 条
2026-09-25 02:01:15 [INFO]   ✓ Decrypt: 0 条
2026-09-25 02:01:15 [INFO]   ✓ CoinTelegraph: 1 条
2026-09-25 02:01:15 [INFO]   ✓ Bitcoin Magazine: 0 条
2026-09-25 02:01:15 [INFO]   ✓ Blockworks: 0 条
2026-09-25 02:01:15 [INFO]   ✓ DL News: 0 条
2026-09-25 02:01:15 [INFO]   ✓ 金色财经: 0 条
2026-09-25 02:01:15 [INFO]   ✓ PANews: 0 条
2026-09-25 02:01:15 [INFO]   ✓ 律动BlockBeats: 0 条
2026-09-25 02:01:15 [INFO]   ✓ 吴说区块链: 0 条
2026-09-25 02:01:15 [INFO]   ✓ Bloomberg Crypto: 0 条
2026-09-25 02:01:15 [INFO]   ✓ Reuters Crypto: 0 条
2026-09-25 02:01:15 [INFO]   ✓ CNBC Crypto: 0 条
2026-09-25 02:01:15 [INFO]   ✓ Reddit r/cryptocurrency: 0 条
2026-09-25 02:01:15 [INFO]   ✓ Reddit r/bitcoin: 0 条
2026-09-25 02:01:15 [INFO]   ✓ Crypto Twitter: 0 条
2026-09-25 02:01:15 [INFO]   ✓ 宏观经济: 1 条
2026-09-25 02:01:15 [INFO]   ✓ Binance公告: 20 条
2026-09-25 02:01:15 [INFO]   ✓ OKX公告: 0 条
2026-09-25 02:01:15 [INFO]   ✓ Bitget公告: 0 条
2026-09-25 02:01:15 [INFO]   ✓ Whale Alert: 0 条
2026-09-25 02:01:15 [INFO]   ✓ Fear & Greed Index: 1 条
2026-09-25 02:01:15 [INFO]   ✓ DeFi Llama: 0 条
2026-09-25 02:01:15 [INFO]   ✓ 雪球加密: 0 条
2026-09-25 02:01:15 [INFO] 📊 共抓取 24 条新闻
2026-09-25 02:01:15 [INFO] 📋 原始新闻已保存: reports/2026-09-25-10-raw.json (24 条)
2026-09-25 02:01:15 [INFO] 📋 标题摘要已保存: reports/2026-09-25-10-raw-titles.md
2026-09-25 02:01:15 [INFO] ✅ 抓取完成，共 24 条，已保存到 reports/2026-09-25-10-raw.json
2026-09-25 02:01:16 [INFO] 🤖 开始 AI 筛选 2026-09-25 10:00 币圈消息
2026-09-25 02:01:16 [INFO] 📋 已加载原始新闻: reports/2026-09-25-10-raw.json (24 条)
2026-09-25 02:01:16 [INFO] 📚 已加载历史新闻标题（23769 字符）
2026-09-25 02:01:16 [INFO] 📚 已加载历史筛选标题 0 条、URL 0 个，用于去重
2026-09-25 02:01:16 [INFO] 🔄 尝试 AI 提供商: deepseek
2026-09-25 02:01:16 [INFO] 🤖 使用 AI 提供商: deepseek (模型: deepseek-v4-flash)
2026-09-25 02:01:16 [INFO] 🤖 AI 筛选 [[deepseek] 1/6 策略=仅标题+链接 retry=0]（24 条，4974 字符，temp=0.3）
2026-09-25 02:01:16 [ERROR] AI 调用异常 ([deepseek] 1/6 策略=仅标题+链接 retry=0): Error code: 401 - {'error': {'message': 'Authentication Fails, Your api key: ****df0d is invalid (request_id: 3c9d6e45-a9a2-4379-b95f-a8281c169573)', 'type': 'authentication_error', 'param': None, 'code': 'invalid_request_error'}}
2026-09-25 02:01:16 [WARNING] [[deepseek] 1/6 策略=仅标题+链接 retry=0] AI 调用失败或解析失败，继续下一次尝试
2026-09-25 02:01:16 [INFO] 🤖 AI 筛选 [[deepseek] 2/6 策略=仅标题+链接 retry=1]（24 条，4974 字符，temp=0.3）
2026-09-25 02:01:16 [ERROR] AI 调用异常 ([deepseek] 2/6 策略=仅标题+链接 retry=1): Error code: 401 - {'error': {'message': 'Authentication Fails, Your api key: ****df0d is invalid (request_id: e32eac27-2ad6-4a14-a5c2-6f4d4bc62ab1)', 'type': 'authentication_error', 'param': None, 'code': 'invalid_request_error'}}
2026-09-25 02:01:16 [WARNING] [[deepseek] 2/6 策略=仅标题+链接 retry=1] AI 调用失败或解析失败，继续下一次尝试
2026-09-25 02:01:16 [INFO] 🤖 AI 筛选 [[deepseek] 3/6 策略=仅标题+链接 retry=2]（24 条，4974 字符，temp=0.3）
2026-09-25 02:01:17 [ERROR] AI 调用异常 ([deepseek] 3/6 策略=仅标题+链接 retry=2): Error code: 401 - {'error': {'message': 'Authentication Fails, Your api key: ****df0d is invalid (request_id: 064d0702-f5a9-45de-95cd-3f85b4734db4)', 'type': 'authentication_error', 'param': None, 'code': 'invalid_request_error'}}
2026-09-25 02:01:17 [WARNING] [[deepseek] 3/6 策略=仅标题+链接 retry=2] AI 调用失败或解析失败，继续下一次尝试
2026-09-25 02:01:17 [INFO] 🤖 AI 筛选 [[deepseek] 4/6 策略=完整内容 retry=0]（24 条，7220 字符，temp=0.3）
2026-09-25 02:01:17 [ERROR] AI 调用异常 ([deepseek] 4/6 策略=完整内容 retry=0): Error code: 401 - {'error': {'message': 'Authentication Fails, Your api key: ****df0d is invalid (request_id: be950447-4af9-4719-b4c7-7680aa2b69d5)', 'type': 'authentication_error', 'param': None, 'code': 'invalid_request_error'}}
2026-09-25 02:01:17 [WARNING] [[deepseek] 4/6 策略=完整内容 retry=0] AI 调用失败或解析失败，继续下一次尝试
2026-09-25 02:01:17 [INFO] 🤖 AI 筛选 [[deepseek] 5/6 策略=完整内容 retry=1]（24 条，7220 字符，temp=0.3）
2026-09-25 02:01:18 [ERROR] AI 调用异常 ([deepseek] 5/6 策略=完整内容 retry=1): Error code: 401 - {'error': {'message': 'Authentication Fails, Your api key: ****df0d is invalid (request_id: 951b61d9-6574-4105-a700-94fc84541daa)', 'type': 'authentication_error', 'param': None, 'code': 'invalid_request_error'}}
2026-09-25 02:01:18 [WARNING] [[deepseek] 5/6 策略=完整内容 retry=1] AI 调用失败或解析失败，继续下一次尝试
2026-09-25 02:01:18 [INFO] 🤖 AI 筛选 [[deepseek] 6/6 策略=仅标题（无历史） retry=0]（24 条，4974 字符，temp=0.3）
2026-09-25 02:01:18 [ERROR] AI 调用异常 ([deepseek] 6/6 策略=仅标题（无历史） retry=0): Error code: 401 - {'error': {'message': 'Authentication Fails, Your api key: ****df0d is invalid (request_id: f2a1e216-327f-4c01-a81a-b9a6dc69ec2b)', 'type': 'authentication_error', 'param': None, 'code': 'invalid_request_error'}}
2026-09-25 02:01:18 [WARNING] [[deepseek] 6/6 策略=仅标题（无历史） retry=0] AI 调用失败或解析失败，继续下一次尝试
2026-09-25 02:01:18 [WARNING] [deepseek] 已达最大尝试次数 6，停止
2026-09-25 02:01:18 [INFO] ⚠️ deepseek 未能产出满意结果，尝试下一个提供商
2026-09-25 02:01:18 [INFO] 🔄 尝试 AI 提供商: zhipu
2026-09-25 02:01:18 [ERROR] 未设置环境变量 ZHIPU_API_KEY，无法使用 zhipu
2026-09-25 02:01:18 [INFO] ⚠️ zhipu 未能产出满意结果，尝试下一个提供商
2026-09-25 02:01:18 [INFO] 🔄 尝试 AI 提供商: kimi
2026-09-25 02:01:18 [ERROR] 未设置环境变量 KIMI_API_KEY，无法使用 kimi
2026-09-25 02:01:18 [INFO] ⚠️ kimi 未能产出满意结果，尝试下一个提供商
2026-09-25 02:01:18 [INFO] 🔄 尝试 AI 提供商: huoshan
2026-09-25 02:01:18 [ERROR] 未设置环境变量 HUOSHAN_API_KEY，无法使用 huoshan
2026-09-25 02:01:18 [INFO] ⚠️ huoshan 未能产出满意结果，尝试下一个提供商
2026-09-25 02:01:18 [ERROR] ❌ 所有提供商均失败，返回空列表
2026-09-25 02:01:18 [INFO] 📦 JSON 已保存: reports/2026-09-25-10.json
2026-09-25 02:01:18 [INFO] ✅ AI 筛选完成，共 0 条交易相关消息
2026-09-25 03:01:00 [INFO] 🚀 开始抓取 2026-09-25 11:00 币圈新闻
2026-09-25 03:01:00 [INFO] 📡 抓取 RSS 新闻源...
2026-09-25 03:01:00 [INFO] 📡 抓取交易所公告 & 链上数据...
2026-09-25 03:01:00 [INFO]   ⏭ Decrypt: 过滤掉 34 条非近期新闻
2026-09-25 03:01:00 [INFO]   ⏭ The Block: 过滤掉 19 条非近期新闻
2026-09-25 03:01:00 [INFO]   ⏭ CoinTelegraph: 过滤掉 29 条非近期新闻
2026-09-25 03:01:00 [WARNING] 解析失败 Bitget公告: 'NoneType' object is not subscriptable
2026-09-25 03:01:00 [INFO]   ⏭ Bitcoin Magazine: 过滤掉 10 条非近期新闻
2026-09-25 03:01:01 [INFO]   ⏭ CoinDesk: 过滤掉 25 条非近期新闻
2026-09-25 03:01:01 [INFO]   ⏭ Blockworks: 过滤掉 50 条非近期新闻
2026-09-25 03:01:01 [INFO]   ⏭ Bloomberg Crypto: 过滤掉 50 条非近期新闻
2026-09-25 03:01:01 [INFO]   ⏭ Decrypt: 过滤掉 50 条非近期新闻
2026-09-25 03:01:01 [INFO]   ⏭ CNBC Crypto: 过滤掉 49 条非近期新闻
2026-09-25 03:01:01 [INFO]   ⏭ 宏观经济: 过滤掉 50 条非近期新闻
2026-09-25 03:01:01 [INFO]   ⏭ Reddit r/bitcoin: 过滤掉 23 条非近期新闻
2026-09-25 03:01:01 [INFO]   ⏭ Reuters Crypto: 过滤掉 50 条非近期新闻
2026-09-25 03:01:02 [INFO]   ⏭ Blockworks: 过滤掉 1 条非近期新闻
2026-09-25 03:01:02 [INFO]   ⏭ 宏观经济: 过滤掉 50 条非近期新闻
2026-09-25 03:01:02 [INFO]   ⏭ 吴说区块链: 过滤掉 50 条非近期新闻
2026-09-25 03:01:02 [INFO]   ⏭ DeFi Llama: 过滤掉 50 条非近期新闻
2026-09-25 03:01:02 [INFO]   ⏭ The Block: 过滤掉 50 条非近期新闻
2026-09-25 03:01:02 [INFO]   ⏭ DL News: 过滤掉 50 条非近期新闻
2026-09-25 03:01:02 [INFO]   ⏭ 雪球加密: 过滤掉 50 条非近期新闻
2026-09-25 03:01:02 [INFO]   ⏭ Bitcoin Magazine: 过滤掉 50 条非近期新闻
2026-09-25 03:01:02 [INFO]   ⏭ CoinDesk: 过滤掉 50 条非近期新闻
2026-09-25 03:01:02 [INFO]   ⏭ Crypto Twitter: 过滤掉 47 条非近期新闻
2026-09-25 03:01:15 [DEBUG] 请求失败 https://rsshub.rssforever.com/theblockbeats/newsflash: 
2026-09-25 03:01:15 [DEBUG] 请求失败 https://rsshub.rssforever.com/jinse/lives: 
2026-09-25 03:01:15 [DEBUG] 请求失败 https://rsshub.rssforever.com/panewslab/news: 
2026-09-25 03:01:16 [INFO]   ⏭ 律动BlockBeats: 过滤掉 50 条非近期新闻
2026-09-25 03:01:16 [INFO]   ⏭ PANews: 过滤掉 50 条非近期新闻
2026-09-25 03:01:16 [DEBUG] 请求失败 https://rsshub.rssforever.com/bloomberg/crypto: 
2026-09-25 03:01:16 [INFO]   ✓ CoinDesk: 0 条
2026-09-25 03:01:16 [INFO]   ✓ The Block: 0 条
2026-09-25 03:01:16 [INFO]   ✓ Decrypt: 0 条
2026-09-25 03:01:16 [INFO]   ✓ CoinTelegraph: 1 条
2026-09-25 03:01:16 [INFO]   ✓ Bitcoin Magazine: 0 条
2026-09-25 03:01:16 [INFO]   ✓ Blockworks: 0 条
2026-09-25 03:01:16 [INFO]   ✓ DL News: 0 条
2026-09-25 03:01:16 [INFO]   ✓ 金色财经: 0 条
2026-09-25 03:01:16 [INFO]   ✓ PANews: 0 条
2026-09-25 03:01:16 [INFO]   ✓ 律动BlockBeats: 0 条
2026-09-25 03:01:16 [INFO]   ✓ 吴说区块链: 0 条
2026-09-25 03:01:16 [INFO]   ✓ Bloomberg Crypto: 0 条
2026-09-25 03:01:16 [INFO]   ✓ Reuters Crypto: 0 条
2026-09-25 03:01:16 [INFO]   ✓ CNBC Crypto: 1 条
2026-09-25 03:01:16 [INFO]   ✓ Reddit r/cryptocurrency: 0 条
2026-09-25 03:01:16 [INFO]   ✓ Reddit r/bitcoin: 2 条
2026-09-25 03:01:16 [INFO]   ✓ Crypto Twitter: 3 条
2026-09-25 03:01:16 [INFO]   ✓ 宏观经济: 0 条
2026-09-25 03:01:16 [INFO]   ✓ Binance公告: 20 条
2026-09-25 03:01:16 [INFO]   ✓ OKX公告: 0 条
2026-09-25 03:01:16 [INFO]   ✓ Bitget公告: 0 条
2026-09-25 03:01:16 [INFO]   ✓ Whale Alert: 0 条
2026-09-25 03:01:16 [INFO]   ✓ Fear & Greed Index: 1 条
2026-09-25 03:01:16 [INFO]   ✓ DeFi Llama: 0 条
2026-09-25 03:01:16 [INFO]   ✓ 雪球加密: 0 条
2026-09-25 03:01:16 [INFO] 📊 共抓取 28 条新闻
2026-09-25 03:01:16 [INFO] 📋 原始新闻已保存: reports/2026-09-25-11-raw.json (28 条)
2026-09-25 03:01:16 [INFO] 📋 标题摘要已保存: reports/2026-09-25-11-raw-titles.md
2026-09-25 03:01:16 [INFO] ✅ 抓取完成，共 28 条，已保存到 reports/2026-09-25-11-raw.json
2026-09-25 03:01:17 [INFO] 🤖 开始 AI 筛选 2026-09-25 11:00 币圈消息
2026-09-25 03:01:17 [INFO] 📋 已加载原始新闻: reports/2026-09-25-11-raw.json (28 条)
2026-09-25 03:01:17 [INFO] 📚 已加载历史新闻标题（21607 字符）
2026-09-25 03:01:17 [INFO] 📚 已加载历史筛选标题 0 条、URL 0 个，用于去重
2026-09-25 03:01:17 [INFO] 🔄 尝试 AI 提供商: deepseek
2026-09-25 03:01:17 [INFO] 🤖 使用 AI 提供商: deepseek (模型: deepseek-v4-flash)
2026-09-25 03:01:17 [INFO] 🤖 AI 筛选 [[deepseek] 1/6 策略=仅标题+链接 retry=0]（28 条，6189 字符，temp=0.3）
2026-09-25 03:01:18 [ERROR] AI 调用异常 ([deepseek] 1/6 策略=仅标题+链接 retry=0): Error code: 401 - {'error': {'message': 'Authentication Fails, Your api key: ****df0d is invalid (request_id: 8a6913f0-514e-453a-8e2d-ca9e31b4fa9f)', 'type': 'authentication_error', 'param': None, 'code': 'invalid_request_error'}}
2026-09-25 03:01:18 [WARNING] [[deepseek] 1/6 策略=仅标题+链接 retry=0] AI 调用失败或解析失败，继续下一次尝试
2026-09-25 03:01:18 [INFO] 🤖 AI 筛选 [[deepseek] 2/6 策略=仅标题+链接 retry=1]（28 条，6189 字符，temp=0.3）
2026-09-25 03:01:18 [ERROR] AI 调用异常 ([deepseek] 2/6 策略=仅标题+链接 retry=1): Error code: 401 - {'error': {'message': 'Authentication Fails, Your api key: ****df0d is invalid (request_id: 0293da68-bff2-49dc-9387-c0d685d3fd65)', 'type': 'authentication_error', 'param': None, 'code': 'invalid_request_error'}}
2026-09-25 03:01:18 [WARNING] [[deepseek] 2/6 策略=仅标题+链接 retry=1] AI 调用失败或解析失败，继续下一次尝试
2026-09-25 03:01:18 [INFO] 🤖 AI 筛选 [[deepseek] 3/6 策略=仅标题+链接 retry=2]（28 条，6189 字符，temp=0.3）
2026-09-25 03:01:18 [ERROR] AI 调用异常 ([deepseek] 3/6 策略=仅标题+链接 retry=2): Error code: 401 - {'error': {'message': 'Authentication Fails, Your api key: ****df0d is invalid (request_id: c683c975-dd7e-4f8d-a119-45c8ed087409)', 'type': 'authentication_error', 'param': None, 'code': 'invalid_request_error'}}
2026-09-25 03:01:18 [WARNING] [[deepseek] 3/6 策略=仅标题+链接 retry=2] AI 调用失败或解析失败，继续下一次尝试
2026-09-25 03:01:18 [INFO] 🤖 AI 筛选 [[deepseek] 4/6 策略=完整内容 retry=0]（28 条，8970 字符，temp=0.3）
2026-09-25 03:01:19 [ERROR] AI 调用异常 ([deepseek] 4/6 策略=完整内容 retry=0): Error code: 401 - {'error': {'message': 'Authentication Fails, Your api key: ****df0d is invalid (request_id: 4ca8dfd3-ae02-495c-8f0b-637a3ee6ae88)', 'type': 'authentication_error', 'param': None, 'code': 'invalid_request_error'}}
2026-09-25 03:01:19 [WARNING] [[deepseek] 4/6 策略=完整内容 retry=0] AI 调用失败或解析失败，继续下一次尝试
2026-09-25 03:01:19 [INFO] 🤖 AI 筛选 [[deepseek] 5/6 策略=完整内容 retry=1]（28 条，8970 字符，temp=0.3）
2026-09-25 03:01:19 [ERROR] AI 调用异常 ([deepseek] 5/6 策略=完整内容 retry=1): Error code: 401 - {'error': {'message': 'Authentication Fails, Your api key: ****df0d is invalid (request_id: ef652001-cced-4525-b0a5-2df59c02ae74)', 'type': 'authentication_error', 'param': None, 'code': 'invalid_request_error'}}
2026-09-25 03:01:19 [WARNING] [[deepseek] 5/6 策略=完整内容 retry=1] AI 调用失败或解析失败，继续下一次尝试
2026-09-25 03:01:19 [INFO] 🤖 AI 筛选 [[deepseek] 6/6 策略=仅标题（无历史） retry=0]（28 条，6189 字符，temp=0.3）
2026-09-25 03:01:20 [ERROR] AI 调用异常 ([deepseek] 6/6 策略=仅标题（无历史） retry=0): Error code: 401 - {'error': {'message': 'Authentication Fails, Your api key: ****df0d is invalid (request_id: bdb54d49-078e-45ad-8e7b-2f9227f33f7a)', 'type': 'authentication_error', 'param': None, 'code': 'invalid_request_error'}}
2026-09-25 03:01:20 [WARNING] [[deepseek] 6/6 策略=仅标题（无历史） retry=0] AI 调用失败或解析失败，继续下一次尝试
2026-09-25 03:01:20 [WARNING] [deepseek] 已达最大尝试次数 6，停止
2026-09-25 03:01:20 [INFO] ⚠️ deepseek 未能产出满意结果，尝试下一个提供商
2026-09-25 03:01:20 [INFO] 🔄 尝试 AI 提供商: zhipu
2026-09-25 03:01:20 [ERROR] 未设置环境变量 ZHIPU_API_KEY，无法使用 zhipu
2026-09-25 03:01:20 [INFO] ⚠️ zhipu 未能产出满意结果，尝试下一个提供商
2026-09-25 03:01:20 [INFO] 🔄 尝试 AI 提供商: kimi
2026-09-25 03:01:20 [ERROR] 未设置环境变量 KIMI_API_KEY，无法使用 kimi
2026-09-25 03:01:20 [INFO] ⚠️ kimi 未能产出满意结果，尝试下一个提供商
2026-09-25 03:01:20 [INFO] 🔄 尝试 AI 提供商: huoshan
2026-09-25 03:01:20 [ERROR] 未设置环境变量 HUOSHAN_API_KEY，无法使用 huoshan
2026-09-25 03:01:20 [INFO] ⚠️ huoshan 未能产出满意结果，尝试下一个提供商
2026-09-25 03:01:20 [ERROR] ❌ 所有提供商均失败，返回空列表
2026-09-25 03:01:20 [INFO] 📦 JSON 已保存: reports/2026-09-25-11.json
2026-09-25 03:01:20 [INFO] ✅ AI 筛选完成，共 0 条交易相关消息
2026-09-25 04:00:54 [INFO] 🚀 开始抓取 2026-09-25 12:00 币圈新闻
2026-09-25 04:00:54 [INFO] 📡 抓取 RSS 新闻源...
2026-09-25 04:00:54 [INFO] 📡 抓取交易所公告 & 链上数据...
2026-09-25 04:00:54 [INFO]   ⏭ Decrypt: 过滤掉 34 条非近期新闻
2026-09-25 04:00:54 [INFO]   ⏭ The Block: 过滤掉 19 条非近期新闻
2026-09-25 04:00:54 [INFO]   ⏭ CoinTelegraph: 过滤掉 30 条非近期新闻
2026-09-25 04:00:54 [INFO]   ⏭ CoinDesk: 过滤掉 25 条非近期新闻
2026-09-25 04:00:54 [INFO]   ⏭ Bitcoin Magazine: 过滤掉 10 条非近期新闻
2026-09-25 04:00:54 [INFO]   ⏭ Bloomberg Crypto: 过滤掉 50 条非近期新闻
2026-09-25 04:00:54 [INFO]   ⏭ Reuters Crypto: 过滤掉 50 条非近期新闻
2026-09-25 04:00:54 [WARNING] 解析失败 Bitget公告: 'NoneType' object is not subscriptable
2026-09-25 04:00:55 [INFO]   ⏭ Blockworks: 过滤掉 50 条非近期新闻
2026-09-25 04:00:55 [INFO]   ⏭ Reddit r/bitcoin: 过滤掉 24 条非近期新闻
2026-09-25 04:00:55 [INFO]   ⏭ CNBC Crypto: 过滤掉 50 条非近期新闻
2026-09-25 04:00:55 [INFO]   ⏭ 宏观经济: 过滤掉 50 条非近期新闻
2026-09-25 04:00:55 [INFO]   ⏭ Decrypt: 过滤掉 50 条非近期新闻
2026-09-25 04:00:55 [INFO]   ⏭ DL News: 过滤掉 50 条非近期新闻
2026-09-25 04:00:55 [INFO]   ⏭ Bitcoin Magazine: 过滤掉 50 条非近期新闻
2026-09-25 04:00:55 [INFO]   ⏭ 宏观经济: 过滤掉 50 条非近期新闻
2026-09-25 04:00:55 [INFO]   ⏭ Blockworks: 过滤掉 1 条非近期新闻
2026-09-25 04:00:55 [INFO]   ⏭ 律动BlockBeats: 过滤掉 9 条非近期新闻
2026-09-25 04:00:55 [INFO]   ⏭ CoinTelegraph: 过滤掉 25 条非近期新闻
2026-09-25 04:00:55 [INFO]   ⏭ 吴说区块链: 过滤掉 50 条非近期新闻
2026-09-25 04:00:56 [INFO]   ⏭ 雪球加密: 过滤掉 49 条非近期新闻
2026-09-25 04:00:56 [INFO]   ⏭ The Block: 过滤掉 50 条非近期新闻
2026-09-25 04:00:56 [INFO]   ⏭ Crypto Twitter: 过滤掉 49 条非近期新闻
2026-09-25 04:00:56 [INFO]   ⏭ DeFi Llama: 过滤掉 50 条非近期新闻
2026-09-25 04:00:56 [INFO]   ⏭ CoinTelegraph: 过滤掉 49 条非近期新闻
2026-09-25 04:00:56 [INFO]   ⏭ CoinDesk: 过滤掉 50 条非近期新闻
2026-09-25 04:01:10 [DEBUG] 请求失败 https://rsshub.rssforever.com/panewslab/news: 
2026-09-25 04:01:10 [DEBUG] 请求失败 https://rsshub.rssforever.com/jinse/lives: 
2026-09-25 04:01:10 [DEBUG] 请求失败 https://rsshub.rssforever.com/bloomberg/crypto: 
2026-09-25 04:01:10 [INFO]   ⏭ PANews: 过滤掉 50 条非近期新闻
2026-09-25 04:01:10 [INFO]   ✓ CoinDesk: 0 条
2026-09-25 04:01:10 [INFO]   ✓ The Block: 0 条
2026-09-25 04:01:10 [INFO]   ✓ Decrypt: 0 条
2026-09-25 04:01:10 [INFO]   ✓ CoinTelegraph: 1 条
2026-09-25 04:01:10 [INFO]   ✓ Bitcoin Magazine: 0 条
2026-09-25 04:01:10 [INFO]   ✓ Blockworks: 0 条
2026-09-25 04:01:10 [INFO]   ✓ DL News: 0 条
2026-09-25 04:01:10 [INFO]   ✓ 金色财经: 0 条
2026-09-25 04:01:10 [INFO]   ✓ PANews: 0 条
2026-09-25 04:01:10 [INFO]   ✓ 律动BlockBeats: 11 条
2026-09-25 04:01:10 [INFO]   ✓ 吴说区块链: 0 条
2026-09-25 04:01:10 [INFO]   ✓ Bloomberg Crypto: 0 条
2026-09-25 04:01:10 [INFO]   ✓ Reuters Crypto: 0 条
2026-09-25 04:01:10 [INFO]   ✓ CNBC Crypto: 0 条
2026-09-25 04:01:10 [INFO]   ✓ Reddit r/cryptocurrency: 0 条
2026-09-25 04:01:10 [INFO]   ✓ Reddit r/bitcoin: 1 条
2026-09-25 04:01:10 [INFO]   ✓ Crypto Twitter: 1 条
2026-09-25 04:01:10 [INFO]   ✓ 宏观经济: 0 条
2026-09-25 04:01:10 [INFO]   ✓ Binance公告: 20 条
2026-09-25 04:01:10 [INFO]   ✓ OKX公告: 0 条
2026-09-25 04:01:10 [INFO]   ✓ Bitget公告: 0 条
2026-09-25 04:01:10 [INFO]   ✓ Whale Alert: 0 条
2026-09-25 04:01:10 [INFO]   ✓ Fear & Greed Index: 1 条
2026-09-25 04:01:10 [INFO]   ✓ DeFi Llama: 0 条
2026-09-25 04:01:10 [INFO]   ✓ 雪球加密: 1 条
2026-09-25 04:01:10 [INFO] 📊 共抓取 36 条新闻
2026-09-25 04:01:10 [INFO] 📋 原始新闻已保存: reports/2026-09-25-12-raw.json (36 条)
2026-09-25 04:01:10 [INFO] 📋 标题摘要已保存: reports/2026-09-25-12-raw-titles.md
2026-09-25 04:01:10 [INFO] ✅ 抓取完成，共 36 条，已保存到 reports/2026-09-25-12-raw.json
2026-09-25 04:01:11 [INFO] 🤖 开始 AI 筛选 2026-09-25 12:00 币圈消息
2026-09-25 04:01:11 [INFO] 📋 已加载原始新闻: reports/2026-09-25-12-raw.json (36 条)
2026-09-25 04:01:11 [INFO] 📚 已加载历史新闻标题（19737 字符）
2026-09-25 04:01:11 [INFO] 📚 已加载历史筛选标题 0 条、URL 0 个，用于去重
2026-09-25 04:01:11 [INFO] 🔄 尝试 AI 提供商: deepseek
2026-09-25 04:01:11 [INFO] 🤖 使用 AI 提供商: deepseek (模型: deepseek-v4-flash)
2026-09-25 04:01:11 [INFO] 🤖 AI 筛选 [[deepseek] 1/6 策略=仅标题+链接 retry=0]（36 条，6374 字符，temp=0.3）
2026-09-25 04:01:12 [ERROR] AI 调用异常 ([deepseek] 1/6 策略=仅标题+链接 retry=0): Error code: 401 - {'error': {'message': 'Authentication Fails, Your api key: ****df0d is invalid (request_id: 2d06452b-0bb8-4079-8b09-34644d36a8ae)', 'type': 'authentication_error', 'param': None, 'code': 'invalid_request_error'}}
2026-09-25 04:01:12 [WARNING] [[deepseek] 1/6 策略=仅标题+链接 retry=0] AI 调用失败或解析失败，继续下一次尝试
2026-09-25 04:01:12 [INFO] 🤖 AI 筛选 [[deepseek] 2/6 策略=仅标题+链接 retry=1]（36 条，6374 字符，temp=0.3）
2026-09-25 04:01:12 [ERROR] AI 调用异常 ([deepseek] 2/6 策略=仅标题+链接 retry=1): Error code: 401 - {'error': {'message': 'Authentication Fails, Your api key: ****df0d is invalid (request_id: d2a4d3a7-026b-41cc-8778-8e7c11f30be7)', 'type': 'authentication_error', 'param': None, 'code': 'invalid_request_error'}}
2026-09-25 04:01:12 [WARNING] [[deepseek] 2/6 策略=仅标题+链接 retry=1] AI 调用失败或解析失败，继续下一次尝试
2026-09-25 04:01:12 [INFO] 🤖 AI 筛选 [[deepseek] 3/6 策略=仅标题+链接 retry=2]（36 条，6374 字符，temp=0.3）
2026-09-25 04:01:13 [ERROR] AI 调用异常 ([deepseek] 3/6 策略=仅标题+链接 retry=2): Error code: 401 - {'error': {'message': 'Authentication Fails, Your api key: ****df0d is invalid (request_id: 353ce362-c94d-446c-a29c-080f0f640e0d)', 'type': 'authentication_error', 'param': None, 'code': 'invalid_request_error'}}
2026-09-25 04:01:13 [WARNING] [[deepseek] 3/6 策略=仅标题+链接 retry=2] AI 调用失败或解析失败，继续下一次尝试
2026-09-25 04:01:13 [INFO] 🤖 AI 筛选 [[deepseek] 4/6 策略=完整内容 retry=0]（36 条，10735 字符，temp=0.3）
2026-09-25 04:01:13 [ERROR] AI 调用异常 ([deepseek] 4/6 策略=完整内容 retry=0): Error code: 401 - {'error': {'message': 'Authentication Fails, Your api key: ****df0d is invalid (request_id: 15e5d3ba-e578-4925-857f-6025cfff778c)', 'type': 'authentication_error', 'param': None, 'code': 'invalid_request_error'}}
2026-09-25 04:01:13 [WARNING] [[deepseek] 4/6 策略=完整内容 retry=0] AI 调用失败或解析失败，继续下一次尝试
2026-09-25 04:01:13 [INFO] 🤖 AI 筛选 [[deepseek] 5/6 策略=完整内容 retry=1]（36 条，10735 字符，temp=0.3）
2026-09-25 04:01:13 [ERROR] AI 调用异常 ([deepseek] 5/6 策略=完整内容 retry=1): Error code: 401 - {'error': {'message': 'Authentication Fails, Your api key: ****df0d is invalid (request_id: e1aa8051-9f88-45fa-8b9e-d46f497962e8)', 'type': 'authentication_error', 'param': None, 'code': 'invalid_request_error'}}
2026-09-25 04:01:13 [WARNING] [[deepseek] 5/6 策略=完整内容 retry=1] AI 调用失败或解析失败，继续下一次尝试
2026-09-25 04:01:13 [INFO] 🤖 AI 筛选 [[deepseek] 6/6 策略=仅标题（无历史） retry=0]（36 条，6374 字符，temp=0.3）
2026-09-25 04:01:14 [ERROR] AI 调用异常 ([deepseek] 6/6 策略=仅标题（无历史） retry=0): Error code: 401 - {'error': {'message': 'Authentication Fails, Your api key: ****df0d is invalid (request_id: 5ba7124c-52ea-456b-896d-0158ada57b7b)', 'type': 'authentication_error', 'param': None, 'code': 'invalid_request_error'}}
2026-09-25 04:01:14 [WARNING] [[deepseek] 6/6 策略=仅标题（无历史） retry=0] AI 调用失败或解析失败，继续下一次尝试
2026-09-25 04:01:14 [WARNING] [deepseek] 已达最大尝试次数 6，停止
2026-09-25 04:01:14 [INFO] ⚠️ deepseek 未能产出满意结果，尝试下一个提供商
2026-09-25 04:01:14 [INFO] 🔄 尝试 AI 提供商: zhipu
2026-09-25 04:01:14 [ERROR] 未设置环境变量 ZHIPU_API_KEY，无法使用 zhipu
2026-09-25 04:01:14 [INFO] ⚠️ zhipu 未能产出满意结果，尝试下一个提供商
2026-09-25 04:01:14 [INFO] 🔄 尝试 AI 提供商: kimi
2026-09-25 04:01:14 [ERROR] 未设置环境变量 KIMI_API_KEY，无法使用 kimi
2026-09-25 04:01:14 [INFO] ⚠️ kimi 未能产出满意结果，尝试下一个提供商
2026-09-25 04:01:14 [INFO] 🔄 尝试 AI 提供商: huoshan
2026-09-25 04:01:14 [ERROR] 未设置环境变量 HUOSHAN_API_KEY，无法使用 huoshan
2026-09-25 04:01:14 [INFO] ⚠️ huoshan 未能产出满意结果，尝试下一个提供商
2026-09-25 04:01:14 [ERROR] ❌ 所有提供商均失败，返回空列表
2026-09-25 04:01:14 [INFO] 📦 JSON 已保存: reports/2026-09-25-12.json
2026-09-25 04:01:14 [INFO] ✅ AI 筛选完成，共 0 条交易相关消息
2026-09-25 05:00:51 [INFO] 🚀 开始抓取 2026-09-25 13:00 币圈新闻
2026-09-25 05:00:51 [INFO] 📡 抓取 RSS 新闻源...
2026-09-25 05:00:51 [INFO] 📡 抓取交易所公告 & 链上数据...
2026-09-25 05:00:51 [INFO]   ⏭ Decrypt: 过滤掉 34 条非近期新闻
2026-09-25 05:00:51 [INFO]   ⏭ The Block: 过滤掉 19 条非近期新闻
2026-09-25 05:00:52 [INFO]   ⏭ CoinDesk: 过滤掉 25 条非近期新闻
2026-09-25 05:00:52 [WARNING] 解析失败 Bitget公告: 'NoneType' object is not subscriptable
2026-09-25 05:00:52 [INFO]   ⏭ Bitcoin Magazine: 过滤掉 10 条非近期新闻
2026-09-25 05:00:52 [INFO]   ⏭ Bloomberg Crypto: 过滤掉 50 条非近期新闻
2026-09-25 05:00:52 [INFO]   ⏭ Reuters Crypto: 过滤掉 50 条非近期新闻
2026-09-25 05:00:52 [INFO]   ⏭ Blockworks: 过滤掉 50 条非近期新闻
2026-09-25 05:00:52 [INFO]   ⏭ 宏观经济: 过滤掉 50 条非近期新闻
2026-09-25 05:00:52 [INFO]   ⏭ CNBC Crypto: 过滤掉 49 条非近期新闻
2026-09-25 05:00:52 [INFO]   ⏭ Reddit r/cryptocurrency: 过滤掉 24 条非近期新闻
2026-09-25 05:00:52 [INFO]   ⏭ Decrypt: 过滤掉 50 条非近期新闻
2026-09-25 05:00:52 [INFO]   ⏭ CoinTelegraph: 过滤掉 29 条非近期新闻
2026-09-25 05:00:52 [INFO]   ⏭ DL News: 过滤掉 50 条非近期新闻
2026-09-25 05:00:52 [INFO]   ⏭ Bitcoin Magazine: 过滤掉 50 条非近期新闻
2026-09-25 05:00:52 [INFO]   ⏭ 律动BlockBeats: 过滤掉 11 条非近期新闻
2026-09-25 05:00:52 [INFO]   ⏭ Blockworks: 过滤掉 1 条非近期新闻
2026-09-25 05:00:52 [INFO]   ⏭ 宏观经济: 过滤掉 50 条非近期新闻
2026-09-25 05:00:53 [INFO]   ⏭ The Block: 过滤掉 50 条非近期新闻
2026-09-25 05:00:53 [INFO]   ⏭ DeFi Llama: 过滤掉 50 条非近期新闻
2026-09-25 05:00:53 [INFO]   ⏭ CoinDesk: 过滤掉 50 条非近期新闻
2026-09-25 05:00:53 [INFO]   ⏭ 吴说区块链: 过滤掉 50 条非近期新闻
2026-09-25 05:00:53 [INFO]   ⏭ 雪球加密: 过滤掉 48 条非近期新闻
2026-09-25 05:00:53 [INFO]   ⏭ Crypto Twitter: 过滤掉 45 条非近期新闻
2026-09-25 05:01:07 [DEBUG] 请求失败 https://rsshub.rssforever.com/jinse/lives: 
2026-09-25 05:01:07 [DEBUG] 请求失败 https://rsshub.rssforever.com/panewslab/news: 
2026-09-25 05:01:07 [INFO]   ⏭ PANews: 过滤掉 50 条非近期新闻
2026-09-25 05:01:07 [INFO]   ✓ CoinDesk: 0 条
2026-09-25 05:01:07 [INFO]   ✓ The Block: 0 条
2026-09-25 05:01:07 [INFO]   ✓ Decrypt: 0 条
2026-09-25 05:01:07 [INFO]   ✓ CoinTelegraph: 1 条
2026-09-25 05:01:07 [INFO]   ✓ Bitcoin Magazine: 0 条
2026-09-25 05:01:07 [INFO]   ✓ Blockworks: 0 条
2026-09-25 05:01:07 [INFO]   ✓ DL News: 0 条
2026-09-25 05:01:07 [INFO]   ✓ 金色财经: 0 条
2026-09-25 05:01:07 [INFO]   ✓ PANews: 0 条
2026-09-25 05:01:07 [INFO]   ✓ 律动BlockBeats: 9 条
2026-09-25 05:01:07 [INFO]   ✓ 吴说区块链: 0 条
2026-09-25 05:01:07 [INFO]   ✓ Bloomberg Crypto: 0 条
2026-09-25 05:01:07 [INFO]   ✓ Reuters Crypto: 0 条
2026-09-25 05:01:07 [INFO]   ✓ CNBC Crypto: 1 条
2026-09-25 05:01:07 [INFO]   ✓ Reddit r/cryptocurrency: 1 条
2026-09-25 05:01:07 [INFO]   ✓ Reddit r/bitcoin: 0 条
2026-09-25 05:01:07 [INFO]   ✓ Crypto Twitter: 5 条
2026-09-25 05:01:07 [INFO]   ✓ 宏观经济: 0 条
2026-09-25 05:01:07 [INFO]   ✓ Binance公告: 20 条
2026-09-25 05:01:07 [INFO]   ✓ OKX公告: 0 条
2026-09-25 05:01:07 [INFO]   ✓ Bitget公告: 0 条
2026-09-25 05:01:07 [INFO]   ✓ Whale Alert: 0 条
2026-09-25 05:01:07 [INFO]   ✓ Fear & Greed Index: 1 条
2026-09-25 05:01:07 [INFO]   ✓ DeFi Llama: 0 条
2026-09-25 05:01:07 [INFO]   ✓ 雪球加密: 2 条
2026-09-25 05:01:07 [INFO] 📊 共抓取 40 条新闻
2026-09-25 05:01:07 [INFO] 📋 原始新闻已保存: reports/2026-09-25-13-raw.json (40 条)
2026-09-25 05:01:07 [INFO] 📋 标题摘要已保存: reports/2026-09-25-13-raw-titles.md
2026-09-25 05:01:07 [INFO] ✅ 抓取完成，共 40 条，已保存到 reports/2026-09-25-13-raw.json
2026-09-25 05:01:08 [INFO] 🤖 开始 AI 筛选 2026-09-25 13:00 币圈消息
2026-09-25 05:01:08 [INFO] 📋 已加载原始新闻: reports/2026-09-25-13-raw.json (40 条)
2026-09-25 05:01:08 [INFO] 📚 已加载历史新闻标题（18081 字符）
2026-09-25 05:01:08 [INFO] 📚 已加载历史筛选标题 0 条、URL 0 个，用于去重
2026-09-25 05:01:08 [INFO] 🔄 尝试 AI 提供商: deepseek
2026-09-25 05:01:08 [INFO] 🤖 使用 AI 提供商: deepseek (模型: deepseek-v4-flash)
2026-09-25 05:01:08 [INFO] 🤖 AI 筛选 [[deepseek] 1/6 策略=仅标题+链接 retry=0]（40 条，8545 字符，temp=0.3）
2026-09-25 05:01:08 [ERROR] AI 调用异常 ([deepseek] 1/6 策略=仅标题+链接 retry=0): Error code: 401 - {'error': {'message': 'Authentication Fails, Your api key: ****df0d is invalid (request_id: 794cf628-8695-4154-b6ce-7be00b23735a)', 'type': 'authentication_error', 'param': None, 'code': 'invalid_request_error'}}
2026-09-25 05:01:08 [WARNING] [[deepseek] 1/6 策略=仅标题+链接 retry=0] AI 调用失败或解析失败，继续下一次尝试
2026-09-25 05:01:08 [INFO] 🤖 AI 筛选 [[deepseek] 2/6 策略=仅标题+链接 retry=1]（40 条，8545 字符，temp=0.3）
2026-09-25 05:01:09 [ERROR] AI 调用异常 ([deepseek] 2/6 策略=仅标题+链接 retry=1): Error code: 401 - {'error': {'message': 'Authentication Fails, Your api key: ****df0d is invalid (request_id: a117af2a-cf01-4a52-a1b7-08eaa97d31a7)', 'type': 'authentication_error', 'param': None, 'code': 'invalid_request_error'}}
2026-09-25 05:01:09 [WARNING] [[deepseek] 2/6 策略=仅标题+链接 retry=1] AI 调用失败或解析失败，继续下一次尝试
2026-09-25 05:01:09 [INFO] 🤖 AI 筛选 [[deepseek] 3/6 策略=仅标题+链接 retry=2]（40 条，8545 字符，temp=0.3）
2026-09-25 05:01:09 [ERROR] AI 调用异常 ([deepseek] 3/6 策略=仅标题+链接 retry=2): Error code: 401 - {'error': {'message': 'Authentication Fails, Your api key: ****df0d is invalid (request_id: 0b4d41b4-7881-4a28-b740-296d25a9cbe5)', 'type': 'authentication_error', 'param': None, 'code': 'invalid_request_error'}}
2026-09-25 05:01:09 [WARNING] [[deepseek] 3/6 策略=仅标题+链接 retry=2] AI 调用失败或解析失败，继续下一次尝试
2026-09-25 05:01:09 [INFO] 🤖 AI 筛选 [[deepseek] 4/6 策略=完整内容 retry=0]（40 条，13408 字符，temp=0.3）
2026-09-25 05:01:10 [ERROR] AI 调用异常 ([deepseek] 4/6 策略=完整内容 retry=0): Error code: 401 - {'error': {'message': 'Authentication Fails, Your api key: ****df0d is invalid (request_id: 8f7ecb50-42f3-4c9a-8646-8e4f6d04fc89)', 'type': 'authentication_error', 'param': None, 'code': 'invalid_request_error'}}
2026-09-25 05:01:10 [WARNING] [[deepseek] 4/6 策略=完整内容 retry=0] AI 调用失败或解析失败，继续下一次尝试
2026-09-25 05:01:10 [INFO] 🤖 AI 筛选 [[deepseek] 5/6 策略=完整内容 retry=1]（40 条，13408 字符，temp=0.3）
2026-09-25 05:01:10 [ERROR] AI 调用异常 ([deepseek] 5/6 策略=完整内容 retry=1): Error code: 401 - {'error': {'message': 'Authentication Fails, Your api key: ****df0d is invalid (request_id: 4ad8ff89-f7ea-4746-ae99-f23af32185b3)', 'type': 'authentication_error', 'param': None, 'code': 'invalid_request_error'}}
2026-09-25 05:01:10 [WARNING] [[deepseek] 5/6 策略=完整内容 retry=1] AI 调用失败或解析失败，继续下一次尝试
2026-09-25 05:01:10 [INFO] 🤖 AI 筛选 [[deepseek] 6/6 策略=仅标题（无历史） retry=0]（40 条，8545 字符，temp=0.3）
2026-09-25 05:01:11 [ERROR] AI 调用异常 ([deepseek] 6/6 策略=仅标题（无历史） retry=0): Error code: 401 - {'error': {'message': 'Authentication Fails, Your api key: ****df0d is invalid (request_id: d00c041a-db15-438f-9f8e-70fb895ce5aa)', 'type': 'authentication_error', 'param': None, 'code': 'invalid_request_error'}}
2026-09-25 05:01:11 [WARNING] [[deepseek] 6/6 策略=仅标题（无历史） retry=0] AI 调用失败或解析失败，继续下一次尝试
2026-09-25 05:01:11 [WARNING] [deepseek] 已达最大尝试次数 6，停止
2026-09-25 05:01:11 [INFO] ⚠️ deepseek 未能产出满意结果，尝试下一个提供商
2026-09-25 05:01:11 [INFO] 🔄 尝试 AI 提供商: zhipu
2026-09-25 05:01:11 [ERROR] 未设置环境变量 ZHIPU_API_KEY，无法使用 zhipu
2026-09-25 05:01:11 [INFO] ⚠️ zhipu 未能产出满意结果，尝试下一个提供商
2026-09-25 05:01:11 [INFO] 🔄 尝试 AI 提供商: kimi
2026-09-25 05:01:11 [ERROR] 未设置环境变量 KIMI_API_KEY，无法使用 kimi
2026-09-25 05:01:11 [INFO] ⚠️ kimi 未能产出满意结果，尝试下一个提供商
2026-09-25 05:01:11 [INFO] 🔄 尝试 AI 提供商: huoshan
2026-09-25 05:01:11 [ERROR] 未设置环境变量 HUOSHAN_API_KEY，无法使用 huoshan
2026-09-25 05:01:11 [INFO] ⚠️ huoshan 未能产出满意结果，尝试下一个提供商
2026-09-25 05:01:11 [ERROR] ❌ 所有提供商均失败，返回空列表
2026-09-25 05:01:11 [INFO] 📦 JSON 已保存: reports/2026-09-25-13.json
2026-09-25 05:01:11 [INFO] ✅ AI 筛选完成，共 0 条交易相关消息
2026-09-25 06:00:57 [INFO] 🚀 开始抓取 2026-09-25 14:00 币圈新闻
2026-09-25 06:00:57 [INFO] 📡 抓取 RSS 新闻源...
2026-09-25 06:00:57 [INFO] 📡 抓取交易所公告 & 链上数据...
2026-09-25 06:00:57 [INFO]   ⏭ Decrypt: 过滤掉 50 条非近期新闻
2026-09-25 06:00:57 [INFO]   ⏭ The Block: 过滤掉 19 条非近期新闻
2026-09-25 06:00:58 [INFO]   ⏭ CoinTelegraph: 过滤掉 27 条非近期新闻
2026-09-25 06:00:58 [WARNING] 解析失败 Bitget公告: 'NoneType' object is not subscriptable
2026-09-25 06:00:58 [INFO]   ⏭ Reuters Crypto: 过滤掉 50 条非近期新闻
2026-09-25 06:00:58 [INFO]   ⏭ Bloomberg Crypto: 过滤掉 50 条非近期新闻
2026-09-25 06:00:58 [INFO]   ⏭ 宏观经济: 过滤掉 49 条非近期新闻
2026-09-25 06:00:58 [INFO]   ⏭ CNBC Crypto: 过滤掉 49 条非近期新闻
2026-09-25 06:00:58 [INFO]   ⏭ CoinDesk: 过滤掉 24 条非近期新闻
2026-09-25 06:00:58 [INFO]   ⏭ Bitcoin Magazine: 过滤掉 10 条非近期新闻
2026-09-25 06:00:58 [INFO]   ⏭ Reddit r/bitcoin: 过滤掉 23 条非近期新闻
2026-09-25 06:00:58 [INFO]   ⏭ Blockworks: 过滤掉 50 条非近期新闻
2026-09-25 06:00:58 [INFO]   ⏭ DeFi Llama: 过滤掉 50 条非近期新闻
2026-09-25 06:00:58 [INFO]   ⏭ DL News: 过滤掉 50 条非近期新闻
2026-09-25 06:00:58 [INFO]   ⏭ Decrypt: 过滤掉 50 条非近期新闻
2026-09-25 06:00:58 [INFO]   ⏭ 雪球加密: 过滤掉 49 条非近期新闻
2026-09-25 06:00:58 [INFO]   ⏭ Blockworks: 过滤掉 1 条非近期新闻
2026-09-25 06:00:59 [INFO]   ⏭ Bitcoin Magazine: 过滤掉 50 条非近期新闻
2026-09-25 06:00:59 [INFO]   ⏭ 吴说区块链: 过滤掉 50 条非近期新闻
2026-09-25 06:00:59 [INFO]   ⏭ Crypto Twitter: 过滤掉 46 条非近期新闻
2026-09-25 06:00:59 [INFO]   ⏭ 律动BlockBeats: 过滤掉 14 条非近期新闻
2026-09-25 06:00:59 [INFO]   ⏭ PANews: 过滤掉 50 条非近期新闻
2026-09-25 06:00:59 [INFO]   ⏭ The Block: 过滤掉 50 条非近期新闻
2026-09-25 06:01:07 [INFO]   ✓ CoinDesk: 1 条
2026-09-25 06:01:07 [INFO]   ✓ The Block: 0 条
2026-09-25 06:01:07 [INFO]   ✓ Decrypt: 0 条
2026-09-25 06:01:07 [INFO]   ✓ CoinTelegraph: 3 条
2026-09-25 06:01:07 [INFO]   ✓ Bitcoin Magazine: 0 条
2026-09-25 06:01:07 [INFO]   ✓ Blockworks: 0 条
2026-09-25 06:01:07 [INFO]   ✓ DL News: 0 条
2026-09-25 06:01:07 [INFO]   ✓ 金色财经: 10 条
2026-09-25 06:01:07 [INFO]   ✓ PANews: 0 条
2026-09-25 06:01:07 [INFO]   ✓ 律动BlockBeats: 6 条
2026-09-25 06:01:07 [INFO]   ✓ 吴说区块链: 0 条
2026-09-25 06:01:07 [INFO]   ✓ Bloomberg Crypto: 0 条
2026-09-25 06:01:07 [INFO]   ✓ Reuters Crypto: 0 条
2026-09-25 06:01:07 [INFO]   ✓ CNBC Crypto: 1 条
2026-09-25 06:01:07 [INFO]   ✓ Reddit r/cryptocurrency: 0 条
2026-09-25 06:01:07 [INFO]   ✓ Reddit r/bitcoin: 2 条
2026-09-25 06:01:07 [INFO]   ✓ Crypto Twitter: 4 条
2026-09-25 06:01:07 [INFO]   ✓ 宏观经济: 1 条
2026-09-25 06:01:07 [INFO]   ✓ Binance公告: 20 条
2026-09-25 06:01:07 [INFO]   ✓ OKX公告: 0 条
2026-09-25 06:01:07 [INFO]   ✓ Bitget公告: 0 条
2026-09-25 06:01:07 [INFO]   ✓ Whale Alert: 0 条
2026-09-25 06:01:07 [INFO]   ✓ Fear & Greed Index: 1 条
2026-09-25 06:01:07 [INFO]   ✓ DeFi Llama: 0 条
2026-09-25 06:01:07 [INFO]   ✓ 雪球加密: 1 条
2026-09-25 06:01:07 [INFO] 📊 共抓取 50 条新闻
2026-09-25 06:01:07 [INFO] 📋 原始新闻已保存: reports/2026-09-25-14-raw.json (50 条)
2026-09-25 06:01:07 [INFO] 📋 标题摘要已保存: reports/2026-09-25-14-raw-titles.md
2026-09-25 06:01:07 [INFO] ✅ 抓取完成，共 50 条，已保存到 reports/2026-09-25-14-raw.json
2026-09-25 06:01:08 [INFO] 🤖 开始 AI 筛选 2026-09-25 14:00 币圈消息
2026-09-25 06:01:08 [INFO] 📋 已加载原始新闻: reports/2026-09-25-14-raw.json (50 条)
2026-09-25 06:01:08 [INFO] 📚 已加载历史新闻标题（17739 字符）
2026-09-25 06:01:08 [INFO] 📚 已加载历史筛选标题 0 条、URL 0 个，用于去重
2026-09-25 06:01:08 [INFO] 🔄 尝试 AI 提供商: deepseek
2026-09-25 06:01:08 [INFO] 🤖 使用 AI 提供商: deepseek (模型: deepseek-v4-flash)
2026-09-25 06:01:08 [INFO] 🤖 AI 筛选 [[deepseek] 1/6 策略=仅标题+链接 retry=0]（50 条，9546 字符，temp=0.3）
2026-09-25 06:01:08 [ERROR] AI 调用异常 ([deepseek] 1/6 策略=仅标题+链接 retry=0): Error code: 401 - {'error': {'message': 'Authentication Fails, Your api key: ****df0d is invalid (request_id: efd167e1-7ced-4194-8b44-8a7422aeed5b)', 'type': 'authentication_error', 'param': None, 'code': 'invalid_request_error'}}
2026-09-25 06:01:08 [WARNING] [[deepseek] 1/6 策略=仅标题+链接 retry=0] AI 调用失败或解析失败，继续下一次尝试
2026-09-25 06:01:08 [INFO] 🤖 AI 筛选 [[deepseek] 2/6 策略=仅标题+链接 retry=1]（50 条，9546 字符，temp=0.3）
2026-09-25 06:01:08 [ERROR] AI 调用异常 ([deepseek] 2/6 策略=仅标题+链接 retry=1): Error code: 401 - {'error': {'message': 'Authentication Fails, Your api key: ****df0d is invalid (request_id: 60477788-ea57-44fa-99ca-ad68d62dd329)', 'type': 'authentication_error', 'param': None, 'code': 'invalid_request_error'}}
2026-09-25 06:01:08 [WARNING] [[deepseek] 2/6 策略=仅标题+链接 retry=1] AI 调用失败或解析失败，继续下一次尝试
2026-09-25 06:01:08 [INFO] 🤖 AI 筛选 [[deepseek] 3/6 策略=仅标题+链接 retry=2]（50 条，9546 字符，temp=0.3）
2026-09-25 06:01:09 [ERROR] AI 调用异常 ([deepseek] 3/6 策略=仅标题+链接 retry=2): Error code: 401 - {'error': {'message': 'Authentication Fails, Your api key: ****df0d is invalid (request_id: b13d70ed-e937-4dee-9509-8f683a69d767)', 'type': 'authentication_error', 'param': None, 'code': 'invalid_request_error'}}
2026-09-25 06:01:09 [WARNING] [[deepseek] 3/6 策略=仅标题+链接 retry=2] AI 调用失败或解析失败，继续下一次尝试
2026-09-25 06:01:09 [INFO] 🤖 AI 筛选 [[deepseek] 4/6 策略=完整内容 retry=0]（50 条，15830 字符，temp=0.3）
2026-09-25 06:01:09 [ERROR] AI 调用异常 ([deepseek] 4/6 策略=完整内容 retry=0): Error code: 401 - {'error': {'message': 'Authentication Fails, Your api key: ****df0d is invalid (request_id: 07c606a1-c3f4-45e7-86b6-e7dbb747c4c2)', 'type': 'authentication_error', 'param': None, 'code': 'invalid_request_error'}}
2026-09-25 06:01:09 [WARNING] [[deepseek] 4/6 策略=完整内容 retry=0] AI 调用失败或解析失败，继续下一次尝试
2026-09-25 06:01:09 [INFO] 🤖 AI 筛选 [[deepseek] 5/6 策略=完整内容 retry=1]（50 条，15830 字符，temp=0.3）
2026-09-25 06:01:10 [ERROR] AI 调用异常 ([deepseek] 5/6 策略=完整内容 retry=1): Error code: 401 - {'error': {'message': 'Authentication Fails, Your api key: ****df0d is invalid (request_id: d8ac731c-041b-47d5-93b9-931caa024e0a)', 'type': 'authentication_error', 'param': None, 'code': 'invalid_request_error'}}
2026-09-25 06:01:10 [WARNING] [[deepseek] 5/6 策略=完整内容 retry=1] AI 调用失败或解析失败，继续下一次尝试
2026-09-25 06:01:10 [INFO] 🤖 AI 筛选 [[deepseek] 6/6 策略=仅标题（无历史） retry=0]（50 条，9546 字符，temp=0.3）
2026-09-25 06:01:10 [ERROR] AI 调用异常 ([deepseek] 6/6 策略=仅标题（无历史） retry=0): Error code: 401 - {'error': {'message': 'Authentication Fails, Your api key: ****df0d is invalid (request_id: f3cb1d0f-f69e-4f0a-9425-4696e0effe63)', 'type': 'authentication_error', 'param': None, 'code': 'invalid_request_error'}}
2026-09-25 06:01:10 [WARNING] [[deepseek] 6/6 策略=仅标题（无历史） retry=0] AI 调用失败或解析失败，继续下一次尝试
2026-09-25 06:01:10 [WARNING] [deepseek] 已达最大尝试次数 6，停止
2026-09-25 06:01:10 [INFO] ⚠️ deepseek 未能产出满意结果，尝试下一个提供商
2026-09-25 06:01:10 [INFO] 🔄 尝试 AI 提供商: zhipu
2026-09-25 06:01:10 [ERROR] 未设置环境变量 ZHIPU_API_KEY，无法使用 zhipu
2026-09-25 06:01:10 [INFO] ⚠️ zhipu 未能产出满意结果，尝试下一个提供商
2026-09-25 06:01:10 [INFO] 🔄 尝试 AI 提供商: kimi
2026-09-25 06:01:10 [ERROR] 未设置环境变量 KIMI_API_KEY，无法使用 kimi
2026-09-25 06:01:10 [INFO] ⚠️ kimi 未能产出满意结果，尝试下一个提供商
2026-09-25 06:01:10 [INFO] 🔄 尝试 AI 提供商: huoshan
2026-09-25 06:01:10 [ERROR] 未设置环境变量 HUOSHAN_API_KEY，无法使用 huoshan
2026-09-25 06:01:10 [INFO] ⚠️ huoshan 未能产出满意结果，尝试下一个提供商
2026-09-25 06:01:10 [ERROR] ❌ 所有提供商均失败，返回空列表
2026-09-25 06:01:10 [INFO] 📦 JSON 已保存: reports/2026-09-25-14.json
2026-09-25 06:01:10 [INFO] ✅ AI 筛选完成，共 0 条交易相关消息
2026-09-25 07:00:56 [INFO] 🚀 开始抓取 2026-09-25 15:00 币圈新闻
2026-09-25 07:00:56 [INFO] 📡 抓取 RSS 新闻源...
2026-09-25 07:00:56 [INFO] 📡 抓取交易所公告 & 链上数据...
2026-09-25 07:00:56 [INFO]   ⏭ Decrypt: 过滤掉 34 条非近期新闻
2026-09-25 07:00:57 [INFO]   ⏭ CoinTelegraph: 过滤掉 28 条非近期新闻
2026-09-25 07:00:57 [INFO]   ⏭ The Block: 过滤掉 19 条非近期新闻
2026-09-25 07:00:57 [INFO]   ⏭ CoinDesk: 过滤掉 25 条非近期新闻
2026-09-25 07:00:57 [INFO]   ⏭ Bloomberg Crypto: 过滤掉 50 条非近期新闻
2026-09-25 07:00:57 [INFO]   ⏭ Bitcoin Magazine: 过滤掉 10 条非近期新闻
2026-09-25 07:00:57 [INFO]   ⏭ Reuters Crypto: 过滤掉 50 条非近期新闻
2026-09-25 07:00:57 [WARNING] 解析失败 Bitget公告: 'NoneType' object is not subscriptable
2026-09-25 07:00:57 [INFO]   ⏭ CNBC Crypto: 过滤掉 48 条非近期新闻
2026-09-25 07:00:57 [INFO]   ⏭ 宏观经济: 过滤掉 49 条非近期新闻
2026-09-25 07:00:57 [INFO]   ⏭ Blockworks: 过滤掉 50 条非近期新闻
2026-09-25 07:00:57 [INFO]   ⏭ Reddit r/bitcoin: 过滤掉 23 条非近期新闻
2026-09-25 07:00:57 [INFO]   ⏭ Decrypt: 过滤掉 50 条非近期新闻
2026-09-25 07:00:57 [INFO]   ⏭ DL News: 过滤掉 50 条非近期新闻
2026-09-25 07:00:57 [INFO]   ⏭ Blockworks: 过滤掉 1 条非近期新闻
2026-09-25 07:00:57 [INFO]   ⏭ Bitcoin Magazine: 过滤掉 50 条非近期新闻
2026-09-25 07:00:58 [INFO]   ⏭ DeFi Llama: 过滤掉 50 条非近期新闻
2026-09-25 07:00:58 [INFO]   ⏭ The Block: 过滤掉 50 条非近期新闻
2026-09-25 07:00:58 [INFO]   ⏭ 雪球加密: 过滤掉 50 条非近期新闻
2026-09-25 07:00:58 [INFO]   ⏭ 吴说区块链: 过滤掉 50 条非近期新闻
2026-09-25 07:00:58 [INFO]   ⏭ CoinDesk: 过滤掉 50 条非近期新闻
2026-09-25 07:00:58 [INFO]   ⏭ Crypto Twitter: 过滤掉 45 条非近期新闻
2026-09-25 07:01:01 [INFO]   ⏭ PANews: 过滤掉 50 条非近期新闻
2026-09-25 07:01:02 [INFO]   ⏭ 律动BlockBeats: 过滤掉 14 条非近期新闻
2026-09-25 07:01:02 [INFO]   ✓ CoinDesk: 0 条
2026-09-25 07:01:02 [INFO]   ✓ The Block: 0 条
2026-09-25 07:01:02 [INFO]   ✓ Decrypt: 0 条
2026-09-25 07:01:02 [INFO]   ✓ CoinTelegraph: 2 条
2026-09-25 07:01:02 [INFO]   ✓ Bitcoin Magazine: 0 条
2026-09-25 07:01:02 [INFO]   ✓ Blockworks: 0 条
2026-09-25 07:01:02 [INFO]   ✓ DL News: 0 条
2026-09-25 07:01:02 [INFO]   ✓ 金色财经: 20 条
2026-09-25 07:01:02 [INFO]   ✓ PANews: 0 条
2026-09-25 07:01:02 [INFO]   ✓ 律动BlockBeats: 6 条
2026-09-25 07:01:02 [INFO]   ✓ 吴说区块链: 0 条
2026-09-25 07:01:02 [INFO]   ✓ Bloomberg Crypto: 0 条
2026-09-25 07:01:02 [INFO]   ✓ Reuters Crypto: 0 条
2026-09-25 07:01:02 [INFO]   ✓ CNBC Crypto: 2 条
2026-09-25 07:01:02 [INFO]   ✓ Reddit r/cryptocurrency: 0 条
2026-09-25 07:01:02 [INFO]   ✓ Reddit r/bitcoin: 2 条
2026-09-25 07:01:02 [INFO]   ✓ Crypto Twitter: 5 条
2026-09-25 07:01:02 [INFO]   ✓ 宏观经济: 1 条
2026-09-25 07:01:02 [INFO]   ✓ Binance公告: 20 条
2026-09-25 07:01:02 [INFO]   ✓ OKX公告: 0 条
2026-09-25 07:01:02 [INFO]   ✓ Bitget公告: 0 条
2026-09-25 07:01:02 [INFO]   ✓ Whale Alert: 0 条
2026-09-25 07:01:02 [INFO]   ✓ Fear & Greed Index: 1 条
2026-09-25 07:01:02 [INFO]   ✓ DeFi Llama: 0 条
2026-09-25 07:01:02 [INFO]   ✓ 雪球加密: 0 条
2026-09-25 07:01:02 [INFO] 📊 共抓取 59 条新闻
2026-09-25 07:01:02 [INFO] 📋 原始新闻已保存: reports/2026-09-25-15-raw.json (59 条)
2026-09-25 07:01:02 [INFO] 📋 标题摘要已保存: reports/2026-09-25-15-raw-titles.md
2026-09-25 07:01:02 [INFO] ✅ 抓取完成，共 59 条，已保存到 reports/2026-09-25-15-raw.json
2026-09-25 07:01:03 [INFO] 🤖 开始 AI 筛选 2026-09-25 15:00 币圈消息
2026-09-25 07:01:03 [INFO] 📋 已加载原始新闻: reports/2026-09-25-15-raw.json (59 条)
2026-09-25 07:01:03 [INFO] 📚 已加载历史新闻标题（17520 字符）
2026-09-25 07:01:03 [INFO] 📚 已加载历史筛选标题 0 条、URL 0 个，用于去重
2026-09-25 07:01:03 [INFO] 🔄 尝试 AI 提供商: deepseek
2026-09-25 07:01:03 [INFO] 🤖 使用 AI 提供商: deepseek (模型: deepseek-v4-flash)
2026-09-25 07:01:03 [INFO] 🤖 AI 筛选 [[deepseek] 1/6 策略=仅标题+链接 retry=0]（59 条，10301 字符，temp=0.3）
2026-09-25 07:01:03 [ERROR] AI 调用异常 ([deepseek] 1/6 策略=仅标题+链接 retry=0): Error code: 401 - {'error': {'message': 'Authentication Fails, Your api key: ****df0d is invalid (request_id: fe6ccbd8-255d-48e2-858c-9a65c61bab37)', 'type': 'authentication_error', 'param': None, 'code': 'invalid_request_error'}}
2026-09-25 07:01:03 [WARNING] [[deepseek] 1/6 策略=仅标题+链接 retry=0] AI 调用失败或解析失败，继续下一次尝试
2026-09-25 07:01:03 [INFO] 🤖 AI 筛选 [[deepseek] 2/6 策略=仅标题+链接 retry=1]（59 条，10301 字符，temp=0.3）
2026-09-25 07:01:04 [ERROR] AI 调用异常 ([deepseek] 2/6 策略=仅标题+链接 retry=1): Error code: 401 - {'error': {'message': 'Authentication Fails, Your api key: ****df0d is invalid (request_id: 6b4f054b-4ab1-43cf-931c-558ac4820fa7)', 'type': 'authentication_error', 'param': None, 'code': 'invalid_request_error'}}
2026-09-25 07:01:04 [WARNING] [[deepseek] 2/6 策略=仅标题+链接 retry=1] AI 调用失败或解析失败，继续下一次尝试
2026-09-25 07:01:04 [INFO] 🤖 AI 筛选 [[deepseek] 3/6 策略=仅标题+链接 retry=2]（59 条，10301 字符，temp=0.3）
2026-09-25 07:01:04 [ERROR] AI 调用异常 ([deepseek] 3/6 策略=仅标题+链接 retry=2): Error code: 401 - {'error': {'message': 'Authentication Fails, Your api key: ****df0d is invalid (request_id: 7a606441-b719-468d-a260-9bf4a2db9938)', 'type': 'authentication_error', 'param': None, 'code': 'invalid_request_error'}}
2026-09-25 07:01:04 [WARNING] [[deepseek] 3/6 策略=仅标题+链接 retry=2] AI 调用失败或解析失败，继续下一次尝试
2026-09-25 07:01:04 [INFO] 🤖 AI 筛选 [[deepseek] 4/6 策略=完整内容 retry=0]（59 条，18479 字符，temp=0.3）
2026-09-25 07:01:04 [ERROR] AI 调用异常 ([deepseek] 4/6 策略=完整内容 retry=0): Error code: 401 - {'error': {'message': 'Authentication Fails, Your api key: ****df0d is invalid (request_id: 4b96170b-7604-4a74-a3d4-428cde3c06b9)', 'type': 'authentication_error', 'param': None, 'code': 'invalid_request_error'}}
2026-09-25 07:01:04 [WARNING] [[deepseek] 4/6 策略=完整内容 retry=0] AI 调用失败或解析失败，继续下一次尝试
2026-09-25 07:01:04 [INFO] 🤖 AI 筛选 [[deepseek] 5/6 策略=完整内容 retry=1]（59 条，18479 字符，temp=0.3）
2026-09-25 07:01:05 [ERROR] AI 调用异常 ([deepseek] 5/6 策略=完整内容 retry=1): Error code: 401 - {'error': {'message': 'Authentication Fails, Your api key: ****df0d is invalid (request_id: 7dc29973-43dc-407e-bdbb-70a15f5ed00e)', 'type': 'authentication_error', 'param': None, 'code': 'invalid_request_error'}}
2026-09-25 07:01:05 [WARNING] [[deepseek] 5/6 策略=完整内容 retry=1] AI 调用失败或解析失败，继续下一次尝试
2026-09-25 07:01:05 [INFO] 🤖 AI 筛选 [[deepseek] 6/6 策略=仅标题（无历史） retry=0]（59 条，10301 字符，temp=0.3）
2026-09-25 07:01:05 [ERROR] AI 调用异常 ([deepseek] 6/6 策略=仅标题（无历史） retry=0): Error code: 401 - {'error': {'message': 'Authentication Fails, Your api key: ****df0d is invalid (request_id: 01dd624e-04aa-43a2-b22f-bb744663225c)', 'type': 'authentication_error', 'param': None, 'code': 'invalid_request_error'}}
2026-09-25 07:01:05 [WARNING] [[deepseek] 6/6 策略=仅标题（无历史） retry=0] AI 调用失败或解析失败，继续下一次尝试
2026-09-25 07:01:05 [WARNING] [deepseek] 已达最大尝试次数 6，停止
2026-09-25 07:01:05 [INFO] ⚠️ deepseek 未能产出满意结果，尝试下一个提供商
2026-09-25 07:01:05 [INFO] 🔄 尝试 AI 提供商: zhipu
2026-09-25 07:01:05 [ERROR] 未设置环境变量 ZHIPU_API_KEY，无法使用 zhipu
2026-09-25 07:01:05 [INFO] ⚠️ zhipu 未能产出满意结果，尝试下一个提供商
2026-09-25 07:01:05 [INFO] 🔄 尝试 AI 提供商: kimi
2026-09-25 07:01:05 [ERROR] 未设置环境变量 KIMI_API_KEY，无法使用 kimi
2026-09-25 07:01:05 [INFO] ⚠️ kimi 未能产出满意结果，尝试下一个提供商
2026-09-25 07:01:05 [INFO] 🔄 尝试 AI 提供商: huoshan
2026-09-25 07:01:05 [ERROR] 未设置环境变量 HUOSHAN_API_KEY，无法使用 huoshan
2026-09-25 07:01:05 [INFO] ⚠️ huoshan 未能产出满意结果，尝试下一个提供商
2026-09-25 07:01:05 [ERROR] ❌ 所有提供商均失败，返回空列表
2026-09-25 07:01:05 [INFO] 📦 JSON 已保存: reports/2026-09-25-15.json
2026-09-25 07:01:05 [INFO] ✅ AI 筛选完成，共 0 条交易相关消息
2026-09-25 08:00:57 [INFO] 🚀 开始抓取 2026-09-25 16:00 币圈新闻
2026-09-25 08:00:57 [INFO] 📡 抓取 RSS 新闻源...
2026-09-25 08:00:57 [INFO] 📡 抓取交易所公告 & 链上数据...
2026-09-25 08:00:57 [INFO]   ⏭ Decrypt: 过滤掉 34 条非近期新闻
2026-09-25 08:00:57 [INFO]   ⏭ The Block: 过滤掉 19 条非近期新闻
2026-09-25 08:00:57 [INFO]   ⏭ CoinTelegraph: 过滤掉 28 条非近期新闻
2026-09-25 08:00:58 [WARNING] 解析失败 Bitget公告: 'NoneType' object is not subscriptable
2026-09-25 08:00:58 [INFO]   ⏭ Bloomberg Crypto: 过滤掉 50 条非近期新闻
2026-09-25 08:00:58 [INFO]   ⏭ Reuters Crypto: 过滤掉 50 条非近期新闻
2026-09-25 08:00:58 [INFO]   ⏭ Reddit r/bitcoin: 过滤掉 24 条非近期新闻
2026-09-25 08:00:58 [INFO]   ⏭ 宏观经济: 过滤掉 49 条非近期新闻
2026-09-25 08:00:58 [INFO]   ⏭ CNBC Crypto: 过滤掉 49 条非近期新闻
2026-09-25 08:00:58 [INFO]   ⏭ CoinDesk: 过滤掉 24 条非近期新闻
2026-09-25 08:00:58 [INFO]   ⏭ Bitcoin Magazine: 过滤掉 10 条非近期新闻
2026-09-25 08:00:58 [INFO]   ⏭ Blockworks: 过滤掉 50 条非近期新闻
2026-09-25 08:00:59 [INFO]   ⏭ Decrypt: 过滤掉 50 条非近期新闻
2026-09-25 08:00:59 [INFO]   ⏭ Blockworks: 过滤掉 1 条非近期新闻
2026-09-25 08:00:59 [INFO]   ⏭ Bitcoin Magazine: 过滤掉 50 条非近期新闻
2026-09-25 08:00:59 [INFO]   ⏭ DL News: 过滤掉 50 条非近期新闻
2026-09-25 08:00:59 [INFO]   ⏭ DeFi Llama: 过滤掉 50 条非近期新闻
2026-09-25 08:00:59 [INFO]   ⏭ The Block: 过滤掉 50 条非近期新闻
2026-09-25 08:00:59 [INFO]   ⏭ 吴说区块链: 过滤掉 50 条非近期新闻
2026-09-25 08:00:59 [INFO]   ⏭ 雪球加密: 过滤掉 50 条非近期新闻
2026-09-25 08:00:59 [INFO]   ⏭ Crypto Twitter: 过滤掉 43 条非近期新闻
2026-09-25 08:01:09 [INFO]   ⏭ PANews: 过滤掉 50 条非近期新闻
2026-09-25 08:01:09 [INFO]   ⏭ 律动BlockBeats: 过滤掉 13 条非近期新闻
2026-09-25 08:01:14 [DEBUG] 请求失败 https://rsshub.rssforever.com/jinse/lives: 
2026-09-25 08:01:14 [INFO]   ✓ CoinDesk: 1 条
2026-09-25 08:01:14 [INFO]   ✓ The Block: 0 条
2026-09-25 08:01:14 [INFO]   ✓ Decrypt: 0 条
2026-09-25 08:01:14 [INFO]   ✓ CoinTelegraph: 2 条
2026-09-25 08:01:14 [INFO]   ✓ Bitcoin Magazine: 0 条
2026-09-25 08:01:14 [INFO]   ✓ Blockworks: 0 条
2026-09-25 08:01:14 [INFO]   ✓ DL News: 0 条
2026-09-25 08:01:14 [INFO]   ✓ 金色财经: 0 条
2026-09-25 08:01:14 [INFO]   ✓ PANews: 0 条
2026-09-25 08:01:14 [INFO]   ✓ 律动BlockBeats: 7 条
2026-09-25 08:01:14 [INFO]   ✓ 吴说区块链: 0 条
2026-09-25 08:01:14 [INFO]   ✓ Bloomberg Crypto: 0 条
2026-09-25 08:01:14 [INFO]   ✓ Reuters Crypto: 0 条
2026-09-25 08:01:14 [INFO]   ✓ CNBC Crypto: 1 条
2026-09-25 08:01:14 [INFO]   ✓ Reddit r/cryptocurrency: 0 条
2026-09-25 08:01:14 [INFO]   ✓ Reddit r/bitcoin: 1 条
2026-09-25 08:01:14 [INFO]   ✓ Crypto Twitter: 7 条
2026-09-25 08:01:14 [INFO]   ✓ 宏观经济: 1 条
2026-09-25 08:01:14 [INFO]   ✓ Binance公告: 20 条
2026-09-25 08:01:14 [INFO]   ✓ OKX公告: 0 条
2026-09-25 08:01:14 [INFO]   ✓ Bitget公告: 0 条
2026-09-25 08:01:14 [INFO]   ✓ Whale Alert: 0 条
2026-09-25 08:01:14 [INFO]   ✓ Fear & Greed Index: 1 条
2026-09-25 08:01:14 [INFO]   ✓ DeFi Llama: 0 条
2026-09-25 08:01:14 [INFO]   ✓ 雪球加密: 0 条
2026-09-25 08:01:14 [INFO] 📊 共抓取 41 条新闻
2026-09-25 08:01:14 [INFO] 📋 原始新闻已保存: reports/2026-09-25-16-raw.json (41 条)
2026-09-25 08:01:14 [INFO] 📋 标题摘要已保存: reports/2026-09-25-16-raw-titles.md
2026-09-25 08:01:14 [INFO] ✅ 抓取完成，共 41 条，已保存到 reports/2026-09-25-16-raw.json
2026-09-25 08:01:15 [INFO] 🤖 开始 AI 筛选 2026-09-25 16:00 币圈消息
2026-09-25 08:01:15 [INFO] 📋 已加载原始新闻: reports/2026-09-25-16-raw.json (41 条)
2026-09-25 08:01:15 [INFO] 📚 已加载历史新闻标题（18153 字符）
2026-09-25 08:01:15 [INFO] 📚 已加载历史筛选标题 0 条、URL 0 个，用于去重
2026-09-25 08:01:15 [INFO] 🔄 尝试 AI 提供商: deepseek
2026-09-25 08:01:15 [INFO] 🤖 使用 AI 提供商: deepseek (模型: deepseek-v4-flash)
2026-09-25 08:01:15 [INFO] 🤖 AI 筛选 [[deepseek] 1/6 策略=仅标题+链接 retry=0]（41 条，9174 字符，temp=0.3）
2026-09-25 08:01:16 [ERROR] AI 调用异常 ([deepseek] 1/6 策略=仅标题+链接 retry=0): Error code: 401 - {'error': {'message': 'Authentication Fails, Your api key: ****df0d is invalid (request_id: 443bd0a4-d97c-4dd5-a272-3e4251153ea9)', 'type': 'authentication_error', 'param': None, 'code': 'invalid_request_error'}}
2026-09-25 08:01:16 [WARNING] [[deepseek] 1/6 策略=仅标题+链接 retry=0] AI 调用失败或解析失败，继续下一次尝试
2026-09-25 08:01:16 [INFO] 🤖 AI 筛选 [[deepseek] 2/6 策略=仅标题+链接 retry=1]（41 条，9174 字符，temp=0.3）
2026-09-25 08:01:16 [ERROR] AI 调用异常 ([deepseek] 2/6 策略=仅标题+链接 retry=1): Error code: 401 - {'error': {'message': 'Authentication Fails, Your api key: ****df0d is invalid (request_id: 81161af8-3e26-4a28-b610-8600ab06bafa)', 'type': 'authentication_error', 'param': None, 'code': 'invalid_request_error'}}
2026-09-25 08:01:16 [WARNING] [[deepseek] 2/6 策略=仅标题+链接 retry=1] AI 调用失败或解析失败，继续下一次尝试
2026-09-25 08:01:16 [INFO] 🤖 AI 筛选 [[deepseek] 3/6 策略=仅标题+链接 retry=2]（41 条，9174 字符，temp=0.3）
2026-09-25 08:01:17 [ERROR] AI 调用异常 ([deepseek] 3/6 策略=仅标题+链接 retry=2): Error code: 401 - {'error': {'message': 'Authentication Fails, Your api key: ****df0d is invalid (request_id: 5f623987-4800-4201-a5f0-0c95bab82e7d)', 'type': 'authentication_error', 'param': None, 'code': 'invalid_request_error'}}
2026-09-25 08:01:17 [WARNING] [[deepseek] 3/6 策略=仅标题+链接 retry=2] AI 调用失败或解析失败，继续下一次尝试
2026-09-25 08:01:17 [INFO] 🤖 AI 筛选 [[deepseek] 4/6 策略=完整内容 retry=0]（41 条，13982 字符，temp=0.3）
2026-09-25 08:01:17 [ERROR] AI 调用异常 ([deepseek] 4/6 策略=完整内容 retry=0): Error code: 401 - {'error': {'message': 'Authentication Fails, Your api key: ****df0d is invalid (request_id: ee463f62-cbc2-4e28-aa5a-d5f61651cc05)', 'type': 'authentication_error', 'param': None, 'code': 'invalid_request_error'}}
2026-09-25 08:01:17 [WARNING] [[deepseek] 4/6 策略=完整内容 retry=0] AI 调用失败或解析失败，继续下一次尝试
2026-09-25 08:01:17 [INFO] 🤖 AI 筛选 [[deepseek] 5/6 策略=完整内容 retry=1]（41 条，13982 字符，temp=0.3）
2026-09-25 08:01:18 [ERROR] AI 调用异常 ([deepseek] 5/6 策略=完整内容 retry=1): Error code: 401 - {'error': {'message': 'Authentication Fails, Your api key: ****df0d is invalid (request_id: 5df053bc-da52-4055-b288-39c0a0d38c32)', 'type': 'authentication_error', 'param': None, 'code': 'invalid_request_error'}}
2026-09-25 08:01:18 [WARNING] [[deepseek] 5/6 策略=完整内容 retry=1] AI 调用失败或解析失败，继续下一次尝试
2026-09-25 08:01:18 [INFO] 🤖 AI 筛选 [[deepseek] 6/6 策略=仅标题（无历史） retry=0]（41 条，9174 字符，temp=0.3）
2026-09-25 08:01:18 [ERROR] AI 调用异常 ([deepseek] 6/6 策略=仅标题（无历史） retry=0): Error code: 401 - {'error': {'message': 'Authentication Fails, Your api key: ****df0d is invalid (request_id: 27f9bf8b-437c-406c-92d9-54defaba5dbc)', 'type': 'authentication_error', 'param': None, 'code': 'invalid_request_error'}}
2026-09-25 08:01:18 [WARNING] [[deepseek] 6/6 策略=仅标题（无历史） retry=0] AI 调用失败或解析失败，继续下一次尝试
2026-09-25 08:01:18 [WARNING] [deepseek] 已达最大尝试次数 6，停止
2026-09-25 08:01:18 [INFO] ⚠️ deepseek 未能产出满意结果，尝试下一个提供商
2026-09-25 08:01:18 [INFO] 🔄 尝试 AI 提供商: zhipu
2026-09-25 08:01:18 [ERROR] 未设置环境变量 ZHIPU_API_KEY，无法使用 zhipu
2026-09-25 08:01:18 [INFO] ⚠️ zhipu 未能产出满意结果，尝试下一个提供商
2026-09-25 08:01:18 [INFO] 🔄 尝试 AI 提供商: kimi
2026-09-25 08:01:18 [ERROR] 未设置环境变量 KIMI_API_KEY，无法使用 kimi
2026-09-25 08:01:18 [INFO] ⚠️ kimi 未能产出满意结果，尝试下一个提供商
2026-09-25 08:01:18 [INFO] 🔄 尝试 AI 提供商: huoshan
2026-09-25 08:01:18 [ERROR] 未设置环境变量 HUOSHAN_API_KEY，无法使用 huoshan
2026-09-25 08:01:18 [INFO] ⚠️ huoshan 未能产出满意结果，尝试下一个提供商
2026-09-25 08:01:18 [ERROR] ❌ 所有提供商均失败，返回空列表
2026-09-25 08:01:18 [INFO] 📦 JSON 已保存: reports/2026-09-25-16.json
2026-09-25 08:01:18 [INFO] ✅ AI 筛选完成，共 0 条交易相关消息
2026-09-25 09:00:52 [INFO] 🚀 开始抓取 2026-09-25 17:00 币圈新闻
2026-09-25 09:00:52 [INFO] 📡 抓取 RSS 新闻源...
2026-09-25 09:00:52 [INFO] 📡 抓取交易所公告 & 链上数据...
2026-09-25 09:00:53 [INFO]   ⏭ The Block: 过滤掉 19 条非近期新闻
2026-09-25 09:00:53 [INFO]   ⏭ Decrypt: 过滤掉 34 条非近期新闻
2026-09-25 09:00:53 [INFO]   ⏭ CoinTelegraph: 过滤掉 27 条非近期新闻
2026-09-25 09:00:53 [INFO]   ⏭ CoinDesk: 过滤掉 23 条非近期新闻
2026-09-25 09:00:53 [INFO]   ⏭ Bitcoin Magazine: 过滤掉 10 条非近期新闻
2026-09-25 09:00:53 [INFO]   ⏭ Bloomberg Crypto: 过滤掉 50 条非近期新闻
2026-09-25 09:00:53 [WARNING] 解析失败 Bitget公告: 'NoneType' object is not subscriptable
2026-09-25 09:00:53 [INFO]   ⏭ Reuters Crypto: 过滤掉 50 条非近期新闻
2026-09-25 09:00:53 [INFO]   ⏭ Blockworks: 过滤掉 50 条非近期新闻
2026-09-25 09:00:53 [INFO]   ⏭ 宏观经济: 过滤掉 49 条非近期新闻
2026-09-25 09:00:53 [INFO]   ⏭ CNBC Crypto: 过滤掉 49 条非近期新闻
2026-09-25 09:00:53 [INFO]   ⏭ Reddit r/cryptocurrency: 过滤掉 25 条非近期新闻
2026-09-25 09:00:53 [INFO]   ⏭ DL News: 过滤掉 50 条非近期新闻
2026-09-25 09:00:53 [INFO]   ⏭ Decrypt: 过滤掉 50 条非近期新闻
2026-09-25 09:00:53 [INFO]   ⏭ Blockworks: 过滤掉 1 条非近期新闻
2026-09-25 09:00:54 [INFO]   ⏭ Bitcoin Magazine: 过滤掉 50 条非近期新闻
2026-09-25 09:00:54 [INFO]   ⏭ 律动BlockBeats: 过滤掉 10 条非近期新闻
2026-09-25 09:00:54 [INFO]   ⏭ 吴说区块链: 过滤掉 50 条非近期新闻
2026-09-25 09:00:54 [INFO]   ⏭ 雪球加密: 过滤掉 50 条非近期新闻
2026-09-25 09:00:54 [INFO]   ⏭ DeFi Llama: 过滤掉 50 条非近期新闻
2026-09-25 09:00:54 [INFO]   ⏭ Crypto Twitter: 过滤掉 45 条非近期新闻
2026-09-25 09:00:54 [INFO]   ⏭ The Block: 过滤掉 50 条非近期新闻
2026-09-25 09:01:06 [INFO]   ⏭ PANews: 过滤掉 50 条非近期新闻
2026-09-25 09:01:08 [DEBUG] 请求失败 https://rsshub.rssforever.com/jinse/lives: 
2026-09-25 09:01:09 [INFO]   ✓ CoinDesk: 2 条
2026-09-25 09:01:09 [INFO]   ✓ The Block: 0 条
2026-09-25 09:01:09 [INFO]   ✓ Decrypt: 0 条
2026-09-25 09:01:09 [INFO]   ✓ CoinTelegraph: 3 条
2026-09-25 09:01:09 [INFO]   ✓ Bitcoin Magazine: 0 条
2026-09-25 09:01:09 [INFO]   ✓ Blockworks: 0 条
2026-09-25 09:01:09 [INFO]   ✓ DL News: 0 条
2026-09-25 09:01:09 [INFO]   ✓ 金色财经: 0 条
2026-09-25 09:01:09 [INFO]   ✓ PANews: 0 条
2026-09-25 09:01:09 [INFO]   ✓ 律动BlockBeats: 10 条
2026-09-25 09:01:09 [INFO]   ✓ 吴说区块链: 0 条
2026-09-25 09:01:09 [INFO]   ✓ Bloomberg Crypto: 0 条
2026-09-25 09:01:09 [INFO]   ✓ Reuters Crypto: 0 条
2026-09-25 09:01:09 [INFO]   ✓ CNBC Crypto: 1 条
2026-09-25 09:01:09 [INFO]   ✓ Reddit r/cryptocurrency: 0 条
2026-09-25 09:01:09 [INFO]   ✓ Reddit r/bitcoin: 0 条
2026-09-25 09:01:09 [INFO]   ✓ Crypto Twitter: 5 条
2026-09-25 09:01:09 [INFO]   ✓ 宏观经济: 1 条
2026-09-25 09:01:09 [INFO]   ✓ Binance公告: 20 条
2026-09-25 09:01:09 [INFO]   ✓ OKX公告: 0 条
2026-09-25 09:01:09 [INFO]   ✓ Bitget公告: 0 条
2026-09-25 09:01:09 [INFO]   ✓ Whale Alert: 0 条
2026-09-25 09:01:09 [INFO]   ✓ Fear & Greed Index: 1 条
2026-09-25 09:01:09 [INFO]   ✓ DeFi Llama: 0 条
2026-09-25 09:01:09 [INFO]   ✓ 雪球加密: 0 条
2026-09-25 09:01:09 [INFO] 📊 共抓取 43 条新闻
2026-09-25 09:01:09 [INFO] 📋 原始新闻已保存: reports/2026-09-25-17-raw.json (43 条)
2026-09-25 09:01:09 [INFO] 📋 标题摘要已保存: reports/2026-09-25-17-raw-titles.md
2026-09-25 09:01:09 [INFO] ✅ 抓取完成，共 43 条，已保存到 reports/2026-09-25-17-raw.json
2026-09-25 09:01:09 [INFO] 🤖 开始 AI 筛选 2026-09-25 17:00 币圈消息
2026-09-25 09:01:09 [INFO] 📋 已加载原始新闻: reports/2026-09-25-17-raw.json (43 条)
2026-09-25 09:01:09 [INFO] 📚 已加载历史新闻标题（19268 字符）
2026-09-25 09:01:09 [INFO] 📚 已加载历史筛选标题 0 条、URL 0 个，用于去重
2026-09-25 09:01:09 [INFO] 🔄 尝试 AI 提供商: deepseek
2026-09-25 09:01:09 [INFO] 🤖 使用 AI 提供商: deepseek (模型: deepseek-v4-flash)
2026-09-25 09:01:09 [INFO] 🤖 AI 筛选 [[deepseek] 1/6 策略=仅标题+链接 retry=0]（43 条，8750 字符，temp=0.3）
2026-09-25 09:01:10 [ERROR] AI 调用异常 ([deepseek] 1/6 策略=仅标题+链接 retry=0): Error code: 401 - {'error': {'message': 'Authentication Fails, Your api key: ****df0d is invalid (request_id: 72491476-ca7c-49bc-8ba1-bc2bbbe95cb7)', 'type': 'authentication_error', 'param': None, 'code': 'invalid_request_error'}}
2026-09-25 09:01:10 [WARNING] [[deepseek] 1/6 策略=仅标题+链接 retry=0] AI 调用失败或解析失败，继续下一次尝试
2026-09-25 09:01:10 [INFO] 🤖 AI 筛选 [[deepseek] 2/6 策略=仅标题+链接 retry=1]（43 条，8750 字符，temp=0.3）
2026-09-25 09:01:10 [ERROR] AI 调用异常 ([deepseek] 2/6 策略=仅标题+链接 retry=1): Error code: 401 - {'error': {'message': 'Authentication Fails, Your api key: ****df0d is invalid (request_id: 66c5a344-70e6-47b6-aac5-d9758f095e53)', 'type': 'authentication_error', 'param': None, 'code': 'invalid_request_error'}}
2026-09-25 09:01:10 [WARNING] [[deepseek] 2/6 策略=仅标题+链接 retry=1] AI 调用失败或解析失败，继续下一次尝试
2026-09-25 09:01:10 [INFO] 🤖 AI 筛选 [[deepseek] 3/6 策略=仅标题+链接 retry=2]（43 条，8750 字符，temp=0.3）
2026-09-25 09:01:10 [ERROR] AI 调用异常 ([deepseek] 3/6 策略=仅标题+链接 retry=2): Error code: 401 - {'error': {'message': 'Authentication Fails, Your api key: ****df0d is invalid (request_id: 7a8234c9-8225-48e3-82b8-e1d0a45238b5)', 'type': 'authentication_error', 'param': None, 'code': 'invalid_request_error'}}
2026-09-25 09:01:10 [WARNING] [[deepseek] 3/6 策略=仅标题+链接 retry=2] AI 调用失败或解析失败，继续下一次尝试
2026-09-25 09:01:10 [INFO] 🤖 AI 筛选 [[deepseek] 4/6 策略=完整内容 retry=0]（43 条，13623 字符，temp=0.3）
2026-09-25 09:01:11 [ERROR] AI 调用异常 ([deepseek] 4/6 策略=完整内容 retry=0): Error code: 401 - {'error': {'message': 'Authentication Fails, Your api key: ****df0d is invalid (request_id: e7113693-4cbc-4a7b-a5c2-0d234fe2c1a6)', 'type': 'authentication_error', 'param': None, 'code': 'invalid_request_error'}}
2026-09-25 09:01:11 [WARNING] [[deepseek] 4/6 策略=完整内容 retry=0] AI 调用失败或解析失败，继续下一次尝试
2026-09-25 09:01:11 [INFO] 🤖 AI 筛选 [[deepseek] 5/6 策略=完整内容 retry=1]（43 条，13623 字符，temp=0.3）
2026-09-25 09:01:11 [ERROR] AI 调用异常 ([deepseek] 5/6 策略=完整内容 retry=1): Error code: 401 - {'error': {'message': 'Authentication Fails, Your api key: ****df0d is invalid (request_id: 2c69cc3f-a24c-409a-909e-b0444e9e5384)', 'type': 'authentication_error', 'param': None, 'code': 'invalid_request_error'}}
2026-09-25 09:01:11 [WARNING] [[deepseek] 5/6 策略=完整内容 retry=1] AI 调用失败或解析失败，继续下一次尝试
2026-09-25 09:01:11 [INFO] 🤖 AI 筛选 [[deepseek] 6/6 策略=仅标题（无历史） retry=0]（43 条，8750 字符，temp=0.3）
2026-09-25 09:01:12 [ERROR] AI 调用异常 ([deepseek] 6/6 策略=仅标题（无历史） retry=0): Error code: 401 - {'error': {'message': 'Authentication Fails, Your api key: ****df0d is invalid (request_id: 059802cd-9939-4b12-9fdc-aa804de7e681)', 'type': 'authentication_error', 'param': None, 'code': 'invalid_request_error'}}
2026-09-25 09:01:12 [WARNING] [[deepseek] 6/6 策略=仅标题（无历史） retry=0] AI 调用失败或解析失败，继续下一次尝试
2026-09-25 09:01:12 [WARNING] [deepseek] 已达最大尝试次数 6，停止
2026-09-25 09:01:12 [INFO] ⚠️ deepseek 未能产出满意结果，尝试下一个提供商
2026-09-25 09:01:12 [INFO] 🔄 尝试 AI 提供商: zhipu
2026-09-25 09:01:12 [ERROR] 未设置环境变量 ZHIPU_API_KEY，无法使用 zhipu
2026-09-25 09:01:12 [INFO] ⚠️ zhipu 未能产出满意结果，尝试下一个提供商
2026-09-25 09:01:12 [INFO] 🔄 尝试 AI 提供商: kimi
2026-09-25 09:01:12 [ERROR] 未设置环境变量 KIMI_API_KEY，无法使用 kimi
2026-09-25 09:01:12 [INFO] ⚠️ kimi 未能产出满意结果，尝试下一个提供商
2026-09-25 09:01:12 [INFO] 🔄 尝试 AI 提供商: huoshan
2026-09-25 09:01:12 [ERROR] 未设置环境变量 HUOSHAN_API_KEY，无法使用 huoshan
2026-09-25 09:01:12 [INFO] ⚠️ huoshan 未能产出满意结果，尝试下一个提供商
2026-09-25 09:01:12 [ERROR] ❌ 所有提供商均失败，返回空列表
2026-09-25 09:01:12 [INFO] 📦 JSON 已保存: reports/2026-09-25-17.json
2026-09-25 09:01:12 [INFO] ✅ AI 筛选完成，共 0 条交易相关消息
2026-09-25 10:00:53 [INFO] 🚀 开始抓取 2026-09-25 18:00 币圈新闻
2026-09-25 10:00:53 [INFO] 📡 抓取 RSS 新闻源...
2026-09-25 10:00:53 [INFO] 📡 抓取交易所公告 & 链上数据...
2026-09-25 10:00:54 [INFO]   ⏭ The Block: 过滤掉 18 条非近期新闻
2026-09-25 10:00:54 [INFO]   ⏭ CoinTelegraph: 过滤掉 28 条非近期新闻
2026-09-25 10:00:54 [INFO]   ⏭ Decrypt: 过滤掉 34 条非近期新闻
2026-09-25 10:00:54 [INFO]   ⏭ Bloomberg Crypto: 过滤掉 50 条非近期新闻
2026-09-25 10:00:54 [WARNING] 解析失败 Bitget公告: 'NoneType' object is not subscriptable
2026-09-25 10:00:54 [INFO]   ⏭ Reuters Crypto: 过滤掉 50 条非近期新闻
2026-09-25 10:00:54 [INFO]   ⏭ Reddit r/cryptocurrency: 过滤掉 25 条非近期新闻
2026-09-25 10:00:54 [INFO]   ⏭ 宏观经济: 过滤掉 50 条非近期新闻
2026-09-25 10:00:54 [INFO]   ⏭ CNBC Crypto: 过滤掉 49 条非近期新闻
2026-09-25 10:00:54 [INFO]   ⏭ CoinDesk: 过滤掉 23 条非近期新闻
2026-09-25 10:00:54 [INFO]   ⏭ Bitcoin Magazine: 过滤掉 10 条非近期新闻
2026-09-25 10:00:54 [INFO]   ⏭ Blockworks: 过滤掉 50 条非近期新闻
2026-09-25 10:00:54 [INFO]   ⏭ 宏观经济: 过滤掉 50 条非近期新闻
2026-09-25 10:00:55 [INFO]   ⏭ DL News: 过滤掉 50 条非近期新闻
2026-09-25 10:00:55 [INFO]   ⏭ 吴说区块链: 过滤掉 50 条非近期新闻
2026-09-25 10:00:55 [INFO]   ⏭ DeFi Llama: 过滤掉 50 条非近期新闻
2026-09-25 10:00:55 [INFO]   ⏭ Blockworks: 过滤掉 1 条非近期新闻
2026-09-25 10:00:55 [INFO]   ⏭ 雪球加密: 过滤掉 49 条非近期新闻
2026-09-25 10:00:55 [INFO]   ⏭ Bitcoin Magazine: 过滤掉 50 条非近期新闻
2026-09-25 10:00:55 [INFO]   ⏭ Crypto Twitter: 过滤掉 45 条非近期新闻
2026-09-25 10:01:09 [DEBUG] 请求失败 https://rsshub.rssforever.com/bloomberg/crypto: 
2026-09-25 10:01:09 [DEBUG] 请求失败 https://rsshub.rssforever.com/panewslab/news: 
2026-09-25 10:01:09 [DEBUG] 请求失败 https://rsshub.rssforever.com/theblockbeats/newsflash: 
2026-09-25 10:01:09 [DEBUG] 请求失败 https://rsshub.rssforever.com/jinse/lives: 
2026-09-25 10:01:10 [INFO]   ⏭ PANews: 过滤掉 50 条非近期新闻
2026-09-25 10:01:10 [INFO]   ⏭ 律动BlockBeats: 过滤掉 50 条非近期新闻
2026-09-25 10:01:10 [INFO]   ✓ CoinDesk: 2 条
2026-09-25 10:01:10 [INFO]   ✓ The Block: 1 条
2026-09-25 10:01:10 [INFO]   ✓ Decrypt: 1 条
2026-09-25 10:01:10 [INFO]   ✓ CoinTelegraph: 2 条
2026-09-25 10:01:10 [INFO]   ✓ Bitcoin Magazine: 0 条
2026-09-25 10:01:10 [INFO]   ✓ Blockworks: 0 条
2026-09-25 10:01:10 [INFO]   ✓ DL News: 0 条
2026-09-25 10:01:10 [INFO]   ✓ 金色财经: 0 条
2026-09-25 10:01:10 [INFO]   ✓ PANews: 0 条
2026-09-25 10:01:10 [INFO]   ✓ 律动BlockBeats: 0 条
2026-09-25 10:01:10 [INFO]   ✓ 吴说区块链: 0 条
2026-09-25 10:01:10 [INFO]   ✓ Bloomberg Crypto: 0 条
2026-09-25 10:01:10 [INFO]   ✓ Reuters Crypto: 0 条
2026-09-25 10:01:10 [INFO]   ✓ CNBC Crypto: 1 条
2026-09-25 10:01:10 [INFO]   ✓ Reddit r/cryptocurrency: 0 条
2026-09-25 10:01:10 [INFO]   ✓ Reddit r/bitcoin: 0 条
2026-09-25 10:01:10 [INFO]   ✓ Crypto Twitter: 5 条
2026-09-25 10:01:10 [INFO]   ✓ 宏观经济: 0 条
2026-09-25 10:01:10 [INFO]   ✓ Binance公告: 20 条
2026-09-25 10:01:10 [INFO]   ✓ OKX公告: 0 条
2026-09-25 10:01:10 [INFO]   ✓ Bitget公告: 0 条
2026-09-25 10:01:10 [INFO]   ✓ Whale Alert: 0 条
2026-09-25 10:01:10 [INFO]   ✓ Fear & Greed Index: 1 条
2026-09-25 10:01:10 [INFO]   ✓ DeFi Llama: 0 条
2026-09-25 10:01:10 [INFO]   ✓ 雪球加密: 1 条
2026-09-25 10:01:10 [INFO] 📊 共抓取 34 条新闻
2026-09-25 10:01:10 [INFO] 📋 原始新闻已保存: reports/2026-09-25-18-raw.json (34 条)
2026-09-25 10:01:10 [INFO] 📋 标题摘要已保存: reports/2026-09-25-18-raw-titles.md
2026-09-25 10:01:10 [INFO] ✅ 抓取完成，共 34 条，已保存到 reports/2026-09-25-18-raw.json
2026-09-25 10:01:10 [INFO] 🤖 开始 AI 筛选 2026-09-25 18:00 币圈消息
2026-09-25 10:01:10 [INFO] 📋 已加载原始新闻: reports/2026-09-25-18-raw.json (34 条)
2026-09-25 10:01:10 [INFO] 📚 已加载历史新闻标题（20100 字符）
2026-09-25 10:01:10 [INFO] 📚 已加载历史筛选标题 0 条、URL 0 个，用于去重
2026-09-25 10:01:10 [INFO] 🔄 尝试 AI 提供商: deepseek
2026-09-25 10:01:10 [INFO] 🤖 使用 AI 提供商: deepseek (模型: deepseek-v4-flash)
2026-09-25 10:01:10 [INFO] 🤖 AI 筛选 [[deepseek] 1/6 策略=仅标题+链接 retry=0]（34 条，7830 字符，temp=0.3）
2026-09-25 10:01:11 [ERROR] AI 调用异常 ([deepseek] 1/6 策略=仅标题+链接 retry=0): Error code: 401 - {'error': {'message': 'Authentication Fails, Your api key: ****df0d is invalid (request_id: 6f12188b-1ca4-43dd-a863-f7013e78fc85)', 'type': 'authentication_error', 'param': None, 'code': 'invalid_request_error'}}
2026-09-25 10:01:11 [WARNING] [[deepseek] 1/6 策略=仅标题+链接 retry=0] AI 调用失败或解析失败，继续下一次尝试
2026-09-25 10:01:11 [INFO] 🤖 AI 筛选 [[deepseek] 2/6 策略=仅标题+链接 retry=1]（34 条，7830 字符，temp=0.3）
2026-09-25 10:01:12 [ERROR] AI 调用异常 ([deepseek] 2/6 策略=仅标题+链接 retry=1): Error code: 401 - {'error': {'message': 'Authentication Fails, Your api key: ****df0d is invalid (request_id: 67684703-189e-40de-8265-aeaef116b6fe)', 'type': 'authentication_error', 'param': None, 'code': 'invalid_request_error'}}
2026-09-25 10:01:12 [WARNING] [[deepseek] 2/6 策略=仅标题+链接 retry=1] AI 调用失败或解析失败，继续下一次尝试
2026-09-25 10:01:12 [INFO] 🤖 AI 筛选 [[deepseek] 3/6 策略=仅标题+链接 retry=2]（34 条，7830 字符，temp=0.3）
2026-09-25 10:01:12 [ERROR] AI 调用异常 ([deepseek] 3/6 策略=仅标题+链接 retry=2): Error code: 401 - {'error': {'message': 'Authentication Fails, Your api key: ****df0d is invalid (request_id: 083a7fd0-ae94-4b7e-8b2b-5c9abe726058)', 'type': 'authentication_error', 'param': None, 'code': 'invalid_request_error'}}
2026-09-25 10:01:12 [WARNING] [[deepseek] 3/6 策略=仅标题+链接 retry=2] AI 调用失败或解析失败，继续下一次尝试
2026-09-25 10:01:12 [INFO] 🤖 AI 筛选 [[deepseek] 4/6 策略=完整内容 retry=0]（34 条，10833 字符，temp=0.3）
2026-09-25 10:01:13 [ERROR] AI 调用异常 ([deepseek] 4/6 策略=完整内容 retry=0): Error code: 401 - {'error': {'message': 'Authentication Fails, Your api key: ****df0d is invalid (request_id: 16280f65-2867-4131-86c6-3d415626b3ec)', 'type': 'authentication_error', 'param': None, 'code': 'invalid_request_error'}}
2026-09-25 10:01:13 [WARNING] [[deepseek] 4/6 策略=完整内容 retry=0] AI 调用失败或解析失败，继续下一次尝试
2026-09-25 10:01:13 [INFO] 🤖 AI 筛选 [[deepseek] 5/6 策略=完整内容 retry=1]（34 条，10833 字符，temp=0.3）
2026-09-25 10:01:13 [ERROR] AI 调用异常 ([deepseek] 5/6 策略=完整内容 retry=1): Error code: 401 - {'error': {'message': 'Authentication Fails, Your api key: ****df0d is invalid (request_id: 21e99da8-56a0-4b50-a14b-1eedb8ee8998)', 'type': 'authentication_error', 'param': None, 'code': 'invalid_request_error'}}
2026-09-25 10:01:13 [WARNING] [[deepseek] 5/6 策略=完整内容 retry=1] AI 调用失败或解析失败，继续下一次尝试
2026-09-25 10:01:13 [INFO] 🤖 AI 筛选 [[deepseek] 6/6 策略=仅标题（无历史） retry=0]（34 条，7830 字符，temp=0.3）
2026-09-25 10:01:13 [ERROR] AI 调用异常 ([deepseek] 6/6 策略=仅标题（无历史） retry=0): Error code: 401 - {'error': {'message': 'Authentication Fails, Your api key: ****df0d is invalid (request_id: 6952059b-2460-4923-8d82-52774e5833f6)', 'type': 'authentication_error', 'param': None, 'code': 'invalid_request_error'}}
2026-09-25 10:01:13 [WARNING] [[deepseek] 6/6 策略=仅标题（无历史） retry=0] AI 调用失败或解析失败，继续下一次尝试
2026-09-25 10:01:13 [WARNING] [deepseek] 已达最大尝试次数 6，停止
2026-09-25 10:01:13 [INFO] ⚠️ deepseek 未能产出满意结果，尝试下一个提供商
2026-09-25 10:01:13 [INFO] 🔄 尝试 AI 提供商: zhipu
2026-09-25 10:01:13 [ERROR] 未设置环境变量 ZHIPU_API_KEY，无法使用 zhipu
2026-09-25 10:01:13 [INFO] ⚠️ zhipu 未能产出满意结果，尝试下一个提供商
2026-09-25 10:01:13 [INFO] 🔄 尝试 AI 提供商: kimi
2026-09-25 10:01:13 [ERROR] 未设置环境变量 KIMI_API_KEY，无法使用 kimi
2026-09-25 10:01:13 [INFO] ⚠️ kimi 未能产出满意结果，尝试下一个提供商
2026-09-25 10:01:13 [INFO] 🔄 尝试 AI 提供商: huoshan
2026-09-25 10:01:13 [ERROR] 未设置环境变量 HUOSHAN_API_KEY，无法使用 huoshan
2026-09-25 10:01:13 [INFO] ⚠️ huoshan 未能产出满意结果，尝试下一个提供商
2026-09-25 10:01:13 [ERROR] ❌ 所有提供商均失败，返回空列表
2026-09-25 10:01:13 [INFO] 📦 JSON 已保存: reports/2026-09-25-18.json
2026-09-25 10:01:13 [INFO] ✅ AI 筛选完成，共 0 条交易相关消息
2026-09-25 11:00:57 [INFO] 🚀 开始抓取 2026-09-25 19:00 币圈新闻
2026-09-25 11:00:57 [INFO] 📡 抓取 RSS 新闻源...
2026-09-25 11:00:57 [INFO] 📡 抓取交易所公告 & 链上数据...
2026-09-25 11:00:57 [INFO]   ⏭ Decrypt: 过滤掉 34 条非近期新闻
2026-09-25 11:00:57 [INFO]   ⏭ CoinTelegraph: 过滤掉 29 条非近期新闻
2026-09-25 11:00:57 [INFO]   ⏭ The Block: 过滤掉 17 条非近期新闻
2026-09-25 11:00:57 [INFO]   ⏭ Bloomberg Crypto: 过滤掉 50 条非近期新闻
2026-09-25 11:00:57 [WARNING] 解析失败 Bitget公告: 'NoneType' object is not subscriptable
2026-09-25 11:00:57 [INFO]   ⏭ CNBC Crypto: 过滤掉 48 条非近期新闻
2026-09-25 11:00:57 [INFO]   ⏭ Reuters Crypto: 过滤掉 49 条非近期新闻
2026-09-25 11:00:57 [INFO]   ⏭ 宏观经济: 过滤掉 49 条非近期新闻
2026-09-25 11:00:57 [INFO]   ⏭ Reddit r/cryptocurrency: 过滤掉 23 条非近期新闻
2026-09-25 11:00:57 [INFO]   ⏭ Bitcoin Magazine: 过滤掉 10 条非近期新闻
2026-09-25 11:00:58 [INFO]   ⏭ CoinDesk: 过滤掉 23 条非近期新闻
2026-09-25 11:00:58 [INFO]   ⏭ Blockworks: 过滤掉 50 条非近期新闻
2026-09-25 11:00:58 [INFO]   ⏭ DL News: 过滤掉 50 条非近期新闻
2026-09-25 11:00:58 [INFO]   ⏭ Blockworks: 过滤掉 1 条非近期新闻
2026-09-25 11:00:58 [INFO]   ⏭ Bitcoin Magazine: 过滤掉 50 条非近期新闻
2026-09-25 11:00:58 [INFO]   ⏭ DeFi Llama: 过滤掉 50 条非近期新闻
2026-09-25 11:00:58 [INFO]   ⏭ 吴说区块链: 过滤掉 50 条非近期新闻
2026-09-25 11:00:58 [INFO]   ⏭ 雪球加密: 过滤掉 49 条非近期新闻
2026-09-25 11:00:58 [INFO]   ⏭ Crypto Twitter: 过滤掉 37 条非近期新闻
2026-09-25 11:01:12 [DEBUG] 请求失败 https://rsshub.rssforever.com/theblockbeats/newsflash: 
2026-09-25 11:01:12 [DEBUG] 请求失败 https://rsshub.rssforever.com/jinse/lives: 
2026-09-25 11:01:13 [DEBUG] 请求失败 https://rsshub.rssforever.com/panewslab/news: 
2026-09-25 11:01:13 [DEBUG] 请求失败 https://rsshub.rssforever.com/bloomberg/crypto: 
2026-09-25 11:01:13 [INFO]   ⏭ 律动BlockBeats: 过滤掉 50 条非近期新闻
2026-09-25 11:01:13 [INFO]   ⏭ PANews: 过滤掉 50 条非近期新闻
2026-09-25 11:01:13 [INFO]   ✓ CoinDesk: 2 条
2026-09-25 11:01:13 [INFO]   ✓ The Block: 2 条
2026-09-25 11:01:13 [INFO]   ✓ Decrypt: 1 条
2026-09-25 11:01:13 [INFO]   ✓ CoinTelegraph: 1 条
2026-09-25 11:01:13 [INFO]   ✓ Bitcoin Magazine: 0 条
2026-09-25 11:01:13 [INFO]   ✓ Blockworks: 0 条
2026-09-25 11:01:13 [INFO]   ✓ DL News: 0 条
2026-09-25 11:01:13 [INFO]   ✓ 金色财经: 0 条
2026-09-25 11:01:13 [INFO]   ✓ PANews: 0 条
2026-09-25 11:01:13 [INFO]   ✓ 律动BlockBeats: 0 条
2026-09-25 11:01:13 [INFO]   ✓ 吴说区块链: 0 条
2026-09-25 11:01:13 [INFO]   ✓ Bloomberg Crypto: 0 条
2026-09-25 11:01:13 [INFO]   ✓ Reuters Crypto: 1 条
2026-09-25 11:01:13 [INFO]   ✓ CNBC Crypto: 2 条
2026-09-25 11:01:13 [INFO]   ✓ Reddit r/cryptocurrency: 2 条
2026-09-25 11:01:13 [INFO]   ✓ Reddit r/bitcoin: 0 条
2026-09-25 11:01:13 [INFO]   ✓ Crypto Twitter: 13 条
2026-09-25 11:01:13 [INFO]   ✓ 宏观经济: 1 条
2026-09-25 11:01:13 [INFO]   ✓ Binance公告: 20 条
2026-09-25 11:01:13 [INFO]   ✓ OKX公告: 0 条
2026-09-25 11:01:13 [INFO]   ✓ Bitget公告: 0 条
2026-09-25 11:01:13 [INFO]   ✓ Whale Alert: 0 条
2026-09-25 11:01:13 [INFO]   ✓ Fear & Greed Index: 1 条
2026-09-25 11:01:13 [INFO]   ✓ DeFi Llama: 0 条
2026-09-25 11:01:13 [INFO]   ✓ 雪球加密: 1 条
2026-09-25 11:01:13 [INFO] 📊 共抓取 47 条新闻
2026-09-25 11:01:13 [INFO] 📋 原始新闻已保存: reports/2026-09-25-19-raw.json (47 条)
2026-09-25 11:01:13 [INFO] 📋 标题摘要已保存: reports/2026-09-25-19-raw-titles.md
2026-09-25 11:01:13 [INFO] ✅ 抓取完成，共 47 条，已保存到 reports/2026-09-25-19-raw.json
2026-09-25 11:01:14 [INFO] 🤖 开始 AI 筛选 2026-09-25 19:00 币圈消息
2026-09-25 11:01:14 [INFO] 📋 已加载原始新闻: reports/2026-09-25-19-raw.json (47 条)
2026-09-25 11:01:14 [INFO] 📚 已加载历史新闻标题（20325 字符）
2026-09-25 11:01:14 [INFO] 📚 已加载历史筛选标题 0 条、URL 0 个，用于去重
2026-09-25 11:01:14 [INFO] 🔄 尝试 AI 提供商: deepseek
2026-09-25 11:01:14 [INFO] 🤖 使用 AI 提供商: deepseek (模型: deepseek-v4-flash)
2026-09-25 11:01:14 [INFO] 🤖 AI 筛选 [[deepseek] 1/6 策略=仅标题+链接 retry=0]（47 条，12679 字符，temp=0.3）
2026-09-25 11:01:15 [ERROR] AI 调用异常 ([deepseek] 1/6 策略=仅标题+链接 retry=0): Error code: 401 - {'error': {'message': 'Authentication Fails, Your api key: ****df0d is invalid (request_id: b866a724-6583-42a6-8358-a169aeefd64d)', 'type': 'authentication_error', 'param': None, 'code': 'invalid_request_error'}}
2026-09-25 11:01:15 [WARNING] [[deepseek] 1/6 策略=仅标题+链接 retry=0] AI 调用失败或解析失败，继续下一次尝试
2026-09-25 11:01:15 [INFO] 🤖 AI 筛选 [[deepseek] 2/6 策略=仅标题+链接 retry=1]（47 条，12679 字符，temp=0.3）
2026-09-25 11:01:15 [ERROR] AI 调用异常 ([deepseek] 2/6 策略=仅标题+链接 retry=1): Error code: 401 - {'error': {'message': 'Authentication Fails, Your api key: ****df0d is invalid (request_id: 933bd888-7f59-4d22-9312-982ec556d9d7)', 'type': 'authentication_error', 'param': None, 'code': 'invalid_request_error'}}
2026-09-25 11:01:15 [WARNING] [[deepseek] 2/6 策略=仅标题+链接 retry=1] AI 调用失败或解析失败，继续下一次尝试
2026-09-25 11:01:15 [INFO] 🤖 AI 筛选 [[deepseek] 3/6 策略=仅标题+链接 retry=2]（47 条，12679 字符，temp=0.3）
2026-09-25 11:01:16 [ERROR] AI 调用异常 ([deepseek] 3/6 策略=仅标题+链接 retry=2): Error code: 401 - {'error': {'message': 'Authentication Fails, Your api key: ****df0d is invalid (request_id: 45b69c1c-f7ba-49ef-a962-64be20ed9ce9)', 'type': 'authentication_error', 'param': None, 'code': 'invalid_request_error'}}
2026-09-25 11:01:16 [WARNING] [[deepseek] 3/6 策略=仅标题+链接 retry=2] AI 调用失败或解析失败，继续下一次尝试
2026-09-25 11:01:16 [INFO] 🤖 AI 筛选 [[deepseek] 4/6 策略=完整内容 retry=0]（47 条，16920 字符，temp=0.3）
2026-09-25 11:01:16 [ERROR] AI 调用异常 ([deepseek] 4/6 策略=完整内容 retry=0): Error code: 401 - {'error': {'message': 'Authentication Fails, Your api key: ****df0d is invalid (request_id: 2a7cf680-3a31-4f85-b6bd-db04cfdb0d32)', 'type': 'authentication_error', 'param': None, 'code': 'invalid_request_error'}}
2026-09-25 11:01:16 [WARNING] [[deepseek] 4/6 策略=完整内容 retry=0] AI 调用失败或解析失败，继续下一次尝试
2026-09-25 11:01:16 [INFO] 🤖 AI 筛选 [[deepseek] 5/6 策略=完整内容 retry=1]（47 条，16920 字符，temp=0.3）
2026-09-25 11:01:17 [ERROR] AI 调用异常 ([deepseek] 5/6 策略=完整内容 retry=1): Error code: 401 - {'error': {'message': 'Authentication Fails, Your api key: ****df0d is invalid (request_id: 61af12be-32ba-4d15-8f55-becaa3e68f8b)', 'type': 'authentication_error', 'param': None, 'code': 'invalid_request_error'}}
2026-09-25 11:01:17 [WARNING] [[deepseek] 5/6 策略=完整内容 retry=1] AI 调用失败或解析失败，继续下一次尝试
2026-09-25 11:01:17 [INFO] 🤖 AI 筛选 [[deepseek] 6/6 策略=仅标题（无历史） retry=0]（47 条，12679 字符，temp=0.3）
2026-09-25 11:01:17 [ERROR] AI 调用异常 ([deepseek] 6/6 策略=仅标题（无历史） retry=0): Error code: 401 - {'error': {'message': 'Authentication Fails, Your api key: ****df0d is invalid (request_id: bbe08ba6-6f69-4ec9-898b-86742ecf5719)', 'type': 'authentication_error', 'param': None, 'code': 'invalid_request_error'}}
2026-09-25 11:01:17 [WARNING] [[deepseek] 6/6 策略=仅标题（无历史） retry=0] AI 调用失败或解析失败，继续下一次尝试
2026-09-25 11:01:17 [WARNING] [deepseek] 已达最大尝试次数 6，停止
2026-09-25 11:01:17 [INFO] ⚠️ deepseek 未能产出满意结果，尝试下一个提供商
2026-09-25 11:01:17 [INFO] 🔄 尝试 AI 提供商: zhipu
2026-09-25 11:01:17 [ERROR] 未设置环境变量 ZHIPU_API_KEY，无法使用 zhipu
2026-09-25 11:01:17 [INFO] ⚠️ zhipu 未能产出满意结果，尝试下一个提供商
2026-09-25 11:01:17 [INFO] 🔄 尝试 AI 提供商: kimi
2026-09-25 11:01:17 [ERROR] 未设置环境变量 KIMI_API_KEY，无法使用 kimi
2026-09-25 11:01:17 [INFO] ⚠️ kimi 未能产出满意结果，尝试下一个提供商
2026-09-25 11:01:17 [INFO] 🔄 尝试 AI 提供商: huoshan
2026-09-25 11:01:17 [ERROR] 未设置环境变量 HUOSHAN_API_KEY，无法使用 huoshan
2026-09-25 11:01:17 [INFO] ⚠️ huoshan 未能产出满意结果，尝试下一个提供商
2026-09-25 11:01:17 [ERROR] ❌ 所有提供商均失败，返回空列表
2026-09-25 11:01:17 [INFO] 📦 JSON 已保存: reports/2026-09-25-19.json
2026-09-25 11:01:17 [INFO] ✅ AI 筛选完成，共 0 条交易相关消息
2026-09-25 12:00:59 [INFO] 🚀 开始抓取 2026-09-25 20:00 币圈新闻
2026-09-25 12:00:59 [INFO] 📡 抓取 RSS 新闻源...
2026-09-25 12:00:59 [INFO] 📡 抓取交易所公告 & 链上数据...
2026-09-25 12:00:59 [INFO]   ⏭ CoinTelegraph: 过滤掉 29 条非近期新闻
2026-09-25 12:00:59 [INFO]   ⏭ The Block: 过滤掉 18 条非近期新闻
2026-09-25 12:00:59 [INFO]   ⏭ Decrypt: 过滤掉 49 条非近期新闻
2026-09-25 12:00:59 [INFO]   ⏭ CoinDesk: 过滤掉 23 条非近期新闻
2026-09-25 12:00:59 [WARNING] 解析失败 Bitget公告: 'NoneType' object is not subscriptable
2026-09-25 12:00:59 [INFO]   ⏭ Bitcoin Magazine: 过滤掉 10 条非近期新闻
2026-09-25 12:01:00 [INFO]   ⏭ Bloomberg Crypto: 过滤掉 50 条非近期新闻
2026-09-25 12:01:00 [INFO]   ⏭ Reuters Crypto: 过滤掉 49 条非近期新闻
2026-09-25 12:01:00 [INFO]   ⏭ CNBC Crypto: 过滤掉 46 条非近期新闻
2026-09-25 12:01:00 [INFO]   ⏭ 宏观经济: 过滤掉 49 条非近期新闻
2026-09-25 12:01:00 [INFO]   ⏭ Blockworks: 过滤掉 50 条非近期新闻
2026-09-25 12:01:00 [INFO]   ⏭ Reddit r/cryptocurrency: 过滤掉 22 条非近期新闻
2026-09-25 12:01:00 [INFO]   ⏭ DL News: 过滤掉 50 条非近期新闻
2026-09-25 12:01:00 [INFO]   ⏭ Blockworks: 过滤掉 1 条非近期新闻
2026-09-25 12:01:01 [INFO]   ⏭ DeFi Llama: 过滤掉 50 条非近期新闻
2026-09-25 12:01:01 [INFO]   ⏭ Bitcoin Magazine: 过滤掉 50 条非近期新闻
2026-09-25 12:01:01 [INFO]   ⏭ 吴说区块链: 过滤掉 50 条非近期新闻
2026-09-25 12:01:01 [INFO]   ⏭ 雪球加密: 过滤掉 49 条非近期新闻
2026-09-25 12:01:01 [INFO]   ⏭ Crypto Twitter: 过滤掉 34 条非近期新闻
2026-09-25 12:01:15 [DEBUG] 请求失败 https://rsshub.rssforever.com/theblockbeats/newsflash: 
2026-09-25 12:01:15 [DEBUG] 请求失败 https://rsshub.rssforever.com/jinse/lives: 
2026-09-25 12:01:15 [DEBUG] 请求失败 https://rsshub.rssforever.com/panewslab/news: 
2026-09-25 12:01:15 [DEBUG] 请求失败 https://rsshub.rssforever.com/bloomberg/crypto: 
2026-09-25 12:01:15 [INFO]   ⏭ 律动BlockBeats: 过滤掉 50 条非近期新闻
2026-09-25 12:01:16 [INFO]   ⏭ PANews: 过滤掉 50 条非近期新闻
2026-09-25 12:01:16 [INFO]   ✓ CoinDesk: 2 条
2026-09-25 12:01:16 [INFO]   ✓ The Block: 1 条
2026-09-25 12:01:16 [INFO]   ✓ Decrypt: 1 条
2026-09-25 12:01:16 [INFO]   ✓ CoinTelegraph: 1 条
2026-09-25 12:01:16 [INFO]   ✓ Bitcoin Magazine: 0 条
2026-09-25 12:01:16 [INFO]   ✓ Blockworks: 0 条
2026-09-25 12:01:16 [INFO]   ✓ DL News: 0 条
2026-09-25 12:01:16 [INFO]   ✓ 金色财经: 0 条
2026-09-25 12:01:16 [INFO]   ✓ PANews: 0 条
2026-09-25 12:01:16 [INFO]   ✓ 律动BlockBeats: 0 条
2026-09-25 12:01:16 [INFO]   ✓ 吴说区块链: 0 条
2026-09-25 12:01:16 [INFO]   ✓ Bloomberg Crypto: 0 条
2026-09-25 12:01:16 [INFO]   ✓ Reuters Crypto: 1 条
2026-09-25 12:01:16 [INFO]   ✓ CNBC Crypto: 4 条
2026-09-25 12:01:16 [INFO]   ✓ Reddit r/cryptocurrency: 3 条
2026-09-25 12:01:16 [INFO]   ✓ Reddit r/bitcoin: 0 条
2026-09-25 12:01:16 [INFO]   ✓ Crypto Twitter: 16 条
2026-09-25 12:01:16 [INFO]   ✓ 宏观经济: 1 条
2026-09-25 12:01:16 [INFO]   ✓ Binance公告: 20 条
2026-09-25 12:01:16 [INFO]   ✓ OKX公告: 0 条
2026-09-25 12:01:16 [INFO]   ✓ Bitget公告: 0 条
2026-09-25 12:01:16 [INFO]   ✓ Whale Alert: 0 条
2026-09-25 12:01:16 [INFO]   ✓ Fear & Greed Index: 1 条
2026-09-25 12:01:16 [INFO]   ✓ DeFi Llama: 0 条
2026-09-25 12:01:16 [INFO]   ✓ 雪球加密: 1 条
2026-09-25 12:01:16 [INFO] 📊 共抓取 52 条新闻
2026-09-25 12:01:16 [INFO] 📋 原始新闻已保存: reports/2026-09-25-20-raw.json (52 条)
2026-09-25 12:01:16 [INFO] 📋 标题摘要已保存: reports/2026-09-25-20-raw-titles.md
2026-09-25 12:01:16 [INFO] ✅ 抓取完成，共 52 条，已保存到 reports/2026-09-25-20-raw.json
2026-09-25 12:01:16 [INFO] 🤖 开始 AI 筛选 2026-09-25 20:00 币圈消息
2026-09-25 12:01:16 [INFO] 📋 已加载原始新闻: reports/2026-09-25-20-raw.json (52 条)
2026-09-25 12:01:16 [INFO] 📚 已加载历史新闻标题（21399 字符）
2026-09-25 12:01:16 [INFO] 📚 已加载历史筛选标题 0 条、URL 0 个，用于去重
2026-09-25 12:01:16 [INFO] 🔄 尝试 AI 提供商: deepseek
2026-09-25 12:01:16 [INFO] 🤖 使用 AI 提供商: deepseek (模型: deepseek-v4-flash)
2026-09-25 12:01:16 [INFO] 🤖 AI 筛选 [[deepseek] 1/6 策略=仅标题+链接 retry=0]（52 条，15783 字符，temp=0.3）
2026-09-25 12:01:17 [ERROR] AI 调用异常 ([deepseek] 1/6 策略=仅标题+链接 retry=0): Error code: 401 - {'error': {'message': 'Authentication Fails, Your api key: ****df0d is invalid (request_id: e302ec8d-b610-4dd8-b707-24a8831e2a1a)', 'type': 'authentication_error', 'param': None, 'code': 'invalid_request_error'}}
2026-09-25 12:01:17 [WARNING] [[deepseek] 1/6 策略=仅标题+链接 retry=0] AI 调用失败或解析失败，继续下一次尝试
2026-09-25 12:01:17 [INFO] 🤖 AI 筛选 [[deepseek] 2/6 策略=仅标题+链接 retry=1]（52 条，15783 字符，temp=0.3）
2026-09-25 12:01:17 [ERROR] AI 调用异常 ([deepseek] 2/6 策略=仅标题+链接 retry=1): Error code: 401 - {'error': {'message': 'Authentication Fails, Your api key: ****df0d is invalid (request_id: ec9fefac-6c80-4a39-8f78-354d895eb7e8)', 'type': 'authentication_error', 'param': None, 'code': 'invalid_request_error'}}
2026-09-25 12:01:17 [WARNING] [[deepseek] 2/6 策略=仅标题+链接 retry=1] AI 调用失败或解析失败，继续下一次尝试
2026-09-25 12:01:17 [INFO] 🤖 AI 筛选 [[deepseek] 3/6 策略=仅标题+链接 retry=2]（52 条，15783 字符，temp=0.3）
2026-09-25 12:01:18 [ERROR] AI 调用异常 ([deepseek] 3/6 策略=仅标题+链接 retry=2): Error code: 401 - {'error': {'message': 'Authentication Fails, Your api key: ****df0d is invalid (request_id: d91ec903-e60c-4ff1-9b0f-4809ecd9f560)', 'type': 'authentication_error', 'param': None, 'code': 'invalid_request_error'}}
2026-09-25 12:01:18 [WARNING] [[deepseek] 3/6 策略=仅标题+链接 retry=2] AI 调用失败或解析失败，继续下一次尝试
2026-09-25 12:01:18 [INFO] 🤖 AI 筛选 [[deepseek] 4/6 策略=完整内容 retry=0]（52 条，20751 字符，temp=0.3）
2026-09-25 12:01:18 [ERROR] AI 调用异常 ([deepseek] 4/6 策略=完整内容 retry=0): Error code: 401 - {'error': {'message': 'Authentication Fails, Your api key: ****df0d is invalid (request_id: 4fddefa2-0ede-4163-aa45-1cd9e0756d52)', 'type': 'authentication_error', 'param': None, 'code': 'invalid_request_error'}}
2026-09-25 12:01:18 [WARNING] [[deepseek] 4/6 策略=完整内容 retry=0] AI 调用失败或解析失败，继续下一次尝试
2026-09-25 12:01:18 [INFO] 🤖 AI 筛选 [[deepseek] 5/6 策略=完整内容 retry=1]（52 条，20751 字符，temp=0.3）
2026-09-25 12:01:19 [ERROR] AI 调用异常 ([deepseek] 5/6 策略=完整内容 retry=1): Error code: 401 - {'error': {'message': 'Authentication Fails, Your api key: ****df0d is invalid (request_id: d0a59f9b-d21f-42ba-94d9-a1aa2ff4320b)', 'type': 'authentication_error', 'param': None, 'code': 'invalid_request_error'}}
2026-09-25 12:01:19 [WARNING] [[deepseek] 5/6 策略=完整内容 retry=1] AI 调用失败或解析失败，继续下一次尝试
2026-09-25 12:01:19 [INFO] 🤖 AI 筛选 [[deepseek] 6/6 策略=仅标题（无历史） retry=0]（52 条，15783 字符，temp=0.3）
2026-09-25 12:01:19 [ERROR] AI 调用异常 ([deepseek] 6/6 策略=仅标题（无历史） retry=0): Error code: 401 - {'error': {'message': 'Authentication Fails, Your api key: ****df0d is invalid (request_id: c2de2acd-ebc5-451e-9cd6-03ba2f8e2806)', 'type': 'authentication_error', 'param': None, 'code': 'invalid_request_error'}}
2026-09-25 12:01:19 [WARNING] [[deepseek] 6/6 策略=仅标题（无历史） retry=0] AI 调用失败或解析失败，继续下一次尝试
2026-09-25 12:01:19 [WARNING] [deepseek] 已达最大尝试次数 6，停止
2026-09-25 12:01:19 [INFO] ⚠️ deepseek 未能产出满意结果，尝试下一个提供商
2026-09-25 12:01:19 [INFO] 🔄 尝试 AI 提供商: zhipu
2026-09-25 12:01:19 [ERROR] 未设置环境变量 ZHIPU_API_KEY，无法使用 zhipu
2026-09-25 12:01:19 [INFO] ⚠️ zhipu 未能产出满意结果，尝试下一个提供商
2026-09-25 12:01:19 [INFO] 🔄 尝试 AI 提供商: kimi
2026-09-25 12:01:19 [ERROR] 未设置环境变量 KIMI_API_KEY，无法使用 kimi
2026-09-25 12:01:19 [INFO] ⚠️ kimi 未能产出满意结果，尝试下一个提供商
2026-09-25 12:01:19 [INFO] 🔄 尝试 AI 提供商: huoshan
2026-09-25 12:01:19 [ERROR] 未设置环境变量 HUOSHAN_API_KEY，无法使用 huoshan
2026-09-25 12:01:19 [INFO] ⚠️ huoshan 未能产出满意结果，尝试下一个提供商
2026-09-25 12:01:19 [ERROR] ❌ 所有提供商均失败，返回空列表
2026-09-25 12:01:19 [INFO] 📦 JSON 已保存: reports/2026-09-25-20.json
2026-09-25 12:01:19 [INFO] ✅ AI 筛选完成，共 0 条交易相关消息
2026-09-25 13:00:59 [INFO] 🚀 开始抓取 2026-09-25 21:00 币圈新闻
2026-09-25 13:00:59 [INFO] 📡 抓取 RSS 新闻源...
2026-09-25 13:00:59 [INFO] 📡 抓取交易所公告 & 链上数据...
2026-09-25 13:00:59 [INFO]   ⏭ CoinTelegraph: 过滤掉 27 条非近期新闻
2026-09-25 13:00:59 [INFO]   ⏭ Decrypt: 过滤掉 33 条非近期新闻
2026-09-25 13:00:59 [INFO]   ⏭ The Block: 过滤掉 19 条非近期新闻
2026-09-25 13:01:00 [WARNING] 解析失败 Bitget公告: 'NoneType' object is not subscriptable
2026-09-25 13:01:00 [INFO]   ⏭ Bitcoin Magazine: 过滤掉 10 条非近期新闻
2026-09-25 13:01:00 [INFO]   ⏭ CoinDesk: 过滤掉 23 条非近期新闻
2026-09-25 13:01:00 [INFO]   ⏭ Bloomberg Crypto: 过滤掉 50 条非近期新闻
2026-09-25 13:01:00 [INFO]   ⏭ Reddit r/bitcoin: 过滤掉 21 条非近期新闻
2026-09-25 13:01:00 [INFO]   ⏭ 宏观经济: 过滤掉 50 条非近期新闻
2026-09-25 13:01:00 [INFO]   ⏭ Reuters Crypto: 过滤掉 50 条非近期新闻
2026-09-25 13:01:00 [INFO]   ⏭ Blockworks: 过滤掉 50 条非近期新闻
2026-09-25 13:01:00 [INFO]   ⏭ CNBC Crypto: 过滤掉 48 条非近期新闻
2026-09-25 13:01:00 [INFO]   ⏭ Blockworks: 过滤掉 1 条非近期新闻
2026-09-25 13:01:00 [INFO]   ⏭ DL News: 过滤掉 50 条非近期新闻
2026-09-25 13:01:00 [INFO]   ⏭ 宏观经济: 过滤掉 50 条非近期新闻
2026-09-25 13:01:00 [INFO]   ⏭ Bitcoin Magazine: 过滤掉 50 条非近期新闻
2026-09-25 13:01:01 [INFO]   ⏭ 雪球加密: 过滤掉 49 条非近期新闻
2026-09-25 13:01:01 [INFO]   ⏭ 吴说区块链: 过滤掉 50 条非近期新闻
2026-09-25 13:01:01 [INFO]   ⏭ DeFi Llama: 过滤掉 50 条非近期新闻
2026-09-25 13:01:01 [INFO]   ⏭ The Block: 过滤掉 50 条非近期新闻
2026-09-25 13:01:01 [INFO]   ⏭ Crypto Twitter: 过滤掉 39 条非近期新闻
2026-09-25 13:01:15 [DEBUG] 请求失败 https://rsshub.rssforever.com/panewslab/news: 
2026-09-25 13:01:15 [DEBUG] 请求失败 https://rsshub.rssforever.com/jinse/lives: 
2026-09-25 13:01:15 [DEBUG] 请求失败 https://rsshub.rssforever.com/bloomberg/crypto: 
2026-09-25 13:01:16 [INFO]   ⏭ PANews: 过滤掉 50 条非近期新闻
2026-09-25 13:01:16 [INFO]   ✓ CoinDesk: 2 条
2026-09-25 13:01:16 [INFO]   ✓ The Block: 0 条
2026-09-25 13:01:16 [INFO]   ✓ Decrypt: 2 条
2026-09-25 13:01:16 [INFO]   ✓ CoinTelegraph: 3 条
2026-09-25 13:01:16 [INFO]   ✓ Bitcoin Magazine: 0 条
2026-09-25 13:01:16 [INFO]   ✓ Blockworks: 0 条
2026-09-25 13:01:16 [INFO]   ✓ DL News: 0 条
2026-09-25 13:01:16 [INFO]   ✓ 金色财经: 0 条
2026-09-25 13:01:16 [INFO]   ✓ PANews: 0 条
2026-09-25 13:01:16 [INFO]   ✓ 律动BlockBeats: 20 条
2026-09-25 13:01:16 [INFO]   ✓ 吴说区块链: 0 条
2026-09-25 13:01:16 [INFO]   ✓ Bloomberg Crypto: 0 条
2026-09-25 13:01:16 [INFO]   ✓ Reuters Crypto: 0 条
2026-09-25 13:01:16 [INFO]   ✓ CNBC Crypto: 2 条
2026-09-25 13:01:16 [INFO]   ✓ Reddit r/cryptocurrency: 0 条
2026-09-25 13:01:16 [INFO]   ✓ Reddit r/bitcoin: 4 条
2026-09-25 13:01:16 [INFO]   ✓ Crypto Twitter: 11 条
2026-09-25 13:01:16 [INFO]   ✓ 宏观经济: 0 条
2026-09-25 13:01:16 [INFO]   ✓ Binance公告: 20 条
2026-09-25 13:01:16 [INFO]   ✓ OKX公告: 0 条
2026-09-25 13:01:16 [INFO]   ✓ Bitget公告: 0 条
2026-09-25 13:01:16 [INFO]   ✓ Whale Alert: 0 条
2026-09-25 13:01:16 [INFO]   ✓ Fear & Greed Index: 1 条
2026-09-25 13:01:16 [INFO]   ✓ DeFi Llama: 0 条
2026-09-25 13:01:16 [INFO]   ✓ 雪球加密: 1 条
2026-09-25 13:01:16 [INFO] 📊 共抓取 66 条新闻
2026-09-25 13:01:16 [INFO] 📋 原始新闻已保存: reports/2026-09-25-21-raw.json (66 条)
2026-09-25 13:01:16 [INFO] 📋 标题摘要已保存: reports/2026-09-25-21-raw-titles.md
2026-09-25 13:01:16 [INFO] ✅ 抓取完成，共 66 条，已保存到 reports/2026-09-25-21-raw.json
2026-09-25 13:01:17 [INFO] 🤖 开始 AI 筛选 2026-09-25 21:00 币圈消息
2026-09-25 13:01:17 [INFO] 📋 已加载原始新闻: reports/2026-09-25-21-raw.json (66 条)
2026-09-25 13:01:17 [INFO] 📚 已加载历史新闻标题（22759 字符）
2026-09-25 13:01:17 [INFO] 📚 已加载历史筛选标题 0 条、URL 0 个，用于去重
2026-09-25 13:01:17 [INFO] 🔄 尝试 AI 提供商: deepseek
2026-09-25 13:01:17 [INFO] 🤖 使用 AI 提供商: deepseek (模型: deepseek-v4-flash)
2026-09-25 13:01:17 [INFO] 🤖 AI 筛选 [[deepseek] 1/6 策略=仅标题+链接 retry=0]（66 条，13958 字符，temp=0.3）
2026-09-25 13:01:17 [ERROR] AI 调用异常 ([deepseek] 1/6 策略=仅标题+链接 retry=0): Error code: 401 - {'error': {'message': 'Authentication Fails, Your api key: ****df0d is invalid (request_id: db6964f1-c5db-4a27-903f-8d2ce4b268dd)', 'type': 'authentication_error', 'param': None, 'code': 'invalid_request_error'}}
2026-09-25 13:01:17 [WARNING] [[deepseek] 1/6 策略=仅标题+链接 retry=0] AI 调用失败或解析失败，继续下一次尝试
2026-09-25 13:01:17 [INFO] 🤖 AI 筛选 [[deepseek] 2/6 策略=仅标题+链接 retry=1]（66 条，13958 字符，temp=0.3）
2026-09-25 13:01:18 [ERROR] AI 调用异常 ([deepseek] 2/6 策略=仅标题+链接 retry=1): Error code: 401 - {'error': {'message': 'Authentication Fails, Your api key: ****df0d is invalid (request_id: 1d3bcec1-c099-48e9-8401-669ac253ba3f)', 'type': 'authentication_error', 'param': None, 'code': 'invalid_request_error'}}
2026-09-25 13:01:18 [WARNING] [[deepseek] 2/6 策略=仅标题+链接 retry=1] AI 调用失败或解析失败，继续下一次尝试
2026-09-25 13:01:18 [INFO] 🤖 AI 筛选 [[deepseek] 3/6 策略=仅标题+链接 retry=2]（66 条，13958 字符，temp=0.3）
2026-09-25 13:01:18 [ERROR] AI 调用异常 ([deepseek] 3/6 策略=仅标题+链接 retry=2): Error code: 401 - {'error': {'message': 'Authentication Fails, Your api key: ****df0d is invalid (request_id: c90cbf6d-7389-4288-9e5b-fe27d7db9378)', 'type': 'authentication_error', 'param': None, 'code': 'invalid_request_error'}}
2026-09-25 13:01:18 [WARNING] [[deepseek] 3/6 策略=仅标题+链接 retry=2] AI 调用失败或解析失败，继续下一次尝试
2026-09-25 13:01:18 [INFO] 🤖 AI 筛选 [[deepseek] 4/6 策略=完整内容 retry=0]（66 条，21912 字符，temp=0.3）
2026-09-25 13:01:19 [ERROR] AI 调用异常 ([deepseek] 4/6 策略=完整内容 retry=0): Error code: 401 - {'error': {'message': 'Authentication Fails, Your api key: ****df0d is invalid (request_id: 52ca8685-0d47-44c2-be10-df0b6b2402c2)', 'type': 'authentication_error', 'param': None, 'code': 'invalid_request_error'}}
2026-09-25 13:01:19 [WARNING] [[deepseek] 4/6 策略=完整内容 retry=0] AI 调用失败或解析失败，继续下一次尝试
2026-09-25 13:01:19 [INFO] 🤖 AI 筛选 [[deepseek] 5/6 策略=完整内容 retry=1]（66 条，21912 字符，temp=0.3）
2026-09-25 13:01:19 [ERROR] AI 调用异常 ([deepseek] 5/6 策略=完整内容 retry=1): Error code: 401 - {'error': {'message': 'Authentication Fails, Your api key: ****df0d is invalid (request_id: a4ef70c7-b6e9-43cc-a0a8-5d69267802c6)', 'type': 'authentication_error', 'param': None, 'code': 'invalid_request_error'}}
2026-09-25 13:01:19 [WARNING] [[deepseek] 5/6 策略=完整内容 retry=1] AI 调用失败或解析失败，继续下一次尝试
2026-09-25 13:01:19 [INFO] 🤖 AI 筛选 [[deepseek] 6/6 策略=仅标题（无历史） retry=0]（66 条，13958 字符，temp=0.3）
2026-09-25 13:01:20 [ERROR] AI 调用异常 ([deepseek] 6/6 策略=仅标题（无历史） retry=0): Error code: 401 - {'error': {'message': 'Authentication Fails, Your api key: ****df0d is invalid (request_id: eaa5133c-a8f0-43f8-883c-c45b1aa734b0)', 'type': 'authentication_error', 'param': None, 'code': 'invalid_request_error'}}
2026-09-25 13:01:20 [WARNING] [[deepseek] 6/6 策略=仅标题（无历史） retry=0] AI 调用失败或解析失败，继续下一次尝试
2026-09-25 13:01:20 [WARNING] [deepseek] 已达最大尝试次数 6，停止
2026-09-25 13:01:20 [INFO] ⚠️ deepseek 未能产出满意结果，尝试下一个提供商
2026-09-25 13:01:20 [INFO] 🔄 尝试 AI 提供商: zhipu
2026-09-25 13:01:20 [ERROR] 未设置环境变量 ZHIPU_API_KEY，无法使用 zhipu
2026-09-25 13:01:20 [INFO] ⚠️ zhipu 未能产出满意结果，尝试下一个提供商
2026-09-25 13:01:20 [INFO] 🔄 尝试 AI 提供商: kimi
2026-09-25 13:01:20 [ERROR] 未设置环境变量 KIMI_API_KEY，无法使用 kimi
2026-09-25 13:01:20 [INFO] ⚠️ kimi 未能产出满意结果，尝试下一个提供商
2026-09-25 13:01:20 [INFO] 🔄 尝试 AI 提供商: huoshan
2026-09-25 13:01:20 [ERROR] 未设置环境变量 HUOSHAN_API_KEY，无法使用 huoshan
2026-09-25 13:01:20 [INFO] ⚠️ huoshan 未能产出满意结果，尝试下一个提供商
2026-09-25 13:01:20 [ERROR] ❌ 所有提供商均失败，返回空列表
2026-09-25 13:01:20 [INFO] 📦 JSON 已保存: reports/2026-09-25-21.json
2026-09-25 13:01:20 [INFO] ✅ AI 筛选完成，共 0 条交易相关消息
2026-09-25 14:00:59 [INFO] 🚀 开始抓取 2026-09-25 22:00 币圈新闻
2026-09-25 14:00:59 [INFO] 📡 抓取 RSS 新闻源...
2026-09-25 14:00:59 [INFO] 📡 抓取交易所公告 & 链上数据...
2026-09-25 14:00:59 [INFO]   ⏭ CoinTelegraph: 过滤掉 26 条非近期新闻
2026-09-25 14:00:59 [INFO]   ⏭ Decrypt: 过滤掉 30 条非近期新闻
2026-09-25 14:00:59 [INFO]   ⏭ The Block: 过滤掉 17 条非近期新闻
2026-09-25 14:00:59 [INFO]   ⏭ Bloomberg Crypto: 过滤掉 50 条非近期新闻
2026-09-25 14:00:59 [INFO]   ⏭ Reuters Crypto: 过滤掉 50 条非近期新闻
2026-09-25 14:00:59 [WARNING] 解析失败 Bitget公告: 'NoneType' object is not subscriptable
2026-09-25 14:00:59 [INFO]   ⏭ Bitcoin Magazine: 过滤掉 9 条非近期新闻
2026-09-25 14:01:00 [INFO]   ⏭ Reddit r/bitcoin: 过滤掉 21 条非近期新闻
2026-09-25 14:01:00 [INFO]   ⏭ CNBC Crypto: 过滤掉 48 条非近期新闻
2026-09-25 14:01:00 [INFO]   ⏭ CoinDesk: 过滤掉 25 条非近期新闻
2026-09-25 14:01:00 [INFO]   ⏭ 律动BlockBeats: 过滤掉 1 条非近期新闻
2026-09-25 14:01:00 [INFO]   ⏭ Blockworks: 过滤掉 50 条非近期新闻
2026-09-25 14:01:00 [INFO]   ⏭ DL News: 过滤掉 50 条非近期新闻
2026-09-25 14:01:00 [INFO]   ⏭ 雪球加密: 过滤掉 50 条非近期新闻
2026-09-25 14:01:00 [INFO]   ⏭ DeFi Llama: 过滤掉 50 条非近期新闻
2026-09-25 14:01:00 [INFO]   ⏭ Blockworks: 过滤掉 1 条非近期新闻
2026-09-25 14:01:00 [INFO]   ⏭ 吴说区块链: 过滤掉 50 条非近期新闻
2026-09-25 14:01:01 [INFO]   ⏭ Crypto Twitter: 过滤掉 43 条非近期新闻
2026-09-25 14:01:01 [INFO]   ⏭ CoinDesk: 过滤掉 50 条非近期新闻
2026-09-25 14:01:03 [INFO]   ⏭ 宏观经济: 过滤掉 50 条非近期新闻
2026-09-25 14:01:14 [DEBUG] 请求失败 https://rsshub.rssforever.com/panewslab/news: 
2026-09-25 14:01:15 [DEBUG] 请求失败 https://rsshub.rssforever.com/jinse/lives: 
2026-09-25 14:01:15 [DEBUG] 请求失败 https://rsshub.rssforever.com/bloomberg/crypto: 
2026-09-25 14:01:15 [INFO]   ⏭ PANews: 过滤掉 50 条非近期新闻
2026-09-25 14:01:15 [INFO]   ✓ CoinDesk: 0 条
2026-09-25 14:01:15 [INFO]   ✓ The Block: 2 条
2026-09-25 14:01:15 [INFO]   ✓ Decrypt: 4 条
2026-09-25 14:01:15 [INFO]   ✓ CoinTelegraph: 4 条
2026-09-25 14:01:15 [INFO]   ✓ Bitcoin Magazine: 1 条
2026-09-25 14:01:15 [INFO]   ✓ Blockworks: 0 条
2026-09-25 14:01:15 [INFO]   ✓ DL News: 0 条
2026-09-25 14:01:15 [INFO]   ✓ 金色财经: 0 条
2026-09-25 14:01:15 [INFO]   ✓ PANews: 0 条
2026-09-25 14:01:15 [INFO]   ✓ 律动BlockBeats: 19 条
2026-09-25 14:01:15 [INFO]   ✓ 吴说区块链: 0 条
2026-09-25 14:01:15 [INFO]   ✓ Bloomberg Crypto: 0 条
2026-09-25 14:01:15 [INFO]   ✓ Reuters Crypto: 0 条
2026-09-25 14:01:15 [INFO]   ✓ CNBC Crypto: 2 条
2026-09-25 14:01:15 [INFO]   ✓ Reddit r/cryptocurrency: 0 条
2026-09-25 14:01:15 [INFO]   ✓ Reddit r/bitcoin: 4 条
2026-09-25 14:01:15 [INFO]   ✓ Crypto Twitter: 7 条
2026-09-25 14:01:15 [INFO]   ✓ 宏观经济: 0 条
2026-09-25 14:01:15 [INFO]   ✓ Binance公告: 20 条
2026-09-25 14:01:15 [INFO]   ✓ OKX公告: 0 条
2026-09-25 14:01:15 [INFO]   ✓ Bitget公告: 0 条
2026-09-25 14:01:15 [INFO]   ✓ Whale Alert: 0 条
2026-09-25 14:01:15 [INFO]   ✓ Fear & Greed Index: 1 条
2026-09-25 14:01:15 [INFO]   ✓ DeFi Llama: 0 条
2026-09-25 14:01:15 [INFO]   ✓ 雪球加密: 0 条
2026-09-25 14:01:15 [INFO] 📊 共抓取 64 条新闻
2026-09-25 14:01:15 [INFO] 📋 原始新闻已保存: reports/2026-09-25-22-raw.json (64 条)
2026-09-25 14:01:15 [INFO] 📋 标题摘要已保存: reports/2026-09-25-22-raw-titles.md
2026-09-25 14:01:15 [INFO] ✅ 抓取完成，共 64 条，已保存到 reports/2026-09-25-22-raw.json
2026-09-25 14:01:16 [INFO] 🤖 开始 AI 筛选 2026-09-25 22:00 币圈消息
2026-09-25 14:01:16 [INFO] 📋 已加载原始新闻: reports/2026-09-25-22-raw.json (64 条)
2026-09-25 14:01:16 [INFO] 📚 已加载历史新闻标题（23740 字符）
2026-09-25 14:01:16 [INFO] 📚 已加载历史筛选标题 0 条、URL 0 个，用于去重
2026-09-25 14:01:16 [INFO] 🔄 尝试 AI 提供商: deepseek
2026-09-25 14:01:16 [INFO] 🤖 使用 AI 提供商: deepseek (模型: deepseek-v4-flash)
2026-09-25 14:01:16 [INFO] 🤖 AI 筛选 [[deepseek] 1/6 策略=仅标题+链接 retry=0]（64 条，12441 字符，temp=0.3）
2026-09-25 14:01:17 [ERROR] AI 调用异常 ([deepseek] 1/6 策略=仅标题+链接 retry=0): Error code: 401 - {'error': {'message': 'Authentication Fails, Your api key: ****df0d is invalid (request_id: e3066aac-e318-49ae-80b5-5514ef62c444)', 'type': 'authentication_error', 'param': None, 'code': 'invalid_request_error'}}
2026-09-25 14:01:17 [WARNING] [[deepseek] 1/6 策略=仅标题+链接 retry=0] AI 调用失败或解析失败，继续下一次尝试
2026-09-25 14:01:17 [INFO] 🤖 AI 筛选 [[deepseek] 2/6 策略=仅标题+链接 retry=1]（64 条，12441 字符，temp=0.3）
2026-09-25 14:01:17 [ERROR] AI 调用异常 ([deepseek] 2/6 策略=仅标题+链接 retry=1): Error code: 401 - {'error': {'message': 'Authentication Fails, Your api key: ****df0d is invalid (request_id: c8ee958e-4018-4fc0-a7be-ed72fc1b7aea)', 'type': 'authentication_error', 'param': None, 'code': 'invalid_request_error'}}
2026-09-25 14:01:17 [WARNING] [[deepseek] 2/6 策略=仅标题+链接 retry=1] AI 调用失败或解析失败，继续下一次尝试
2026-09-25 14:01:17 [INFO] 🤖 AI 筛选 [[deepseek] 3/6 策略=仅标题+链接 retry=2]（64 条，12441 字符，temp=0.3）
2026-09-25 14:01:18 [ERROR] AI 调用异常 ([deepseek] 3/6 策略=仅标题+链接 retry=2): Error code: 401 - {'error': {'message': 'Authentication Fails, Your api key: ****df0d is invalid (request_id: ce5646b5-b63e-4392-b875-210b57e21e86)', 'type': 'authentication_error', 'param': None, 'code': 'invalid_request_error'}}
2026-09-25 14:01:18 [WARNING] [[deepseek] 3/6 策略=仅标题+链接 retry=2] AI 调用失败或解析失败，继续下一次尝试
2026-09-25 14:01:18 [INFO] 🤖 AI 筛选 [[deepseek] 4/6 策略=完整内容 retry=0]（64 条，20539 字符，temp=0.3）
2026-09-25 14:01:18 [ERROR] AI 调用异常 ([deepseek] 4/6 策略=完整内容 retry=0): Error code: 401 - {'error': {'message': 'Authentication Fails, Your api key: ****df0d is invalid (request_id: cdc29912-7420-47a2-b5fd-526a10db9b4a)', 'type': 'authentication_error', 'param': None, 'code': 'invalid_request_error'}}
2026-09-25 14:01:18 [WARNING] [[deepseek] 4/6 策略=完整内容 retry=0] AI 调用失败或解析失败，继续下一次尝试
2026-09-25 14:01:18 [INFO] 🤖 AI 筛选 [[deepseek] 5/6 策略=完整内容 retry=1]（64 条，20539 字符，temp=0.3）
2026-09-25 14:01:19 [ERROR] AI 调用异常 ([deepseek] 5/6 策略=完整内容 retry=1): Error code: 401 - {'error': {'message': 'Authentication Fails, Your api key: ****df0d is invalid (request_id: 90131bc4-1560-4114-9e3d-fd42f37bec23)', 'type': 'authentication_error', 'param': None, 'code': 'invalid_request_error'}}
2026-09-25 14:01:19 [WARNING] [[deepseek] 5/6 策略=完整内容 retry=1] AI 调用失败或解析失败，继续下一次尝试
2026-09-25 14:01:19 [INFO] 🤖 AI 筛选 [[deepseek] 6/6 策略=仅标题（无历史） retry=0]（64 条，12441 字符，temp=0.3）
2026-09-25 14:01:19 [ERROR] AI 调用异常 ([deepseek] 6/6 策略=仅标题（无历史） retry=0): Error code: 401 - {'error': {'message': 'Authentication Fails, Your api key: ****df0d is invalid (request_id: d3c6e3a2-a40d-4233-b887-9873a9284368)', 'type': 'authentication_error', 'param': None, 'code': 'invalid_request_error'}}
2026-09-25 14:01:19 [WARNING] [[deepseek] 6/6 策略=仅标题（无历史） retry=0] AI 调用失败或解析失败，继续下一次尝试
2026-09-25 14:01:19 [WARNING] [deepseek] 已达最大尝试次数 6，停止
2026-09-25 14:01:19 [INFO] ⚠️ deepseek 未能产出满意结果，尝试下一个提供商
2026-09-25 14:01:19 [INFO] 🔄 尝试 AI 提供商: zhipu
2026-09-25 14:01:19 [ERROR] 未设置环境变量 ZHIPU_API_KEY，无法使用 zhipu
2026-09-25 14:01:19 [INFO] ⚠️ zhipu 未能产出满意结果，尝试下一个提供商
2026-09-25 14:01:19 [INFO] 🔄 尝试 AI 提供商: kimi
2026-09-25 14:01:19 [ERROR] 未设置环境变量 KIMI_API_KEY，无法使用 kimi
2026-09-25 14:01:19 [INFO] ⚠️ kimi 未能产出满意结果，尝试下一个提供商
2026-09-25 14:01:19 [INFO] 🔄 尝试 AI 提供商: huoshan
2026-09-25 14:01:19 [ERROR] 未设置环境变量 HUOSHAN_API_KEY，无法使用 huoshan
2026-09-25 14:01:19 [INFO] ⚠️ huoshan 未能产出满意结果，尝试下一个提供商
2026-09-25 14:01:19 [ERROR] ❌ 所有提供商均失败，返回空列表
2026-09-25 14:01:19 [INFO] 📦 JSON 已保存: reports/2026-09-25-22.json
2026-09-25 14:01:19 [INFO] ✅ AI 筛选完成，共 0 条交易相关消息
