2026-08-02 16:01:04 [INFO] 🚀 开始抓取 2026-08-03 00:00 币圈新闻
2026-08-02 16:01:04 [INFO] 📡 抓取 RSS 新闻源...
2026-08-02 16:01:04 [INFO] 📡 抓取交易所公告 & 链上数据...
2026-08-02 16:01:04 [INFO]   ⏭ The Block: 过滤掉 19 条非近期新闻
2026-08-02 16:01:04 [INFO]   ⏭ Decrypt: 过滤掉 37 条非近期新闻
2026-08-02 16:01:04 [INFO]   ⏭ CoinTelegraph: 过滤掉 29 条非近期新闻
2026-08-02 16:01:04 [INFO]   ⏭ Blockworks: 过滤掉 50 条非近期新闻
2026-08-02 16:01:04 [INFO]   ⏭ 律动BlockBeats: 过滤掉 15 条非近期新闻
2026-08-02 16:01:04 [INFO]   ⏭ CoinDesk: 过滤掉 24 条非近期新闻
2026-08-02 16:01:04 [INFO]   ⏭ 宏观经济: 过滤掉 49 条非近期新闻
2026-08-02 16:01:04 [INFO]   ⏭ Reuters Crypto: 过滤掉 50 条非近期新闻
2026-08-02 16:01:04 [WARNING] 解析失败 Bitget公告: 'NoneType' object is not subscriptable
2026-08-02 16:01:04 [INFO]   ⏭ Bitcoin Magazine: 过滤掉 10 条非近期新闻
2026-08-02 16:01:04 [INFO]   ⏭ CNBC Crypto: 过滤掉 50 条非近期新闻
2026-08-02 16:01:05 [INFO]   ⏭ Bloomberg Crypto: 过滤掉 50 条非近期新闻
2026-08-02 16:01:05 [INFO]   ⏭ Reddit r/bitcoin: 过滤掉 23 条非近期新闻
2026-08-02 16:01:05 [INFO]   ⏭ 雪球加密: 过滤掉 50 条非近期新闻
2026-08-02 16:01:05 [INFO]   ⏭ Blockworks: 过滤掉 3 条非近期新闻
2026-08-02 16:01:05 [INFO]   ⏭ DL News: 过滤掉 50 条非近期新闻
2026-08-02 16:01:05 [INFO]   ⏭ DeFi Llama: 过滤掉 50 条非近期新闻
2026-08-02 16:01:05 [INFO]   ⏭ 吴说区块链: 过滤掉 44 条非近期新闻
2026-08-02 16:01:05 [INFO]   ⏭ Bitcoin Magazine: 过滤掉 50 条非近期新闻
2026-08-02 16:01:05 [INFO]   ⏭ Crypto Twitter: 过滤掉 49 条非近期新闻
2026-08-02 16:01:18 [INFO]   ⏭ PANews: 过滤掉 50 条非近期新闻
2026-08-02 16:01:19 [DEBUG] 请求失败 https://rsshub.rssforever.com/jinse/lives: 
2026-08-02 16:01:19 [INFO]   ✓ CoinDesk: 1 条
2026-08-02 16:01:19 [INFO]   ✓ The Block: 1 条
2026-08-02 16:01:19 [INFO]   ✓ Decrypt: 1 条
2026-08-02 16:01:19 [INFO]   ✓ CoinTelegraph: 1 条
2026-08-02 16:01:19 [INFO]   ✓ Bitcoin Magazine: 0 条
2026-08-02 16:01:19 [INFO]   ✓ Blockworks: 0 条
2026-08-02 16:01:19 [INFO]   ✓ DL News: 0 条
2026-08-02 16:01:19 [INFO]   ✓ 金色财经: 0 条
2026-08-02 16:01:19 [INFO]   ✓ PANews: 0 条
2026-08-02 16:01:19 [INFO]   ✓ 律动BlockBeats: 5 条
2026-08-02 16:01:19 [INFO]   ✓ 吴说区块链: 0 条
2026-08-02 16:01:19 [INFO]   ✓ Bloomberg Crypto: 0 条
2026-08-02 16:01:19 [INFO]   ✓ Reuters Crypto: 0 条
2026-08-02 16:01:19 [INFO]   ✓ CNBC Crypto: 0 条
2026-08-02 16:01:19 [INFO]   ✓ Reddit r/cryptocurrency: 0 条
2026-08-02 16:01:19 [INFO]   ✓ Reddit r/bitcoin: 2 条
2026-08-02 16:01:19 [INFO]   ✓ Crypto Twitter: 1 条
2026-08-02 16:01:19 [INFO]   ✓ 宏观经济: 1 条
2026-08-02 16:01:19 [INFO]   ✓ Binance公告: 20 条
2026-08-02 16:01:19 [INFO]   ✓ OKX公告: 0 条
2026-08-02 16:01:19 [INFO]   ✓ Bitget公告: 0 条
2026-08-02 16:01:19 [INFO]   ✓ Whale Alert: 0 条
2026-08-02 16:01:19 [INFO]   ✓ Fear & Greed Index: 1 条
2026-08-02 16:01:19 [INFO]   ✓ DeFi Llama: 0 条
2026-08-02 16:01:19 [INFO]   ✓ 雪球加密: 0 条
2026-08-02 16:01:19 [INFO] 📊 共抓取 34 条新闻
2026-08-02 16:01:19 [INFO] 📋 原始新闻已保存: reports/2026-08-03-00-raw.json (34 条)
2026-08-02 16:01:19 [INFO] 📋 标题摘要已保存: reports/2026-08-03-00-raw-titles.md
2026-08-02 16:01:19 [INFO] ✅ 抓取完成，共 34 条，已保存到 reports/2026-08-03-00-raw.json
2026-08-02 16:01:20 [INFO] 🤖 开始 AI 筛选 2026-08-03 00:00 币圈消息
2026-08-02 16:01:20 [INFO] 📋 已加载原始新闻: reports/2026-08-03-00-raw.json (34 条)
2026-08-02 16:01:20 [INFO] 📚 已加载历史新闻标题（17590 字符）
2026-08-02 16:01:20 [INFO] 📚 已加载历史筛选标题 0 条、URL 0 个，用于去重
2026-08-02 16:01:20 [INFO] 🔄 尝试 AI 提供商: deepseek
2026-08-02 16:01:20 [INFO] 🤖 使用 AI 提供商: deepseek (模型: deepseek-v4-flash)
2026-08-02 16:01:20 [INFO] 🤖 AI 筛选 [[deepseek] 1/6 策略=仅标题+链接 retry=0]（34 条，6519 字符，temp=0.3）
2026-08-02 16:01:21 [ERROR] AI 调用异常 ([deepseek] 1/6 策略=仅标题+链接 retry=0): Error code: 401 - {'error': {'message': 'Authentication Fails, Your api key: ****df0d is invalid', 'type': 'authentication_error', 'param': None, 'code': 'invalid_request_error'}}
2026-08-02 16:01:21 [WARNING] [[deepseek] 1/6 策略=仅标题+链接 retry=0] AI 调用失败或解析失败，继续下一次尝试
2026-08-02 16:01:21 [INFO] 🤖 AI 筛选 [[deepseek] 2/6 策略=仅标题+链接 retry=1]（34 条，6519 字符，temp=0.3）
2026-08-02 16:01:21 [ERROR] AI 调用异常 ([deepseek] 2/6 策略=仅标题+链接 retry=1): Error code: 401 - {'error': {'message': 'Authentication Fails, Your api key: ****df0d is invalid', 'type': 'authentication_error', 'param': None, 'code': 'invalid_request_error'}}
2026-08-02 16:01:21 [WARNING] [[deepseek] 2/6 策略=仅标题+链接 retry=1] AI 调用失败或解析失败，继续下一次尝试
2026-08-02 16:01:21 [INFO] 🤖 AI 筛选 [[deepseek] 3/6 策略=仅标题+链接 retry=2]（34 条，6519 字符，temp=0.3）
2026-08-02 16:01:21 [ERROR] AI 调用异常 ([deepseek] 3/6 策略=仅标题+链接 retry=2): Error code: 401 - {'error': {'message': 'Authentication Fails, Your api key: ****df0d is invalid', 'type': 'authentication_error', 'param': None, 'code': 'invalid_request_error'}}
2026-08-02 16:01:21 [WARNING] [[deepseek] 3/6 策略=仅标题+链接 retry=2] AI 调用失败或解析失败，继续下一次尝试
2026-08-02 16:01:21 [INFO] 🤖 AI 筛选 [[deepseek] 4/6 策略=完整内容 retry=0]（34 条，10279 字符，temp=0.3）
2026-08-02 16:01:22 [ERROR] AI 调用异常 ([deepseek] 4/6 策略=完整内容 retry=0): Error code: 401 - {'error': {'message': 'Authentication Fails, Your api key: ****df0d is invalid', 'type': 'authentication_error', 'param': None, 'code': 'invalid_request_error'}}
2026-08-02 16:01:22 [WARNING] [[deepseek] 4/6 策略=完整内容 retry=0] AI 调用失败或解析失败，继续下一次尝试
2026-08-02 16:01:22 [INFO] 🤖 AI 筛选 [[deepseek] 5/6 策略=完整内容 retry=1]（34 条，10279 字符，temp=0.3）
2026-08-02 16:01:22 [ERROR] AI 调用异常 ([deepseek] 5/6 策略=完整内容 retry=1): Error code: 401 - {'error': {'message': 'Authentication Fails, Your api key: ****df0d is invalid', 'type': 'authentication_error', 'param': None, 'code': 'invalid_request_error'}}
2026-08-02 16:01:22 [WARNING] [[deepseek] 5/6 策略=完整内容 retry=1] AI 调用失败或解析失败，继续下一次尝试
2026-08-02 16:01:22 [INFO] 🤖 AI 筛选 [[deepseek] 6/6 策略=仅标题（无历史） retry=0]（34 条，6519 字符，temp=0.3）
2026-08-02 16:01:22 [ERROR] AI 调用异常 ([deepseek] 6/6 策略=仅标题（无历史） retry=0): Error code: 401 - {'error': {'message': 'Authentication Fails, Your api key: ****df0d is invalid', 'type': 'authentication_error', 'param': None, 'code': 'invalid_request_error'}}
2026-08-02 16:01:22 [WARNING] [[deepseek] 6/6 策略=仅标题（无历史） retry=0] AI 调用失败或解析失败，继续下一次尝试
2026-08-02 16:01:22 [WARNING] [deepseek] 已达最大尝试次数 6，停止
2026-08-02 16:01:22 [INFO] ⚠️ deepseek 未能产出满意结果，尝试下一个提供商
2026-08-02 16:01:22 [INFO] 🔄 尝试 AI 提供商: zhipu
2026-08-02 16:01:22 [ERROR] 未设置环境变量 ZHIPU_API_KEY，无法使用 zhipu
2026-08-02 16:01:22 [INFO] ⚠️ zhipu 未能产出满意结果，尝试下一个提供商
2026-08-02 16:01:22 [INFO] 🔄 尝试 AI 提供商: kimi
2026-08-02 16:01:22 [ERROR] 未设置环境变量 KIMI_API_KEY，无法使用 kimi
2026-08-02 16:01:22 [INFO] ⚠️ kimi 未能产出满意结果，尝试下一个提供商
2026-08-02 16:01:22 [INFO] 🔄 尝试 AI 提供商: huoshan
2026-08-02 16:01:22 [ERROR] 未设置环境变量 HUOSHAN_API_KEY，无法使用 huoshan
2026-08-02 16:01:22 [INFO] ⚠️ huoshan 未能产出满意结果，尝试下一个提供商
2026-08-02 16:01:22 [ERROR] ❌ 所有提供商均失败，返回空列表
2026-08-02 16:01:22 [INFO] 📦 JSON 已保存: reports/2026-08-03-00.json
2026-08-02 16:01:22 [INFO] ✅ AI 筛选完成，共 0 条交易相关消息
2026-08-02 17:00:55 [INFO] 🚀 开始抓取 2026-08-03 01:00 币圈新闻
2026-08-02 17:00:55 [INFO] 📡 抓取 RSS 新闻源...
2026-08-02 17:00:55 [INFO] 📡 抓取交易所公告 & 链上数据...
2026-08-02 17:00:55 [INFO]   ⏭ Decrypt: 过滤掉 49 条非近期新闻
2026-08-02 17:00:55 [INFO]   ⏭ The Block: 过滤掉 19 条非近期新闻
2026-08-02 17:00:55 [INFO]   ⏭ CoinTelegraph: 过滤掉 29 条非近期新闻
2026-08-02 17:00:55 [INFO]   ⏭ Bitcoin Magazine: 过滤掉 10 条非近期新闻
2026-08-02 17:00:55 [INFO]   ⏭ CoinDesk: 过滤掉 23 条非近期新闻
2026-08-02 17:00:55 [INFO]   ⏭ Reuters Crypto: 过滤掉 50 条非近期新闻
2026-08-02 17:00:55 [INFO]   ⏭ Blockworks: 过滤掉 50 条非近期新闻
2026-08-02 17:00:55 [WARNING] 解析失败 Bitget公告: 'NoneType' object is not subscriptable
2026-08-02 17:00:55 [INFO]   ⏭ Bloomberg Crypto: 过滤掉 50 条非近期新闻
2026-08-02 17:00:55 [INFO]   ⏭ 宏观经济: 过滤掉 49 条非近期新闻
2026-08-02 17:00:55 [INFO]   ⏭ Reddit r/bitcoin: 过滤掉 24 条非近期新闻
2026-08-02 17:00:55 [INFO]   ⏭ CNBC Crypto: 过滤掉 49 条非近期新闻
2026-08-02 17:00:56 [INFO]   ⏭ DL News: 过滤掉 50 条非近期新闻
2026-08-02 17:00:56 [INFO]   ⏭ Blockworks: 过滤掉 3 条非近期新闻
2026-08-02 17:00:56 [INFO]   ⏭ Bitcoin Magazine: 过滤掉 50 条非近期新闻
2026-08-02 17:00:56 [INFO]   ⏭ 雪球加密: 过滤掉 50 条非近期新闻
2026-08-02 17:00:56 [INFO]   ⏭ DeFi Llama: 过滤掉 50 条非近期新闻
2026-08-02 17:00:56 [INFO]   ⏭ 吴说区块链: 过滤掉 44 条非近期新闻
2026-08-02 17:00:56 [INFO]   ⏭ Crypto Twitter: 过滤掉 48 条非近期新闻
2026-08-02 17:00:58 [INFO]   ⏭ 律动BlockBeats: 过滤掉 16 条非近期新闻
2026-08-02 17:00:58 [INFO]   ⏭ PANews: 过滤掉 50 条非近期新闻
2026-08-02 17:01:06 [INFO]   ✓ CoinDesk: 2 条
2026-08-02 17:01:06 [INFO]   ✓ The Block: 1 条
2026-08-02 17:01:06 [INFO]   ✓ Decrypt: 1 条
2026-08-02 17:01:06 [INFO]   ✓ CoinTelegraph: 1 条
2026-08-02 17:01:06 [INFO]   ✓ Bitcoin Magazine: 0 条
2026-08-02 17:01:06 [INFO]   ✓ Blockworks: 0 条
2026-08-02 17:01:06 [INFO]   ✓ DL News: 0 条
2026-08-02 17:01:06 [INFO]   ✓ 金色财经: 3 条
2026-08-02 17:01:06 [INFO]   ✓ PANews: 0 条
2026-08-02 17:01:06 [INFO]   ✓ 律动BlockBeats: 4 条
2026-08-02 17:01:06 [INFO]   ✓ 吴说区块链: 0 条
2026-08-02 17:01:06 [INFO]   ✓ Bloomberg Crypto: 0 条
2026-08-02 17:01:06 [INFO]   ✓ Reuters Crypto: 0 条
2026-08-02 17:01:06 [INFO]   ✓ CNBC Crypto: 1 条
2026-08-02 17:01:06 [INFO]   ✓ Reddit r/cryptocurrency: 0 条
2026-08-02 17:01:06 [INFO]   ✓ Reddit r/bitcoin: 1 条
2026-08-02 17:01:06 [INFO]   ✓ Crypto Twitter: 2 条
2026-08-02 17:01:06 [INFO]   ✓ 宏观经济: 1 条
2026-08-02 17:01:06 [INFO]   ✓ Binance公告: 20 条
2026-08-02 17:01:06 [INFO]   ✓ OKX公告: 0 条
2026-08-02 17:01:06 [INFO]   ✓ Bitget公告: 0 条
2026-08-02 17:01:06 [INFO]   ✓ Whale Alert: 0 条
2026-08-02 17:01:06 [INFO]   ✓ Fear & Greed Index: 1 条
2026-08-02 17:01:06 [INFO]   ✓ DeFi Llama: 0 条
2026-08-02 17:01:06 [INFO]   ✓ 雪球加密: 0 条
2026-08-02 17:01:06 [INFO] 📊 共抓取 38 条新闻
2026-08-02 17:01:06 [INFO] 📋 原始新闻已保存: reports/2026-08-03-01-raw.json (38 条)
2026-08-02 17:01:06 [INFO] 📋 标题摘要已保存: reports/2026-08-03-01-raw-titles.md
2026-08-02 17:01:06 [INFO] ✅ 抓取完成，共 38 条，已保存到 reports/2026-08-03-01-raw.json
2026-08-02 17:01:06 [INFO] 🤖 开始 AI 筛选 2026-08-03 01:00 币圈消息
2026-08-02 17:01:06 [INFO] 📋 已加载原始新闻: reports/2026-08-03-01-raw.json (38 条)
2026-08-02 17:01:06 [INFO] 📚 已加载历史新闻标题（17702 字符）
2026-08-02 17:01:06 [INFO] 📚 已加载历史筛选标题 0 条、URL 0 个，用于去重
2026-08-02 17:01:06 [INFO] 🔄 尝试 AI 提供商: deepseek
2026-08-02 17:01:06 [INFO] 🤖 使用 AI 提供商: deepseek (模型: deepseek-v4-flash)
2026-08-02 17:01:06 [INFO] 🤖 AI 筛选 [[deepseek] 1/6 策略=仅标题+链接 retry=0]（38 条，7639 字符，temp=0.3）
2026-08-02 17:01:07 [ERROR] AI 调用异常 ([deepseek] 1/6 策略=仅标题+链接 retry=0): Error code: 401 - {'error': {'message': 'Authentication Fails, Your api key: ****df0d is invalid', 'type': 'authentication_error', 'param': None, 'code': 'invalid_request_error'}}
2026-08-02 17:01:07 [WARNING] [[deepseek] 1/6 策略=仅标题+链接 retry=0] AI 调用失败或解析失败，继续下一次尝试
2026-08-02 17:01:07 [INFO] 🤖 AI 筛选 [[deepseek] 2/6 策略=仅标题+链接 retry=1]（38 条，7639 字符，temp=0.3）
2026-08-02 17:01:08 [ERROR] AI 调用异常 ([deepseek] 2/6 策略=仅标题+链接 retry=1): Error code: 401 - {'error': {'message': 'Authentication Fails, Your api key: ****df0d is invalid', 'type': 'authentication_error', 'param': None, 'code': 'invalid_request_error'}}
2026-08-02 17:01:08 [WARNING] [[deepseek] 2/6 策略=仅标题+链接 retry=1] AI 调用失败或解析失败，继续下一次尝试
2026-08-02 17:01:08 [INFO] 🤖 AI 筛选 [[deepseek] 3/6 策略=仅标题+链接 retry=2]（38 条，7639 字符，temp=0.3）
2026-08-02 17:01:08 [ERROR] AI 调用异常 ([deepseek] 3/6 策略=仅标题+链接 retry=2): Error code: 401 - {'error': {'message': 'Authentication Fails, Your api key: ****df0d is invalid', 'type': 'authentication_error', 'param': None, 'code': 'invalid_request_error'}}
2026-08-02 17:01:08 [WARNING] [[deepseek] 3/6 策略=仅标题+链接 retry=2] AI 调用失败或解析失败，继续下一次尝试
2026-08-02 17:01:08 [INFO] 🤖 AI 筛选 [[deepseek] 4/6 策略=完整内容 retry=0]（38 条，11745 字符，temp=0.3）
2026-08-02 17:01:09 [ERROR] AI 调用异常 ([deepseek] 4/6 策略=完整内容 retry=0): Error code: 401 - {'error': {'message': 'Authentication Fails, Your api key: ****df0d is invalid', 'type': 'authentication_error', 'param': None, 'code': 'invalid_request_error'}}
2026-08-02 17:01:09 [WARNING] [[deepseek] 4/6 策略=完整内容 retry=0] AI 调用失败或解析失败，继续下一次尝试
2026-08-02 17:01:09 [INFO] 🤖 AI 筛选 [[deepseek] 5/6 策略=完整内容 retry=1]（38 条，11745 字符，temp=0.3）
2026-08-02 17:01:09 [ERROR] AI 调用异常 ([deepseek] 5/6 策略=完整内容 retry=1): Error code: 401 - {'error': {'message': 'Authentication Fails, Your api key: ****df0d is invalid', 'type': 'authentication_error', 'param': None, 'code': 'invalid_request_error'}}
2026-08-02 17:01:09 [WARNING] [[deepseek] 5/6 策略=完整内容 retry=1] AI 调用失败或解析失败，继续下一次尝试
2026-08-02 17:01:09 [INFO] 🤖 AI 筛选 [[deepseek] 6/6 策略=仅标题（无历史） retry=0]（38 条，7639 字符，temp=0.3）
2026-08-02 17:01:09 [ERROR] AI 调用异常 ([deepseek] 6/6 策略=仅标题（无历史） retry=0): Error code: 401 - {'error': {'message': 'Authentication Fails, Your api key: ****df0d is invalid', 'type': 'authentication_error', 'param': None, 'code': 'invalid_request_error'}}
2026-08-02 17:01:09 [WARNING] [[deepseek] 6/6 策略=仅标题（无历史） retry=0] AI 调用失败或解析失败，继续下一次尝试
2026-08-02 17:01:09 [WARNING] [deepseek] 已达最大尝试次数 6，停止
2026-08-02 17:01:09 [INFO] ⚠️ deepseek 未能产出满意结果，尝试下一个提供商
2026-08-02 17:01:09 [INFO] 🔄 尝试 AI 提供商: zhipu
2026-08-02 17:01:09 [ERROR] 未设置环境变量 ZHIPU_API_KEY，无法使用 zhipu
2026-08-02 17:01:09 [INFO] ⚠️ zhipu 未能产出满意结果，尝试下一个提供商
2026-08-02 17:01:09 [INFO] 🔄 尝试 AI 提供商: kimi
2026-08-02 17:01:09 [ERROR] 未设置环境变量 KIMI_API_KEY，无法使用 kimi
2026-08-02 17:01:09 [INFO] ⚠️ kimi 未能产出满意结果，尝试下一个提供商
2026-08-02 17:01:09 [INFO] 🔄 尝试 AI 提供商: huoshan
2026-08-02 17:01:09 [ERROR] 未设置环境变量 HUOSHAN_API_KEY，无法使用 huoshan
2026-08-02 17:01:09 [INFO] ⚠️ huoshan 未能产出满意结果，尝试下一个提供商
2026-08-02 17:01:09 [ERROR] ❌ 所有提供商均失败，返回空列表
2026-08-02 17:01:09 [INFO] 📦 JSON 已保存: reports/2026-08-03-01.json
2026-08-02 17:01:09 [INFO] ✅ AI 筛选完成，共 0 条交易相关消息
2026-08-02 18:00:54 [INFO] 🚀 开始抓取 2026-08-03 02:00 币圈新闻
2026-08-02 18:00:54 [INFO] 📡 抓取 RSS 新闻源...
2026-08-02 18:00:54 [INFO] 📡 抓取交易所公告 & 链上数据...
2026-08-02 18:00:54 [INFO]   ⏭ Decrypt: 过滤掉 49 条非近期新闻
2026-08-02 18:00:54 [INFO]   ⏭ The Block: 过滤掉 20 条非近期新闻
2026-08-02 18:00:54 [INFO]   ⏭ CoinTelegraph: 过滤掉 30 条非近期新闻
2026-08-02 18:00:54 [WARNING] 解析失败 Bitget公告: 'NoneType' object is not subscriptable
2026-08-02 18:00:54 [INFO]   ⏭ Bitcoin Magazine: 过滤掉 10 条非近期新闻
2026-08-02 18:00:54 [INFO]   ⏭ CoinDesk: 过滤掉 24 条非近期新闻
2026-08-02 18:00:54 [INFO]   ⏭ Bloomberg Crypto: 过滤掉 50 条非近期新闻
2026-08-02 18:00:54 [INFO]   ⏭ Blockworks: 过滤掉 50 条非近期新闻
2026-08-02 18:00:54 [INFO]   ⏭ 宏观经济: 过滤掉 50 条非近期新闻
2026-08-02 18:00:55 [INFO]   ⏭ Reddit r/cryptocurrency: 过滤掉 22 条非近期新闻
2026-08-02 18:00:55 [INFO]   ⏭ Reuters Crypto: 过滤掉 50 条非近期新闻
2026-08-02 18:00:55 [INFO]   ⏭ CNBC Crypto: 过滤掉 50 条非近期新闻
2026-08-02 18:00:55 [INFO]   ⏭ DL News: 过滤掉 50 条非近期新闻
2026-08-02 18:00:55 [INFO]   ⏭ Bitcoin Magazine: 过滤掉 50 条非近期新闻
2026-08-02 18:00:55 [INFO]   ⏭ Blockworks: 过滤掉 3 条非近期新闻
2026-08-02 18:00:55 [INFO]   ⏭ 宏观经济: 过滤掉 50 条非近期新闻
2026-08-02 18:00:55 [INFO]   ⏭ 律动BlockBeats: 过滤掉 18 条非近期新闻
2026-08-02 18:00:55 [INFO]   ⏭ 吴说区块链: 过滤掉 44 条非近期新闻
2026-08-02 18:00:55 [INFO]   ⏭ DeFi Llama: 过滤掉 50 条非近期新闻
2026-08-02 18:00:55 [INFO]   ⏭ 雪球加密: 过滤掉 50 条非近期新闻
2026-08-02 18:00:55 [INFO]   ⏭ The Block: 过滤掉 50 条非近期新闻
2026-08-02 18:00:55 [INFO]   ⏭ Crypto Twitter: 过滤掉 44 条非近期新闻
2026-08-02 18:00:55 [INFO]   ⏭ PANews: 过滤掉 50 条非近期新闻
2026-08-02 18:00:58 [INFO]   ⏭ CoinTelegraph: 过滤掉 23 条非近期新闻
2026-08-02 18:00:58 [INFO]   ⏭ CoinTelegraph: 过滤掉 50 条非近期新闻
2026-08-02 18:01:00 [INFO]   ⏭ 金色财经: 过滤掉 16 条非近期新闻
2026-08-02 18:01:00 [INFO]   ✓ CoinDesk: 1 条
2026-08-02 18:01:00 [INFO]   ✓ The Block: 0 条
2026-08-02 18:01:00 [INFO]   ✓ Decrypt: 1 条
2026-08-02 18:01:00 [INFO]   ✓ CoinTelegraph: 0 条
2026-08-02 18:01:00 [INFO]   ✓ Bitcoin Magazine: 0 条
2026-08-02 18:01:00 [INFO]   ✓ Blockworks: 0 条
2026-08-02 18:01:00 [INFO]   ✓ DL News: 0 条
2026-08-02 18:01:00 [INFO]   ✓ 金色财经: 4 条
2026-08-02 18:01:00 [INFO]   ✓ PANews: 0 条
2026-08-02 18:01:00 [INFO]   ✓ 律动BlockBeats: 2 条
2026-08-02 18:01:00 [INFO]   ✓ 吴说区块链: 0 条
2026-08-02 18:01:00 [INFO]   ✓ Bloomberg Crypto: 0 条
2026-08-02 18:01:00 [INFO]   ✓ Reuters Crypto: 0 条
2026-08-02 18:01:00 [INFO]   ✓ CNBC Crypto: 0 条
2026-08-02 18:01:00 [INFO]   ✓ Reddit r/cryptocurrency: 3 条
2026-08-02 18:01:00 [INFO]   ✓ Reddit r/bitcoin: 0 条
2026-08-02 18:01:00 [INFO]   ✓ Crypto Twitter: 6 条
2026-08-02 18:01:00 [INFO]   ✓ 宏观经济: 0 条
2026-08-02 18:01:00 [INFO]   ✓ Binance公告: 20 条
2026-08-02 18:01:00 [INFO]   ✓ OKX公告: 0 条
2026-08-02 18:01:00 [INFO]   ✓ Bitget公告: 0 条
2026-08-02 18:01:00 [INFO]   ✓ Whale Alert: 0 条
2026-08-02 18:01:00 [INFO]   ✓ Fear & Greed Index: 1 条
2026-08-02 18:01:00 [INFO]   ✓ DeFi Llama: 0 条
2026-08-02 18:01:00 [INFO]   ✓ 雪球加密: 0 条
2026-08-02 18:01:00 [INFO] 📊 共抓取 38 条新闻
2026-08-02 18:01:00 [INFO] 📋 原始新闻已保存: reports/2026-08-03-02-raw.json (38 条)
2026-08-02 18:01:00 [INFO] 📋 标题摘要已保存: reports/2026-08-03-02-raw-titles.md
2026-08-02 18:01:00 [INFO] ✅ 抓取完成，共 38 条，已保存到 reports/2026-08-03-02-raw.json
2026-08-02 18:01:00 [INFO] 🤖 开始 AI 筛选 2026-08-03 02:00 币圈消息
2026-08-02 18:01:00 [INFO] 📋 已加载原始新闻: reports/2026-08-03-02-raw.json (38 条)
2026-08-02 18:01:00 [INFO] 📚 已加载历史新闻标题（17946 字符）
2026-08-02 18:01:00 [INFO] 📚 已加载历史筛选标题 0 条、URL 0 个，用于去重
2026-08-02 18:01:00 [INFO] 🔄 尝试 AI 提供商: deepseek
2026-08-02 18:01:00 [INFO] 🤖 使用 AI 提供商: deepseek (模型: deepseek-v4-flash)
2026-08-02 18:01:00 [INFO] 🤖 AI 筛选 [[deepseek] 1/6 策略=仅标题+链接 retry=0]（38 条，7550 字符，temp=0.3）
2026-08-02 18:01:01 [ERROR] AI 调用异常 ([deepseek] 1/6 策略=仅标题+链接 retry=0): Error code: 401 - {'error': {'message': 'Authentication Fails, Your api key: ****df0d is invalid', 'type': 'authentication_error', 'param': None, 'code': 'invalid_request_error'}}
2026-08-02 18:01:01 [WARNING] [[deepseek] 1/6 策略=仅标题+链接 retry=0] AI 调用失败或解析失败，继续下一次尝试
2026-08-02 18:01:01 [INFO] 🤖 AI 筛选 [[deepseek] 2/6 策略=仅标题+链接 retry=1]（38 条，7550 字符，temp=0.3）
2026-08-02 18:01:02 [ERROR] AI 调用异常 ([deepseek] 2/6 策略=仅标题+链接 retry=1): Error code: 401 - {'error': {'message': 'Authentication Fails, Your api key: ****df0d is invalid', 'type': 'authentication_error', 'param': None, 'code': 'invalid_request_error'}}
2026-08-02 18:01:02 [WARNING] [[deepseek] 2/6 策略=仅标题+链接 retry=1] AI 调用失败或解析失败，继续下一次尝试
2026-08-02 18:01:02 [INFO] 🤖 AI 筛选 [[deepseek] 3/6 策略=仅标题+链接 retry=2]（38 条，7550 字符，temp=0.3）
2026-08-02 18:01:02 [ERROR] AI 调用异常 ([deepseek] 3/6 策略=仅标题+链接 retry=2): Error code: 401 - {'error': {'message': 'Authentication Fails, Your api key: ****df0d is invalid', 'type': 'authentication_error', 'param': None, 'code': 'invalid_request_error'}}
2026-08-02 18:01:02 [WARNING] [[deepseek] 3/6 策略=仅标题+链接 retry=2] AI 调用失败或解析失败，继续下一次尝试
2026-08-02 18:01:02 [INFO] 🤖 AI 筛选 [[deepseek] 4/6 策略=完整内容 retry=0]（38 条，11453 字符，temp=0.3）
2026-08-02 18:01:02 [ERROR] AI 调用异常 ([deepseek] 4/6 策略=完整内容 retry=0): Error code: 401 - {'error': {'message': 'Authentication Fails, Your api key: ****df0d is invalid', 'type': 'authentication_error', 'param': None, 'code': 'invalid_request_error'}}
2026-08-02 18:01:02 [WARNING] [[deepseek] 4/6 策略=完整内容 retry=0] AI 调用失败或解析失败，继续下一次尝试
2026-08-02 18:01:02 [INFO] 🤖 AI 筛选 [[deepseek] 5/6 策略=完整内容 retry=1]（38 条，11453 字符，temp=0.3）
2026-08-02 18:01:03 [ERROR] AI 调用异常 ([deepseek] 5/6 策略=完整内容 retry=1): Error code: 401 - {'error': {'message': 'Authentication Fails, Your api key: ****df0d is invalid', 'type': 'authentication_error', 'param': None, 'code': 'invalid_request_error'}}
2026-08-02 18:01:03 [WARNING] [[deepseek] 5/6 策略=完整内容 retry=1] AI 调用失败或解析失败，继续下一次尝试
2026-08-02 18:01:03 [INFO] 🤖 AI 筛选 [[deepseek] 6/6 策略=仅标题（无历史） retry=0]（38 条，7550 字符，temp=0.3）
2026-08-02 18:01:03 [ERROR] AI 调用异常 ([deepseek] 6/6 策略=仅标题（无历史） retry=0): Error code: 401 - {'error': {'message': 'Authentication Fails, Your api key: ****df0d is invalid', 'type': 'authentication_error', 'param': None, 'code': 'invalid_request_error'}}
2026-08-02 18:01:03 [WARNING] [[deepseek] 6/6 策略=仅标题（无历史） retry=0] AI 调用失败或解析失败，继续下一次尝试
2026-08-02 18:01:03 [WARNING] [deepseek] 已达最大尝试次数 6，停止
2026-08-02 18:01:03 [INFO] ⚠️ deepseek 未能产出满意结果，尝试下一个提供商
2026-08-02 18:01:03 [INFO] 🔄 尝试 AI 提供商: zhipu
2026-08-02 18:01:03 [ERROR] 未设置环境变量 ZHIPU_API_KEY，无法使用 zhipu
2026-08-02 18:01:03 [INFO] ⚠️ zhipu 未能产出满意结果，尝试下一个提供商
2026-08-02 18:01:03 [INFO] 🔄 尝试 AI 提供商: kimi
2026-08-02 18:01:03 [ERROR] 未设置环境变量 KIMI_API_KEY，无法使用 kimi
2026-08-02 18:01:03 [INFO] ⚠️ kimi 未能产出满意结果，尝试下一个提供商
2026-08-02 18:01:03 [INFO] 🔄 尝试 AI 提供商: huoshan
2026-08-02 18:01:03 [ERROR] 未设置环境变量 HUOSHAN_API_KEY，无法使用 huoshan
2026-08-02 18:01:03 [INFO] ⚠️ huoshan 未能产出满意结果，尝试下一个提供商
2026-08-02 18:01:03 [ERROR] ❌ 所有提供商均失败，返回空列表
2026-08-02 18:01:03 [INFO] 📦 JSON 已保存: reports/2026-08-03-02.json
2026-08-02 18:01:03 [INFO] ✅ AI 筛选完成，共 0 条交易相关消息
2026-08-02 19:00:55 [INFO] 🚀 开始抓取 2026-08-03 03:00 币圈新闻
2026-08-02 19:00:55 [INFO] 📡 抓取 RSS 新闻源...
2026-08-02 19:00:55 [INFO] 📡 抓取交易所公告 & 链上数据...
2026-08-02 19:00:55 [INFO]   ⏭ The Block: 过滤掉 19 条非近期新闻
2026-08-02 19:00:55 [INFO]   ⏭ Decrypt: 过滤掉 37 条非近期新闻
2026-08-02 19:00:55 [INFO]   ⏭ CoinTelegraph: 过滤掉 30 条非近期新闻
2026-08-02 19:00:56 [WARNING] 解析失败 Bitget公告: 'NoneType' object is not subscriptable
2026-08-02 19:00:56 [INFO]   ⏭ Bloomberg Crypto: 过滤掉 50 条非近期新闻
2026-08-02 19:00:56 [INFO]   ⏭ CoinDesk: 过滤掉 24 条非近期新闻
2026-08-02 19:00:56 [INFO]   ⏭ Reuters Crypto: 过滤掉 50 条非近期新闻
2026-08-02 19:00:56 [INFO]   ⏭ 宏观经济: 过滤掉 50 条非近期新闻
2026-08-02 19:00:56 [INFO]   ⏭ CNBC Crypto: 过滤掉 50 条非近期新闻
2026-08-02 19:00:56 [INFO]   ⏭ Bitcoin Magazine: 过滤掉 10 条非近期新闻
2026-08-02 19:00:56 [INFO]   ⏭ Reddit r/bitcoin: 过滤掉 21 条非近期新闻
2026-08-02 19:00:56 [INFO]   ⏭ DL News: 过滤掉 50 条非近期新闻
2026-08-02 19:00:56 [INFO]   ⏭ Blockworks: 过滤掉 50 条非近期新闻
2026-08-02 19:00:56 [INFO]   ⏭ 宏观经济: 过滤掉 50 条非近期新闻
2026-08-02 19:00:56 [INFO]   ⏭ DeFi Llama: 过滤掉 50 条非近期新闻
2026-08-02 19:00:56 [INFO]   ⏭ Blockworks: 过滤掉 3 条非近期新闻
2026-08-02 19:00:56 [INFO]   ⏭ 吴说区块链: 过滤掉 44 条非近期新闻
2026-08-02 19:00:57 [INFO]   ⏭ Bitcoin Magazine: 过滤掉 50 条非近期新闻
2026-08-02 19:00:57 [INFO]   ⏭ 雪球加密: 过滤掉 50 条非近期新闻
2026-08-02 19:00:57 [INFO]   ⏭ Crypto Twitter: 过滤掉 44 条非近期新闻
2026-08-02 19:00:57 [INFO]   ⏭ PANews: 过滤掉 50 条非近期新闻
2026-08-02 19:00:58 [INFO]   ⏭ 律动BlockBeats: 过滤掉 50 条非近期新闻
2026-08-02 19:01:00 [INFO]   ⏭ CoinTelegraph: 过滤掉 23 条非近期新闻
2026-08-02 19:01:00 [INFO]   ⏭ CoinTelegraph: 过滤掉 50 条非近期新闻
2026-08-02 19:01:01 [INFO]   ⏭ 金色财经: 过滤掉 3 条非近期新闻
2026-08-02 19:01:01 [INFO]   ✓ CoinDesk: 1 条
2026-08-02 19:01:01 [INFO]   ✓ The Block: 1 条
2026-08-02 19:01:01 [INFO]   ✓ Decrypt: 1 条
2026-08-02 19:01:01 [INFO]   ✓ CoinTelegraph: 0 条
2026-08-02 19:01:01 [INFO]   ✓ Bitcoin Magazine: 0 条
2026-08-02 19:01:01 [INFO]   ✓ Blockworks: 0 条
2026-08-02 19:01:01 [INFO]   ✓ DL News: 0 条
2026-08-02 19:01:01 [INFO]   ✓ 金色财经: 4 条
2026-08-02 19:01:01 [INFO]   ✓ PANews: 0 条
2026-08-02 19:01:01 [INFO]   ✓ 律动BlockBeats: 0 条
2026-08-02 19:01:01 [INFO]   ✓ 吴说区块链: 0 条
2026-08-02 19:01:01 [INFO]   ✓ Bloomberg Crypto: 0 条
2026-08-02 19:01:01 [INFO]   ✓ Reuters Crypto: 0 条
2026-08-02 19:01:01 [INFO]   ✓ CNBC Crypto: 0 条
2026-08-02 19:01:01 [INFO]   ✓ Reddit r/cryptocurrency: 0 条
2026-08-02 19:01:01 [INFO]   ✓ Reddit r/bitcoin: 4 条
2026-08-02 19:01:01 [INFO]   ✓ Crypto Twitter: 6 条
2026-08-02 19:01:01 [INFO]   ✓ 宏观经济: 0 条
2026-08-02 19:01:01 [INFO]   ✓ Binance公告: 20 条
2026-08-02 19:01:01 [INFO]   ✓ OKX公告: 0 条
2026-08-02 19:01:01 [INFO]   ✓ Bitget公告: 0 条
2026-08-02 19:01:01 [INFO]   ✓ Whale Alert: 0 条
2026-08-02 19:01:01 [INFO]   ✓ Fear & Greed Index: 1 条
2026-08-02 19:01:01 [INFO]   ✓ DeFi Llama: 0 条
2026-08-02 19:01:01 [INFO]   ✓ 雪球加密: 0 条
2026-08-02 19:01:01 [INFO] 📊 共抓取 38 条新闻
2026-08-02 19:01:01 [INFO] 📋 原始新闻已保存: reports/2026-08-03-03-raw.json (38 条)
2026-08-02 19:01:01 [INFO] 📋 标题摘要已保存: reports/2026-08-03-03-raw-titles.md
2026-08-02 19:01:01 [INFO] ✅ 抓取完成，共 38 条，已保存到 reports/2026-08-03-03-raw.json
2026-08-02 19:01:01 [INFO] 🤖 开始 AI 筛选 2026-08-03 03:00 币圈消息
2026-08-02 19:01:01 [INFO] 📋 已加载原始新闻: reports/2026-08-03-03-raw.json (38 条)
2026-08-02 19:01:01 [INFO] 📚 已加载历史新闻标题（18378 字符）
2026-08-02 19:01:01 [INFO] 📚 已加载历史筛选标题 0 条、URL 0 个，用于去重
2026-08-02 19:01:01 [INFO] 🔄 尝试 AI 提供商: deepseek
2026-08-02 19:01:01 [INFO] 🤖 使用 AI 提供商: deepseek (模型: deepseek-v4-flash)
2026-08-02 19:01:01 [INFO] 🤖 AI 筛选 [[deepseek] 1/6 策略=仅标题+链接 retry=0]（38 条，7583 字符，temp=0.3）
2026-08-02 19:01:02 [ERROR] AI 调用异常 ([deepseek] 1/6 策略=仅标题+链接 retry=0): Error code: 401 - {'error': {'message': 'Authentication Fails, Your api key: ****df0d is invalid', 'type': 'authentication_error', 'param': None, 'code': 'invalid_request_error'}}
2026-08-02 19:01:02 [WARNING] [[deepseek] 1/6 策略=仅标题+链接 retry=0] AI 调用失败或解析失败，继续下一次尝试
2026-08-02 19:01:02 [INFO] 🤖 AI 筛选 [[deepseek] 2/6 策略=仅标题+链接 retry=1]（38 条，7583 字符，temp=0.3）
2026-08-02 19:01:02 [ERROR] AI 调用异常 ([deepseek] 2/6 策略=仅标题+链接 retry=1): Error code: 401 - {'error': {'message': 'Authentication Fails, Your api key: ****df0d is invalid', 'type': 'authentication_error', 'param': None, 'code': 'invalid_request_error'}}
2026-08-02 19:01:02 [WARNING] [[deepseek] 2/6 策略=仅标题+链接 retry=1] AI 调用失败或解析失败，继续下一次尝试
2026-08-02 19:01:02 [INFO] 🤖 AI 筛选 [[deepseek] 3/6 策略=仅标题+链接 retry=2]（38 条，7583 字符，temp=0.3）
2026-08-02 19:01:03 [ERROR] AI 调用异常 ([deepseek] 3/6 策略=仅标题+链接 retry=2): Error code: 401 - {'error': {'message': 'Authentication Fails, Your api key: ****df0d is invalid', 'type': 'authentication_error', 'param': None, 'code': 'invalid_request_error'}}
2026-08-02 19:01:03 [WARNING] [[deepseek] 3/6 策略=仅标题+链接 retry=2] AI 调用失败或解析失败，继续下一次尝试
2026-08-02 19:01:03 [INFO] 🤖 AI 筛选 [[deepseek] 4/6 策略=完整内容 retry=0]（38 条，11798 字符，temp=0.3）
2026-08-02 19:01:03 [ERROR] AI 调用异常 ([deepseek] 4/6 策略=完整内容 retry=0): Error code: 401 - {'error': {'message': 'Authentication Fails, Your api key: ****df0d is invalid', 'type': 'authentication_error', 'param': None, 'code': 'invalid_request_error'}}
2026-08-02 19:01:03 [WARNING] [[deepseek] 4/6 策略=完整内容 retry=0] AI 调用失败或解析失败，继续下一次尝试
2026-08-02 19:01:03 [INFO] 🤖 AI 筛选 [[deepseek] 5/6 策略=完整内容 retry=1]（38 条，11798 字符，temp=0.3）
2026-08-02 19:01:04 [ERROR] AI 调用异常 ([deepseek] 5/6 策略=完整内容 retry=1): Error code: 401 - {'error': {'message': 'Authentication Fails, Your api key: ****df0d is invalid', 'type': 'authentication_error', 'param': None, 'code': 'invalid_request_error'}}
2026-08-02 19:01:04 [WARNING] [[deepseek] 5/6 策略=完整内容 retry=1] AI 调用失败或解析失败，继续下一次尝试
2026-08-02 19:01:04 [INFO] 🤖 AI 筛选 [[deepseek] 6/6 策略=仅标题（无历史） retry=0]（38 条，7583 字符，temp=0.3）
2026-08-02 19:01:04 [ERROR] AI 调用异常 ([deepseek] 6/6 策略=仅标题（无历史） retry=0): Error code: 401 - {'error': {'message': 'Authentication Fails, Your api key: ****df0d is invalid', 'type': 'authentication_error', 'param': None, 'code': 'invalid_request_error'}}
2026-08-02 19:01:04 [WARNING] [[deepseek] 6/6 策略=仅标题（无历史） retry=0] AI 调用失败或解析失败，继续下一次尝试
2026-08-02 19:01:04 [WARNING] [deepseek] 已达最大尝试次数 6，停止
2026-08-02 19:01:04 [INFO] ⚠️ deepseek 未能产出满意结果，尝试下一个提供商
2026-08-02 19:01:04 [INFO] 🔄 尝试 AI 提供商: zhipu
2026-08-02 19:01:04 [ERROR] 未设置环境变量 ZHIPU_API_KEY，无法使用 zhipu
2026-08-02 19:01:04 [INFO] ⚠️ zhipu 未能产出满意结果，尝试下一个提供商
2026-08-02 19:01:04 [INFO] 🔄 尝试 AI 提供商: kimi
2026-08-02 19:01:04 [ERROR] 未设置环境变量 KIMI_API_KEY，无法使用 kimi
2026-08-02 19:01:04 [INFO] ⚠️ kimi 未能产出满意结果，尝试下一个提供商
2026-08-02 19:01:04 [INFO] 🔄 尝试 AI 提供商: huoshan
2026-08-02 19:01:04 [ERROR] 未设置环境变量 HUOSHAN_API_KEY，无法使用 huoshan
2026-08-02 19:01:04 [INFO] ⚠️ huoshan 未能产出满意结果，尝试下一个提供商
2026-08-02 19:01:04 [ERROR] ❌ 所有提供商均失败，返回空列表
2026-08-02 19:01:04 [INFO] 📦 JSON 已保存: reports/2026-08-03-03.json
2026-08-02 19:01:04 [INFO] ✅ AI 筛选完成，共 0 条交易相关消息
2026-08-02 20:00:52 [INFO] 🚀 开始抓取 2026-08-03 04:00 币圈新闻
2026-08-02 20:00:52 [INFO] 📡 抓取 RSS 新闻源...
2026-08-02 20:00:52 [INFO] 📡 抓取交易所公告 & 链上数据...
2026-08-02 20:00:52 [INFO]   ⏭ Decrypt: 过滤掉 38 条非近期新闻
2026-08-02 20:00:52 [INFO]   ⏭ The Block: 过滤掉 19 条非近期新闻
2026-08-02 20:00:52 [INFO]   ⏭ CoinTelegraph: 过滤掉 30 条非近期新闻
2026-08-02 20:00:52 [WARNING] 解析失败 Bitget公告: 'NoneType' object is not subscriptable
2026-08-02 20:00:52 [INFO]   ⏭ CoinDesk: 过滤掉 24 条非近期新闻
2026-08-02 20:00:52 [INFO]   ⏭ Reddit r/cryptocurrency: 过滤掉 22 条非近期新闻
2026-08-02 20:00:53 [INFO]   ⏭ Reuters Crypto: 过滤掉 50 条非近期新闻
2026-08-02 20:00:53 [INFO]   ⏭ 宏观经济: 过滤掉 50 条非近期新闻
2026-08-02 20:00:53 [INFO]   ⏭ CNBC Crypto: 过滤掉 50 条非近期新闻
2026-08-02 20:00:53 [INFO]   ⏭ Bitcoin Magazine: 过滤掉 10 条非近期新闻
2026-08-02 20:00:53 [INFO]   ⏭ Bloomberg Crypto: 过滤掉 50 条非近期新闻
2026-08-02 20:00:53 [INFO]   ⏭ Blockworks: 过滤掉 50 条非近期新闻
2026-08-02 20:00:53 [INFO]   ⏭ Bitcoin Magazine: 过滤掉 50 条非近期新闻
2026-08-02 20:00:53 [INFO]   ⏭ DL News: 过滤掉 50 条非近期新闻
2026-08-02 20:00:53 [INFO]   ⏭ Decrypt: 过滤掉 50 条非近期新闻
2026-08-02 20:00:53 [INFO]   ⏭ 宏观经济: 过滤掉 50 条非近期新闻
2026-08-02 20:00:53 [INFO]   ⏭ Blockworks: 过滤掉 3 条非近期新闻
2026-08-02 20:00:53 [INFO]   ⏭ 吴说区块链: 过滤掉 46 条非近期新闻
2026-08-02 20:00:54 [INFO]   ⏭ DeFi Llama: 过滤掉 50 条非近期新闻
2026-08-02 20:00:54 [INFO]   ⏭ 雪球加密: 过滤掉 50 条非近期新闻
2026-08-02 20:00:54 [INFO]   ⏭ Crypto Twitter: 过滤掉 46 条非近期新闻
2026-08-02 20:00:54 [INFO]   ⏭ PANews: 过滤掉 50 条非近期新闻
2026-08-02 20:00:55 [INFO]   ⏭ 律动BlockBeats: 过滤掉 49 条非近期新闻
2026-08-02 20:01:07 [INFO]   ⏭ CoinTelegraph: 过滤掉 23 条非近期新闻
2026-08-02 20:01:07 [INFO]   ⏭ CoinTelegraph: 过滤掉 50 条非近期新闻
2026-08-02 20:01:07 [INFO]   ✓ CoinDesk: 1 条
2026-08-02 20:01:07 [INFO]   ✓ The Block: 1 条
2026-08-02 20:01:07 [INFO]   ✓ Decrypt: 0 条
2026-08-02 20:01:07 [INFO]   ✓ CoinTelegraph: 0 条
2026-08-02 20:01:07 [INFO]   ✓ Bitcoin Magazine: 0 条
2026-08-02 20:01:07 [INFO]   ✓ Blockworks: 0 条
2026-08-02 20:01:07 [INFO]   ✓ DL News: 0 条
2026-08-02 20:01:07 [INFO]   ✓ 金色财经: 3 条
2026-08-02 20:01:07 [INFO]   ✓ PANews: 0 条
2026-08-02 20:01:07 [INFO]   ✓ 律动BlockBeats: 1 条
2026-08-02 20:01:07 [INFO]   ✓ 吴说区块链: 0 条
2026-08-02 20:01:07 [INFO]   ✓ Bloomberg Crypto: 0 条
2026-08-02 20:01:07 [INFO]   ✓ Reuters Crypto: 0 条
2026-08-02 20:01:07 [INFO]   ✓ CNBC Crypto: 0 条
2026-08-02 20:01:07 [INFO]   ✓ Reddit r/cryptocurrency: 3 条
2026-08-02 20:01:07 [INFO]   ✓ Reddit r/bitcoin: 0 条
2026-08-02 20:01:07 [INFO]   ✓ Crypto Twitter: 4 条
2026-08-02 20:01:07 [INFO]   ✓ 宏观经济: 0 条
2026-08-02 20:01:07 [INFO]   ✓ Binance公告: 20 条
2026-08-02 20:01:07 [INFO]   ✓ OKX公告: 0 条
2026-08-02 20:01:07 [INFO]   ✓ Bitget公告: 0 条
2026-08-02 20:01:07 [INFO]   ✓ Whale Alert: 0 条
2026-08-02 20:01:07 [INFO]   ✓ Fear & Greed Index: 1 条
2026-08-02 20:01:07 [INFO]   ✓ DeFi Llama: 0 条
2026-08-02 20:01:07 [INFO]   ✓ 雪球加密: 0 条
2026-08-02 20:01:07 [INFO] 📊 共抓取 34 条新闻
2026-08-02 20:01:07 [INFO] 📋 原始新闻已保存: reports/2026-08-03-04-raw.json (34 条)
2026-08-02 20:01:07 [INFO] 📋 标题摘要已保存: reports/2026-08-03-04-raw-titles.md
2026-08-02 20:01:07 [INFO] ✅ 抓取完成，共 34 条，已保存到 reports/2026-08-03-04-raw.json
2026-08-02 20:01:08 [INFO] 🤖 开始 AI 筛选 2026-08-03 04:00 币圈消息
2026-08-02 20:01:08 [INFO] 📋 已加载原始新闻: reports/2026-08-03-04-raw.json (34 条)
2026-08-02 20:01:08 [INFO] 📚 已加载历史新闻标题（18198 字符）
2026-08-02 20:01:08 [INFO] 📚 已加载历史筛选标题 0 条、URL 0 个，用于去重
2026-08-02 20:01:08 [INFO] 🔄 尝试 AI 提供商: deepseek
2026-08-02 20:01:08 [INFO] 🤖 使用 AI 提供商: deepseek (模型: deepseek-v4-flash)
2026-08-02 20:01:08 [INFO] 🤖 AI 筛选 [[deepseek] 1/6 策略=仅标题+链接 retry=0]（34 条，6906 字符，temp=0.3）
2026-08-02 20:01:09 [ERROR] AI 调用异常 ([deepseek] 1/6 策略=仅标题+链接 retry=0): Error code: 401 - {'error': {'message': 'Authentication Fails, Your api key: ****df0d is invalid', 'type': 'authentication_error', 'param': None, 'code': 'invalid_request_error'}}
2026-08-02 20:01:09 [WARNING] [[deepseek] 1/6 策略=仅标题+链接 retry=0] AI 调用失败或解析失败，继续下一次尝试
2026-08-02 20:01:09 [INFO] 🤖 AI 筛选 [[deepseek] 2/6 策略=仅标题+链接 retry=1]（34 条，6906 字符，temp=0.3）
2026-08-02 20:01:09 [ERROR] AI 调用异常 ([deepseek] 2/6 策略=仅标题+链接 retry=1): Error code: 401 - {'error': {'message': 'Authentication Fails, Your api key: ****df0d is invalid', 'type': 'authentication_error', 'param': None, 'code': 'invalid_request_error'}}
2026-08-02 20:01:09 [WARNING] [[deepseek] 2/6 策略=仅标题+链接 retry=1] AI 调用失败或解析失败，继续下一次尝试
2026-08-02 20:01:09 [INFO] 🤖 AI 筛选 [[deepseek] 3/6 策略=仅标题+链接 retry=2]（34 条，6906 字符，temp=0.3）
2026-08-02 20:01:10 [ERROR] AI 调用异常 ([deepseek] 3/6 策略=仅标题+链接 retry=2): Error code: 401 - {'error': {'message': 'Authentication Fails, Your api key: ****df0d is invalid', 'type': 'authentication_error', 'param': None, 'code': 'invalid_request_error'}}
2026-08-02 20:01:10 [WARNING] [[deepseek] 3/6 策略=仅标题+链接 retry=2] AI 调用失败或解析失败，继续下一次尝试
2026-08-02 20:01:10 [INFO] 🤖 AI 筛选 [[deepseek] 4/6 策略=完整内容 retry=0]（34 条，10156 字符，temp=0.3）
2026-08-02 20:01:10 [ERROR] AI 调用异常 ([deepseek] 4/6 策略=完整内容 retry=0): Error code: 401 - {'error': {'message': 'Authentication Fails, Your api key: ****df0d is invalid', 'type': 'authentication_error', 'param': None, 'code': 'invalid_request_error'}}
2026-08-02 20:01:10 [WARNING] [[deepseek] 4/6 策略=完整内容 retry=0] AI 调用失败或解析失败，继续下一次尝试
2026-08-02 20:01:10 [INFO] 🤖 AI 筛选 [[deepseek] 5/6 策略=完整内容 retry=1]（34 条，10156 字符，temp=0.3）
2026-08-02 20:01:10 [ERROR] AI 调用异常 ([deepseek] 5/6 策略=完整内容 retry=1): Error code: 401 - {'error': {'message': 'Authentication Fails, Your api key: ****df0d is invalid', 'type': 'authentication_error', 'param': None, 'code': 'invalid_request_error'}}
2026-08-02 20:01:10 [WARNING] [[deepseek] 5/6 策略=完整内容 retry=1] AI 调用失败或解析失败，继续下一次尝试
2026-08-02 20:01:10 [INFO] 🤖 AI 筛选 [[deepseek] 6/6 策略=仅标题（无历史） retry=0]（34 条，6906 字符，temp=0.3）
2026-08-02 20:01:11 [ERROR] AI 调用异常 ([deepseek] 6/6 策略=仅标题（无历史） retry=0): Error code: 401 - {'error': {'message': 'Authentication Fails, Your api key: ****df0d is invalid', 'type': 'authentication_error', 'param': None, 'code': 'invalid_request_error'}}
2026-08-02 20:01:11 [WARNING] [[deepseek] 6/6 策略=仅标题（无历史） retry=0] AI 调用失败或解析失败，继续下一次尝试
2026-08-02 20:01:11 [WARNING] [deepseek] 已达最大尝试次数 6，停止
2026-08-02 20:01:11 [INFO] ⚠️ deepseek 未能产出满意结果，尝试下一个提供商
2026-08-02 20:01:11 [INFO] 🔄 尝试 AI 提供商: zhipu
2026-08-02 20:01:11 [ERROR] 未设置环境变量 ZHIPU_API_KEY，无法使用 zhipu
2026-08-02 20:01:11 [INFO] ⚠️ zhipu 未能产出满意结果，尝试下一个提供商
2026-08-02 20:01:11 [INFO] 🔄 尝试 AI 提供商: kimi
2026-08-02 20:01:11 [ERROR] 未设置环境变量 KIMI_API_KEY，无法使用 kimi
2026-08-02 20:01:11 [INFO] ⚠️ kimi 未能产出满意结果，尝试下一个提供商
2026-08-02 20:01:11 [INFO] 🔄 尝试 AI 提供商: huoshan
2026-08-02 20:01:11 [ERROR] 未设置环境变量 HUOSHAN_API_KEY，无法使用 huoshan
2026-08-02 20:01:11 [INFO] ⚠️ huoshan 未能产出满意结果，尝试下一个提供商
2026-08-02 20:01:11 [ERROR] ❌ 所有提供商均失败，返回空列表
2026-08-02 20:01:11 [INFO] 📦 JSON 已保存: reports/2026-08-03-04.json
2026-08-02 20:01:11 [INFO] ✅ AI 筛选完成，共 0 条交易相关消息
2026-08-02 21:00:51 [INFO] 🚀 开始抓取 2026-08-03 05:00 币圈新闻
2026-08-02 21:00:52 [INFO] 📡 抓取 RSS 新闻源...
2026-08-02 21:00:52 [INFO] 📡 抓取交易所公告 & 链上数据...
2026-08-02 21:00:52 [INFO]   ⏭ CoinTelegraph: 过滤掉 29 条非近期新闻
2026-08-02 21:00:52 [INFO]   ⏭ The Block: 过滤掉 20 条非近期新闻
2026-08-02 21:00:52 [INFO]   ⏭ Decrypt: 过滤掉 38 条非近期新闻
2026-08-02 21:00:52 [INFO]   ⏭ Bitcoin Magazine: 过滤掉 10 条非近期新闻
2026-08-02 21:00:52 [INFO]   ⏭ CoinDesk: 过滤掉 25 条非近期新闻
2026-08-02 21:00:52 [INFO]   ⏭ Blockworks: 过滤掉 50 条非近期新闻
2026-08-02 21:00:52 [WARNING] 解析失败 Bitget公告: 'NoneType' object is not subscriptable
2026-08-02 21:00:52 [INFO]   ⏭ Bloomberg Crypto: 过滤掉 50 条非近期新闻
2026-08-02 21:00:52 [INFO]   ⏭ 宏观经济: 过滤掉 50 条非近期新闻
2026-08-02 21:00:52 [INFO]   ⏭ Reuters Crypto: 过滤掉 50 条非近期新闻
2026-08-02 21:00:52 [INFO]   ⏭ CNBC Crypto: 过滤掉 48 条非近期新闻
2026-08-02 21:00:52 [INFO]   ⏭ Reddit r/bitcoin: 过滤掉 21 条非近期新闻
2026-08-02 21:00:52 [INFO]   ⏭ DL News: 过滤掉 50 条非近期新闻
2026-08-02 21:00:53 [INFO]   ⏭ Decrypt: 过滤掉 50 条非近期新闻
2026-08-02 21:00:53 [INFO]   ⏭ 宏观经济: 过滤掉 50 条非近期新闻
2026-08-02 21:00:53 [INFO]   ⏭ Bitcoin Magazine: 过滤掉 50 条非近期新闻
2026-08-02 21:00:53 [INFO]   ⏭ Blockworks: 过滤掉 3 条非近期新闻
2026-08-02 21:00:53 [INFO]   ⏭ 吴说区块链: 过滤掉 45 条非近期新闻
2026-08-02 21:00:53 [INFO]   ⏭ DeFi Llama: 过滤掉 50 条非近期新闻
2026-08-02 21:00:53 [INFO]   ⏭ 雪球加密: 过滤掉 50 条非近期新闻
2026-08-02 21:00:53 [INFO]   ⏭ The Block: 过滤掉 50 条非近期新闻
2026-08-02 21:00:53 [INFO]   ⏭ CoinDesk: 过滤掉 49 条非近期新闻
2026-08-02 21:00:53 [INFO]   ⏭ Crypto Twitter: 过滤掉 47 条非近期新闻
2026-08-02 21:00:58 [INFO]   ⏭ 律动BlockBeats: 过滤掉 20 条非近期新闻
2026-08-02 21:00:58 [INFO]   ⏭ PANews: 过滤掉 50 条非近期新闻
2026-08-02 21:00:58 [INFO]   ⏭ 律动BlockBeats: 过滤掉 50 条非近期新闻
2026-08-02 21:01:01 [INFO]   ⏭ 金色财经: 过滤掉 16 条非近期新闻
2026-08-02 21:01:01 [INFO]   ✓ CoinDesk: 1 条
2026-08-02 21:01:01 [INFO]   ✓ The Block: 0 条
2026-08-02 21:01:01 [INFO]   ✓ Decrypt: 0 条
2026-08-02 21:01:01 [INFO]   ✓ CoinTelegraph: 1 条
2026-08-02 21:01:01 [INFO]   ✓ Bitcoin Magazine: 0 条
2026-08-02 21:01:01 [INFO]   ✓ Blockworks: 0 条
2026-08-02 21:01:01 [INFO]   ✓ DL News: 0 条
2026-08-02 21:01:01 [INFO]   ✓ 金色财经: 4 条
2026-08-02 21:01:01 [INFO]   ✓ PANews: 0 条
2026-08-02 21:01:01 [INFO]   ✓ 律动BlockBeats: 0 条
2026-08-02 21:01:01 [INFO]   ✓ 吴说区块链: 0 条
2026-08-02 21:01:01 [INFO]   ✓ Bloomberg Crypto: 0 条
2026-08-02 21:01:01 [INFO]   ✓ Reuters Crypto: 0 条
2026-08-02 21:01:01 [INFO]   ✓ CNBC Crypto: 2 条
2026-08-02 21:01:01 [INFO]   ✓ Reddit r/cryptocurrency: 0 条
2026-08-02 21:01:01 [INFO]   ✓ Reddit r/bitcoin: 4 条
2026-08-02 21:01:01 [INFO]   ✓ Crypto Twitter: 3 条
2026-08-02 21:01:01 [INFO]   ✓ 宏观经济: 0 条
2026-08-02 21:01:01 [INFO]   ✓ Binance公告: 20 条
2026-08-02 21:01:01 [INFO]   ✓ OKX公告: 0 条
2026-08-02 21:01:01 [INFO]   ✓ Bitget公告: 0 条
2026-08-02 21:01:01 [INFO]   ✓ Whale Alert: 0 条
2026-08-02 21:01:01 [INFO]   ✓ Fear & Greed Index: 1 条
2026-08-02 21:01:01 [INFO]   ✓ DeFi Llama: 0 条
2026-08-02 21:01:01 [INFO]   ✓ 雪球加密: 0 条
2026-08-02 21:01:01 [INFO] 📊 共抓取 36 条新闻
2026-08-02 21:01:01 [INFO] 📋 原始新闻已保存: reports/2026-08-03-05-raw.json (36 条)
2026-08-02 21:01:01 [INFO] 📋 标题摘要已保存: reports/2026-08-03-05-raw-titles.md
2026-08-02 21:01:01 [INFO] ✅ 抓取完成，共 36 条，已保存到 reports/2026-08-03-05-raw.json
2026-08-02 21:01:02 [INFO] 🤖 开始 AI 筛选 2026-08-03 05:00 币圈消息
2026-08-02 21:01:02 [INFO] 📋 已加载原始新闻: reports/2026-08-03-05-raw.json (36 条)
2026-08-02 21:01:02 [INFO] 📚 已加载历史新闻标题（17815 字符）
2026-08-02 21:01:02 [INFO] 📚 已加载历史筛选标题 0 条、URL 0 个，用于去重
2026-08-02 21:01:02 [INFO] 🔄 尝试 AI 提供商: deepseek
2026-08-02 21:01:02 [INFO] 🤖 使用 AI 提供商: deepseek (模型: deepseek-v4-flash)
2026-08-02 21:01:02 [INFO] 🤖 AI 筛选 [[deepseek] 1/6 策略=仅标题+链接 retry=0]（36 条，7806 字符，temp=0.3）
2026-08-02 21:01:03 [ERROR] AI 调用异常 ([deepseek] 1/6 策略=仅标题+链接 retry=0): Error code: 401 - {'error': {'message': 'Authentication Fails, Your api key: ****df0d is invalid', 'type': 'authentication_error', 'param': None, 'code': 'invalid_request_error'}}
2026-08-02 21:01:03 [WARNING] [[deepseek] 1/6 策略=仅标题+链接 retry=0] AI 调用失败或解析失败，继续下一次尝试
2026-08-02 21:01:03 [INFO] 🤖 AI 筛选 [[deepseek] 2/6 策略=仅标题+链接 retry=1]（36 条，7806 字符，temp=0.3）
2026-08-02 21:01:03 [ERROR] AI 调用异常 ([deepseek] 2/6 策略=仅标题+链接 retry=1): Error code: 401 - {'error': {'message': 'Authentication Fails, Your api key: ****df0d is invalid', 'type': 'authentication_error', 'param': None, 'code': 'invalid_request_error'}}
2026-08-02 21:01:03 [WARNING] [[deepseek] 2/6 策略=仅标题+链接 retry=1] AI 调用失败或解析失败，继续下一次尝试
2026-08-02 21:01:03 [INFO] 🤖 AI 筛选 [[deepseek] 3/6 策略=仅标题+链接 retry=2]（36 条，7806 字符，temp=0.3）
2026-08-02 21:01:04 [ERROR] AI 调用异常 ([deepseek] 3/6 策略=仅标题+链接 retry=2): Error code: 401 - {'error': {'message': 'Authentication Fails, Your api key: ****df0d is invalid', 'type': 'authentication_error', 'param': None, 'code': 'invalid_request_error'}}
2026-08-02 21:01:04 [WARNING] [[deepseek] 3/6 策略=仅标题+链接 retry=2] AI 调用失败或解析失败，继续下一次尝试
2026-08-02 21:01:04 [INFO] 🤖 AI 筛选 [[deepseek] 4/6 策略=完整内容 retry=0]（36 条，11851 字符，temp=0.3）
2026-08-02 21:01:04 [ERROR] AI 调用异常 ([deepseek] 4/6 策略=完整内容 retry=0): Error code: 401 - {'error': {'message': 'Authentication Fails, Your api key: ****df0d is invalid', 'type': 'authentication_error', 'param': None, 'code': 'invalid_request_error'}}
2026-08-02 21:01:04 [WARNING] [[deepseek] 4/6 策略=完整内容 retry=0] AI 调用失败或解析失败，继续下一次尝试
2026-08-02 21:01:04 [INFO] 🤖 AI 筛选 [[deepseek] 5/6 策略=完整内容 retry=1]（36 条，11851 字符，temp=0.3）
2026-08-02 21:01:05 [ERROR] AI 调用异常 ([deepseek] 5/6 策略=完整内容 retry=1): Error code: 401 - {'error': {'message': 'Authentication Fails, Your api key: ****df0d is invalid', 'type': 'authentication_error', 'param': None, 'code': 'invalid_request_error'}}
2026-08-02 21:01:05 [WARNING] [[deepseek] 5/6 策略=完整内容 retry=1] AI 调用失败或解析失败，继续下一次尝试
2026-08-02 21:01:05 [INFO] 🤖 AI 筛选 [[deepseek] 6/6 策略=仅标题（无历史） retry=0]（36 条，7806 字符，temp=0.3）
2026-08-02 21:01:05 [ERROR] AI 调用异常 ([deepseek] 6/6 策略=仅标题（无历史） retry=0): Error code: 401 - {'error': {'message': 'Authentication Fails, Your api key: ****df0d is invalid', 'type': 'authentication_error', 'param': None, 'code': 'invalid_request_error'}}
2026-08-02 21:01:05 [WARNING] [[deepseek] 6/6 策略=仅标题（无历史） retry=0] AI 调用失败或解析失败，继续下一次尝试
2026-08-02 21:01:05 [WARNING] [deepseek] 已达最大尝试次数 6，停止
2026-08-02 21:01:05 [INFO] ⚠️ deepseek 未能产出满意结果，尝试下一个提供商
2026-08-02 21:01:05 [INFO] 🔄 尝试 AI 提供商: zhipu
2026-08-02 21:01:05 [ERROR] 未设置环境变量 ZHIPU_API_KEY，无法使用 zhipu
2026-08-02 21:01:05 [INFO] ⚠️ zhipu 未能产出满意结果，尝试下一个提供商
2026-08-02 21:01:05 [INFO] 🔄 尝试 AI 提供商: kimi
2026-08-02 21:01:05 [ERROR] 未设置环境变量 KIMI_API_KEY，无法使用 kimi
2026-08-02 21:01:05 [INFO] ⚠️ kimi 未能产出满意结果，尝试下一个提供商
2026-08-02 21:01:05 [INFO] 🔄 尝试 AI 提供商: huoshan
2026-08-02 21:01:05 [ERROR] 未设置环境变量 HUOSHAN_API_KEY，无法使用 huoshan
2026-08-02 21:01:05 [INFO] ⚠️ huoshan 未能产出满意结果，尝试下一个提供商
2026-08-02 21:01:05 [ERROR] ❌ 所有提供商均失败，返回空列表
2026-08-02 21:01:05 [INFO] 📦 JSON 已保存: reports/2026-08-03-05.json
2026-08-02 21:01:05 [INFO] ✅ AI 筛选完成，共 0 条交易相关消息
2026-08-02 22:00:54 [INFO] 🚀 开始抓取 2026-08-03 06:00 币圈新闻
2026-08-02 22:00:55 [INFO] 📡 抓取 RSS 新闻源...
2026-08-02 22:00:55 [INFO] 📡 抓取交易所公告 & 链上数据...
2026-08-02 22:00:55 [INFO]   ⏭ The Block: 过滤掉 19 条非近期新闻
2026-08-02 22:00:55 [INFO]   ⏭ Decrypt: 过滤掉 38 条非近期新闻
2026-08-02 22:00:55 [INFO]   ⏭ CoinTelegraph: 过滤掉 30 条非近期新闻
2026-08-02 22:00:55 [INFO]   ⏭ CoinDesk: 过滤掉 25 条非近期新闻
2026-08-02 22:00:55 [WARNING] 解析失败 Bitget公告: 'NoneType' object is not subscriptable
2026-08-02 22:00:55 [INFO]   ⏭ Bitcoin Magazine: 过滤掉 10 条非近期新闻
2026-08-02 22:00:55 [INFO]   ⏭ Bloomberg Crypto: 过滤掉 50 条非近期新闻
2026-08-02 22:00:55 [INFO]   ⏭ Reuters Crypto: 过滤掉 50 条非近期新闻
2026-08-02 22:00:55 [INFO]   ⏭ 宏观经济: 过滤掉 49 条非近期新闻
2026-08-02 22:00:55 [INFO]   ⏭ Blockworks: 过滤掉 50 条非近期新闻
2026-08-02 22:00:55 [INFO]   ⏭ CNBC Crypto: 过滤掉 50 条非近期新闻
2026-08-02 22:00:55 [INFO]   ⏭ DeFi Llama: 过滤掉 50 条非近期新闻
2026-08-02 22:00:55 [INFO]   ⏭ DL News: 过滤掉 50 条非近期新闻
2026-08-02 22:00:55 [INFO]   ⏭ Decrypt: 过滤掉 50 条非近期新闻
2026-08-02 22:00:56 [INFO]   ⏭ 雪球加密: 过滤掉 50 条非近期新闻
2026-08-02 22:00:56 [INFO]   ⏭ Reddit r/bitcoin: 过滤掉 20 条非近期新闻
2026-08-02 22:00:56 [INFO]   ⏭ Bitcoin Magazine: 过滤掉 50 条非近期新闻
2026-08-02 22:00:56 [INFO]   ⏭ Blockworks: 过滤掉 3 条非近期新闻
2026-08-02 22:00:56 [INFO]   ⏭ CoinDesk: 过滤掉 49 条非近期新闻
2026-08-02 22:00:56 [INFO]   ⏭ 吴说区块链: 过滤掉 46 条非近期新闻
2026-08-02 22:00:56 [INFO]   ⏭ Crypto Twitter: 过滤掉 47 条非近期新闻
2026-08-02 22:00:58 [INFO]   ⏭ PANews: 过滤掉 50 条非近期新闻
2026-08-02 22:00:58 [INFO]   ⏭ 律动BlockBeats: 过滤掉 50 条非近期新闻
2026-08-02 22:00:59 [INFO]   ⏭ 金色财经: 过滤掉 16 条非近期新闻
2026-08-02 22:01:10 [DEBUG] 请求失败 https://rsshub.rssforever.com/cointelegraph: 
2026-08-02 22:01:11 [INFO]   ⏭ CoinTelegraph: 过滤掉 50 条非近期新闻
2026-08-02 22:01:11 [DEBUG] 请求失败 https://rsshub.rssforever.com/bloomberg/crypto: 
2026-08-02 22:01:11 [INFO]   ✓ CoinDesk: 1 条
2026-08-02 22:01:11 [INFO]   ✓ The Block: 1 条
2026-08-02 22:01:11 [INFO]   ✓ Decrypt: 0 条
2026-08-02 22:01:11 [INFO]   ✓ CoinTelegraph: 0 条
2026-08-02 22:01:11 [INFO]   ✓ Bitcoin Magazine: 0 条
2026-08-02 22:01:11 [INFO]   ✓ Blockworks: 0 条
2026-08-02 22:01:11 [INFO]   ✓ DL News: 0 条
2026-08-02 22:01:11 [INFO]   ✓ 金色财经: 4 条
2026-08-02 22:01:11 [INFO]   ✓ PANews: 0 条
2026-08-02 22:01:11 [INFO]   ✓ 律动BlockBeats: 0 条
2026-08-02 22:01:11 [INFO]   ✓ 吴说区块链: 0 条
2026-08-02 22:01:11 [INFO]   ✓ Bloomberg Crypto: 0 条
2026-08-02 22:01:11 [INFO]   ✓ Reuters Crypto: 0 条
2026-08-02 22:01:11 [INFO]   ✓ CNBC Crypto: 0 条
2026-08-02 22:01:11 [INFO]   ✓ Reddit r/cryptocurrency: 0 条
2026-08-02 22:01:11 [INFO]   ✓ Reddit r/bitcoin: 5 条
2026-08-02 22:01:11 [INFO]   ✓ Crypto Twitter: 3 条
2026-08-02 22:01:11 [INFO]   ✓ 宏观经济: 1 条
2026-08-02 22:01:11 [INFO]   ✓ Binance公告: 20 条
2026-08-02 22:01:11 [INFO]   ✓ OKX公告: 0 条
2026-08-02 22:01:11 [INFO]   ✓ Bitget公告: 0 条
2026-08-02 22:01:11 [INFO]   ✓ Whale Alert: 0 条
2026-08-02 22:01:11 [INFO]   ✓ Fear & Greed Index: 1 条
2026-08-02 22:01:11 [INFO]   ✓ DeFi Llama: 0 条
2026-08-02 22:01:11 [INFO]   ✓ 雪球加密: 0 条
2026-08-02 22:01:11 [INFO] 📊 共抓取 36 条新闻
2026-08-02 22:01:11 [INFO] 📋 原始新闻已保存: reports/2026-08-03-06-raw.json (36 条)
2026-08-02 22:01:11 [INFO] 📋 标题摘要已保存: reports/2026-08-03-06-raw-titles.md
2026-08-02 22:01:11 [INFO] ✅ 抓取完成，共 36 条，已保存到 reports/2026-08-03-06-raw.json
2026-08-02 22:01:11 [INFO] 🤖 开始 AI 筛选 2026-08-03 06:00 币圈消息
2026-08-02 22:01:11 [INFO] 📋 已加载原始新闻: reports/2026-08-03-06-raw.json (36 条)
2026-08-02 22:01:11 [INFO] 📚 已加载历史新闻标题（17687 字符）
2026-08-02 22:01:11 [INFO] 📚 已加载历史筛选标题 0 条、URL 0 个，用于去重
2026-08-02 22:01:11 [INFO] 🔄 尝试 AI 提供商: deepseek
2026-08-02 22:01:11 [INFO] 🤖 使用 AI 提供商: deepseek (模型: deepseek-v4-flash)
2026-08-02 22:01:11 [INFO] 🤖 AI 筛选 [[deepseek] 1/6 策略=仅标题+链接 retry=0]（36 条，7234 字符，temp=0.3）
2026-08-02 22:01:12 [ERROR] AI 调用异常 ([deepseek] 1/6 策略=仅标题+链接 retry=0): Error code: 401 - {'error': {'message': 'Authentication Fails, Your api key: ****df0d is invalid', 'type': 'authentication_error', 'param': None, 'code': 'invalid_request_error'}}
2026-08-02 22:01:12 [WARNING] [[deepseek] 1/6 策略=仅标题+链接 retry=0] AI 调用失败或解析失败，继续下一次尝试
2026-08-02 22:01:12 [INFO] 🤖 AI 筛选 [[deepseek] 2/6 策略=仅标题+链接 retry=1]（36 条，7234 字符，temp=0.3）
2026-08-02 22:01:13 [ERROR] AI 调用异常 ([deepseek] 2/6 策略=仅标题+链接 retry=1): Error code: 401 - {'error': {'message': 'Authentication Fails, Your api key: ****df0d is invalid', 'type': 'authentication_error', 'param': None, 'code': 'invalid_request_error'}}
2026-08-02 22:01:13 [WARNING] [[deepseek] 2/6 策略=仅标题+链接 retry=1] AI 调用失败或解析失败，继续下一次尝试
2026-08-02 22:01:13 [INFO] 🤖 AI 筛选 [[deepseek] 3/6 策略=仅标题+链接 retry=2]（36 条，7234 字符，temp=0.3）
2026-08-02 22:01:13 [ERROR] AI 调用异常 ([deepseek] 3/6 策略=仅标题+链接 retry=2): Error code: 401 - {'error': {'message': 'Authentication Fails, Your api key: ****df0d is invalid', 'type': 'authentication_error', 'param': None, 'code': 'invalid_request_error'}}
2026-08-02 22:01:13 [WARNING] [[deepseek] 3/6 策略=仅标题+链接 retry=2] AI 调用失败或解析失败，继续下一次尝试
2026-08-02 22:01:13 [INFO] 🤖 AI 筛选 [[deepseek] 4/6 策略=完整内容 retry=0]（36 条，10943 字符，temp=0.3）
2026-08-02 22:01:13 [ERROR] AI 调用异常 ([deepseek] 4/6 策略=完整内容 retry=0): Error code: 401 - {'error': {'message': 'Authentication Fails, Your api key: ****df0d is invalid', 'type': 'authentication_error', 'param': None, 'code': 'invalid_request_error'}}
2026-08-02 22:01:13 [WARNING] [[deepseek] 4/6 策略=完整内容 retry=0] AI 调用失败或解析失败，继续下一次尝试
2026-08-02 22:01:13 [INFO] 🤖 AI 筛选 [[deepseek] 5/6 策略=完整内容 retry=1]（36 条，10943 字符，temp=0.3）
2026-08-02 22:01:14 [ERROR] AI 调用异常 ([deepseek] 5/6 策略=完整内容 retry=1): Error code: 401 - {'error': {'message': 'Authentication Fails, Your api key: ****df0d is invalid', 'type': 'authentication_error', 'param': None, 'code': 'invalid_request_error'}}
2026-08-02 22:01:14 [WARNING] [[deepseek] 5/6 策略=完整内容 retry=1] AI 调用失败或解析失败，继续下一次尝试
2026-08-02 22:01:14 [INFO] 🤖 AI 筛选 [[deepseek] 6/6 策略=仅标题（无历史） retry=0]（36 条，7234 字符，temp=0.3）
2026-08-02 22:01:14 [ERROR] AI 调用异常 ([deepseek] 6/6 策略=仅标题（无历史） retry=0): Error code: 401 - {'error': {'message': 'Authentication Fails, Your api key: ****df0d is invalid', 'type': 'authentication_error', 'param': None, 'code': 'invalid_request_error'}}
2026-08-02 22:01:14 [WARNING] [[deepseek] 6/6 策略=仅标题（无历史） retry=0] AI 调用失败或解析失败，继续下一次尝试
2026-08-02 22:01:14 [WARNING] [deepseek] 已达最大尝试次数 6，停止
2026-08-02 22:01:14 [INFO] ⚠️ deepseek 未能产出满意结果，尝试下一个提供商
2026-08-02 22:01:14 [INFO] 🔄 尝试 AI 提供商: zhipu
2026-08-02 22:01:14 [ERROR] 未设置环境变量 ZHIPU_API_KEY，无法使用 zhipu
2026-08-02 22:01:14 [INFO] ⚠️ zhipu 未能产出满意结果，尝试下一个提供商
2026-08-02 22:01:14 [INFO] 🔄 尝试 AI 提供商: kimi
2026-08-02 22:01:14 [ERROR] 未设置环境变量 KIMI_API_KEY，无法使用 kimi
2026-08-02 22:01:14 [INFO] ⚠️ kimi 未能产出满意结果，尝试下一个提供商
2026-08-02 22:01:14 [INFO] 🔄 尝试 AI 提供商: huoshan
2026-08-02 22:01:14 [ERROR] 未设置环境变量 HUOSHAN_API_KEY，无法使用 huoshan
2026-08-02 22:01:14 [INFO] ⚠️ huoshan 未能产出满意结果，尝试下一个提供商
2026-08-02 22:01:14 [ERROR] ❌ 所有提供商均失败，返回空列表
2026-08-02 22:01:14 [INFO] 📦 JSON 已保存: reports/2026-08-03-06.json
2026-08-02 22:01:14 [INFO] ✅ AI 筛选完成，共 0 条交易相关消息
2026-08-02 23:00:54 [INFO] 🚀 开始抓取 2026-08-03 07:00 币圈新闻
2026-08-02 23:00:54 [INFO] 📡 抓取 RSS 新闻源...
2026-08-02 23:00:54 [INFO] 📡 抓取交易所公告 & 链上数据...
2026-08-02 23:00:54 [INFO]   ⏭ The Block: 过滤掉 19 条非近期新闻
2026-08-02 23:00:54 [INFO]   ⏭ Decrypt: 过滤掉 38 条非近期新闻
2026-08-02 23:00:54 [INFO]   ⏭ CoinTelegraph: 过滤掉 30 条非近期新闻
2026-08-02 23:00:54 [INFO]   ⏭ Decrypt: 过滤掉 50 条非近期新闻
2026-08-02 23:00:54 [INFO]   ⏭ CoinDesk: 过滤掉 25 条非近期新闻
2026-08-02 23:00:54 [INFO]   ⏭ Bitcoin Magazine: 过滤掉 10 条非近期新闻
2026-08-02 23:00:55 [WARNING] 解析失败 Bitget公告: 'NoneType' object is not subscriptable
2026-08-02 23:00:55 [INFO]   ⏭ Blockworks: 过滤掉 50 条非近期新闻
2026-08-02 23:00:55 [INFO]   ⏭ Bloomberg Crypto: 过滤掉 50 条非近期新闻
2026-08-02 23:00:55 [INFO]   ⏭ 宏观经济: 过滤掉 50 条非近期新闻
2026-08-02 23:00:55 [INFO]   ⏭ Reuters Crypto: 过滤掉 50 条非近期新闻
2026-08-02 23:00:55 [INFO]   ⏭ CNBC Crypto: 过滤掉 50 条非近期新闻
2026-08-02 23:00:55 [INFO]   ⏭ Reddit r/bitcoin: 过滤掉 22 条非近期新闻
2026-08-02 23:00:55 [INFO]   ⏭ 宏观经济: 过滤掉 50 条非近期新闻
2026-08-02 23:00:55 [INFO]   ⏭ 律动BlockBeats: 过滤掉 20 条非近期新闻
2026-08-02 23:00:55 [INFO]   ⏭ Blockworks: 过滤掉 3 条非近期新闻
2026-08-02 23:00:55 [INFO]   ⏭ 吴说区块链: 过滤掉 45 条非近期新闻
2026-08-02 23:00:55 [INFO]   ⏭ Bitcoin Magazine: 过滤掉 50 条非近期新闻
2026-08-02 23:00:55 [INFO]   ⏭ DL News: 过滤掉 50 条非近期新闻
2026-08-02 23:00:55 [INFO]   ⏭ 雪球加密: 过滤掉 50 条非近期新闻
2026-08-02 23:00:55 [INFO]   ⏭ CoinDesk: 过滤掉 50 条非近期新闻
2026-08-02 23:00:56 [INFO]   ⏭ 律动BlockBeats: 过滤掉 50 条非近期新闻
2026-08-02 23:00:56 [INFO]   ⏭ Crypto Twitter: 过滤掉 48 条非近期新闻
2026-08-02 23:00:56 [INFO]   ⏭ DeFi Llama: 过滤掉 50 条非近期新闻
2026-08-02 23:00:56 [INFO]   ⏭ PANews: 过滤掉 50 条非近期新闻
2026-08-02 23:00:58 [INFO]   ⏭ CoinTelegraph: 过滤掉 23 条非近期新闻
2026-08-02 23:00:59 [INFO]   ⏭ CoinTelegraph: 过滤掉 50 条非近期新闻
2026-08-02 23:00:59 [INFO]   ⏭ 金色财经: 过滤掉 2 条非近期新闻
2026-08-02 23:00:59 [INFO]   ✓ CoinDesk: 0 条
2026-08-02 23:00:59 [INFO]   ✓ The Block: 1 条
2026-08-02 23:00:59 [INFO]   ✓ Decrypt: 0 条
2026-08-02 23:00:59 [INFO]   ✓ CoinTelegraph: 0 条
2026-08-02 23:00:59 [INFO]   ✓ Bitcoin Magazine: 0 条
2026-08-02 23:00:59 [INFO]   ✓ Blockworks: 0 条
2026-08-02 23:00:59 [INFO]   ✓ DL News: 0 条
2026-08-02 23:00:59 [INFO]   ✓ 金色财经: 8 条
2026-08-02 23:00:59 [INFO]   ✓ PANews: 0 条
2026-08-02 23:00:59 [INFO]   ✓ 律动BlockBeats: 0 条
2026-08-02 23:00:59 [INFO]   ✓ 吴说区块链: 0 条
2026-08-02 23:00:59 [INFO]   ✓ Bloomberg Crypto: 0 条
2026-08-02 23:00:59 [INFO]   ✓ Reuters Crypto: 0 条
2026-08-02 23:00:59 [INFO]   ✓ CNBC Crypto: 0 条
2026-08-02 23:00:59 [INFO]   ✓ Reddit r/cryptocurrency: 0 条
2026-08-02 23:00:59 [INFO]   ✓ Reddit r/bitcoin: 3 条
2026-08-02 23:00:59 [INFO]   ✓ Crypto Twitter: 2 条
2026-08-02 23:00:59 [INFO]   ✓ 宏观经济: 0 条
2026-08-02 23:00:59 [INFO]   ✓ Binance公告: 20 条
2026-08-02 23:00:59 [INFO]   ✓ OKX公告: 0 条
2026-08-02 23:00:59 [INFO]   ✓ Bitget公告: 0 条
2026-08-02 23:00:59 [INFO]   ✓ Whale Alert: 0 条
2026-08-02 23:00:59 [INFO]   ✓ Fear & Greed Index: 1 条
2026-08-02 23:00:59 [INFO]   ✓ DeFi Llama: 0 条
2026-08-02 23:00:59 [INFO]   ✓ 雪球加密: 0 条
2026-08-02 23:00:59 [INFO] 📊 共抓取 35 条新闻
2026-08-02 23:00:59 [INFO] 📋 原始新闻已保存: reports/2026-08-03-07-raw.json (35 条)
2026-08-02 23:00:59 [INFO] 📋 标题摘要已保存: reports/2026-08-03-07-raw-titles.md
2026-08-02 23:00:59 [INFO] ✅ 抓取完成，共 35 条，已保存到 reports/2026-08-03-07-raw.json
2026-08-02 23:01:00 [INFO] 🤖 开始 AI 筛选 2026-08-03 07:00 币圈消息
2026-08-02 23:01:00 [INFO] 📋 已加载原始新闻: reports/2026-08-03-07-raw.json (35 条)
2026-08-02 23:01:00 [INFO] 📚 已加载历史新闻标题（17846 字符）
2026-08-02 23:01:00 [INFO] 📚 已加载历史筛选标题 0 条、URL 0 个，用于去重
2026-08-02 23:01:00 [INFO] 🔄 尝试 AI 提供商: deepseek
2026-08-02 23:01:00 [INFO] 🤖 使用 AI 提供商: deepseek (模型: deepseek-v4-flash)
2026-08-02 23:01:00 [INFO] 🤖 AI 筛选 [[deepseek] 1/6 策略=仅标题+链接 retry=0]（35 条，5982 字符，temp=0.3）
2026-08-02 23:01:01 [ERROR] AI 调用异常 ([deepseek] 1/6 策略=仅标题+链接 retry=0): Error code: 401 - {'error': {'message': 'Authentication Fails, Your api key: ****df0d is invalid', 'type': 'authentication_error', 'param': None, 'code': 'invalid_request_error'}}
2026-08-02 23:01:01 [WARNING] [[deepseek] 1/6 策略=仅标题+链接 retry=0] AI 调用失败或解析失败，继续下一次尝试
2026-08-02 23:01:01 [INFO] 🤖 AI 筛选 [[deepseek] 2/6 策略=仅标题+链接 retry=1]（35 条，5982 字符，temp=0.3）
2026-08-02 23:01:01 [ERROR] AI 调用异常 ([deepseek] 2/6 策略=仅标题+链接 retry=1): Error code: 401 - {'error': {'message': 'Authentication Fails, Your api key: ****df0d is invalid', 'type': 'authentication_error', 'param': None, 'code': 'invalid_request_error'}}
2026-08-02 23:01:01 [WARNING] [[deepseek] 2/6 策略=仅标题+链接 retry=1] AI 调用失败或解析失败，继续下一次尝试
2026-08-02 23:01:01 [INFO] 🤖 AI 筛选 [[deepseek] 3/6 策略=仅标题+链接 retry=2]（35 条，5982 字符，temp=0.3）
2026-08-02 23:01:01 [ERROR] AI 调用异常 ([deepseek] 3/6 策略=仅标题+链接 retry=2): Error code: 401 - {'error': {'message': 'Authentication Fails, Your api key: ****df0d is invalid', 'type': 'authentication_error', 'param': None, 'code': 'invalid_request_error'}}
2026-08-02 23:01:01 [WARNING] [[deepseek] 3/6 策略=仅标题+链接 retry=2] AI 调用失败或解析失败，继续下一次尝试
2026-08-02 23:01:01 [INFO] 🤖 AI 筛选 [[deepseek] 4/6 策略=完整内容 retry=0]（35 条，9717 字符，temp=0.3）
2026-08-02 23:01:02 [ERROR] AI 调用异常 ([deepseek] 4/6 策略=完整内容 retry=0): Error code: 401 - {'error': {'message': 'Authentication Fails, Your api key: ****df0d is invalid', 'type': 'authentication_error', 'param': None, 'code': 'invalid_request_error'}}
2026-08-02 23:01:02 [WARNING] [[deepseek] 4/6 策略=完整内容 retry=0] AI 调用失败或解析失败，继续下一次尝试
2026-08-02 23:01:02 [INFO] 🤖 AI 筛选 [[deepseek] 5/6 策略=完整内容 retry=1]（35 条，9717 字符，temp=0.3）
2026-08-02 23:01:02 [ERROR] AI 调用异常 ([deepseek] 5/6 策略=完整内容 retry=1): Error code: 401 - {'error': {'message': 'Authentication Fails, Your api key: ****df0d is invalid', 'type': 'authentication_error', 'param': None, 'code': 'invalid_request_error'}}
2026-08-02 23:01:02 [WARNING] [[deepseek] 5/6 策略=完整内容 retry=1] AI 调用失败或解析失败，继续下一次尝试
2026-08-02 23:01:02 [INFO] 🤖 AI 筛选 [[deepseek] 6/6 策略=仅标题（无历史） retry=0]（35 条，5982 字符，temp=0.3）
2026-08-02 23:01:02 [ERROR] AI 调用异常 ([deepseek] 6/6 策略=仅标题（无历史） retry=0): Error code: 401 - {'error': {'message': 'Authentication Fails, Your api key: ****df0d is invalid', 'type': 'authentication_error', 'param': None, 'code': 'invalid_request_error'}}
2026-08-02 23:01:02 [WARNING] [[deepseek] 6/6 策略=仅标题（无历史） retry=0] AI 调用失败或解析失败，继续下一次尝试
2026-08-02 23:01:02 [WARNING] [deepseek] 已达最大尝试次数 6，停止
2026-08-02 23:01:02 [INFO] ⚠️ deepseek 未能产出满意结果，尝试下一个提供商
2026-08-02 23:01:02 [INFO] 🔄 尝试 AI 提供商: zhipu
2026-08-02 23:01:02 [ERROR] 未设置环境变量 ZHIPU_API_KEY，无法使用 zhipu
2026-08-02 23:01:02 [INFO] ⚠️ zhipu 未能产出满意结果，尝试下一个提供商
2026-08-02 23:01:02 [INFO] 🔄 尝试 AI 提供商: kimi
2026-08-02 23:01:02 [ERROR] 未设置环境变量 KIMI_API_KEY，无法使用 kimi
2026-08-02 23:01:02 [INFO] ⚠️ kimi 未能产出满意结果，尝试下一个提供商
2026-08-02 23:01:02 [INFO] 🔄 尝试 AI 提供商: huoshan
2026-08-02 23:01:02 [ERROR] 未设置环境变量 HUOSHAN_API_KEY，无法使用 huoshan
2026-08-02 23:01:02 [INFO] ⚠️ huoshan 未能产出满意结果，尝试下一个提供商
2026-08-02 23:01:02 [ERROR] ❌ 所有提供商均失败，返回空列表
2026-08-02 23:01:02 [INFO] 📦 JSON 已保存: reports/2026-08-03-07.json
2026-08-02 23:01:02 [INFO] ✅ AI 筛选完成，共 0 条交易相关消息
2026-08-03 00:00:54 [INFO] 🚀 开始抓取 2026-08-03 08:00 币圈新闻
2026-08-03 00:00:54 [INFO] 📡 抓取 RSS 新闻源...
2026-08-03 00:00:54 [INFO] 📡 抓取交易所公告 & 链上数据...
2026-08-03 00:00:54 [INFO]   ⏭ Decrypt: 过滤掉 50 条非近期新闻
2026-08-03 00:00:54 [INFO]   ⏭ The Block: 过滤掉 20 条非近期新闻
2026-08-03 00:00:54 [INFO]   ⏭ CoinTelegraph: 过滤掉 29 条非近期新闻
2026-08-03 00:00:54 [WARNING] 解析失败 Bitget公告: 'NoneType' object is not subscriptable
2026-08-03 00:00:54 [INFO]   ⏭ Reuters Crypto: 过滤掉 50 条非近期新闻
2026-08-03 00:00:55 [INFO]   ⏭ Bloomberg Crypto: 过滤掉 50 条非近期新闻
2026-08-03 00:00:55 [INFO]   ⏭ 宏观经济: 过滤掉 50 条非近期新闻
2026-08-03 00:00:55 [INFO]   ⏭ CNBC Crypto: 过滤掉 49 条非近期新闻
2026-08-03 00:00:55 [INFO]   ⏭ Reddit r/cryptocurrency: 过滤掉 22 条非近期新闻
2026-08-03 00:00:55 [INFO]   ⏭ Bitcoin Magazine: 过滤掉 10 条非近期新闻
2026-08-03 00:00:55 [INFO]   ⏭ CoinDesk: 过滤掉 25 条非近期新闻
2026-08-03 00:00:55 [INFO]   ⏭ Blockworks: 过滤掉 50 条非近期新闻
2026-08-03 00:00:55 [INFO]   ⏭ 宏观经济: 过滤掉 50 条非近期新闻
2026-08-03 00:00:55 [INFO]   ⏭ DL News: 过滤掉 50 条非近期新闻
2026-08-03 00:00:55 [INFO]   ⏭ Bitcoin Magazine: 过滤掉 50 条非近期新闻
2026-08-03 00:00:55 [INFO]   ⏭ Decrypt: 过滤掉 50 条非近期新闻
2026-08-03 00:00:55 [INFO]   ⏭ The Block: 过滤掉 50 条非近期新闻
2026-08-03 00:00:55 [INFO]   ⏭ Blockworks: 过滤掉 3 条非近期新闻
2026-08-03 00:00:56 [INFO]   ⏭ 雪球加密: 过滤掉 50 条非近期新闻
2026-08-03 00:00:56 [INFO]   ⏭ CoinDesk: 过滤掉 50 条非近期新闻
2026-08-03 00:00:56 [INFO]   ⏭ 吴说区块链: 过滤掉 45 条非近期新闻
2026-08-03 00:00:56 [INFO]   ⏭ DeFi Llama: 过滤掉 50 条非近期新闻
2026-08-03 00:00:56 [INFO]   ⏭ Crypto Twitter: 过滤掉 49 条非近期新闻
2026-08-03 00:01:10 [DEBUG] 请求失败 https://rsshub.rssforever.com/jinse/lives: 
2026-08-03 00:01:10 [DEBUG] 请求失败 https://rsshub.rssforever.com/theblockbeats/newsflash: 
2026-08-03 00:01:10 [DEBUG] 请求失败 https://rsshub.rssforever.com/panewslab/news: 
2026-08-03 00:01:10 [INFO]   ⏭ 律动BlockBeats: 过滤掉 50 条非近期新闻
2026-08-03 00:01:10 [INFO]   ⏭ PANews: 过滤掉 50 条非近期新闻
2026-08-03 00:01:10 [INFO]   ✓ CoinDesk: 0 条
2026-08-03 00:01:10 [INFO]   ✓ The Block: 0 条
2026-08-03 00:01:10 [INFO]   ✓ Decrypt: 0 条
2026-08-03 00:01:10 [INFO]   ✓ CoinTelegraph: 1 条
2026-08-03 00:01:10 [INFO]   ✓ Bitcoin Magazine: 0 条
2026-08-03 00:01:10 [INFO]   ✓ Blockworks: 0 条
2026-08-03 00:01:10 [INFO]   ✓ DL News: 0 条
2026-08-03 00:01:10 [INFO]   ✓ 金色财经: 0 条
2026-08-03 00:01:10 [INFO]   ✓ PANews: 0 条
2026-08-03 00:01:10 [INFO]   ✓ 律动BlockBeats: 0 条
2026-08-03 00:01:10 [INFO]   ✓ 吴说区块链: 0 条
2026-08-03 00:01:10 [INFO]   ✓ Bloomberg Crypto: 0 条
2026-08-03 00:01:10 [INFO]   ✓ Reuters Crypto: 0 条
2026-08-03 00:01:10 [INFO]   ✓ CNBC Crypto: 1 条
2026-08-03 00:01:10 [INFO]   ✓ Reddit r/cryptocurrency: 3 条
2026-08-03 00:01:10 [INFO]   ✓ Reddit r/bitcoin: 0 条
2026-08-03 00:01:10 [INFO]   ✓ Crypto Twitter: 1 条
2026-08-03 00:01:10 [INFO]   ✓ 宏观经济: 0 条
2026-08-03 00:01:10 [INFO]   ✓ Binance公告: 20 条
2026-08-03 00:01:10 [INFO]   ✓ OKX公告: 0 条
2026-08-03 00:01:10 [INFO]   ✓ Bitget公告: 0 条
2026-08-03 00:01:10 [INFO]   ✓ Whale Alert: 0 条
2026-08-03 00:01:10 [INFO]   ✓ Fear & Greed Index: 1 条
2026-08-03 00:01:10 [INFO]   ✓ DeFi Llama: 0 条
2026-08-03 00:01:10 [INFO]   ✓ 雪球加密: 0 条
2026-08-03 00:01:10 [INFO] 📊 共抓取 27 条新闻
2026-08-03 00:01:10 [INFO] 📋 原始新闻已保存: reports/2026-08-03-08-raw.json (27 条)
2026-08-03 00:01:10 [INFO] 📋 标题摘要已保存: reports/2026-08-03-08-raw-titles.md
2026-08-03 00:01:10 [INFO] ✅ 抓取完成，共 27 条，已保存到 reports/2026-08-03-08-raw.json
2026-08-03 00:01:11 [INFO] 🤖 开始 AI 筛选 2026-08-03 08:00 币圈消息
2026-08-03 00:01:11 [INFO] 📋 已加载原始新闻: reports/2026-08-03-08-raw.json (27 条)
2026-08-03 00:01:11 [INFO] 📚 已加载历史新闻标题（17301 字符）
2026-08-03 00:01:11 [INFO] 📚 已加载历史筛选标题 0 条、URL 0 个，用于去重
2026-08-03 00:01:11 [INFO] 🔄 尝试 AI 提供商: deepseek
2026-08-03 00:01:11 [INFO] 🤖 使用 AI 提供商: deepseek (模型: deepseek-v4-flash)
2026-08-03 00:01:11 [INFO] 🤖 AI 筛选 [[deepseek] 1/6 策略=仅标题+链接 retry=0]（27 条，5433 字符，temp=0.3）
2026-08-03 00:01:12 [ERROR] AI 调用异常 ([deepseek] 1/6 策略=仅标题+链接 retry=0): Error code: 401 - {'error': {'message': 'Authentication Fails, Your api key: ****df0d is invalid', 'type': 'authentication_error', 'param': None, 'code': 'invalid_request_error'}}
2026-08-03 00:01:12 [WARNING] [[deepseek] 1/6 策略=仅标题+链接 retry=0] AI 调用失败或解析失败，继续下一次尝试
2026-08-03 00:01:12 [INFO] 🤖 AI 筛选 [[deepseek] 2/6 策略=仅标题+链接 retry=1]（27 条，5433 字符，temp=0.3）
2026-08-03 00:01:13 [ERROR] AI 调用异常 ([deepseek] 2/6 策略=仅标题+链接 retry=1): Error code: 401 - {'error': {'message': 'Authentication Fails, Your api key: ****df0d is invalid', 'type': 'authentication_error', 'param': None, 'code': 'invalid_request_error'}}
2026-08-03 00:01:13 [WARNING] [[deepseek] 2/6 策略=仅标题+链接 retry=1] AI 调用失败或解析失败，继续下一次尝试
2026-08-03 00:01:13 [INFO] 🤖 AI 筛选 [[deepseek] 3/6 策略=仅标题+链接 retry=2]（27 条，5433 字符，temp=0.3）
2026-08-03 00:01:13 [ERROR] AI 调用异常 ([deepseek] 3/6 策略=仅标题+链接 retry=2): Error code: 401 - {'error': {'message': 'Authentication Fails, Your api key: ****df0d is invalid', 'type': 'authentication_error', 'param': None, 'code': 'invalid_request_error'}}
2026-08-03 00:01:13 [WARNING] [[deepseek] 3/6 策略=仅标题+链接 retry=2] AI 调用失败或解析失败，继续下一次尝试
2026-08-03 00:01:13 [INFO] 🤖 AI 筛选 [[deepseek] 4/6 策略=完整内容 retry=0]（27 条，7859 字符，temp=0.3）
2026-08-03 00:01:13 [ERROR] AI 调用异常 ([deepseek] 4/6 策略=完整内容 retry=0): Error code: 401 - {'error': {'message': 'Authentication Fails, Your api key: ****df0d is invalid', 'type': 'authentication_error', 'param': None, 'code': 'invalid_request_error'}}
2026-08-03 00:01:13 [WARNING] [[deepseek] 4/6 策略=完整内容 retry=0] AI 调用失败或解析失败，继续下一次尝试
2026-08-03 00:01:13 [INFO] 🤖 AI 筛选 [[deepseek] 5/6 策略=完整内容 retry=1]（27 条，7859 字符，temp=0.3）
2026-08-03 00:01:14 [ERROR] AI 调用异常 ([deepseek] 5/6 策略=完整内容 retry=1): Error code: 401 - {'error': {'message': 'Authentication Fails, Your api key: ****df0d is invalid', 'type': 'authentication_error', 'param': None, 'code': 'invalid_request_error'}}
2026-08-03 00:01:14 [WARNING] [[deepseek] 5/6 策略=完整内容 retry=1] AI 调用失败或解析失败，继续下一次尝试
2026-08-03 00:01:14 [INFO] 🤖 AI 筛选 [[deepseek] 6/6 策略=仅标题（无历史） retry=0]（27 条，5433 字符，temp=0.3）
2026-08-03 00:01:14 [ERROR] AI 调用异常 ([deepseek] 6/6 策略=仅标题（无历史） retry=0): Error code: 401 - {'error': {'message': 'Authentication Fails, Your api key: ****df0d is invalid', 'type': 'authentication_error', 'param': None, 'code': 'invalid_request_error'}}
2026-08-03 00:01:14 [WARNING] [[deepseek] 6/6 策略=仅标题（无历史） retry=0] AI 调用失败或解析失败，继续下一次尝试
2026-08-03 00:01:14 [WARNING] [deepseek] 已达最大尝试次数 6，停止
2026-08-03 00:01:14 [INFO] ⚠️ deepseek 未能产出满意结果，尝试下一个提供商
2026-08-03 00:01:14 [INFO] 🔄 尝试 AI 提供商: zhipu
2026-08-03 00:01:14 [ERROR] 未设置环境变量 ZHIPU_API_KEY，无法使用 zhipu
2026-08-03 00:01:14 [INFO] ⚠️ zhipu 未能产出满意结果，尝试下一个提供商
2026-08-03 00:01:14 [INFO] 🔄 尝试 AI 提供商: kimi
2026-08-03 00:01:14 [ERROR] 未设置环境变量 KIMI_API_KEY，无法使用 kimi
2026-08-03 00:01:14 [INFO] ⚠️ kimi 未能产出满意结果，尝试下一个提供商
2026-08-03 00:01:14 [INFO] 🔄 尝试 AI 提供商: huoshan
2026-08-03 00:01:14 [ERROR] 未设置环境变量 HUOSHAN_API_KEY，无法使用 huoshan
2026-08-03 00:01:14 [INFO] ⚠️ huoshan 未能产出满意结果，尝试下一个提供商
2026-08-03 00:01:14 [ERROR] ❌ 所有提供商均失败，返回空列表
2026-08-03 00:01:14 [INFO] 📦 JSON 已保存: reports/2026-08-03-08.json
2026-08-03 00:01:14 [INFO] ✅ AI 筛选完成，共 0 条交易相关消息
2026-08-03 01:00:52 [INFO] 🚀 开始抓取 2026-08-03 09:00 币圈新闻
2026-08-03 01:00:52 [INFO] 📡 抓取 RSS 新闻源...
2026-08-03 01:00:52 [INFO] 📡 抓取交易所公告 & 链上数据...
2026-08-03 01:00:52 [INFO]   ⏭ Decrypt: 过滤掉 38 条非近期新闻
2026-08-03 01:00:52 [INFO]   ⏭ CoinTelegraph: 过滤掉 29 条非近期新闻
2026-08-03 01:00:52 [INFO]   ⏭ The Block: 过滤掉 20 条非近期新闻
2026-08-03 01:00:52 [WARNING] 解析失败 Bitget公告: 'NoneType' object is not subscriptable
2026-08-03 01:00:52 [INFO]   ⏭ Bloomberg Crypto: 过滤掉 50 条非近期新闻
2026-08-03 01:00:53 [INFO]   ⏭ CoinDesk: 过滤掉 25 条非近期新闻
2026-08-03 01:00:53 [INFO]   ⏭ Reuters Crypto: 过滤掉 50 条非近期新闻
2026-08-03 01:00:53 [INFO]   ⏭ Bitcoin Magazine: 过滤掉 10 条非近期新闻
2026-08-03 01:00:53 [INFO]   ⏭ 宏观经济: 过滤掉 50 条非近期新闻
2026-08-03 01:00:53 [INFO]   ⏭ CNBC Crypto: 过滤掉 48 条非近期新闻
2026-08-03 01:00:53 [INFO]   ⏭ Reddit r/bitcoin: 过滤掉 23 条非近期新闻
2026-08-03 01:00:53 [INFO]   ⏭ Bitcoin Magazine: 过滤掉 50 条非近期新闻
2026-08-03 01:00:53 [INFO]   ⏭ Blockworks: 过滤掉 50 条非近期新闻
2026-08-03 01:00:53 [INFO]   ⏭ DL News: 过滤掉 50 条非近期新闻
2026-08-03 01:00:53 [INFO]   ⏭ Decrypt: 过滤掉 50 条非近期新闻
2026-08-03 01:00:53 [INFO]   ⏭ 宏观经济: 过滤掉 50 条非近期新闻
2026-08-03 01:00:53 [INFO]   ⏭ Blockworks: 过滤掉 3 条非近期新闻
2026-08-03 01:00:53 [INFO]   ⏭ DeFi Llama: 过滤掉 50 条非近期新闻
2026-08-03 01:00:54 [INFO]   ⏭ 雪球加密: 过滤掉 50 条非近期新闻
2026-08-03 01:00:54 [INFO]   ⏭ CoinDesk: 过滤掉 50 条非近期新闻
2026-08-03 01:00:54 [INFO]   ⏭ 吴说区块链: 过滤掉 45 条非近期新闻
2026-08-03 01:00:54 [INFO]   ⏭ The Block: 过滤掉 50 条非近期新闻
2026-08-03 01:00:54 [INFO]   ⏭ Crypto Twitter: 过滤掉 49 条非近期新闻
2026-08-03 01:00:55 [INFO]   ⏭ PANews: 过滤掉 50 条非近期新闻
2026-08-03 01:00:56 [INFO]   ⏭ 律动BlockBeats: 过滤掉 50 条非近期新闻
2026-08-03 01:00:56 [INFO]   ⏭ 金色财经: 过滤掉 5 条非近期新闻
2026-08-03 01:01:08 [DEBUG] 请求失败 https://rsshub.rssforever.com/bloomberg/crypto: 
2026-08-03 01:01:08 [INFO]   ✓ CoinDesk: 0 条
2026-08-03 01:01:08 [INFO]   ✓ The Block: 0 条
2026-08-03 01:01:08 [INFO]   ✓ Decrypt: 0 条
2026-08-03 01:01:08 [INFO]   ✓ CoinTelegraph: 1 条
2026-08-03 01:01:08 [INFO]   ✓ Bitcoin Magazine: 0 条
2026-08-03 01:01:08 [INFO]   ✓ Blockworks: 0 条
2026-08-03 01:01:08 [INFO]   ✓ DL News: 0 条
2026-08-03 01:01:08 [INFO]   ✓ 金色财经: 15 条
2026-08-03 01:01:08 [INFO]   ✓ PANews: 0 条
2026-08-03 01:01:08 [INFO]   ✓ 律动BlockBeats: 0 条
2026-08-03 01:01:08 [INFO]   ✓ 吴说区块链: 0 条
2026-08-03 01:01:08 [INFO]   ✓ Bloomberg Crypto: 0 条
2026-08-03 01:01:08 [INFO]   ✓ Reuters Crypto: 0 条
2026-08-03 01:01:08 [INFO]   ✓ CNBC Crypto: 2 条
2026-08-03 01:01:08 [INFO]   ✓ Reddit r/cryptocurrency: 0 条
2026-08-03 01:01:08 [INFO]   ✓ Reddit r/bitcoin: 2 条
2026-08-03 01:01:08 [INFO]   ✓ Crypto Twitter: 1 条
2026-08-03 01:01:08 [INFO]   ✓ 宏观经济: 0 条
2026-08-03 01:01:08 [INFO]   ✓ Binance公告: 20 条
2026-08-03 01:01:08 [INFO]   ✓ OKX公告: 0 条
2026-08-03 01:01:08 [INFO]   ✓ Bitget公告: 0 条
2026-08-03 01:01:08 [INFO]   ✓ Whale Alert: 0 条
2026-08-03 01:01:08 [INFO]   ✓ Fear & Greed Index: 1 条
2026-08-03 01:01:08 [INFO]   ✓ DeFi Llama: 0 条
2026-08-03 01:01:08 [INFO]   ✓ 雪球加密: 0 条
2026-08-03 01:01:08 [INFO] 📊 共抓取 42 条新闻
2026-08-03 01:01:08 [INFO] 📋 原始新闻已保存: reports/2026-08-03-09-raw.json (42 条)
2026-08-03 01:01:08 [INFO] 📋 标题摘要已保存: reports/2026-08-03-09-raw-titles.md
2026-08-03 01:01:08 [INFO] ✅ 抓取完成，共 42 条，已保存到 reports/2026-08-03-09-raw.json
2026-08-03 01:01:09 [INFO] 🤖 开始 AI 筛选 2026-08-03 09:00 币圈消息
2026-08-03 01:01:09 [INFO] 📋 已加载原始新闻: reports/2026-08-03-09-raw.json (42 条)
2026-08-03 01:01:09 [INFO] 📚 已加载历史新闻标题（16548 字符）
2026-08-03 01:01:09 [INFO] 📚 已加载历史筛选标题 0 条、URL 0 个，用于去重
2026-08-03 01:01:09 [INFO] 🔄 尝试 AI 提供商: deepseek
2026-08-03 01:01:09 [INFO] 🤖 使用 AI 提供商: deepseek (模型: deepseek-v4-flash)
2026-08-03 01:01:09 [INFO] 🤖 AI 筛选 [[deepseek] 1/6 策略=仅标题+链接 retry=0]（42 条，7054 字符，temp=0.3）
2026-08-03 01:01:10 [ERROR] AI 调用异常 ([deepseek] 1/6 策略=仅标题+链接 retry=0): Error code: 401 - {'error': {'message': 'Authentication Fails, Your api key: ****df0d is invalid', 'type': 'authentication_error', 'param': None, 'code': 'invalid_request_error'}}
2026-08-03 01:01:10 [WARNING] [[deepseek] 1/6 策略=仅标题+链接 retry=0] AI 调用失败或解析失败，继续下一次尝试
2026-08-03 01:01:10 [INFO] 🤖 AI 筛选 [[deepseek] 2/6 策略=仅标题+链接 retry=1]（42 条，7054 字符，temp=0.3）
2026-08-03 01:01:10 [ERROR] AI 调用异常 ([deepseek] 2/6 策略=仅标题+链接 retry=1): Error code: 401 - {'error': {'message': 'Authentication Fails, Your api key: ****df0d is invalid', 'type': 'authentication_error', 'param': None, 'code': 'invalid_request_error'}}
2026-08-03 01:01:10 [WARNING] [[deepseek] 2/6 策略=仅标题+链接 retry=1] AI 调用失败或解析失败，继续下一次尝试
2026-08-03 01:01:10 [INFO] 🤖 AI 筛选 [[deepseek] 3/6 策略=仅标题+链接 retry=2]（42 条，7054 字符，temp=0.3）
2026-08-03 01:01:11 [ERROR] AI 调用异常 ([deepseek] 3/6 策略=仅标题+链接 retry=2): Error code: 401 - {'error': {'message': 'Authentication Fails, Your api key: ****df0d is invalid', 'type': 'authentication_error', 'param': None, 'code': 'invalid_request_error'}}
2026-08-03 01:01:11 [WARNING] [[deepseek] 3/6 策略=仅标题+链接 retry=2] AI 调用失败或解析失败，继续下一次尝试
2026-08-03 01:01:11 [INFO] 🤖 AI 筛选 [[deepseek] 4/6 策略=完整内容 retry=0]（42 条，12261 字符，temp=0.3）
2026-08-03 01:01:11 [ERROR] AI 调用异常 ([deepseek] 4/6 策略=完整内容 retry=0): Error code: 401 - {'error': {'message': 'Authentication Fails, Your api key: ****df0d is invalid', 'type': 'authentication_error', 'param': None, 'code': 'invalid_request_error'}}
2026-08-03 01:01:11 [WARNING] [[deepseek] 4/6 策略=完整内容 retry=0] AI 调用失败或解析失败，继续下一次尝试
2026-08-03 01:01:11 [INFO] 🤖 AI 筛选 [[deepseek] 5/6 策略=完整内容 retry=1]（42 条，12261 字符，temp=0.3）
2026-08-03 01:01:11 [ERROR] AI 调用异常 ([deepseek] 5/6 策略=完整内容 retry=1): Error code: 401 - {'error': {'message': 'Authentication Fails, Your api key: ****df0d is invalid', 'type': 'authentication_error', 'param': None, 'code': 'invalid_request_error'}}
2026-08-03 01:01:11 [WARNING] [[deepseek] 5/6 策略=完整内容 retry=1] AI 调用失败或解析失败，继续下一次尝试
2026-08-03 01:01:11 [INFO] 🤖 AI 筛选 [[deepseek] 6/6 策略=仅标题（无历史） retry=0]（42 条，7054 字符，temp=0.3）
2026-08-03 01:01:12 [ERROR] AI 调用异常 ([deepseek] 6/6 策略=仅标题（无历史） retry=0): Error code: 401 - {'error': {'message': 'Authentication Fails, Your api key: ****df0d is invalid', 'type': 'authentication_error', 'param': None, 'code': 'invalid_request_error'}}
2026-08-03 01:01:12 [WARNING] [[deepseek] 6/6 策略=仅标题（无历史） retry=0] AI 调用失败或解析失败，继续下一次尝试
2026-08-03 01:01:12 [WARNING] [deepseek] 已达最大尝试次数 6，停止
2026-08-03 01:01:12 [INFO] ⚠️ deepseek 未能产出满意结果，尝试下一个提供商
2026-08-03 01:01:12 [INFO] 🔄 尝试 AI 提供商: zhipu
2026-08-03 01:01:12 [ERROR] 未设置环境变量 ZHIPU_API_KEY，无法使用 zhipu
2026-08-03 01:01:12 [INFO] ⚠️ zhipu 未能产出满意结果，尝试下一个提供商
2026-08-03 01:01:12 [INFO] 🔄 尝试 AI 提供商: kimi
2026-08-03 01:01:12 [ERROR] 未设置环境变量 KIMI_API_KEY，无法使用 kimi
2026-08-03 01:01:12 [INFO] ⚠️ kimi 未能产出满意结果，尝试下一个提供商
2026-08-03 01:01:12 [INFO] 🔄 尝试 AI 提供商: huoshan
2026-08-03 01:01:12 [ERROR] 未设置环境变量 HUOSHAN_API_KEY，无法使用 huoshan
2026-08-03 01:01:12 [INFO] ⚠️ huoshan 未能产出满意结果，尝试下一个提供商
2026-08-03 01:01:12 [ERROR] ❌ 所有提供商均失败，返回空列表
2026-08-03 01:01:12 [INFO] 📦 JSON 已保存: reports/2026-08-03-09.json
2026-08-03 01:01:12 [INFO] ✅ AI 筛选完成，共 0 条交易相关消息
2026-08-03 02:01:02 [INFO] 🚀 开始抓取 2026-08-03 10:00 币圈新闻
2026-08-03 02:01:02 [INFO] 📡 抓取 RSS 新闻源...
2026-08-03 02:01:02 [INFO] 📡 抓取交易所公告 & 链上数据...
2026-08-03 02:01:02 [INFO]   ⏭ Decrypt: 过滤掉 50 条非近期新闻
2026-08-03 02:01:02 [INFO]   ⏭ The Block: 过滤掉 20 条非近期新闻
2026-08-03 02:01:02 [INFO]   ⏭ CoinTelegraph: 过滤掉 30 条非近期新闻
2026-08-03 02:01:02 [INFO]   ⏭ CoinDesk: 过滤掉 25 条非近期新闻
2026-08-03 02:01:02 [INFO]   ⏭ Bitcoin Magazine: 过滤掉 10 条非近期新闻
2026-08-03 02:01:02 [WARNING] 解析失败 Bitget公告: 'NoneType' object is not subscriptable
2026-08-03 02:01:02 [INFO]   ⏭ Blockworks: 过滤掉 50 条非近期新闻
2026-08-03 02:01:02 [INFO]   ⏭ Reuters Crypto: 过滤掉 50 条非近期新闻
2026-08-03 02:01:02 [INFO]   ⏭ Bloomberg Crypto: 过滤掉 50 条非近期新闻
2026-08-03 02:01:02 [INFO]   ⏭ 宏观经济: 过滤掉 50 条非近期新闻
2026-08-03 02:01:02 [INFO]   ⏭ CNBC Crypto: 过滤掉 49 条非近期新闻
2026-08-03 02:01:02 [INFO]   ⏭ Decrypt: 过滤掉 50 条非近期新闻
2026-08-03 02:01:02 [INFO]   ⏭ DL News: 过滤掉 50 条非近期新闻
2026-08-03 02:01:03 [INFO]   ⏭ DeFi Llama: 过滤掉 50 条非近期新闻
2026-08-03 02:01:03 [INFO]   ⏭ 雪球加密: 过滤掉 50 条非近期新闻
2026-08-03 02:01:03 [INFO]   ⏭ Reddit r/bitcoin: 过滤掉 23 条非近期新闻
2026-08-03 02:01:03 [INFO]   ⏭ The Block: 过滤掉 50 条非近期新闻
2026-08-03 02:01:03 [INFO]   ⏭ Bitcoin Magazine: 过滤掉 50 条非近期新闻
2026-08-03 02:01:03 [INFO]   ⏭ 吴说区块链: 过滤掉 45 条非近期新闻
2026-08-03 02:01:03 [INFO]   ⏭ 宏观经济: 过滤掉 50 条非近期新闻
2026-08-03 02:01:03 [INFO]   ⏭ Blockworks: 过滤掉 3 条非近期新闻
2026-08-03 02:01:03 [INFO]   ⏭ Crypto Twitter: 过滤掉 48 条非近期新闻
2026-08-03 02:01:03 [INFO]   ⏭ CoinDesk: 过滤掉 50 条非近期新闻
2026-08-03 02:01:17 [DEBUG] 请求失败 https://rsshub.rssforever.com/theblockbeats/newsflash: 
2026-08-03 02:01:17 [DEBUG] 请求失败 https://rsshub.rssforever.com/jinse/lives: 
2026-08-03 02:01:17 [DEBUG] 请求失败 https://rsshub.rssforever.com/cointelegraph: 
2026-08-03 02:01:17 [DEBUG] 请求失败 https://rsshub.rssforever.com/panewslab/news: 
2026-08-03 02:01:17 [INFO]   ⏭ PANews: 过滤掉 50 条非近期新闻
2026-08-03 02:01:17 [INFO]   ⏭ CoinTelegraph: 过滤掉 50 条非近期新闻
2026-08-03 02:01:18 [INFO]   ⏭ 律动BlockBeats: 过滤掉 50 条非近期新闻
2026-08-03 02:01:18 [DEBUG] 请求失败 https://rsshub.rssforever.com/bloomberg/crypto: 
2026-08-03 02:01:18 [INFO]   ✓ CoinDesk: 0 条
2026-08-03 02:01:18 [INFO]   ✓ The Block: 0 条
2026-08-03 02:01:18 [INFO]   ✓ Decrypt: 0 条
2026-08-03 02:01:18 [INFO]   ✓ CoinTelegraph: 0 条
2026-08-03 02:01:18 [INFO]   ✓ Bitcoin Magazine: 0 条
2026-08-03 02:01:18 [INFO]   ✓ Blockworks: 0 条
2026-08-03 02:01:18 [INFO]   ✓ DL News: 0 条
2026-08-03 02:01:18 [INFO]   ✓ 金色财经: 0 条
2026-08-03 02:01:18 [INFO]   ✓ PANews: 0 条
2026-08-03 02:01:18 [INFO]   ✓ 律动BlockBeats: 0 条
2026-08-03 02:01:18 [INFO]   ✓ 吴说区块链: 0 条
2026-08-03 02:01:18 [INFO]   ✓ Bloomberg Crypto: 0 条
2026-08-03 02:01:18 [INFO]   ✓ Reuters Crypto: 0 条
2026-08-03 02:01:18 [INFO]   ✓ CNBC Crypto: 1 条
2026-08-03 02:01:18 [INFO]   ✓ Reddit r/cryptocurrency: 0 条
2026-08-03 02:01:18 [INFO]   ✓ Reddit r/bitcoin: 2 条
2026-08-03 02:01:18 [INFO]   ✓ Crypto Twitter: 2 条
2026-08-03 02:01:18 [INFO]   ✓ 宏观经济: 0 条
2026-08-03 02:01:18 [INFO]   ✓ Binance公告: 20 条
2026-08-03 02:01:18 [INFO]   ✓ OKX公告: 0 条
2026-08-03 02:01:18 [INFO]   ✓ Bitget公告: 0 条
2026-08-03 02:01:18 [INFO]   ✓ Whale Alert: 0 条
2026-08-03 02:01:18 [INFO]   ✓ Fear & Greed Index: 1 条
2026-08-03 02:01:18 [INFO]   ✓ DeFi Llama: 0 条
2026-08-03 02:01:18 [INFO]   ✓ 雪球加密: 0 条
2026-08-03 02:01:18 [INFO] 📊 共抓取 26 条新闻
2026-08-03 02:01:18 [INFO] 📋 原始新闻已保存: reports/2026-08-03-10-raw.json (26 条)
2026-08-03 02:01:18 [INFO] 📋 标题摘要已保存: reports/2026-08-03-10-raw-titles.md
2026-08-03 02:01:18 [INFO] ✅ 抓取完成，共 26 条，已保存到 reports/2026-08-03-10-raw.json
2026-08-03 02:01:19 [INFO] 🤖 开始 AI 筛选 2026-08-03 10:00 币圈消息
2026-08-03 02:01:19 [INFO] 📋 已加载原始新闻: reports/2026-08-03-10-raw.json (26 条)
2026-08-03 02:01:19 [INFO] 📚 已加载历史新闻标题（16339 字符）
2026-08-03 02:01:19 [INFO] 📚 已加载历史筛选标题 0 条、URL 0 个，用于去重
2026-08-03 02:01:19 [INFO] 🔄 尝试 AI 提供商: deepseek
2026-08-03 02:01:19 [INFO] 🤖 使用 AI 提供商: deepseek (模型: deepseek-v4-flash)
2026-08-03 02:01:19 [INFO] 🤖 AI 筛选 [[deepseek] 1/6 策略=仅标题+链接 retry=0]（26 条，5533 字符，temp=0.3）
2026-08-03 02:01:19 [ERROR] AI 调用异常 ([deepseek] 1/6 策略=仅标题+链接 retry=0): Error code: 401 - {'error': {'message': 'Authentication Fails, Your api key: ****df0d is invalid', 'type': 'authentication_error', 'param': None, 'code': 'invalid_request_error'}}
2026-08-03 02:01:19 [WARNING] [[deepseek] 1/6 策略=仅标题+链接 retry=0] AI 调用失败或解析失败，继续下一次尝试
2026-08-03 02:01:19 [INFO] 🤖 AI 筛选 [[deepseek] 2/6 策略=仅标题+链接 retry=1]（26 条，5533 字符，temp=0.3）
2026-08-03 02:01:20 [ERROR] AI 调用异常 ([deepseek] 2/6 策略=仅标题+链接 retry=1): Error code: 401 - {'error': {'message': 'Authentication Fails, Your api key: ****df0d is invalid', 'type': 'authentication_error', 'param': None, 'code': 'invalid_request_error'}}
2026-08-03 02:01:20 [WARNING] [[deepseek] 2/6 策略=仅标题+链接 retry=1] AI 调用失败或解析失败，继续下一次尝试
2026-08-03 02:01:20 [INFO] 🤖 AI 筛选 [[deepseek] 3/6 策略=仅标题+链接 retry=2]（26 条，5533 字符，temp=0.3）
2026-08-03 02:01:20 [ERROR] AI 调用异常 ([deepseek] 3/6 策略=仅标题+链接 retry=2): Error code: 401 - {'error': {'message': 'Authentication Fails, Your api key: ****df0d is invalid', 'type': 'authentication_error', 'param': None, 'code': 'invalid_request_error'}}
2026-08-03 02:01:20 [WARNING] [[deepseek] 3/6 策略=仅标题+链接 retry=2] AI 调用失败或解析失败，继续下一次尝试
2026-08-03 02:01:20 [INFO] 🤖 AI 筛选 [[deepseek] 4/6 策略=完整内容 retry=0]（26 条，7629 字符，temp=0.3）
2026-08-03 02:01:20 [ERROR] AI 调用异常 ([deepseek] 4/6 策略=完整内容 retry=0): Error code: 401 - {'error': {'message': 'Authentication Fails, Your api key: ****df0d is invalid', 'type': 'authentication_error', 'param': None, 'code': 'invalid_request_error'}}
2026-08-03 02:01:20 [WARNING] [[deepseek] 4/6 策略=完整内容 retry=0] AI 调用失败或解析失败，继续下一次尝试
2026-08-03 02:01:20 [INFO] 🤖 AI 筛选 [[deepseek] 5/6 策略=完整内容 retry=1]（26 条，7629 字符，temp=0.3）
2026-08-03 02:01:21 [ERROR] AI 调用异常 ([deepseek] 5/6 策略=完整内容 retry=1): Error code: 401 - {'error': {'message': 'Authentication Fails, Your api key: ****df0d is invalid', 'type': 'authentication_error', 'param': None, 'code': 'invalid_request_error'}}
2026-08-03 02:01:21 [WARNING] [[deepseek] 5/6 策略=完整内容 retry=1] AI 调用失败或解析失败，继续下一次尝试
2026-08-03 02:01:21 [INFO] 🤖 AI 筛选 [[deepseek] 6/6 策略=仅标题（无历史） retry=0]（26 条，5533 字符，temp=0.3）
2026-08-03 02:01:21 [ERROR] AI 调用异常 ([deepseek] 6/6 策略=仅标题（无历史） retry=0): Error code: 401 - {'error': {'message': 'Authentication Fails, Your api key: ****df0d is invalid', 'type': 'authentication_error', 'param': None, 'code': 'invalid_request_error'}}
2026-08-03 02:01:21 [WARNING] [[deepseek] 6/6 策略=仅标题（无历史） retry=0] AI 调用失败或解析失败，继续下一次尝试
2026-08-03 02:01:21 [WARNING] [deepseek] 已达最大尝试次数 6，停止
2026-08-03 02:01:21 [INFO] ⚠️ deepseek 未能产出满意结果，尝试下一个提供商
2026-08-03 02:01:21 [INFO] 🔄 尝试 AI 提供商: zhipu
2026-08-03 02:01:21 [ERROR] 未设置环境变量 ZHIPU_API_KEY，无法使用 zhipu
2026-08-03 02:01:21 [INFO] ⚠️ zhipu 未能产出满意结果，尝试下一个提供商
2026-08-03 02:01:21 [INFO] 🔄 尝试 AI 提供商: kimi
2026-08-03 02:01:21 [ERROR] 未设置环境变量 KIMI_API_KEY，无法使用 kimi
2026-08-03 02:01:21 [INFO] ⚠️ kimi 未能产出满意结果，尝试下一个提供商
2026-08-03 02:01:21 [INFO] 🔄 尝试 AI 提供商: huoshan
2026-08-03 02:01:21 [ERROR] 未设置环境变量 HUOSHAN_API_KEY，无法使用 huoshan
2026-08-03 02:01:21 [INFO] ⚠️ huoshan 未能产出满意结果，尝试下一个提供商
2026-08-03 02:01:21 [ERROR] ❌ 所有提供商均失败，返回空列表
2026-08-03 02:01:21 [INFO] 📦 JSON 已保存: reports/2026-08-03-10.json
2026-08-03 02:01:21 [INFO] ✅ AI 筛选完成，共 0 条交易相关消息
2026-08-03 03:00:56 [INFO] 🚀 开始抓取 2026-08-03 11:00 币圈新闻
2026-08-03 03:00:56 [INFO] 📡 抓取 RSS 新闻源...
2026-08-03 03:00:56 [INFO] 📡 抓取交易所公告 & 链上数据...
2026-08-03 03:00:57 [INFO]   ⏭ Decrypt: 过滤掉 50 条非近期新闻
2026-08-03 03:00:57 [INFO]   ⏭ The Block: 过滤掉 20 条非近期新闻
2026-08-03 03:00:57 [INFO]   ⏭ CoinTelegraph: 过滤掉 29 条非近期新闻
2026-08-03 03:00:57 [INFO]   ⏭ Reuters Crypto: 过滤掉 50 条非近期新闻
2026-08-03 03:00:57 [WARNING] 解析失败 Bitget公告: 'NoneType' object is not subscriptable
2026-08-03 03:00:57 [INFO]   ⏭ CoinDesk: 过滤掉 25 条非近期新闻
2026-08-03 03:00:57 [INFO]   ⏭ Bitcoin Magazine: 过滤掉 10 条非近期新闻
2026-08-03 03:00:57 [INFO]   ⏭ Bloomberg Crypto: 过滤掉 50 条非近期新闻
2026-08-03 03:00:57 [INFO]   ⏭ 宏观经济: 过滤掉 50 条非近期新闻
2026-08-03 03:00:57 [INFO]   ⏭ Blockworks: 过滤掉 50 条非近期新闻
2026-08-03 03:00:57 [INFO]   ⏭ Reddit r/cryptocurrency: 过滤掉 24 条非近期新闻
2026-08-03 03:00:57 [INFO]   ⏭ CNBC Crypto: 过滤掉 50 条非近期新闻
2026-08-03 03:00:58 [INFO]   ⏭ DeFi Llama: 过滤掉 50 条非近期新闻
2026-08-03 03:00:58 [INFO]   ⏭ Blockworks: 过滤掉 3 条非近期新闻
2026-08-03 03:00:58 [INFO]   ⏭ 宏观经济: 过滤掉 50 条非近期新闻
2026-08-03 03:00:58 [INFO]   ⏭ The Block: 过滤掉 50 条非近期新闻
2026-08-03 03:00:58 [INFO]   ⏭ Decrypt: 过滤掉 50 条非近期新闻
2026-08-03 03:00:58 [INFO]   ⏭ DL News: 过滤掉 50 条非近期新闻
2026-08-03 03:00:58 [INFO]   ⏭ Bitcoin Magazine: 过滤掉 50 条非近期新闻
2026-08-03 03:00:58 [INFO]   ⏭ CoinDesk: 过滤掉 50 条非近期新闻
2026-08-03 03:00:58 [INFO]   ⏭ 雪球加密: 过滤掉 50 条非近期新闻
2026-08-03 03:00:58 [INFO]   ⏭ 吴说区块链: 过滤掉 47 条非近期新闻
2026-08-03 03:00:58 [INFO]   ⏭ PANews: 过滤掉 50 条非近期新闻
2026-08-03 03:00:58 [INFO]   ⏭ Crypto Twitter: 过滤掉 50 条非近期新闻
2026-08-03 03:00:58 [INFO]   ⏭ 律动BlockBeats: 过滤掉 50 条非近期新闻
2026-08-03 03:00:59 [INFO]   ✓ CoinDesk: 0 条
2026-08-03 03:00:59 [INFO]   ✓ The Block: 0 条
2026-08-03 03:00:59 [INFO]   ✓ Decrypt: 0 条
2026-08-03 03:00:59 [INFO]   ✓ CoinTelegraph: 1 条
2026-08-03 03:00:59 [INFO]   ✓ Bitcoin Magazine: 0 条
2026-08-03 03:00:59 [INFO]   ✓ Blockworks: 0 条
2026-08-03 03:00:59 [INFO]   ✓ DL News: 0 条
2026-08-03 03:00:59 [INFO]   ✓ 金色财经: 5 条
2026-08-03 03:00:59 [INFO]   ✓ PANews: 0 条
2026-08-03 03:00:59 [INFO]   ✓ 律动BlockBeats: 0 条
2026-08-03 03:00:59 [INFO]   ✓ 吴说区块链: 0 条
2026-08-03 03:00:59 [INFO]   ✓ Bloomberg Crypto: 0 条
2026-08-03 03:00:59 [INFO]   ✓ Reuters Crypto: 0 条
2026-08-03 03:00:59 [INFO]   ✓ CNBC Crypto: 0 条
2026-08-03 03:00:59 [INFO]   ✓ Reddit r/cryptocurrency: 1 条
2026-08-03 03:00:59 [INFO]   ✓ Reddit r/bitcoin: 0 条
2026-08-03 03:00:59 [INFO]   ✓ Crypto Twitter: 0 条
2026-08-03 03:00:59 [INFO]   ✓ 宏观经济: 0 条
2026-08-03 03:00:59 [INFO]   ✓ Binance公告: 20 条
2026-08-03 03:00:59 [INFO]   ✓ OKX公告: 0 条
2026-08-03 03:00:59 [INFO]   ✓ Bitget公告: 0 条
2026-08-03 03:00:59 [INFO]   ✓ Whale Alert: 0 条
2026-08-03 03:00:59 [INFO]   ✓ Fear & Greed Index: 1 条
2026-08-03 03:00:59 [INFO]   ✓ DeFi Llama: 0 条
2026-08-03 03:00:59 [INFO]   ✓ 雪球加密: 0 条
2026-08-03 03:00:59 [INFO] 📊 共抓取 28 条新闻
2026-08-03 03:00:59 [INFO] 📋 原始新闻已保存: reports/2026-08-03-11-raw.json (28 条)
2026-08-03 03:00:59 [INFO] 📋 标题摘要已保存: reports/2026-08-03-11-raw-titles.md
2026-08-03 03:00:59 [INFO] ✅ 抓取完成，共 28 条，已保存到 reports/2026-08-03-11-raw.json
2026-08-03 03:00:59 [INFO] 🤖 开始 AI 筛选 2026-08-03 11:00 币圈消息
2026-08-03 03:00:59 [INFO] 📋 已加载原始新闻: reports/2026-08-03-11-raw.json (28 条)
2026-08-03 03:00:59 [INFO] 📚 已加载历史新闻标题（15775 字符）
2026-08-03 03:00:59 [INFO] 📚 已加载历史筛选标题 0 条、URL 0 个，用于去重
2026-08-03 03:00:59 [INFO] 🔄 尝试 AI 提供商: deepseek
2026-08-03 03:00:59 [INFO] 🤖 使用 AI 提供商: deepseek (模型: deepseek-v4-flash)
2026-08-03 03:00:59 [INFO] 🤖 AI 筛选 [[deepseek] 1/6 策略=仅标题+链接 retry=0]（28 条，4617 字符，temp=0.3）
2026-08-03 03:01:00 [ERROR] AI 调用异常 ([deepseek] 1/6 策略=仅标题+链接 retry=0): Error code: 401 - {'error': {'message': 'Authentication Fails, Your api key: ****df0d is invalid', 'type': 'authentication_error', 'param': None, 'code': 'invalid_request_error'}}
2026-08-03 03:01:00 [WARNING] [[deepseek] 1/6 策略=仅标题+链接 retry=0] AI 调用失败或解析失败，继续下一次尝试
2026-08-03 03:01:00 [INFO] 🤖 AI 筛选 [[deepseek] 2/6 策略=仅标题+链接 retry=1]（28 条，4617 字符，temp=0.3）
2026-08-03 03:01:00 [ERROR] AI 调用异常 ([deepseek] 2/6 策略=仅标题+链接 retry=1): Error code: 401 - {'error': {'message': 'Authentication Fails, Your api key: ****df0d is invalid', 'type': 'authentication_error', 'param': None, 'code': 'invalid_request_error'}}
2026-08-03 03:01:00 [WARNING] [[deepseek] 2/6 策略=仅标题+链接 retry=1] AI 调用失败或解析失败，继续下一次尝试
2026-08-03 03:01:00 [INFO] 🤖 AI 筛选 [[deepseek] 3/6 策略=仅标题+链接 retry=2]（28 条，4617 字符，temp=0.3）
2026-08-03 03:01:01 [ERROR] AI 调用异常 ([deepseek] 3/6 策略=仅标题+链接 retry=2): Error code: 401 - {'error': {'message': 'Authentication Fails, Your api key: ****df0d is invalid', 'type': 'authentication_error', 'param': None, 'code': 'invalid_request_error'}}
2026-08-03 03:01:01 [WARNING] [[deepseek] 3/6 策略=仅标题+链接 retry=2] AI 调用失败或解析失败，继续下一次尝试
2026-08-03 03:01:01 [INFO] 🤖 AI 筛选 [[deepseek] 4/6 策略=完整内容 retry=0]（28 条，7384 字符，temp=0.3）
2026-08-03 03:01:01 [ERROR] AI 调用异常 ([deepseek] 4/6 策略=完整内容 retry=0): Error code: 401 - {'error': {'message': 'Authentication Fails, Your api key: ****df0d is invalid', 'type': 'authentication_error', 'param': None, 'code': 'invalid_request_error'}}
2026-08-03 03:01:01 [WARNING] [[deepseek] 4/6 策略=完整内容 retry=0] AI 调用失败或解析失败，继续下一次尝试
2026-08-03 03:01:01 [INFO] 🤖 AI 筛选 [[deepseek] 5/6 策略=完整内容 retry=1]（28 条，7384 字符，temp=0.3）
2026-08-03 03:01:02 [ERROR] AI 调用异常 ([deepseek] 5/6 策略=完整内容 retry=1): Error code: 401 - {'error': {'message': 'Authentication Fails, Your api key: ****df0d is invalid', 'type': 'authentication_error', 'param': None, 'code': 'invalid_request_error'}}
2026-08-03 03:01:02 [WARNING] [[deepseek] 5/6 策略=完整内容 retry=1] AI 调用失败或解析失败，继续下一次尝试
2026-08-03 03:01:02 [INFO] 🤖 AI 筛选 [[deepseek] 6/6 策略=仅标题（无历史） retry=0]（28 条，4617 字符，temp=0.3）
2026-08-03 03:01:02 [ERROR] AI 调用异常 ([deepseek] 6/6 策略=仅标题（无历史） retry=0): Error code: 401 - {'error': {'message': 'Authentication Fails, Your api key: ****df0d is invalid', 'type': 'authentication_error', 'param': None, 'code': 'invalid_request_error'}}
2026-08-03 03:01:02 [WARNING] [[deepseek] 6/6 策略=仅标题（无历史） retry=0] AI 调用失败或解析失败，继续下一次尝试
2026-08-03 03:01:02 [WARNING] [deepseek] 已达最大尝试次数 6，停止
2026-08-03 03:01:02 [INFO] ⚠️ deepseek 未能产出满意结果，尝试下一个提供商
2026-08-03 03:01:02 [INFO] 🔄 尝试 AI 提供商: zhipu
2026-08-03 03:01:02 [ERROR] 未设置环境变量 ZHIPU_API_KEY，无法使用 zhipu
2026-08-03 03:01:02 [INFO] ⚠️ zhipu 未能产出满意结果，尝试下一个提供商
2026-08-03 03:01:02 [INFO] 🔄 尝试 AI 提供商: kimi
2026-08-03 03:01:02 [ERROR] 未设置环境变量 KIMI_API_KEY，无法使用 kimi
2026-08-03 03:01:02 [INFO] ⚠️ kimi 未能产出满意结果，尝试下一个提供商
2026-08-03 03:01:02 [INFO] 🔄 尝试 AI 提供商: huoshan
2026-08-03 03:01:02 [ERROR] 未设置环境变量 HUOSHAN_API_KEY，无法使用 huoshan
2026-08-03 03:01:02 [INFO] ⚠️ huoshan 未能产出满意结果，尝试下一个提供商
2026-08-03 03:01:02 [ERROR] ❌ 所有提供商均失败，返回空列表
2026-08-03 03:01:02 [INFO] 📦 JSON 已保存: reports/2026-08-03-11.json
2026-08-03 03:01:02 [INFO] ✅ AI 筛选完成，共 0 条交易相关消息
2026-08-03 04:00:51 [INFO] 🚀 开始抓取 2026-08-03 12:00 币圈新闻
2026-08-03 04:00:51 [INFO] 📡 抓取 RSS 新闻源...
2026-08-03 04:00:51 [INFO] 📡 抓取交易所公告 & 链上数据...
2026-08-03 04:00:51 [INFO]   ⏭ The Block: 过滤掉 19 条非近期新闻
2026-08-03 04:00:51 [INFO]   ⏭ Decrypt: 过滤掉 38 条非近期新闻
2026-08-03 04:00:51 [INFO]   ⏭ CoinTelegraph: 过滤掉 30 条非近期新闻
2026-08-03 04:00:51 [WARNING] 解析失败 Bitget公告: 'NoneType' object is not subscriptable
2026-08-03 04:00:51 [INFO]   ⏭ Reuters Crypto: 过滤掉 50 条非近期新闻
2026-08-03 04:00:51 [INFO]   ⏭ Bloomberg Crypto: 过滤掉 49 条非近期新闻
2026-08-03 04:00:51 [INFO]   ⏭ CNBC Crypto: 过滤掉 50 条非近期新闻
2026-08-03 04:00:51 [INFO]   ⏭ 宏观经济: 过滤掉 50 条非近期新闻
2026-08-03 04:00:52 [INFO]   ⏭ Reddit r/cryptocurrency: 过滤掉 23 条非近期新闻
2026-08-03 04:00:52 [INFO]   ⏭ Bitcoin Magazine: 过滤掉 10 条非近期新闻
2026-08-03 04:00:52 [INFO]   ⏭ CoinDesk: 过滤掉 25 条非近期新闻
2026-08-03 04:00:52 [INFO]   ⏭ Blockworks: 过滤掉 50 条非近期新闻
2026-08-03 04:00:52 [INFO]   ⏭ 宏观经济: 过滤掉 50 条非近期新闻
2026-08-03 04:00:52 [INFO]   ⏭ Blockworks: 过滤掉 4 条非近期新闻
2026-08-03 04:00:52 [INFO]   ⏭ Bitcoin Magazine: 过滤掉 50 条非近期新闻
2026-08-03 04:00:52 [INFO]   ⏭ DL News: 过滤掉 50 条非近期新闻
2026-08-03 04:00:52 [INFO]   ⏭ Decrypt: 过滤掉 50 条非近期新闻
2026-08-03 04:00:52 [INFO]   ⏭ 雪球加密: 过滤掉 50 条非近期新闻
2026-08-03 04:00:52 [INFO]   ⏭ DeFi Llama: 过滤掉 50 条非近期新闻
2026-08-03 04:00:52 [INFO]   ⏭ 吴说区块链: 过滤掉 47 条非近期新闻
2026-08-03 04:00:52 [INFO]   ⏭ Crypto Twitter: 过滤掉 48 条非近期新闻
2026-08-03 04:00:53 [INFO]   ⏭ CoinDesk: 过滤掉 50 条非近期新闻
2026-08-03 04:01:07 [DEBUG] 请求失败 https://rsshub.rssforever.com/panewslab/news: 
2026-08-03 04:01:07 [DEBUG] 请求失败 https://rsshub.rssforever.com/theblockbeats/newsflash: 
2026-08-03 04:01:07 [DEBUG] 请求失败 https://rsshub.rssforever.com/jinse/lives: 
2026-08-03 04:01:07 [DEBUG] 请求失败 https://rsshub.rssforever.com/cointelegraph: 
2026-08-03 04:01:07 [INFO]   ⏭ 律动BlockBeats: 过滤掉 50 条非近期新闻
2026-08-03 04:01:07 [INFO]   ⏭ CoinTelegraph: 过滤掉 50 条非近期新闻
2026-08-03 04:01:07 [INFO]   ⏭ PANews: 过滤掉 50 条非近期新闻
2026-08-03 04:01:07 [INFO]   ✓ CoinDesk: 0 条
2026-08-03 04:01:07 [INFO]   ✓ The Block: 1 条
2026-08-03 04:01:07 [INFO]   ✓ Decrypt: 0 条
2026-08-03 04:01:07 [INFO]   ✓ CoinTelegraph: 0 条
2026-08-03 04:01:07 [INFO]   ✓ Bitcoin Magazine: 0 条
2026-08-03 04:01:07 [INFO]   ✓ Blockworks: 0 条
2026-08-03 04:01:07 [INFO]   ✓ DL News: 0 条
2026-08-03 04:01:07 [INFO]   ✓ 金色财经: 0 条
2026-08-03 04:01:07 [INFO]   ✓ PANews: 0 条
2026-08-03 04:01:07 [INFO]   ✓ 律动BlockBeats: 0 条
2026-08-03 04:01:07 [INFO]   ✓ 吴说区块链: 0 条
2026-08-03 04:01:07 [INFO]   ✓ Bloomberg Crypto: 1 条
2026-08-03 04:01:07 [INFO]   ✓ Reuters Crypto: 0 条
2026-08-03 04:01:07 [INFO]   ✓ CNBC Crypto: 0 条
2026-08-03 04:01:07 [INFO]   ✓ Reddit r/cryptocurrency: 2 条
2026-08-03 04:01:07 [INFO]   ✓ Reddit r/bitcoin: 0 条
2026-08-03 04:01:07 [INFO]   ✓ Crypto Twitter: 2 条
2026-08-03 04:01:07 [INFO]   ✓ 宏观经济: 0 条
2026-08-03 04:01:07 [INFO]   ✓ Binance公告: 20 条
2026-08-03 04:01:07 [INFO]   ✓ OKX公告: 0 条
2026-08-03 04:01:07 [INFO]   ✓ Bitget公告: 0 条
2026-08-03 04:01:07 [INFO]   ✓ Whale Alert: 0 条
2026-08-03 04:01:07 [INFO]   ✓ Fear & Greed Index: 1 条
2026-08-03 04:01:07 [INFO]   ✓ DeFi Llama: 0 条
2026-08-03 04:01:07 [INFO]   ✓ 雪球加密: 0 条
2026-08-03 04:01:07 [INFO] 📊 共抓取 27 条新闻
2026-08-03 04:01:07 [INFO] 📋 原始新闻已保存: reports/2026-08-03-12-raw.json (27 条)
2026-08-03 04:01:07 [INFO] 📋 标题摘要已保存: reports/2026-08-03-12-raw-titles.md
2026-08-03 04:01:07 [INFO] ✅ 抓取完成，共 27 条，已保存到 reports/2026-08-03-12-raw.json
2026-08-03 04:01:08 [INFO] 🤖 开始 AI 筛选 2026-08-03 12:00 币圈消息
2026-08-03 04:01:08 [INFO] 📋 已加载原始新闻: reports/2026-08-03-12-raw.json (27 条)
2026-08-03 04:01:08 [INFO] 📚 已加载历史新闻标题（14985 字符）
2026-08-03 04:01:08 [INFO] 📚 已加载历史筛选标题 0 条、URL 0 个，用于去重
2026-08-03 04:01:08 [INFO] 🔄 尝试 AI 提供商: deepseek
2026-08-03 04:01:08 [INFO] 🤖 使用 AI 提供商: deepseek (模型: deepseek-v4-flash)
2026-08-03 04:01:08 [INFO] 🤖 AI 筛选 [[deepseek] 1/6 策略=仅标题+链接 retry=0]（27 条，5562 字符，temp=0.3）
2026-08-03 04:01:09 [ERROR] AI 调用异常 ([deepseek] 1/6 策略=仅标题+链接 retry=0): Error code: 401 - {'error': {'message': 'Authentication Fails, Your api key: ****df0d is invalid', 'type': 'authentication_error', 'param': None, 'code': 'invalid_request_error'}}
2026-08-03 04:01:09 [WARNING] [[deepseek] 1/6 策略=仅标题+链接 retry=0] AI 调用失败或解析失败，继续下一次尝试
2026-08-03 04:01:09 [INFO] 🤖 AI 筛选 [[deepseek] 2/6 策略=仅标题+链接 retry=1]（27 条，5562 字符，temp=0.3）
2026-08-03 04:01:09 [ERROR] AI 调用异常 ([deepseek] 2/6 策略=仅标题+链接 retry=1): Error code: 401 - {'error': {'message': 'Authentication Fails, Your api key: ****df0d is invalid', 'type': 'authentication_error', 'param': None, 'code': 'invalid_request_error'}}
2026-08-03 04:01:09 [WARNING] [[deepseek] 2/6 策略=仅标题+链接 retry=1] AI 调用失败或解析失败，继续下一次尝试
2026-08-03 04:01:09 [INFO] 🤖 AI 筛选 [[deepseek] 3/6 策略=仅标题+链接 retry=2]（27 条，5562 字符，temp=0.3）
2026-08-03 04:01:09 [ERROR] AI 调用异常 ([deepseek] 3/6 策略=仅标题+链接 retry=2): Error code: 401 - {'error': {'message': 'Authentication Fails, Your api key: ****df0d is invalid', 'type': 'authentication_error', 'param': None, 'code': 'invalid_request_error'}}
2026-08-03 04:01:09 [WARNING] [[deepseek] 3/6 策略=仅标题+链接 retry=2] AI 调用失败或解析失败，继续下一次尝试
2026-08-03 04:01:09 [INFO] 🤖 AI 筛选 [[deepseek] 4/6 策略=完整内容 retry=0]（27 条，8008 字符，temp=0.3）
2026-08-03 04:01:10 [ERROR] AI 调用异常 ([deepseek] 4/6 策略=完整内容 retry=0): Error code: 401 - {'error': {'message': 'Authentication Fails, Your api key: ****df0d is invalid', 'type': 'authentication_error', 'param': None, 'code': 'invalid_request_error'}}
2026-08-03 04:01:10 [WARNING] [[deepseek] 4/6 策略=完整内容 retry=0] AI 调用失败或解析失败，继续下一次尝试
2026-08-03 04:01:10 [INFO] 🤖 AI 筛选 [[deepseek] 5/6 策略=完整内容 retry=1]（27 条，8008 字符，temp=0.3）
2026-08-03 04:01:10 [ERROR] AI 调用异常 ([deepseek] 5/6 策略=完整内容 retry=1): Error code: 401 - {'error': {'message': 'Authentication Fails, Your api key: ****df0d is invalid', 'type': 'authentication_error', 'param': None, 'code': 'invalid_request_error'}}
2026-08-03 04:01:10 [WARNING] [[deepseek] 5/6 策略=完整内容 retry=1] AI 调用失败或解析失败，继续下一次尝试
2026-08-03 04:01:10 [INFO] 🤖 AI 筛选 [[deepseek] 6/6 策略=仅标题（无历史） retry=0]（27 条，5562 字符，temp=0.3）
2026-08-03 04:01:11 [ERROR] AI 调用异常 ([deepseek] 6/6 策略=仅标题（无历史） retry=0): Error code: 401 - {'error': {'message': 'Authentication Fails, Your api key: ****df0d is invalid', 'type': 'authentication_error', 'param': None, 'code': 'invalid_request_error'}}
2026-08-03 04:01:11 [WARNING] [[deepseek] 6/6 策略=仅标题（无历史） retry=0] AI 调用失败或解析失败，继续下一次尝试
2026-08-03 04:01:11 [WARNING] [deepseek] 已达最大尝试次数 6，停止
2026-08-03 04:01:11 [INFO] ⚠️ deepseek 未能产出满意结果，尝试下一个提供商
2026-08-03 04:01:11 [INFO] 🔄 尝试 AI 提供商: zhipu
2026-08-03 04:01:11 [ERROR] 未设置环境变量 ZHIPU_API_KEY，无法使用 zhipu
2026-08-03 04:01:11 [INFO] ⚠️ zhipu 未能产出满意结果，尝试下一个提供商
2026-08-03 04:01:11 [INFO] 🔄 尝试 AI 提供商: kimi
2026-08-03 04:01:11 [ERROR] 未设置环境变量 KIMI_API_KEY，无法使用 kimi
2026-08-03 04:01:11 [INFO] ⚠️ kimi 未能产出满意结果，尝试下一个提供商
2026-08-03 04:01:11 [INFO] 🔄 尝试 AI 提供商: huoshan
2026-08-03 04:01:11 [ERROR] 未设置环境变量 HUOSHAN_API_KEY，无法使用 huoshan
2026-08-03 04:01:11 [INFO] ⚠️ huoshan 未能产出满意结果，尝试下一个提供商
2026-08-03 04:01:11 [ERROR] ❌ 所有提供商均失败，返回空列表
2026-08-03 04:01:11 [INFO] 📦 JSON 已保存: reports/2026-08-03-12.json
2026-08-03 04:01:11 [INFO] ✅ AI 筛选完成，共 0 条交易相关消息
2026-08-03 05:00:58 [INFO] 🚀 开始抓取 2026-08-03 13:00 币圈新闻
2026-08-03 05:00:58 [INFO] 📡 抓取 RSS 新闻源...
2026-08-03 05:00:58 [INFO] 📡 抓取交易所公告 & 链上数据...
2026-08-03 05:00:59 [INFO]   ⏭ Decrypt: 过滤掉 38 条非近期新闻
2026-08-03 05:00:59 [INFO]   ⏭ The Block: 过滤掉 18 条非近期新闻
2026-08-03 05:00:59 [INFO]   ⏭ CoinTelegraph: 过滤掉 28 条非近期新闻
2026-08-03 05:00:59 [INFO]   ⏭ Bloomberg Crypto: 过滤掉 49 条非近期新闻
2026-08-03 05:00:59 [WARNING] 解析失败 Bitget公告: 'NoneType' object is not subscriptable
2026-08-03 05:00:59 [INFO]   ⏭ Reuters Crypto: 过滤掉 50 条非近期新闻
2026-08-03 05:00:59 [INFO]   ⏭ CNBC Crypto: 过滤掉 50 条非近期新闻
2026-08-03 05:00:59 [INFO]   ⏭ 宏观经济: 过滤掉 50 条非近期新闻
2026-08-03 05:00:59 [INFO]   ⏭ CoinDesk: 过滤掉 25 条非近期新闻
2026-08-03 05:00:59 [INFO]   ⏭ Bitcoin Magazine: 过滤掉 10 条非近期新闻
2026-08-03 05:00:59 [INFO]   ⏭ Reddit r/bitcoin: 过滤掉 25 条非近期新闻
2026-08-03 05:00:59 [INFO]   ⏭ Blockworks: 过滤掉 50 条非近期新闻
2026-08-03 05:00:59 [INFO]   ⏭ 宏观经济: 过滤掉 50 条非近期新闻
2026-08-03 05:01:00 [INFO]   ⏭ Decrypt: 过滤掉 50 条非近期新闻
2026-08-03 05:01:00 [INFO]   ⏭ Blockworks: 过滤掉 3 条非近期新闻
2026-08-03 05:01:00 [INFO]   ⏭ DeFi Llama: 过滤掉 50 条非近期新闻
2026-08-03 05:01:00 [INFO]   ⏭ 雪球加密: 过滤掉 50 条非近期新闻
2026-08-03 05:01:00 [INFO]   ⏭ DL News: 过滤掉 50 条非近期新闻
2026-08-03 05:01:00 [INFO]   ⏭ 吴说区块链: 过滤掉 47 条非近期新闻
2026-08-03 05:01:00 [INFO]   ⏭ Crypto Twitter: 过滤掉 45 条非近期新闻
2026-08-03 05:01:00 [INFO]   ⏭ CoinDesk: 过滤掉 50 条非近期新闻
2026-08-03 05:01:00 [INFO]   ⏭ Bitcoin Magazine: 过滤掉 50 条非近期新闻
2026-08-03 05:01:00 [INFO]   ⏭ 律动BlockBeats: 过滤掉 50 条非近期新闻
2026-08-03 05:01:00 [INFO]   ⏭ PANews: 过滤掉 50 条非近期新闻
2026-08-03 05:01:00 [INFO]   ✓ CoinDesk: 0 条
2026-08-03 05:01:00 [INFO]   ✓ The Block: 2 条
2026-08-03 05:01:00 [INFO]   ✓ Decrypt: 0 条
2026-08-03 05:01:00 [INFO]   ✓ CoinTelegraph: 2 条
2026-08-03 05:01:00 [INFO]   ✓ Bitcoin Magazine: 0 条
2026-08-03 05:01:00 [INFO]   ✓ Blockworks: 0 条
2026-08-03 05:01:00 [INFO]   ✓ DL News: 0 条
2026-08-03 05:01:00 [INFO]   ✓ 金色财经: 9 条
2026-08-03 05:01:00 [INFO]   ✓ PANews: 0 条
2026-08-03 05:01:00 [INFO]   ✓ 律动BlockBeats: 0 条
2026-08-03 05:01:00 [INFO]   ✓ 吴说区块链: 0 条
2026-08-03 05:01:00 [INFO]   ✓ Bloomberg Crypto: 1 条
2026-08-03 05:01:00 [INFO]   ✓ Reuters Crypto: 0 条
2026-08-03 05:01:00 [INFO]   ✓ CNBC Crypto: 0 条
2026-08-03 05:01:00 [INFO]   ✓ Reddit r/cryptocurrency: 0 条
2026-08-03 05:01:00 [INFO]   ✓ Reddit r/bitcoin: 0 条
2026-08-03 05:01:00 [INFO]   ✓ Crypto Twitter: 5 条
2026-08-03 05:01:00 [INFO]   ✓ 宏观经济: 0 条
2026-08-03 05:01:00 [INFO]   ✓ Binance公告: 20 条
2026-08-03 05:01:00 [INFO]   ✓ OKX公告: 0 条
2026-08-03 05:01:00 [INFO]   ✓ Bitget公告: 0 条
2026-08-03 05:01:00 [INFO]   ✓ Whale Alert: 0 条
2026-08-03 05:01:00 [INFO]   ✓ Fear & Greed Index: 1 条
2026-08-03 05:01:00 [INFO]   ✓ DeFi Llama: 0 条
2026-08-03 05:01:00 [INFO]   ✓ 雪球加密: 0 条
2026-08-03 05:01:00 [INFO] 📊 共抓取 40 条新闻
2026-08-03 05:01:00 [INFO] 📋 原始新闻已保存: reports/2026-08-03-13-raw.json (40 条)
2026-08-03 05:01:00 [INFO] 📋 标题摘要已保存: reports/2026-08-03-13-raw-titles.md
2026-08-03 05:01:00 [INFO] ✅ 抓取完成，共 40 条，已保存到 reports/2026-08-03-13-raw.json
2026-08-03 05:01:01 [INFO] 🤖 开始 AI 筛选 2026-08-03 13:00 币圈消息
2026-08-03 05:01:01 [INFO] 📋 已加载原始新闻: reports/2026-08-03-13-raw.json (40 条)
2026-08-03 05:01:01 [INFO] 📚 已加载历史新闻标题（14337 字符）
2026-08-03 05:01:01 [INFO] 📚 已加载历史筛选标题 0 条、URL 0 个，用于去重
2026-08-03 05:01:01 [INFO] 🔄 尝试 AI 提供商: deepseek
2026-08-03 05:01:01 [INFO] 🤖 使用 AI 提供商: deepseek (模型: deepseek-v4-flash)
2026-08-03 05:01:01 [INFO] 🤖 AI 筛选 [[deepseek] 1/6 策略=仅标题+链接 retry=0]（40 条，7728 字符，temp=0.3）
2026-08-03 05:01:02 [ERROR] AI 调用异常 ([deepseek] 1/6 策略=仅标题+链接 retry=0): Error code: 401 - {'error': {'message': 'Authentication Fails, Your api key: ****df0d is invalid', 'type': 'authentication_error', 'param': None, 'code': 'invalid_request_error'}}
2026-08-03 05:01:02 [WARNING] [[deepseek] 1/6 策略=仅标题+链接 retry=0] AI 调用失败或解析失败，继续下一次尝试
2026-08-03 05:01:02 [INFO] 🤖 AI 筛选 [[deepseek] 2/6 策略=仅标题+链接 retry=1]（40 条，7728 字符，temp=0.3）
2026-08-03 05:01:02 [ERROR] AI 调用异常 ([deepseek] 2/6 策略=仅标题+链接 retry=1): Error code: 401 - {'error': {'message': 'Authentication Fails, Your api key: ****df0d is invalid', 'type': 'authentication_error', 'param': None, 'code': 'invalid_request_error'}}
2026-08-03 05:01:02 [WARNING] [[deepseek] 2/6 策略=仅标题+链接 retry=1] AI 调用失败或解析失败，继续下一次尝试
2026-08-03 05:01:02 [INFO] 🤖 AI 筛选 [[deepseek] 3/6 策略=仅标题+链接 retry=2]（40 条，7728 字符，temp=0.3）
2026-08-03 05:01:03 [ERROR] AI 调用异常 ([deepseek] 3/6 策略=仅标题+链接 retry=2): Error code: 401 - {'error': {'message': 'Authentication Fails, Your api key: ****df0d is invalid', 'type': 'authentication_error', 'param': None, 'code': 'invalid_request_error'}}
2026-08-03 05:01:03 [WARNING] [[deepseek] 3/6 策略=仅标题+链接 retry=2] AI 调用失败或解析失败，继续下一次尝试
2026-08-03 05:01:03 [INFO] 🤖 AI 筛选 [[deepseek] 4/6 策略=完整内容 retry=0]（40 条，12250 字符，temp=0.3）
2026-08-03 05:01:03 [ERROR] AI 调用异常 ([deepseek] 4/6 策略=完整内容 retry=0): Error code: 401 - {'error': {'message': 'Authentication Fails, Your api key: ****df0d is invalid', 'type': 'authentication_error', 'param': None, 'code': 'invalid_request_error'}}
2026-08-03 05:01:03 [WARNING] [[deepseek] 4/6 策略=完整内容 retry=0] AI 调用失败或解析失败，继续下一次尝试
2026-08-03 05:01:03 [INFO] 🤖 AI 筛选 [[deepseek] 5/6 策略=完整内容 retry=1]（40 条，12250 字符，temp=0.3）
2026-08-03 05:01:03 [ERROR] AI 调用异常 ([deepseek] 5/6 策略=完整内容 retry=1): Error code: 401 - {'error': {'message': 'Authentication Fails, Your api key: ****df0d is invalid', 'type': 'authentication_error', 'param': None, 'code': 'invalid_request_error'}}
2026-08-03 05:01:03 [WARNING] [[deepseek] 5/6 策略=完整内容 retry=1] AI 调用失败或解析失败，继续下一次尝试
2026-08-03 05:01:03 [INFO] 🤖 AI 筛选 [[deepseek] 6/6 策略=仅标题（无历史） retry=0]（40 条，7728 字符，temp=0.3）
2026-08-03 05:01:04 [ERROR] AI 调用异常 ([deepseek] 6/6 策略=仅标题（无历史） retry=0): Error code: 401 - {'error': {'message': 'Authentication Fails, Your api key: ****df0d is invalid', 'type': 'authentication_error', 'param': None, 'code': 'invalid_request_error'}}
2026-08-03 05:01:04 [WARNING] [[deepseek] 6/6 策略=仅标题（无历史） retry=0] AI 调用失败或解析失败，继续下一次尝试
2026-08-03 05:01:04 [WARNING] [deepseek] 已达最大尝试次数 6，停止
2026-08-03 05:01:04 [INFO] ⚠️ deepseek 未能产出满意结果，尝试下一个提供商
2026-08-03 05:01:04 [INFO] 🔄 尝试 AI 提供商: zhipu
2026-08-03 05:01:04 [ERROR] 未设置环境变量 ZHIPU_API_KEY，无法使用 zhipu
2026-08-03 05:01:04 [INFO] ⚠️ zhipu 未能产出满意结果，尝试下一个提供商
2026-08-03 05:01:04 [INFO] 🔄 尝试 AI 提供商: kimi
2026-08-03 05:01:04 [ERROR] 未设置环境变量 KIMI_API_KEY，无法使用 kimi
2026-08-03 05:01:04 [INFO] ⚠️ kimi 未能产出满意结果，尝试下一个提供商
2026-08-03 05:01:04 [INFO] 🔄 尝试 AI 提供商: huoshan
2026-08-03 05:01:04 [ERROR] 未设置环境变量 HUOSHAN_API_KEY，无法使用 huoshan
2026-08-03 05:01:04 [INFO] ⚠️ huoshan 未能产出满意结果，尝试下一个提供商
2026-08-03 05:01:04 [ERROR] ❌ 所有提供商均失败，返回空列表
2026-08-03 05:01:04 [INFO] 📦 JSON 已保存: reports/2026-08-03-13.json
2026-08-03 05:01:04 [INFO] ✅ AI 筛选完成，共 0 条交易相关消息
2026-08-03 06:00:59 [INFO] 🚀 开始抓取 2026-08-03 14:00 币圈新闻
2026-08-03 06:00:59 [INFO] 📡 抓取 RSS 新闻源...
2026-08-03 06:00:59 [INFO] 📡 抓取交易所公告 & 链上数据...
2026-08-03 06:00:59 [INFO]   ⏭ The Block: 过滤掉 19 条非近期新闻
2026-08-03 06:00:59 [INFO]   ⏭ Decrypt: 过滤掉 38 条非近期新闻
2026-08-03 06:00:59 [INFO]   ⏭ CoinTelegraph: 过滤掉 28 条非近期新闻
2026-08-03 06:00:59 [INFO]   ⏭ CoinDesk: 过滤掉 23 条非近期新闻
2026-08-03 06:00:59 [INFO]   ⏭ Bitcoin Magazine: 过滤掉 10 条非近期新闻
2026-08-03 06:00:59 [WARNING] 解析失败 Bitget公告: 'NoneType' object is not subscriptable
2026-08-03 06:00:59 [INFO]   ⏭ 宏观经济: 过滤掉 50 条非近期新闻
2026-08-03 06:00:59 [INFO]   ⏭ Bloomberg Crypto: 过滤掉 50 条非近期新闻
2026-08-03 06:00:59 [INFO]   ⏭ Blockworks: 过滤掉 50 条非近期新闻
2026-08-03 06:01:00 [INFO]   ⏭ Reuters Crypto: 过滤掉 50 条非近期新闻
2026-08-03 06:01:00 [INFO]   ⏭ CNBC Crypto: 过滤掉 49 条非近期新闻
2026-08-03 06:01:00 [INFO]   ⏭ Decrypt: 过滤掉 50 条非近期新闻
2026-08-03 06:01:00 [INFO]   ⏭ DeFi Llama: 过滤掉 50 条非近期新闻
2026-08-03 06:01:00 [INFO]   ⏭ DL News: 过滤掉 50 条非近期新闻
2026-08-03 06:01:00 [INFO]   ⏭ 宏观经济: 过滤掉 50 条非近期新闻
2026-08-03 06:01:00 [INFO]   ⏭ 雪球加密: 过滤掉 50 条非近期新闻
2026-08-03 06:01:00 [INFO]   ⏭ Reddit r/bitcoin: 过滤掉 23 条非近期新闻
2026-08-03 06:01:00 [INFO]   ⏭ Blockworks: 过滤掉 3 条非近期新闻
2026-08-03 06:01:00 [INFO]   ⏭ Bitcoin Magazine: 过滤掉 50 条非近期新闻
2026-08-03 06:01:00 [INFO]   ⏭ 吴说区块链: 过滤掉 47 条非近期新闻
2026-08-03 06:01:00 [INFO]   ⏭ Crypto Twitter: 过滤掉 46 条非近期新闻
2026-08-03 06:01:04 [INFO]   ⏭ 律动BlockBeats: 过滤掉 4 条非近期新闻
2026-08-03 06:01:05 [INFO]   ⏭ PANews: 过滤掉 50 条非近期新闻
2026-08-03 06:01:12 [INFO]   ⏭ 金色财经: 过滤掉 11 条非近期新闻
2026-08-03 06:01:12 [INFO]   ✓ CoinDesk: 2 条
2026-08-03 06:01:12 [INFO]   ✓ The Block: 1 条
2026-08-03 06:01:12 [INFO]   ✓ Decrypt: 0 条
2026-08-03 06:01:12 [INFO]   ✓ CoinTelegraph: 2 条
2026-08-03 06:01:12 [INFO]   ✓ Bitcoin Magazine: 0 条
2026-08-03 06:01:12 [INFO]   ✓ Blockworks: 0 条
2026-08-03 06:01:12 [INFO]   ✓ DL News: 0 条
2026-08-03 06:01:12 [INFO]   ✓ 金色财经: 9 条
2026-08-03 06:01:12 [INFO]   ✓ PANews: 0 条
2026-08-03 06:01:12 [INFO]   ✓ 律动BlockBeats: 16 条
2026-08-03 06:01:12 [INFO]   ✓ 吴说区块链: 0 条
2026-08-03 06:01:12 [INFO]   ✓ Bloomberg Crypto: 0 条
2026-08-03 06:01:12 [INFO]   ✓ Reuters Crypto: 0 条
2026-08-03 06:01:12 [INFO]   ✓ CNBC Crypto: 1 条
2026-08-03 06:01:12 [INFO]   ✓ Reddit r/cryptocurrency: 0 条
2026-08-03 06:01:12 [INFO]   ✓ Reddit r/bitcoin: 2 条
2026-08-03 06:01:12 [INFO]   ✓ Crypto Twitter: 4 条
2026-08-03 06:01:12 [INFO]   ✓ 宏观经济: 0 条
2026-08-03 06:01:12 [INFO]   ✓ Binance公告: 20 条
2026-08-03 06:01:12 [INFO]   ✓ OKX公告: 0 条
2026-08-03 06:01:12 [INFO]   ✓ Bitget公告: 0 条
2026-08-03 06:01:12 [INFO]   ✓ Whale Alert: 0 条
2026-08-03 06:01:12 [INFO]   ✓ Fear & Greed Index: 1 条
2026-08-03 06:01:12 [INFO]   ✓ DeFi Llama: 0 条
2026-08-03 06:01:12 [INFO]   ✓ 雪球加密: 0 条
2026-08-03 06:01:12 [INFO] 📊 共抓取 58 条新闻
2026-08-03 06:01:12 [INFO] 📋 原始新闻已保存: reports/2026-08-03-14-raw.json (58 条)
2026-08-03 06:01:12 [INFO] 📋 标题摘要已保存: reports/2026-08-03-14-raw-titles.md
2026-08-03 06:01:12 [INFO] ✅ 抓取完成，共 58 条，已保存到 reports/2026-08-03-14-raw.json
2026-08-03 06:01:13 [INFO] 🤖 开始 AI 筛选 2026-08-03 14:00 币圈消息
2026-08-03 06:01:13 [INFO] 📋 已加载原始新闻: reports/2026-08-03-14-raw.json (58 条)
2026-08-03 06:01:13 [INFO] 📚 已加载历史新闻标题（14748 字符）
2026-08-03 06:01:13 [INFO] 📚 已加载历史筛选标题 0 条、URL 0 个，用于去重
2026-08-03 06:01:13 [INFO] 🔄 尝试 AI 提供商: deepseek
2026-08-03 06:01:13 [INFO] 🤖 使用 AI 提供商: deepseek (模型: deepseek-v4-flash)
2026-08-03 06:01:13 [INFO] 🤖 AI 筛选 [[deepseek] 1/6 策略=仅标题+链接 retry=0]（58 条，9463 字符，temp=0.3）
2026-08-03 06:01:14 [ERROR] AI 调用异常 ([deepseek] 1/6 策略=仅标题+链接 retry=0): Error code: 401 - {'error': {'message': 'Authentication Fails, Your api key: ****df0d is invalid', 'type': 'authentication_error', 'param': None, 'code': 'invalid_request_error'}}
2026-08-03 06:01:14 [WARNING] [[deepseek] 1/6 策略=仅标题+链接 retry=0] AI 调用失败或解析失败，继续下一次尝试
2026-08-03 06:01:14 [INFO] 🤖 AI 筛选 [[deepseek] 2/6 策略=仅标题+链接 retry=1]（58 条，9463 字符，temp=0.3）
2026-08-03 06:01:14 [ERROR] AI 调用异常 ([deepseek] 2/6 策略=仅标题+链接 retry=1): Error code: 401 - {'error': {'message': 'Authentication Fails, Your api key: ****df0d is invalid', 'type': 'authentication_error', 'param': None, 'code': 'invalid_request_error'}}
2026-08-03 06:01:14 [WARNING] [[deepseek] 2/6 策略=仅标题+链接 retry=1] AI 调用失败或解析失败，继续下一次尝试
2026-08-03 06:01:14 [INFO] 🤖 AI 筛选 [[deepseek] 3/6 策略=仅标题+链接 retry=2]（58 条，9463 字符，temp=0.3）
2026-08-03 06:01:14 [ERROR] AI 调用异常 ([deepseek] 3/6 策略=仅标题+链接 retry=2): Error code: 401 - {'error': {'message': 'Authentication Fails, Your api key: ****df0d is invalid', 'type': 'authentication_error', 'param': None, 'code': 'invalid_request_error'}}
2026-08-03 06:01:14 [WARNING] [[deepseek] 3/6 策略=仅标题+链接 retry=2] AI 调用失败或解析失败，继续下一次尝试
2026-08-03 06:01:14 [INFO] 🤖 AI 筛选 [[deepseek] 4/6 策略=完整内容 retry=0]（58 条，16719 字符，temp=0.3）
2026-08-03 06:01:15 [ERROR] AI 调用异常 ([deepseek] 4/6 策略=完整内容 retry=0): Error code: 401 - {'error': {'message': 'Authentication Fails, Your api key: ****df0d is invalid', 'type': 'authentication_error', 'param': None, 'code': 'invalid_request_error'}}
2026-08-03 06:01:15 [WARNING] [[deepseek] 4/6 策略=完整内容 retry=0] AI 调用失败或解析失败，继续下一次尝试
2026-08-03 06:01:15 [INFO] 🤖 AI 筛选 [[deepseek] 5/6 策略=完整内容 retry=1]（58 条，16719 字符，temp=0.3）
2026-08-03 06:01:15 [ERROR] AI 调用异常 ([deepseek] 5/6 策略=完整内容 retry=1): Error code: 401 - {'error': {'message': 'Authentication Fails, Your api key: ****df0d is invalid', 'type': 'authentication_error', 'param': None, 'code': 'invalid_request_error'}}
2026-08-03 06:01:15 [WARNING] [[deepseek] 5/6 策略=完整内容 retry=1] AI 调用失败或解析失败，继续下一次尝试
2026-08-03 06:01:15 [INFO] 🤖 AI 筛选 [[deepseek] 6/6 策略=仅标题（无历史） retry=0]（58 条，9463 字符，temp=0.3）
2026-08-03 06:01:16 [ERROR] AI 调用异常 ([deepseek] 6/6 策略=仅标题（无历史） retry=0): Error code: 401 - {'error': {'message': 'Authentication Fails, Your api key: ****df0d is invalid', 'type': 'authentication_error', 'param': None, 'code': 'invalid_request_error'}}
2026-08-03 06:01:16 [WARNING] [[deepseek] 6/6 策略=仅标题（无历史） retry=0] AI 调用失败或解析失败，继续下一次尝试
2026-08-03 06:01:16 [WARNING] [deepseek] 已达最大尝试次数 6，停止
2026-08-03 06:01:16 [INFO] ⚠️ deepseek 未能产出满意结果，尝试下一个提供商
2026-08-03 06:01:16 [INFO] 🔄 尝试 AI 提供商: zhipu
2026-08-03 06:01:16 [ERROR] 未设置环境变量 ZHIPU_API_KEY，无法使用 zhipu
2026-08-03 06:01:16 [INFO] ⚠️ zhipu 未能产出满意结果，尝试下一个提供商
2026-08-03 06:01:16 [INFO] 🔄 尝试 AI 提供商: kimi
2026-08-03 06:01:16 [ERROR] 未设置环境变量 KIMI_API_KEY，无法使用 kimi
2026-08-03 06:01:16 [INFO] ⚠️ kimi 未能产出满意结果，尝试下一个提供商
2026-08-03 06:01:16 [INFO] 🔄 尝试 AI 提供商: huoshan
2026-08-03 06:01:16 [ERROR] 未设置环境变量 HUOSHAN_API_KEY，无法使用 huoshan
2026-08-03 06:01:16 [INFO] ⚠️ huoshan 未能产出满意结果，尝试下一个提供商
2026-08-03 06:01:16 [ERROR] ❌ 所有提供商均失败，返回空列表
2026-08-03 06:01:16 [INFO] 📦 JSON 已保存: reports/2026-08-03-14.json
2026-08-03 06:01:16 [INFO] ✅ AI 筛选完成，共 0 条交易相关消息
2026-08-03 07:00:58 [INFO] 🚀 开始抓取 2026-08-03 15:00 币圈新闻
2026-08-03 07:00:58 [INFO] 📡 抓取 RSS 新闻源...
2026-08-03 07:00:58 [INFO] 📡 抓取交易所公告 & 链上数据...
2026-08-03 07:00:58 [INFO]   ⏭ The Block: 过滤掉 20 条非近期新闻
2026-08-03 07:00:58 [INFO]   ⏭ Decrypt: 过滤掉 38 条非近期新闻
2026-08-03 07:00:58 [INFO]   ⏭ CoinTelegraph: 过滤掉 28 条非近期新闻
2026-08-03 07:00:59 [INFO]   ⏭ Bitcoin Magazine: 过滤掉 10 条非近期新闻
2026-08-03 07:00:59 [INFO]   ⏭ CoinDesk: 过滤掉 22 条非近期新闻
2026-08-03 07:00:59 [INFO]   ⏭ Bloomberg Crypto: 过滤掉 49 条非近期新闻
2026-08-03 07:00:59 [WARNING] 解析失败 Bitget公告: 'NoneType' object is not subscriptable
2026-08-03 07:00:59 [INFO]   ⏭ CNBC Crypto: 过滤掉 50 条非近期新闻
2026-08-03 07:00:59 [INFO]   ⏭ 宏观经济: 过滤掉 50 条非近期新闻
2026-08-03 07:00:59 [INFO]   ⏭ Reuters Crypto: 过滤掉 50 条非近期新闻
2026-08-03 07:00:59 [INFO]   ⏭ Reddit r/cryptocurrency: 过滤掉 22 条非近期新闻
2026-08-03 07:00:59 [INFO]   ⏭ DL News: 过滤掉 50 条非近期新闻
2026-08-03 07:00:59 [INFO]   ⏭ Blockworks: 过滤掉 50 条非近期新闻
2026-08-03 07:00:59 [INFO]   ⏭ 宏观经济: 过滤掉 50 条非近期新闻
2026-08-03 07:00:59 [INFO]   ⏭ Decrypt: 过滤掉 50 条非近期新闻
2026-08-03 07:00:59 [INFO]   ⏭ Blockworks: 过滤掉 4 条非近期新闻
2026-08-03 07:00:59 [INFO]   ⏭ 吴说区块链: 过滤掉 46 条非近期新闻
2026-08-03 07:01:00 [INFO]   ⏭ DeFi Llama: 过滤掉 50 条非近期新闻
2026-08-03 07:01:00 [INFO]   ⏭ Bitcoin Magazine: 过滤掉 50 条非近期新闻
2026-08-03 07:01:00 [INFO]   ⏭ Crypto Twitter: 过滤掉 46 条非近期新闻
2026-08-03 07:01:00 [INFO]   ⏭ 雪球加密: 过滤掉 50 条非近期新闻
2026-08-03 07:01:00 [INFO]   ⏭ The Block: 过滤掉 50 条非近期新闻
2026-08-03 07:01:00 [INFO]   ⏭ 律动BlockBeats: 过滤掉 50 条非近期新闻
2026-08-03 07:01:00 [INFO]   ⏭ PANews: 过滤掉 50 条非近期新闻
2026-08-03 07:01:10 [INFO]   ✓ CoinDesk: 3 条
2026-08-03 07:01:10 [INFO]   ✓ The Block: 0 条
2026-08-03 07:01:10 [INFO]   ✓ Decrypt: 0 条
2026-08-03 07:01:10 [INFO]   ✓ CoinTelegraph: 2 条
2026-08-03 07:01:10 [INFO]   ✓ Bitcoin Magazine: 0 条
2026-08-03 07:01:10 [INFO]   ✓ Blockworks: 0 条
2026-08-03 07:01:10 [INFO]   ✓ DL News: 0 条
2026-08-03 07:01:10 [INFO]   ✓ 金色财经: 10 条
2026-08-03 07:01:10 [INFO]   ✓ PANews: 0 条
2026-08-03 07:01:10 [INFO]   ✓ 律动BlockBeats: 0 条
2026-08-03 07:01:10 [INFO]   ✓ 吴说区块链: 0 条
2026-08-03 07:01:10 [INFO]   ✓ Bloomberg Crypto: 1 条
2026-08-03 07:01:10 [INFO]   ✓ Reuters Crypto: 0 条
2026-08-03 07:01:10 [INFO]   ✓ CNBC Crypto: 0 条
2026-08-03 07:01:10 [INFO]   ✓ Reddit r/cryptocurrency: 3 条
2026-08-03 07:01:10 [INFO]   ✓ Reddit r/bitcoin: 0 条
2026-08-03 07:01:10 [INFO]   ✓ Crypto Twitter: 4 条
2026-08-03 07:01:10 [INFO]   ✓ 宏观经济: 0 条
2026-08-03 07:01:10 [INFO]   ✓ Binance公告: 20 条
2026-08-03 07:01:10 [INFO]   ✓ OKX公告: 0 条
2026-08-03 07:01:10 [INFO]   ✓ Bitget公告: 0 条
2026-08-03 07:01:10 [INFO]   ✓ Whale Alert: 0 条
2026-08-03 07:01:10 [INFO]   ✓ Fear & Greed Index: 1 条
2026-08-03 07:01:10 [INFO]   ✓ DeFi Llama: 0 条
2026-08-03 07:01:10 [INFO]   ✓ 雪球加密: 0 条
2026-08-03 07:01:10 [INFO] 📊 共抓取 44 条新闻
2026-08-03 07:01:10 [INFO] 📋 原始新闻已保存: reports/2026-08-03-15-raw.json (44 条)
2026-08-03 07:01:10 [INFO] 📋 标题摘要已保存: reports/2026-08-03-15-raw-titles.md
2026-08-03 07:01:10 [INFO] ✅ 抓取完成，共 44 条，已保存到 reports/2026-08-03-15-raw.json
2026-08-03 07:01:11 [INFO] 🤖 开始 AI 筛选 2026-08-03 15:00 币圈消息
2026-08-03 07:01:11 [INFO] 📋 已加载原始新闻: reports/2026-08-03-15-raw.json (44 条)
2026-08-03 07:01:11 [INFO] 📚 已加载历史新闻标题（16185 字符）
2026-08-03 07:01:11 [INFO] 📚 已加载历史筛选标题 0 条、URL 0 个，用于去重
2026-08-03 07:01:11 [INFO] 🔄 尝试 AI 提供商: deepseek
2026-08-03 07:01:11 [INFO] 🤖 使用 AI 提供商: deepseek (模型: deepseek-v4-flash)
2026-08-03 07:01:11 [INFO] 🤖 AI 筛选 [[deepseek] 1/6 策略=仅标题+链接 retry=0]（44 条，8319 字符，temp=0.3）
2026-08-03 07:01:11 [ERROR] AI 调用异常 ([deepseek] 1/6 策略=仅标题+链接 retry=0): Error code: 401 - {'error': {'message': 'Authentication Fails, Your api key: ****df0d is invalid', 'type': 'authentication_error', 'param': None, 'code': 'invalid_request_error'}}
2026-08-03 07:01:11 [WARNING] [[deepseek] 1/6 策略=仅标题+链接 retry=0] AI 调用失败或解析失败，继续下一次尝试
2026-08-03 07:01:11 [INFO] 🤖 AI 筛选 [[deepseek] 2/6 策略=仅标题+链接 retry=1]（44 条，8319 字符，temp=0.3）
2026-08-03 07:01:12 [ERROR] AI 调用异常 ([deepseek] 2/6 策略=仅标题+链接 retry=1): Error code: 401 - {'error': {'message': 'Authentication Fails, Your api key: ****df0d is invalid', 'type': 'authentication_error', 'param': None, 'code': 'invalid_request_error'}}
2026-08-03 07:01:12 [WARNING] [[deepseek] 2/6 策略=仅标题+链接 retry=1] AI 调用失败或解析失败，继续下一次尝试
2026-08-03 07:01:12 [INFO] 🤖 AI 筛选 [[deepseek] 3/6 策略=仅标题+链接 retry=2]（44 条，8319 字符，temp=0.3）
2026-08-03 07:01:12 [ERROR] AI 调用异常 ([deepseek] 3/6 策略=仅标题+链接 retry=2): Error code: 401 - {'error': {'message': 'Authentication Fails, Your api key: ****df0d is invalid', 'type': 'authentication_error', 'param': None, 'code': 'invalid_request_error'}}
2026-08-03 07:01:12 [WARNING] [[deepseek] 3/6 策略=仅标题+链接 retry=2] AI 调用失败或解析失败，继续下一次尝试
2026-08-03 07:01:12 [INFO] 🤖 AI 筛选 [[deepseek] 4/6 策略=完整内容 retry=0]（44 条，13101 字符，temp=0.3）
2026-08-03 07:01:13 [ERROR] AI 调用异常 ([deepseek] 4/6 策略=完整内容 retry=0): Error code: 401 - {'error': {'message': 'Authentication Fails, Your api key: ****df0d is invalid', 'type': 'authentication_error', 'param': None, 'code': 'invalid_request_error'}}
2026-08-03 07:01:13 [WARNING] [[deepseek] 4/6 策略=完整内容 retry=0] AI 调用失败或解析失败，继续下一次尝试
2026-08-03 07:01:13 [INFO] 🤖 AI 筛选 [[deepseek] 5/6 策略=完整内容 retry=1]（44 条，13101 字符，temp=0.3）
2026-08-03 07:01:13 [ERROR] AI 调用异常 ([deepseek] 5/6 策略=完整内容 retry=1): Error code: 401 - {'error': {'message': 'Authentication Fails, Your api key: ****df0d is invalid', 'type': 'authentication_error', 'param': None, 'code': 'invalid_request_error'}}
2026-08-03 07:01:13 [WARNING] [[deepseek] 5/6 策略=完整内容 retry=1] AI 调用失败或解析失败，继续下一次尝试
2026-08-03 07:01:13 [INFO] 🤖 AI 筛选 [[deepseek] 6/6 策略=仅标题（无历史） retry=0]（44 条，8319 字符，temp=0.3）
2026-08-03 07:01:14 [ERROR] AI 调用异常 ([deepseek] 6/6 策略=仅标题（无历史） retry=0): Error code: 401 - {'error': {'message': 'Authentication Fails, Your api key: ****df0d is invalid', 'type': 'authentication_error', 'param': None, 'code': 'invalid_request_error'}}
2026-08-03 07:01:14 [WARNING] [[deepseek] 6/6 策略=仅标题（无历史） retry=0] AI 调用失败或解析失败，继续下一次尝试
2026-08-03 07:01:14 [WARNING] [deepseek] 已达最大尝试次数 6，停止
2026-08-03 07:01:14 [INFO] ⚠️ deepseek 未能产出满意结果，尝试下一个提供商
2026-08-03 07:01:14 [INFO] 🔄 尝试 AI 提供商: zhipu
2026-08-03 07:01:14 [ERROR] 未设置环境变量 ZHIPU_API_KEY，无法使用 zhipu
2026-08-03 07:01:14 [INFO] ⚠️ zhipu 未能产出满意结果，尝试下一个提供商
2026-08-03 07:01:14 [INFO] 🔄 尝试 AI 提供商: kimi
2026-08-03 07:01:14 [ERROR] 未设置环境变量 KIMI_API_KEY，无法使用 kimi
2026-08-03 07:01:14 [INFO] ⚠️ kimi 未能产出满意结果，尝试下一个提供商
2026-08-03 07:01:14 [INFO] 🔄 尝试 AI 提供商: huoshan
2026-08-03 07:01:14 [ERROR] 未设置环境变量 HUOSHAN_API_KEY，无法使用 huoshan
2026-08-03 07:01:14 [INFO] ⚠️ huoshan 未能产出满意结果，尝试下一个提供商
2026-08-03 07:01:14 [ERROR] ❌ 所有提供商均失败，返回空列表
2026-08-03 07:01:14 [INFO] 📦 JSON 已保存: reports/2026-08-03-15.json
2026-08-03 07:01:14 [INFO] ✅ AI 筛选完成，共 0 条交易相关消息
2026-08-03 08:01:00 [INFO] 🚀 开始抓取 2026-08-03 16:00 币圈新闻
2026-08-03 08:01:00 [INFO] 📡 抓取 RSS 新闻源...
2026-08-03 08:01:00 [INFO] 📡 抓取交易所公告 & 链上数据...
2026-08-03 08:01:00 [INFO]   ⏭ Decrypt: 过滤掉 38 条非近期新闻
2026-08-03 08:01:00 [INFO]   ⏭ The Block: 过滤掉 20 条非近期新闻
2026-08-03 08:01:00 [INFO]   ⏭ CoinTelegraph: 过滤掉 28 条非近期新闻
2026-08-03 08:01:00 [WARNING] 解析失败 Bitget公告: 'NoneType' object is not subscriptable
2026-08-03 08:01:01 [INFO]   ⏭ CoinDesk: 过滤掉 24 条非近期新闻
2026-08-03 08:01:01 [INFO]   ⏭ Bitcoin Magazine: 过滤掉 10 条非近期新闻
2026-08-03 08:01:01 [INFO]   ⏭ Bloomberg Crypto: 过滤掉 50 条非近期新闻
2026-08-03 08:01:01 [INFO]   ⏭ Blockworks: 过滤掉 50 条非近期新闻
2026-08-03 08:01:01 [INFO]   ⏭ Reuters Crypto: 过滤掉 50 条非近期新闻
2026-08-03 08:01:01 [INFO]   ⏭ CNBC Crypto: 过滤掉 49 条非近期新闻
2026-08-03 08:01:01 [INFO]   ⏭ 宏观经济: 过滤掉 50 条非近期新闻
2026-08-03 08:01:01 [INFO]   ⏭ DeFi Llama: 过滤掉 50 条非近期新闻
2026-08-03 08:01:01 [INFO]   ⏭ Reddit r/cryptocurrency: 过滤掉 22 条非近期新闻
2026-08-03 08:01:01 [INFO]   ⏭ Decrypt: 过滤掉 50 条非近期新闻
2026-08-03 08:01:01 [INFO]   ⏭ DL News: 过滤掉 50 条非近期新闻
2026-08-03 08:01:01 [INFO]   ⏭ The Block: 过滤掉 50 条非近期新闻
2026-08-03 08:01:01 [INFO]   ⏭ 雪球加密: 过滤掉 49 条非近期新闻
2026-08-03 08:01:01 [INFO]   ⏭ Bitcoin Magazine: 过滤掉 50 条非近期新闻
2026-08-03 08:01:01 [INFO]   ⏭ 宏观经济: 过滤掉 50 条非近期新闻
2026-08-03 08:01:01 [INFO]   ⏭ Blockworks: 过滤掉 3 条非近期新闻
2026-08-03 08:01:01 [INFO]   ⏭ 吴说区块链: 过滤掉 48 条非近期新闻
2026-08-03 08:01:02 [INFO]   ⏭ 律动BlockBeats: 过滤掉 50 条非近期新闻
2026-08-03 08:01:02 [INFO]   ⏭ PANews: 过滤掉 50 条非近期新闻
2026-08-03 08:01:02 [INFO]   ⏭ Crypto Twitter: 过滤掉 40 条非近期新闻
2026-08-03 08:01:02 [INFO]   ✓ CoinDesk: 1 条
2026-08-03 08:01:02 [INFO]   ✓ The Block: 0 条
2026-08-03 08:01:02 [INFO]   ✓ Decrypt: 0 条
2026-08-03 08:01:02 [INFO]   ✓ CoinTelegraph: 2 条
2026-08-03 08:01:02 [INFO]   ✓ Bitcoin Magazine: 0 条
2026-08-03 08:01:02 [INFO]   ✓ Blockworks: 0 条
2026-08-03 08:01:02 [INFO]   ✓ DL News: 0 条
2026-08-03 08:01:02 [INFO]   ✓ 金色财经: 3 条
2026-08-03 08:01:02 [INFO]   ✓ PANews: 0 条
2026-08-03 08:01:02 [INFO]   ✓ 律动BlockBeats: 0 条
2026-08-03 08:01:02 [INFO]   ✓ 吴说区块链: 0 条
2026-08-03 08:01:02 [INFO]   ✓ Bloomberg Crypto: 0 条
2026-08-03 08:01:02 [INFO]   ✓ Reuters Crypto: 0 条
2026-08-03 08:01:02 [INFO]   ✓ CNBC Crypto: 1 条
2026-08-03 08:01:02 [INFO]   ✓ Reddit r/cryptocurrency: 3 条
2026-08-03 08:01:02 [INFO]   ✓ Reddit r/bitcoin: 0 条
2026-08-03 08:01:02 [INFO]   ✓ Crypto Twitter: 10 条
2026-08-03 08:01:02 [INFO]   ✓ 宏观经济: 0 条
2026-08-03 08:01:02 [INFO]   ✓ Binance公告: 20 条
2026-08-03 08:01:02 [INFO]   ✓ OKX公告: 0 条
2026-08-03 08:01:02 [INFO]   ✓ Bitget公告: 0 条
2026-08-03 08:01:02 [INFO]   ✓ Whale Alert: 0 条
2026-08-03 08:01:02 [INFO]   ✓ Fear & Greed Index: 1 条
2026-08-03 08:01:02 [INFO]   ✓ DeFi Llama: 0 条
2026-08-03 08:01:02 [INFO]   ✓ 雪球加密: 1 条
2026-08-03 08:01:02 [INFO] 📊 共抓取 42 条新闻
2026-08-03 08:01:02 [INFO] 📋 原始新闻已保存: reports/2026-08-03-16-raw.json (42 条)
2026-08-03 08:01:02 [INFO] 📋 标题摘要已保存: reports/2026-08-03-16-raw-titles.md
2026-08-03 08:01:02 [INFO] ✅ 抓取完成，共 42 条，已保存到 reports/2026-08-03-16-raw.json
2026-08-03 08:01:02 [INFO] 🤖 开始 AI 筛选 2026-08-03 16:00 币圈消息
2026-08-03 08:01:02 [INFO] 📋 已加载原始新闻: reports/2026-08-03-16-raw.json (42 条)
2026-08-03 08:01:02 [INFO] 📚 已加载历史新闻标题（16635 字符）
2026-08-03 08:01:02 [INFO] 📚 已加载历史筛选标题 0 条、URL 0 个，用于去重
2026-08-03 08:01:02 [INFO] 🔄 尝试 AI 提供商: deepseek
2026-08-03 08:01:02 [INFO] 🤖 使用 AI 提供商: deepseek (模型: deepseek-v4-flash)
2026-08-03 08:01:02 [INFO] 🤖 AI 筛选 [[deepseek] 1/6 策略=仅标题+链接 retry=0]（42 条，10282 字符，temp=0.3）
2026-08-03 08:01:03 [ERROR] AI 调用异常 ([deepseek] 1/6 策略=仅标题+链接 retry=0): Error code: 401 - {'error': {'message': 'Authentication Fails, Your api key: ****df0d is invalid', 'type': 'authentication_error', 'param': None, 'code': 'invalid_request_error'}}
2026-08-03 08:01:03 [WARNING] [[deepseek] 1/6 策略=仅标题+链接 retry=0] AI 调用失败或解析失败，继续下一次尝试
2026-08-03 08:01:03 [INFO] 🤖 AI 筛选 [[deepseek] 2/6 策略=仅标题+链接 retry=1]（42 条，10282 字符，temp=0.3）
2026-08-03 08:01:04 [ERROR] AI 调用异常 ([deepseek] 2/6 策略=仅标题+链接 retry=1): Error code: 401 - {'error': {'message': 'Authentication Fails, Your api key: ****df0d is invalid', 'type': 'authentication_error', 'param': None, 'code': 'invalid_request_error'}}
2026-08-03 08:01:04 [WARNING] [[deepseek] 2/6 策略=仅标题+链接 retry=1] AI 调用失败或解析失败，继续下一次尝试
2026-08-03 08:01:04 [INFO] 🤖 AI 筛选 [[deepseek] 3/6 策略=仅标题+链接 retry=2]（42 条，10282 字符，temp=0.3）
2026-08-03 08:01:04 [ERROR] AI 调用异常 ([deepseek] 3/6 策略=仅标题+链接 retry=2): Error code: 401 - {'error': {'message': 'Authentication Fails, Your api key: ****df0d is invalid', 'type': 'authentication_error', 'param': None, 'code': 'invalid_request_error'}}
2026-08-03 08:01:04 [WARNING] [[deepseek] 3/6 策略=仅标题+链接 retry=2] AI 调用失败或解析失败，继续下一次尝试
2026-08-03 08:01:04 [INFO] 🤖 AI 筛选 [[deepseek] 4/6 策略=完整内容 retry=0]（42 条，14267 字符，temp=0.3）
2026-08-03 08:01:04 [ERROR] AI 调用异常 ([deepseek] 4/6 策略=完整内容 retry=0): Error code: 401 - {'error': {'message': 'Authentication Fails, Your api key: ****df0d is invalid', 'type': 'authentication_error', 'param': None, 'code': 'invalid_request_error'}}
2026-08-03 08:01:04 [WARNING] [[deepseek] 4/6 策略=完整内容 retry=0] AI 调用失败或解析失败，继续下一次尝试
2026-08-03 08:01:04 [INFO] 🤖 AI 筛选 [[deepseek] 5/6 策略=完整内容 retry=1]（42 条，14267 字符，temp=0.3）
2026-08-03 08:01:05 [ERROR] AI 调用异常 ([deepseek] 5/6 策略=完整内容 retry=1): Error code: 401 - {'error': {'message': 'Authentication Fails, Your api key: ****df0d is invalid', 'type': 'authentication_error', 'param': None, 'code': 'invalid_request_error'}}
2026-08-03 08:01:05 [WARNING] [[deepseek] 5/6 策略=完整内容 retry=1] AI 调用失败或解析失败，继续下一次尝试
2026-08-03 08:01:05 [INFO] 🤖 AI 筛选 [[deepseek] 6/6 策略=仅标题（无历史） retry=0]（42 条，10282 字符，temp=0.3）
2026-08-03 08:01:05 [ERROR] AI 调用异常 ([deepseek] 6/6 策略=仅标题（无历史） retry=0): Error code: 401 - {'error': {'message': 'Authentication Fails, Your api key: ****df0d is invalid', 'type': 'authentication_error', 'param': None, 'code': 'invalid_request_error'}}
2026-08-03 08:01:05 [WARNING] [[deepseek] 6/6 策略=仅标题（无历史） retry=0] AI 调用失败或解析失败，继续下一次尝试
2026-08-03 08:01:05 [WARNING] [deepseek] 已达最大尝试次数 6，停止
2026-08-03 08:01:05 [INFO] ⚠️ deepseek 未能产出满意结果，尝试下一个提供商
2026-08-03 08:01:05 [INFO] 🔄 尝试 AI 提供商: zhipu
2026-08-03 08:01:05 [ERROR] 未设置环境变量 ZHIPU_API_KEY，无法使用 zhipu
2026-08-03 08:01:05 [INFO] ⚠️ zhipu 未能产出满意结果，尝试下一个提供商
2026-08-03 08:01:05 [INFO] 🔄 尝试 AI 提供商: kimi
2026-08-03 08:01:05 [ERROR] 未设置环境变量 KIMI_API_KEY，无法使用 kimi
2026-08-03 08:01:05 [INFO] ⚠️ kimi 未能产出满意结果，尝试下一个提供商
2026-08-03 08:01:05 [INFO] 🔄 尝试 AI 提供商: huoshan
2026-08-03 08:01:05 [ERROR] 未设置环境变量 HUOSHAN_API_KEY，无法使用 huoshan
2026-08-03 08:01:05 [INFO] ⚠️ huoshan 未能产出满意结果，尝试下一个提供商
2026-08-03 08:01:05 [ERROR] ❌ 所有提供商均失败，返回空列表
2026-08-03 08:01:05 [INFO] 📦 JSON 已保存: reports/2026-08-03-16.json
2026-08-03 08:01:05 [INFO] ✅ AI 筛选完成，共 0 条交易相关消息
2026-08-03 09:01:03 [INFO] 🚀 开始抓取 2026-08-03 17:00 币圈新闻
2026-08-03 09:01:03 [INFO] 📡 抓取 RSS 新闻源...
2026-08-03 09:01:03 [INFO] 📡 抓取交易所公告 & 链上数据...
2026-08-03 09:01:03 [INFO]   ⏭ Decrypt: 过滤掉 50 条非近期新闻
2026-08-03 09:01:03 [INFO]   ⏭ The Block: 过滤掉 20 条非近期新闻
2026-08-03 09:01:03 [INFO]   ⏭ CoinTelegraph: 过滤掉 28 条非近期新闻
2026-08-03 09:01:03 [INFO]   ⏭ CoinDesk: 过滤掉 24 条非近期新闻
2026-08-03 09:01:03 [WARNING] 解析失败 Bitget公告: 'NoneType' object is not subscriptable
2026-08-03 09:01:04 [INFO]   ⏭ Bitcoin Magazine: 过滤掉 10 条非近期新闻
2026-08-03 09:01:04 [INFO]   ⏭ 宏观经济: 过滤掉 50 条非近期新闻
2026-08-03 09:01:04 [INFO]   ⏭ Reuters Crypto: 过滤掉 50 条非近期新闻
2026-08-03 09:01:04 [INFO]   ⏭ Bloomberg Crypto: 过滤掉 50 条非近期新闻
2026-08-03 09:01:04 [INFO]   ⏭ Blockworks: 过滤掉 50 条非近期新闻
2026-08-03 09:01:04 [INFO]   ⏭ CNBC Crypto: 过滤掉 48 条非近期新闻
2026-08-03 09:01:04 [INFO]   ⏭ DL News: 过滤掉 50 条非近期新闻
2026-08-03 09:01:04 [INFO]   ⏭ DeFi Llama: 过滤掉 50 条非近期新闻
2026-08-03 09:01:04 [INFO]   ⏭ Reddit r/bitcoin: 过滤掉 24 条非近期新闻
2026-08-03 09:01:04 [INFO]   ⏭ Decrypt: 过滤掉 50 条非近期新闻
2026-08-03 09:01:04 [INFO]   ⏭ 宏观经济: 过滤掉 50 条非近期新闻
2026-08-03 09:01:04 [INFO]   ⏭ 雪球加密: 过滤掉 50 条非近期新闻
2026-08-03 09:01:04 [INFO]   ⏭ The Block: 过滤掉 50 条非近期新闻
2026-08-03 09:01:04 [INFO]   ⏭ Blockworks: 过滤掉 3 条非近期新闻
2026-08-03 09:01:04 [INFO]   ⏭ 吴说区块链: 过滤掉 48 条非近期新闻
2026-08-03 09:01:05 [INFO]   ⏭ Bitcoin Magazine: 过滤掉 50 条非近期新闻
2026-08-03 09:01:05 [INFO]   ⏭ Crypto Twitter: 过滤掉 37 条非近期新闻
2026-08-03 09:01:06 [INFO]   ⏭ PANews: 过滤掉 50 条非近期新闻
2026-08-03 09:01:06 [INFO]   ⏭ 律动BlockBeats: 过滤掉 6 条非近期新闻
2026-08-03 09:01:18 [DEBUG] 请求失败 https://rsshub.rssforever.com/jinse/lives: 
2026-08-03 09:01:19 [INFO]   ✓ CoinDesk: 1 条
2026-08-03 09:01:19 [INFO]   ✓ The Block: 0 条
2026-08-03 09:01:19 [INFO]   ✓ Decrypt: 0 条
2026-08-03 09:01:19 [INFO]   ✓ CoinTelegraph: 2 条
2026-08-03 09:01:19 [INFO]   ✓ Bitcoin Magazine: 0 条
2026-08-03 09:01:19 [INFO]   ✓ Blockworks: 0 条
2026-08-03 09:01:19 [INFO]   ✓ DL News: 0 条
2026-08-03 09:01:19 [INFO]   ✓ 金色财经: 0 条
2026-08-03 09:01:19 [INFO]   ✓ PANews: 0 条
2026-08-03 09:01:19 [INFO]   ✓ 律动BlockBeats: 14 条
2026-08-03 09:01:19 [INFO]   ✓ 吴说区块链: 0 条
2026-08-03 09:01:19 [INFO]   ✓ Bloomberg Crypto: 0 条
2026-08-03 09:01:19 [INFO]   ✓ Reuters Crypto: 0 条
2026-08-03 09:01:19 [INFO]   ✓ CNBC Crypto: 2 条
2026-08-03 09:01:19 [INFO]   ✓ Reddit r/cryptocurrency: 0 条
2026-08-03 09:01:19 [INFO]   ✓ Reddit r/bitcoin: 1 条
2026-08-03 09:01:19 [INFO]   ✓ Crypto Twitter: 13 条
2026-08-03 09:01:19 [INFO]   ✓ 宏观经济: 0 条
2026-08-03 09:01:19 [INFO]   ✓ Binance公告: 20 条
2026-08-03 09:01:19 [INFO]   ✓ OKX公告: 0 条
2026-08-03 09:01:19 [INFO]   ✓ Bitget公告: 0 条
2026-08-03 09:01:19 [INFO]   ✓ Whale Alert: 0 条
2026-08-03 09:01:19 [INFO]   ✓ Fear & Greed Index: 1 条
2026-08-03 09:01:19 [INFO]   ✓ DeFi Llama: 0 条
2026-08-03 09:01:19 [INFO]   ✓ 雪球加密: 0 条
2026-08-03 09:01:19 [INFO] 📊 共抓取 54 条新闻
2026-08-03 09:01:19 [INFO] 📋 原始新闻已保存: reports/2026-08-03-17-raw.json (54 条)
2026-08-03 09:01:19 [INFO] 📋 标题摘要已保存: reports/2026-08-03-17-raw-titles.md
2026-08-03 09:01:19 [INFO] ✅ 抓取完成，共 54 条，已保存到 reports/2026-08-03-17-raw.json
2026-08-03 09:01:19 [INFO] 🤖 开始 AI 筛选 2026-08-03 17:00 币圈消息
2026-08-03 09:01:19 [INFO] 📋 已加载原始新闻: reports/2026-08-03-17-raw.json (54 条)
2026-08-03 09:01:19 [INFO] 📚 已加载历史新闻标题（17941 字符）
2026-08-03 09:01:19 [INFO] 📚 已加载历史筛选标题 0 条、URL 0 个，用于去重
2026-08-03 09:01:19 [INFO] 🔄 尝试 AI 提供商: deepseek
2026-08-03 09:01:19 [INFO] 🤖 使用 AI 提供商: deepseek (模型: deepseek-v4-flash)
2026-08-03 09:01:19 [INFO] 🤖 AI 筛选 [[deepseek] 1/6 策略=仅标题+链接 retry=0]（54 条，12086 字符，temp=0.3）
2026-08-03 09:01:20 [ERROR] AI 调用异常 ([deepseek] 1/6 策略=仅标题+链接 retry=0): Error code: 401 - {'error': {'message': 'Authentication Fails, Your api key: ****df0d is invalid', 'type': 'authentication_error', 'param': None, 'code': 'invalid_request_error'}}
2026-08-03 09:01:20 [WARNING] [[deepseek] 1/6 策略=仅标题+链接 retry=0] AI 调用失败或解析失败，继续下一次尝试
2026-08-03 09:01:20 [INFO] 🤖 AI 筛选 [[deepseek] 2/6 策略=仅标题+链接 retry=1]（54 条，12086 字符，temp=0.3）
2026-08-03 09:01:20 [ERROR] AI 调用异常 ([deepseek] 2/6 策略=仅标题+链接 retry=1): Error code: 401 - {'error': {'message': 'Authentication Fails, Your api key: ****df0d is invalid', 'type': 'authentication_error', 'param': None, 'code': 'invalid_request_error'}}
2026-08-03 09:01:20 [WARNING] [[deepseek] 2/6 策略=仅标题+链接 retry=1] AI 调用失败或解析失败，继续下一次尝试
2026-08-03 09:01:20 [INFO] 🤖 AI 筛选 [[deepseek] 3/6 策略=仅标题+链接 retry=2]（54 条，12086 字符，temp=0.3）
2026-08-03 09:01:21 [ERROR] AI 调用异常 ([deepseek] 3/6 策略=仅标题+链接 retry=2): Error code: 401 - {'error': {'message': 'Authentication Fails, Your api key: ****df0d is invalid', 'type': 'authentication_error', 'param': None, 'code': 'invalid_request_error'}}
2026-08-03 09:01:21 [WARNING] [[deepseek] 3/6 策略=仅标题+链接 retry=2] AI 调用失败或解析失败，继续下一次尝试
2026-08-03 09:01:21 [INFO] 🤖 AI 筛选 [[deepseek] 4/6 策略=完整内容 retry=0]（54 条，17925 字符，temp=0.3）
2026-08-03 09:01:21 [ERROR] AI 调用异常 ([deepseek] 4/6 策略=完整内容 retry=0): Error code: 401 - {'error': {'message': 'Authentication Fails, Your api key: ****df0d is invalid', 'type': 'authentication_error', 'param': None, 'code': 'invalid_request_error'}}
2026-08-03 09:01:21 [WARNING] [[deepseek] 4/6 策略=完整内容 retry=0] AI 调用失败或解析失败，继续下一次尝试
2026-08-03 09:01:21 [INFO] 🤖 AI 筛选 [[deepseek] 5/6 策略=完整内容 retry=1]（54 条，17925 字符，temp=0.3）
2026-08-03 09:01:22 [ERROR] AI 调用异常 ([deepseek] 5/6 策略=完整内容 retry=1): Error code: 401 - {'error': {'message': 'Authentication Fails, Your api key: ****df0d is invalid', 'type': 'authentication_error', 'param': None, 'code': 'invalid_request_error'}}
2026-08-03 09:01:22 [WARNING] [[deepseek] 5/6 策略=完整内容 retry=1] AI 调用失败或解析失败，继续下一次尝试
2026-08-03 09:01:22 [INFO] 🤖 AI 筛选 [[deepseek] 6/6 策略=仅标题（无历史） retry=0]（54 条，12086 字符，temp=0.3）
2026-08-03 09:01:22 [ERROR] AI 调用异常 ([deepseek] 6/6 策略=仅标题（无历史） retry=0): Error code: 401 - {'error': {'message': 'Authentication Fails, Your api key: ****df0d is invalid', 'type': 'authentication_error', 'param': None, 'code': 'invalid_request_error'}}
2026-08-03 09:01:22 [WARNING] [[deepseek] 6/6 策略=仅标题（无历史） retry=0] AI 调用失败或解析失败，继续下一次尝试
2026-08-03 09:01:22 [WARNING] [deepseek] 已达最大尝试次数 6，停止
2026-08-03 09:01:22 [INFO] ⚠️ deepseek 未能产出满意结果，尝试下一个提供商
2026-08-03 09:01:22 [INFO] 🔄 尝试 AI 提供商: zhipu
2026-08-03 09:01:22 [ERROR] 未设置环境变量 ZHIPU_API_KEY，无法使用 zhipu
2026-08-03 09:01:22 [INFO] ⚠️ zhipu 未能产出满意结果，尝试下一个提供商
2026-08-03 09:01:22 [INFO] 🔄 尝试 AI 提供商: kimi
2026-08-03 09:01:22 [ERROR] 未设置环境变量 KIMI_API_KEY，无法使用 kimi
2026-08-03 09:01:22 [INFO] ⚠️ kimi 未能产出满意结果，尝试下一个提供商
2026-08-03 09:01:22 [INFO] 🔄 尝试 AI 提供商: huoshan
2026-08-03 09:01:22 [ERROR] 未设置环境变量 HUOSHAN_API_KEY，无法使用 huoshan
2026-08-03 09:01:22 [INFO] ⚠️ huoshan 未能产出满意结果，尝试下一个提供商
2026-08-03 09:01:22 [ERROR] ❌ 所有提供商均失败，返回空列表
2026-08-03 09:01:22 [INFO] 📦 JSON 已保存: reports/2026-08-03-17.json
2026-08-03 09:01:22 [INFO] ✅ AI 筛选完成，共 0 条交易相关消息
2026-08-03 10:00:56 [INFO] 🚀 开始抓取 2026-08-03 18:00 币圈新闻
2026-08-03 10:00:56 [INFO] 📡 抓取 RSS 新闻源...
2026-08-03 10:00:56 [INFO] 📡 抓取交易所公告 & 链上数据...
2026-08-03 10:00:56 [INFO]   ⏭ The Block: 过滤掉 17 条非近期新闻
2026-08-03 10:00:56 [INFO]   ⏭ Decrypt: 过滤掉 38 条非近期新闻
2026-08-03 10:00:56 [INFO]   ⏭ CoinTelegraph: 过滤掉 28 条非近期新闻
2026-08-03 10:00:56 [INFO]   ⏭ CoinDesk: 过滤掉 22 条非近期新闻
2026-08-03 10:00:56 [WARNING] 解析失败 Bitget公告: 'NoneType' object is not subscriptable
2026-08-03 10:00:56 [INFO]   ⏭ Bloomberg Crypto: 过滤掉 49 条非近期新闻
2026-08-03 10:00:56 [INFO]   ⏭ 宏观经济: 过滤掉 49 条非近期新闻
2026-08-03 10:00:56 [INFO]   ⏭ Bitcoin Magazine: 过滤掉 10 条非近期新闻
2026-08-03 10:00:56 [INFO]   ⏭ Reuters Crypto: 过滤掉 50 条非近期新闻
2026-08-03 10:00:56 [INFO]   ⏭ Blockworks: 过滤掉 50 条非近期新闻
2026-08-03 10:00:56 [INFO]   ⏭ CNBC Crypto: 过滤掉 50 条非近期新闻
2026-08-03 10:00:57 [INFO]   ⏭ Reddit r/cryptocurrency: 过滤掉 22 条非近期新闻
2026-08-03 10:00:57 [INFO]   ⏭ DL News: 过滤掉 50 条非近期新闻
2026-08-03 10:00:57 [INFO]   ⏭ Decrypt: 过滤掉 50 条非近期新闻
2026-08-03 10:00:57 [INFO]   ⏭ DeFi Llama: 过滤掉 50 条非近期新闻
2026-08-03 10:00:57 [INFO]   ⏭ Blockworks: 过滤掉 4 条非近期新闻
2026-08-03 10:00:57 [INFO]   ⏭ Bitcoin Magazine: 过滤掉 50 条非近期新闻
2026-08-03 10:00:57 [INFO]   ⏭ 雪球加密: 过滤掉 50 条非近期新闻
2026-08-03 10:00:57 [INFO]   ⏭ 吴说区块链: 过滤掉 48 条非近期新闻
2026-08-03 10:00:57 [INFO]   ⏭ Crypto Twitter: 过滤掉 37 条非近期新闻
2026-08-03 10:01:09 [INFO]   ⏭ 律动BlockBeats: 过滤掉 2 条非近期新闻
2026-08-03 10:01:09 [INFO]   ⏭ PANews: 过滤掉 50 条非近期新闻
2026-08-03 10:01:11 [DEBUG] 请求失败 https://rsshub.rssforever.com/jinse/lives: 
2026-08-03 10:01:11 [INFO]   ✓ CoinDesk: 3 条
2026-08-03 10:01:11 [INFO]   ✓ The Block: 3 条
2026-08-03 10:01:11 [INFO]   ✓ Decrypt: 0 条
2026-08-03 10:01:11 [INFO]   ✓ CoinTelegraph: 2 条
2026-08-03 10:01:11 [INFO]   ✓ Bitcoin Magazine: 0 条
2026-08-03 10:01:11 [INFO]   ✓ Blockworks: 0 条
2026-08-03 10:01:11 [INFO]   ✓ DL News: 0 条
2026-08-03 10:01:11 [INFO]   ✓ 金色财经: 0 条
2026-08-03 10:01:11 [INFO]   ✓ PANews: 0 条
2026-08-03 10:01:11 [INFO]   ✓ 律动BlockBeats: 18 条
2026-08-03 10:01:11 [INFO]   ✓ 吴说区块链: 0 条
2026-08-03 10:01:11 [INFO]   ✓ Bloomberg Crypto: 1 条
2026-08-03 10:01:11 [INFO]   ✓ Reuters Crypto: 0 条
2026-08-03 10:01:11 [INFO]   ✓ CNBC Crypto: 0 条
2026-08-03 10:01:11 [INFO]   ✓ Reddit r/cryptocurrency: 3 条
2026-08-03 10:01:11 [INFO]   ✓ Reddit r/bitcoin: 0 条
2026-08-03 10:01:11 [INFO]   ✓ Crypto Twitter: 13 条
2026-08-03 10:01:11 [INFO]   ✓ 宏观经济: 1 条
2026-08-03 10:01:11 [INFO]   ✓ Binance公告: 20 条
2026-08-03 10:01:11 [INFO]   ✓ OKX公告: 0 条
2026-08-03 10:01:11 [INFO]   ✓ Bitget公告: 0 条
2026-08-03 10:01:11 [INFO]   ✓ Whale Alert: 0 条
2026-08-03 10:01:11 [INFO]   ✓ Fear & Greed Index: 1 条
2026-08-03 10:01:11 [INFO]   ✓ DeFi Llama: 0 条
2026-08-03 10:01:11 [INFO]   ✓ 雪球加密: 0 条
2026-08-03 10:01:11 [INFO] 📊 共抓取 65 条新闻
2026-08-03 10:01:11 [INFO] 📋 原始新闻已保存: reports/2026-08-03-18-raw.json (65 条)
2026-08-03 10:01:11 [INFO] 📋 标题摘要已保存: reports/2026-08-03-18-raw-titles.md
2026-08-03 10:01:11 [INFO] ✅ 抓取完成，共 65 条，已保存到 reports/2026-08-03-18-raw.json
2026-08-03 10:01:12 [INFO] 🤖 开始 AI 筛选 2026-08-03 18:00 币圈消息
2026-08-03 10:01:12 [INFO] 📋 已加载原始新闻: reports/2026-08-03-18-raw.json (65 条)
2026-08-03 10:01:12 [INFO] 📚 已加载历史新闻标题（19846 字符）
2026-08-03 10:01:12 [INFO] 📚 已加载历史筛选标题 0 条、URL 0 个，用于去重
2026-08-03 10:01:12 [INFO] 🔄 尝试 AI 提供商: deepseek
2026-08-03 10:01:12 [INFO] 🤖 使用 AI 提供商: deepseek (模型: deepseek-v4-flash)
2026-08-03 10:01:12 [INFO] 🤖 AI 筛选 [[deepseek] 1/6 策略=仅标题+链接 retry=0]（65 条，13987 字符，temp=0.3）
2026-08-03 10:01:13 [ERROR] AI 调用异常 ([deepseek] 1/6 策略=仅标题+链接 retry=0): Error code: 401 - {'error': {'message': 'Authentication Fails, Your api key: ****df0d is invalid', 'type': 'authentication_error', 'param': None, 'code': 'invalid_request_error'}}
2026-08-03 10:01:13 [WARNING] [[deepseek] 1/6 策略=仅标题+链接 retry=0] AI 调用失败或解析失败，继续下一次尝试
2026-08-03 10:01:13 [INFO] 🤖 AI 筛选 [[deepseek] 2/6 策略=仅标题+链接 retry=1]（65 条，13987 字符，temp=0.3）
2026-08-03 10:01:13 [ERROR] AI 调用异常 ([deepseek] 2/6 策略=仅标题+链接 retry=1): Error code: 401 - {'error': {'message': 'Authentication Fails, Your api key: ****df0d is invalid', 'type': 'authentication_error', 'param': None, 'code': 'invalid_request_error'}}
2026-08-03 10:01:13 [WARNING] [[deepseek] 2/6 策略=仅标题+链接 retry=1] AI 调用失败或解析失败，继续下一次尝试
2026-08-03 10:01:13 [INFO] 🤖 AI 筛选 [[deepseek] 3/6 策略=仅标题+链接 retry=2]（65 条，13987 字符，temp=0.3）
2026-08-03 10:01:14 [ERROR] AI 调用异常 ([deepseek] 3/6 策略=仅标题+链接 retry=2): Error code: 401 - {'error': {'message': 'Authentication Fails, Your api key: ****df0d is invalid', 'type': 'authentication_error', 'param': None, 'code': 'invalid_request_error'}}
2026-08-03 10:01:14 [WARNING] [[deepseek] 3/6 策略=仅标题+链接 retry=2] AI 调用失败或解析失败，继续下一次尝试
2026-08-03 10:01:14 [INFO] 🤖 AI 筛选 [[deepseek] 4/6 策略=完整内容 retry=0]（65 条，21508 字符，temp=0.3）
2026-08-03 10:01:14 [ERROR] AI 调用异常 ([deepseek] 4/6 策略=完整内容 retry=0): Error code: 401 - {'error': {'message': 'Authentication Fails, Your api key: ****df0d is invalid', 'type': 'authentication_error', 'param': None, 'code': 'invalid_request_error'}}
2026-08-03 10:01:14 [WARNING] [[deepseek] 4/6 策略=完整内容 retry=0] AI 调用失败或解析失败，继续下一次尝试
2026-08-03 10:01:14 [INFO] 🤖 AI 筛选 [[deepseek] 5/6 策略=完整内容 retry=1]（65 条，21508 字符，temp=0.3）
2026-08-03 10:01:15 [ERROR] AI 调用异常 ([deepseek] 5/6 策略=完整内容 retry=1): Error code: 401 - {'error': {'message': 'Authentication Fails, Your api key: ****df0d is invalid', 'type': 'authentication_error', 'param': None, 'code': 'invalid_request_error'}}
2026-08-03 10:01:15 [WARNING] [[deepseek] 5/6 策略=完整内容 retry=1] AI 调用失败或解析失败，继续下一次尝试
2026-08-03 10:01:15 [INFO] 🤖 AI 筛选 [[deepseek] 6/6 策略=仅标题（无历史） retry=0]（65 条，13987 字符，temp=0.3）
2026-08-03 10:01:15 [ERROR] AI 调用异常 ([deepseek] 6/6 策略=仅标题（无历史） retry=0): Error code: 401 - {'error': {'message': 'Authentication Fails, Your api key: ****df0d is invalid', 'type': 'authentication_error', 'param': None, 'code': 'invalid_request_error'}}
2026-08-03 10:01:15 [WARNING] [[deepseek] 6/6 策略=仅标题（无历史） retry=0] AI 调用失败或解析失败，继续下一次尝试
2026-08-03 10:01:15 [WARNING] [deepseek] 已达最大尝试次数 6，停止
2026-08-03 10:01:15 [INFO] ⚠️ deepseek 未能产出满意结果，尝试下一个提供商
2026-08-03 10:01:15 [INFO] 🔄 尝试 AI 提供商: zhipu
2026-08-03 10:01:15 [ERROR] 未设置环境变量 ZHIPU_API_KEY，无法使用 zhipu
2026-08-03 10:01:15 [INFO] ⚠️ zhipu 未能产出满意结果，尝试下一个提供商
2026-08-03 10:01:15 [INFO] 🔄 尝试 AI 提供商: kimi
2026-08-03 10:01:15 [ERROR] 未设置环境变量 KIMI_API_KEY，无法使用 kimi
2026-08-03 10:01:15 [INFO] ⚠️ kimi 未能产出满意结果，尝试下一个提供商
2026-08-03 10:01:15 [INFO] 🔄 尝试 AI 提供商: huoshan
2026-08-03 10:01:15 [ERROR] 未设置环境变量 HUOSHAN_API_KEY，无法使用 huoshan
2026-08-03 10:01:15 [INFO] ⚠️ huoshan 未能产出满意结果，尝试下一个提供商
2026-08-03 10:01:15 [ERROR] ❌ 所有提供商均失败，返回空列表
2026-08-03 10:01:15 [INFO] 📦 JSON 已保存: reports/2026-08-03-18.json
2026-08-03 10:01:15 [INFO] ✅ AI 筛选完成，共 0 条交易相关消息
2026-08-03 11:01:01 [INFO] 🚀 开始抓取 2026-08-03 19:00 币圈新闻
2026-08-03 11:01:01 [INFO] 📡 抓取 RSS 新闻源...
2026-08-03 11:01:01 [INFO] 📡 抓取交易所公告 & 链上数据...
2026-08-03 11:01:01 [INFO]   ⏭ The Block: 过滤掉 17 条非近期新闻
2026-08-03 11:01:01 [INFO]   ⏭ Decrypt: 过滤掉 37 条非近期新闻
2026-08-03 11:01:01 [INFO]   ⏭ CoinTelegraph: 过滤掉 28 条非近期新闻
2026-08-03 11:01:02 [WARNING] 解析失败 Bitget公告: 'NoneType' object is not subscriptable
2026-08-03 11:01:02 [INFO]   ⏭ Bloomberg Crypto: 过滤掉 49 条非近期新闻
2026-08-03 11:01:02 [INFO]   ⏭ Reuters Crypto: 过滤掉 48 条非近期新闻
2026-08-03 11:01:02 [INFO]   ⏭ 宏观经济: 过滤掉 50 条非近期新闻
2026-08-03 11:01:02 [INFO]   ⏭ CNBC Crypto: 过滤掉 50 条非近期新闻
2026-08-03 11:01:02 [INFO]   ⏭ CoinDesk: 过滤掉 20 条非近期新闻
2026-08-03 11:01:02 [INFO]   ⏭ Bitcoin Magazine: 过滤掉 10 条非近期新闻
2026-08-03 11:01:02 [INFO]   ⏭ Blockworks: 过滤掉 50 条非近期新闻
2026-08-03 11:01:02 [INFO]   ⏭ 宏观经济: 过滤掉 50 条非近期新闻
2026-08-03 11:01:02 [INFO]   ⏭ DL News: 过滤掉 50 条非近期新闻
2026-08-03 11:01:02 [INFO]   ⏭ DeFi Llama: 过滤掉 50 条非近期新闻
2026-08-03 11:01:03 [INFO]   ⏭ Reddit r/cryptocurrency: 过滤掉 22 条非近期新闻
2026-08-03 11:01:03 [INFO]   ⏭ Bitcoin Magazine: 过滤掉 50 条非近期新闻
2026-08-03 11:01:03 [INFO]   ⏭ 吴说区块链: 过滤掉 50 条非近期新闻
2026-08-03 11:01:03 [INFO]   ⏭ 雪球加密: 过滤掉 50 条非近期新闻
2026-08-03 11:01:03 [INFO]   ⏭ Blockworks: 过滤掉 3 条非近期新闻
2026-08-03 11:01:03 [INFO]   ⏭ Crypto Twitter: 过滤掉 36 条非近期新闻
2026-08-03 11:01:06 [INFO]   ⏭ PANews: 过滤掉 50 条非近期新闻
2026-08-03 11:01:06 [INFO]   ⏭ 律动BlockBeats: 过滤掉 50 条非近期新闻
2026-08-03 11:01:07 [INFO]   ✓ CoinDesk: 5 条
2026-08-03 11:01:07 [INFO]   ✓ The Block: 3 条
2026-08-03 11:01:07 [INFO]   ✓ Decrypt: 1 条
2026-08-03 11:01:07 [INFO]   ✓ CoinTelegraph: 2 条
2026-08-03 11:01:07 [INFO]   ✓ Bitcoin Magazine: 0 条
2026-08-03 11:01:07 [INFO]   ✓ Blockworks: 0 条
2026-08-03 11:01:07 [INFO]   ✓ DL News: 0 条
2026-08-03 11:01:07 [INFO]   ✓ 金色财经: 5 条
2026-08-03 11:01:07 [INFO]   ✓ PANews: 0 条
2026-08-03 11:01:07 [INFO]   ✓ 律动BlockBeats: 0 条
2026-08-03 11:01:07 [INFO]   ✓ 吴说区块链: 0 条
2026-08-03 11:01:07 [INFO]   ✓ Bloomberg Crypto: 1 条
2026-08-03 11:01:07 [INFO]   ✓ Reuters Crypto: 2 条
2026-08-03 11:01:07 [INFO]   ✓ CNBC Crypto: 0 条
2026-08-03 11:01:07 [INFO]   ✓ Reddit r/cryptocurrency: 3 条
2026-08-03 11:01:07 [INFO]   ✓ Reddit r/bitcoin: 0 条
2026-08-03 11:01:07 [INFO]   ✓ Crypto Twitter: 14 条
2026-08-03 11:01:07 [INFO]   ✓ 宏观经济: 0 条
2026-08-03 11:01:07 [INFO]   ✓ Binance公告: 20 条
2026-08-03 11:01:07 [INFO]   ✓ OKX公告: 0 条
2026-08-03 11:01:07 [INFO]   ✓ Bitget公告: 0 条
2026-08-03 11:01:07 [INFO]   ✓ Whale Alert: 0 条
2026-08-03 11:01:07 [INFO]   ✓ Fear & Greed Index: 1 条
2026-08-03 11:01:07 [INFO]   ✓ DeFi Llama: 0 条
2026-08-03 11:01:07 [INFO]   ✓ 雪球加密: 0 条
2026-08-03 11:01:07 [INFO] 📊 共抓取 57 条新闻
2026-08-03 11:01:07 [INFO] 📋 原始新闻已保存: reports/2026-08-03-19-raw.json (57 条)
2026-08-03 11:01:07 [INFO] 📋 标题摘要已保存: reports/2026-08-03-19-raw-titles.md
2026-08-03 11:01:07 [INFO] ✅ 抓取完成，共 57 条，已保存到 reports/2026-08-03-19-raw.json
2026-08-03 11:01:08 [INFO] 🤖 开始 AI 筛选 2026-08-03 19:00 币圈消息
2026-08-03 11:01:08 [INFO] 📋 已加载原始新闻: reports/2026-08-03-19-raw.json (57 条)
2026-08-03 11:01:08 [INFO] 📚 已加载历史新闻标题（22376 字符）
2026-08-03 11:01:08 [INFO] 📚 已加载历史筛选标题 0 条、URL 0 个，用于去重
2026-08-03 11:01:08 [INFO] 🔄 尝试 AI 提供商: deepseek
2026-08-03 11:01:08 [INFO] 🤖 使用 AI 提供商: deepseek (模型: deepseek-v4-flash)
2026-08-03 11:01:08 [INFO] 🤖 AI 筛选 [[deepseek] 1/6 策略=仅标题+链接 retry=0]（57 条，13749 字符，temp=0.3）
2026-08-03 11:01:09 [ERROR] AI 调用异常 ([deepseek] 1/6 策略=仅标题+链接 retry=0): Error code: 401 - {'error': {'message': 'Authentication Fails, Your api key: ****df0d is invalid', 'type': 'authentication_error', 'param': None, 'code': 'invalid_request_error'}}
2026-08-03 11:01:09 [WARNING] [[deepseek] 1/6 策略=仅标题+链接 retry=0] AI 调用失败或解析失败，继续下一次尝试
2026-08-03 11:01:09 [INFO] 🤖 AI 筛选 [[deepseek] 2/6 策略=仅标题+链接 retry=1]（57 条，13749 字符，temp=0.3）
2026-08-03 11:01:10 [ERROR] AI 调用异常 ([deepseek] 2/6 策略=仅标题+链接 retry=1): Error code: 401 - {'error': {'message': 'Authentication Fails, Your api key: ****df0d is invalid', 'type': 'authentication_error', 'param': None, 'code': 'invalid_request_error'}}
2026-08-03 11:01:10 [WARNING] [[deepseek] 2/6 策略=仅标题+链接 retry=1] AI 调用失败或解析失败，继续下一次尝试
2026-08-03 11:01:10 [INFO] 🤖 AI 筛选 [[deepseek] 3/6 策略=仅标题+链接 retry=2]（57 条，13749 字符，temp=0.3）
2026-08-03 11:01:10 [ERROR] AI 调用异常 ([deepseek] 3/6 策略=仅标题+链接 retry=2): Error code: 401 - {'error': {'message': 'Authentication Fails, Your api key: ****df0d is invalid', 'type': 'authentication_error', 'param': None, 'code': 'invalid_request_error'}}
2026-08-03 11:01:10 [WARNING] [[deepseek] 3/6 策略=仅标题+链接 retry=2] AI 调用失败或解析失败，继续下一次尝试
2026-08-03 11:01:10 [INFO] 🤖 AI 筛选 [[deepseek] 4/6 策略=完整内容 retry=0]（57 条，19308 字符，temp=0.3）
2026-08-03 11:01:11 [ERROR] AI 调用异常 ([deepseek] 4/6 策略=完整内容 retry=0): Error code: 401 - {'error': {'message': 'Authentication Fails, Your api key: ****df0d is invalid', 'type': 'authentication_error', 'param': None, 'code': 'invalid_request_error'}}
2026-08-03 11:01:11 [WARNING] [[deepseek] 4/6 策略=完整内容 retry=0] AI 调用失败或解析失败，继续下一次尝试
2026-08-03 11:01:11 [INFO] 🤖 AI 筛选 [[deepseek] 5/6 策略=完整内容 retry=1]（57 条，19308 字符，temp=0.3）
2026-08-03 11:01:11 [ERROR] AI 调用异常 ([deepseek] 5/6 策略=完整内容 retry=1): Error code: 401 - {'error': {'message': 'Authentication Fails, Your api key: ****df0d is invalid', 'type': 'authentication_error', 'param': None, 'code': 'invalid_request_error'}}
2026-08-03 11:01:11 [WARNING] [[deepseek] 5/6 策略=完整内容 retry=1] AI 调用失败或解析失败，继续下一次尝试
2026-08-03 11:01:11 [INFO] 🤖 AI 筛选 [[deepseek] 6/6 策略=仅标题（无历史） retry=0]（57 条，13749 字符，temp=0.3）
2026-08-03 11:01:12 [ERROR] AI 调用异常 ([deepseek] 6/6 策略=仅标题（无历史） retry=0): Error code: 401 - {'error': {'message': 'Authentication Fails, Your api key: ****df0d is invalid', 'type': 'authentication_error', 'param': None, 'code': 'invalid_request_error'}}
2026-08-03 11:01:12 [WARNING] [[deepseek] 6/6 策略=仅标题（无历史） retry=0] AI 调用失败或解析失败，继续下一次尝试
2026-08-03 11:01:12 [WARNING] [deepseek] 已达最大尝试次数 6，停止
2026-08-03 11:01:12 [INFO] ⚠️ deepseek 未能产出满意结果，尝试下一个提供商
2026-08-03 11:01:12 [INFO] 🔄 尝试 AI 提供商: zhipu
2026-08-03 11:01:12 [ERROR] 未设置环境变量 ZHIPU_API_KEY，无法使用 zhipu
2026-08-03 11:01:12 [INFO] ⚠️ zhipu 未能产出满意结果，尝试下一个提供商
2026-08-03 11:01:12 [INFO] 🔄 尝试 AI 提供商: kimi
2026-08-03 11:01:12 [ERROR] 未设置环境变量 KIMI_API_KEY，无法使用 kimi
2026-08-03 11:01:12 [INFO] ⚠️ kimi 未能产出满意结果，尝试下一个提供商
2026-08-03 11:01:12 [INFO] 🔄 尝试 AI 提供商: huoshan
2026-08-03 11:01:12 [ERROR] 未设置环境变量 HUOSHAN_API_KEY，无法使用 huoshan
2026-08-03 11:01:12 [INFO] ⚠️ huoshan 未能产出满意结果，尝试下一个提供商
2026-08-03 11:01:12 [ERROR] ❌ 所有提供商均失败，返回空列表
2026-08-03 11:01:12 [INFO] 📦 JSON 已保存: reports/2026-08-03-19.json
2026-08-03 11:01:12 [INFO] ✅ AI 筛选完成，共 0 条交易相关消息
2026-08-03 12:01:01 [INFO] 🚀 开始抓取 2026-08-03 20:00 币圈新闻
2026-08-03 12:01:01 [INFO] 📡 抓取 RSS 新闻源...
2026-08-03 12:01:01 [INFO] 📡 抓取交易所公告 & 链上数据...
2026-08-03 12:01:02 [INFO]   ⏭ The Block: 过滤掉 19 条非近期新闻
2026-08-03 12:01:02 [INFO]   ⏭ Decrypt: 过滤掉 36 条非近期新闻
2026-08-03 12:01:02 [INFO]   ⏭ CoinTelegraph: 过滤掉 27 条非近期新闻
2026-08-03 12:01:02 [WARNING] 解析失败 Bitget公告: 'NoneType' object is not subscriptable
2026-08-03 12:01:02 [INFO]   ⏭ Bitcoin Magazine: 过滤掉 10 条非近期新闻
2026-08-03 12:01:02 [INFO]   ⏭ CoinDesk: 过滤掉 20 条非近期新闻
2026-08-03 12:01:02 [INFO]   ⏭ Bloomberg Crypto: 过滤掉 49 条非近期新闻
2026-08-03 12:01:02 [INFO]   ⏭ Reuters Crypto: 过滤掉 48 条非近期新闻
2026-08-03 12:01:02 [INFO]   ⏭ CNBC Crypto: 过滤掉 46 条非近期新闻
2026-08-03 12:01:02 [INFO]   ⏭ 宏观经济: 过滤掉 48 条非近期新闻
2026-08-03 12:01:02 [INFO]   ⏭ Reddit r/bitcoin: 过滤掉 22 条非近期新闻
2026-08-03 12:01:03 [INFO]   ⏭ Blockworks: 过滤掉 50 条非近期新闻
2026-08-03 12:01:03 [INFO]   ⏭ Bitcoin Magazine: 过滤掉 50 条非近期新闻
2026-08-03 12:01:03 [INFO]   ⏭ DL News: 过滤掉 50 条非近期新闻
2026-08-03 12:01:03 [INFO]   ⏭ DeFi Llama: 过滤掉 50 条非近期新闻
2026-08-03 12:01:03 [INFO]   ⏭ Blockworks: 过滤掉 4 条非近期新闻
2026-08-03 12:01:03 [INFO]   ⏭ 吴说区块链: 过滤掉 42 条非近期新闻
2026-08-03 12:01:03 [INFO]   ⏭ 雪球加密: 过滤掉 50 条非近期新闻
2026-08-03 12:01:03 [INFO]   ⏭ Crypto Twitter: 过滤掉 31 条非近期新闻
2026-08-03 12:01:03 [INFO]   ⏭ 律动BlockBeats: 过滤掉 50 条非近期新闻
2026-08-03 12:01:04 [INFO]   ⏭ PANews: 过滤掉 50 条非近期新闻
2026-08-03 12:01:05 [INFO]   ⏭ 金色财经: 过滤掉 2 条非近期新闻
2026-08-03 12:01:05 [INFO]   ✓ CoinDesk: 5 条
2026-08-03 12:01:05 [INFO]   ✓ The Block: 1 条
2026-08-03 12:01:05 [INFO]   ✓ Decrypt: 2 条
2026-08-03 12:01:05 [INFO]   ✓ CoinTelegraph: 3 条
2026-08-03 12:01:05 [INFO]   ✓ Bitcoin Magazine: 0 条
2026-08-03 12:01:05 [INFO]   ✓ Blockworks: 0 条
2026-08-03 12:01:05 [INFO]   ✓ DL News: 0 条
2026-08-03 12:01:05 [INFO]   ✓ 金色财经: 18 条
2026-08-03 12:01:05 [INFO]   ✓ PANews: 0 条
2026-08-03 12:01:05 [INFO]   ✓ 律动BlockBeats: 0 条
2026-08-03 12:01:05 [INFO]   ✓ 吴说区块链: 0 条
2026-08-03 12:01:05 [INFO]   ✓ Bloomberg Crypto: 1 条
2026-08-03 12:01:05 [INFO]   ✓ Reuters Crypto: 2 条
2026-08-03 12:01:05 [INFO]   ✓ CNBC Crypto: 4 条
2026-08-03 12:01:05 [INFO]   ✓ Reddit r/cryptocurrency: 0 条
2026-08-03 12:01:05 [INFO]   ✓ Reddit r/bitcoin: 3 条
2026-08-03 12:01:05 [INFO]   ✓ Crypto Twitter: 19 条
2026-08-03 12:01:05 [INFO]   ✓ 宏观经济: 2 条
2026-08-03 12:01:05 [INFO]   ✓ Binance公告: 20 条
2026-08-03 12:01:05 [INFO]   ✓ OKX公告: 0 条
2026-08-03 12:01:05 [INFO]   ✓ Bitget公告: 0 条
2026-08-03 12:01:05 [INFO]   ✓ Whale Alert: 0 条
2026-08-03 12:01:05 [INFO]   ✓ Fear & Greed Index: 1 条
2026-08-03 12:01:05 [INFO]   ✓ DeFi Llama: 0 条
2026-08-03 12:01:05 [INFO]   ✓ 雪球加密: 0 条
2026-08-03 12:01:05 [INFO] 📊 共抓取 81 条新闻
2026-08-03 12:01:05 [INFO] 📋 原始新闻已保存: reports/2026-08-03-20-raw.json (81 条)
2026-08-03 12:01:05 [INFO] 📋 标题摘要已保存: reports/2026-08-03-20-raw-titles.md
2026-08-03 12:01:05 [INFO] ✅ 抓取完成，共 81 条，已保存到 reports/2026-08-03-20-raw.json
2026-08-03 12:01:06 [INFO] 🤖 开始 AI 筛选 2026-08-03 20:00 币圈消息
2026-08-03 12:01:06 [INFO] 📋 已加载原始新闻: reports/2026-08-03-20-raw.json (81 条)
2026-08-03 12:01:06 [INFO] 📚 已加载历史新闻标题（24061 字符）
2026-08-03 12:01:06 [INFO] 📚 已加载历史筛选标题 0 条、URL 0 个，用于去重
2026-08-03 12:01:06 [INFO] 🔄 尝试 AI 提供商: deepseek
2026-08-03 12:01:06 [INFO] 🤖 使用 AI 提供商: deepseek (模型: deepseek-v4-flash)
2026-08-03 12:01:06 [INFO] 🤖 AI 筛选 [[deepseek] 1/6 策略=仅标题+链接 retry=0]（81 条，18623 字符，temp=0.3）
2026-08-03 12:01:07 [ERROR] AI 调用异常 ([deepseek] 1/6 策略=仅标题+链接 retry=0): Error code: 401 - {'error': {'message': 'Authentication Fails, Your api key: ****df0d is invalid', 'type': 'authentication_error', 'param': None, 'code': 'invalid_request_error'}}
2026-08-03 12:01:07 [WARNING] [[deepseek] 1/6 策略=仅标题+链接 retry=0] AI 调用失败或解析失败，继续下一次尝试
2026-08-03 12:01:07 [INFO] 🤖 AI 筛选 [[deepseek] 2/6 策略=仅标题+链接 retry=1]（81 条，18623 字符，temp=0.3）
2026-08-03 12:01:07 [ERROR] AI 调用异常 ([deepseek] 2/6 策略=仅标题+链接 retry=1): Error code: 401 - {'error': {'message': 'Authentication Fails, Your api key: ****df0d is invalid', 'type': 'authentication_error', 'param': None, 'code': 'invalid_request_error'}}
2026-08-03 12:01:07 [WARNING] [[deepseek] 2/6 策略=仅标题+链接 retry=1] AI 调用失败或解析失败，继续下一次尝试
2026-08-03 12:01:07 [INFO] 🤖 AI 筛选 [[deepseek] 3/6 策略=仅标题+链接 retry=2]（81 条，18623 字符，temp=0.3）
2026-08-03 12:01:08 [ERROR] AI 调用异常 ([deepseek] 3/6 策略=仅标题+链接 retry=2): Error code: 401 - {'error': {'message': 'Authentication Fails, Your api key: ****df0d is invalid', 'type': 'authentication_error', 'param': None, 'code': 'invalid_request_error'}}
2026-08-03 12:01:08 [WARNING] [[deepseek] 3/6 策略=仅标题+链接 retry=2] AI 调用失败或解析失败，继续下一次尝试
2026-08-03 12:01:08 [INFO] 🤖 AI 筛选 [[deepseek] 4/6 策略=完整内容 retry=0]（81 条，26947 字符，temp=0.3）
2026-08-03 12:01:08 [ERROR] AI 调用异常 ([deepseek] 4/6 策略=完整内容 retry=0): Error code: 401 - {'error': {'message': 'Authentication Fails, Your api key: ****df0d is invalid', 'type': 'authentication_error', 'param': None, 'code': 'invalid_request_error'}}
2026-08-03 12:01:08 [WARNING] [[deepseek] 4/6 策略=完整内容 retry=0] AI 调用失败或解析失败，继续下一次尝试
2026-08-03 12:01:08 [INFO] 🤖 AI 筛选 [[deepseek] 5/6 策略=完整内容 retry=1]（81 条，26947 字符，temp=0.3）
2026-08-03 12:01:09 [ERROR] AI 调用异常 ([deepseek] 5/6 策略=完整内容 retry=1): Error code: 401 - {'error': {'message': 'Authentication Fails, Your api key: ****df0d is invalid', 'type': 'authentication_error', 'param': None, 'code': 'invalid_request_error'}}
2026-08-03 12:01:09 [WARNING] [[deepseek] 5/6 策略=完整内容 retry=1] AI 调用失败或解析失败，继续下一次尝试
2026-08-03 12:01:09 [INFO] 🤖 AI 筛选 [[deepseek] 6/6 策略=仅标题（无历史） retry=0]（81 条，18623 字符，temp=0.3）
2026-08-03 12:01:09 [ERROR] AI 调用异常 ([deepseek] 6/6 策略=仅标题（无历史） retry=0): Error code: 401 - {'error': {'message': 'Authentication Fails, Your api key: ****df0d is invalid', 'type': 'authentication_error', 'param': None, 'code': 'invalid_request_error'}}
2026-08-03 12:01:09 [WARNING] [[deepseek] 6/6 策略=仅标题（无历史） retry=0] AI 调用失败或解析失败，继续下一次尝试
2026-08-03 12:01:09 [WARNING] [deepseek] 已达最大尝试次数 6，停止
2026-08-03 12:01:09 [INFO] ⚠️ deepseek 未能产出满意结果，尝试下一个提供商
2026-08-03 12:01:09 [INFO] 🔄 尝试 AI 提供商: zhipu
2026-08-03 12:01:09 [ERROR] 未设置环境变量 ZHIPU_API_KEY，无法使用 zhipu
2026-08-03 12:01:09 [INFO] ⚠️ zhipu 未能产出满意结果，尝试下一个提供商
2026-08-03 12:01:09 [INFO] 🔄 尝试 AI 提供商: kimi
2026-08-03 12:01:09 [ERROR] 未设置环境变量 KIMI_API_KEY，无法使用 kimi
2026-08-03 12:01:09 [INFO] ⚠️ kimi 未能产出满意结果，尝试下一个提供商
2026-08-03 12:01:09 [INFO] 🔄 尝试 AI 提供商: huoshan
2026-08-03 12:01:09 [ERROR] 未设置环境变量 HUOSHAN_API_KEY，无法使用 huoshan
2026-08-03 12:01:09 [INFO] ⚠️ huoshan 未能产出满意结果，尝试下一个提供商
2026-08-03 12:01:09 [ERROR] ❌ 所有提供商均失败，返回空列表
2026-08-03 12:01:09 [INFO] 📦 JSON 已保存: reports/2026-08-03-20.json
2026-08-03 12:01:09 [INFO] ✅ AI 筛选完成，共 0 条交易相关消息
