2026-09-02 16:00:58 [INFO] 🚀 开始抓取 2026-09-03 00:00 币圈新闻
2026-09-02 16:00:58 [INFO] 📡 抓取 RSS 新闻源...
2026-09-02 16:00:58 [INFO] 📡 抓取交易所公告 & 链上数据...
2026-09-02 16:00:58 [INFO]   ⏭ The Block: 过滤掉 17 条非近期新闻
2026-09-02 16:00:58 [INFO]   ⏭ CoinTelegraph: 过滤掉 29 条非近期新闻
2026-09-02 16:00:58 [INFO]   ⏭ Decrypt: 过滤掉 34 条非近期新闻
2026-09-02 16:00:59 [INFO]   ⏭ Bitcoin Magazine: 过滤掉 9 条非近期新闻
2026-09-02 16:00:59 [WARNING] 解析失败 Bitget公告: 'NoneType' object is not subscriptable
2026-09-02 16:00:59 [INFO]   ⏭ Bloomberg Crypto: 过滤掉 50 条非近期新闻
2026-09-02 16:00:59 [INFO]   ⏭ Blockworks: 过滤掉 50 条非近期新闻
2026-09-02 16:00:59 [INFO]   ⏭ Reuters Crypto: 过滤掉 49 条非近期新闻
2026-09-02 16:00:59 [INFO]   ⏭ 宏观经济: 过滤掉 50 条非近期新闻
2026-09-02 16:00:59 [INFO]   ⏭ CoinDesk: 过滤掉 24 条非近期新闻
2026-09-02 16:00:59 [INFO]   ⏭ CNBC Crypto: 过滤掉 50 条非近期新闻
2026-09-02 16:00:59 [INFO]   ⏭ Reddit r/bitcoin: 过滤掉 22 条非近期新闻
2026-09-02 16:00:59 [INFO]   ⏭ DL News: 过滤掉 50 条非近期新闻
2026-09-02 16:00:59 [INFO]   ⏭ DeFi Llama: 过滤掉 50 条非近期新闻
2026-09-02 16:00:59 [INFO]   ⏭ 雪球加密: 过滤掉 50 条非近期新闻
2026-09-02 16:00:59 [INFO]   ⏭ Blockworks: 过滤掉 6 条非近期新闻
2026-09-02 16:00:59 [INFO]   ⏭ 宏观经济: 过滤掉 50 条非近期新闻
2026-09-02 16:00:59 [INFO]   ⏭ 吴说区块链: 过滤掉 45 条非近期新闻
2026-09-02 16:01:00 [INFO]   ⏭ Crypto Twitter: 过滤掉 36 条非近期新闻
2026-09-02 16:01:13 [DEBUG] 请求失败 https://rsshub.rssforever.com/panewslab/news: 
2026-09-02 16:01:13 [DEBUG] 请求失败 https://rsshub.rssforever.com/theblockbeats/newsflash: 
2026-09-02 16:01:14 [DEBUG] 请求失败 https://rsshub.rssforever.com/bloomberg/crypto: 
2026-09-02 16:01:14 [INFO]   ⏭ PANews: 过滤掉 50 条非近期新闻
2026-09-02 16:01:14 [INFO]   ⏭ 律动BlockBeats: 过滤掉 50 条非近期新闻
2026-09-02 16:01:14 [INFO]   ✓ CoinDesk: 1 条
2026-09-02 16:01:14 [INFO]   ✓ The Block: 3 条
2026-09-02 16:01:14 [INFO]   ✓ Decrypt: 3 条
2026-09-02 16:01:14 [INFO]   ✓ CoinTelegraph: 1 条
2026-09-02 16:01:14 [INFO]   ✓ Bitcoin Magazine: 1 条
2026-09-02 16:01:14 [INFO]   ✓ Blockworks: 0 条
2026-09-02 16:01:14 [INFO]   ✓ DL News: 0 条
2026-09-02 16:01:14 [INFO]   ✓ 金色财经: 9 条
2026-09-02 16:01:14 [INFO]   ✓ PANews: 0 条
2026-09-02 16:01:14 [INFO]   ✓ 律动BlockBeats: 0 条
2026-09-02 16:01:14 [INFO]   ✓ 吴说区块链: 0 条
2026-09-02 16:01:14 [INFO]   ✓ Bloomberg Crypto: 0 条
2026-09-02 16:01:14 [INFO]   ✓ Reuters Crypto: 1 条
2026-09-02 16:01:14 [INFO]   ✓ CNBC Crypto: 0 条
2026-09-02 16:01:14 [INFO]   ✓ Reddit r/cryptocurrency: 0 条
2026-09-02 16:01:14 [INFO]   ✓ Reddit r/bitcoin: 3 条
2026-09-02 16:01:14 [INFO]   ✓ Crypto Twitter: 14 条
2026-09-02 16:01:14 [INFO]   ✓ 宏观经济: 0 条
2026-09-02 16:01:14 [INFO]   ✓ Binance公告: 20 条
2026-09-02 16:01:14 [INFO]   ✓ OKX公告: 0 条
2026-09-02 16:01:14 [INFO]   ✓ Bitget公告: 0 条
2026-09-02 16:01:14 [INFO]   ✓ Whale Alert: 0 条
2026-09-02 16:01:14 [INFO]   ✓ Fear & Greed Index: 1 条
2026-09-02 16:01:14 [INFO]   ✓ DeFi Llama: 0 条
2026-09-02 16:01:14 [INFO]   ✓ 雪球加密: 0 条
2026-09-02 16:01:14 [INFO] 📊 共抓取 57 条新闻
2026-09-02 16:01:14 [INFO] 📋 原始新闻已保存: reports/2026-09-03-00-raw.json (57 条)
2026-09-02 16:01:14 [INFO] 📋 标题摘要已保存: reports/2026-09-03-00-raw-titles.md
2026-09-02 16:01:14 [INFO] ✅ 抓取完成，共 57 条，已保存到 reports/2026-09-03-00-raw.json
2026-09-02 16:01:15 [INFO] 🤖 开始 AI 筛选 2026-09-03 00:00 币圈消息
2026-09-02 16:01:15 [INFO] 📋 已加载原始新闻: reports/2026-09-03-00-raw.json (57 条)
2026-09-02 16:01:15 [INFO] 📚 已加载历史新闻标题（26634 字符）
2026-09-02 16:01:15 [INFO] 📚 已加载历史筛选标题 0 条、URL 0 个，用于去重
2026-09-02 16:01:15 [INFO] 🔄 尝试 AI 提供商: deepseek
2026-09-02 16:01:15 [INFO] 🤖 使用 AI 提供商: deepseek (模型: deepseek-v4-flash)
2026-09-02 16:01:15 [INFO] 🤖 AI 筛选 [[deepseek] 1/6 策略=仅标题+链接 retry=0]（57 条，12404 字符，temp=0.3）
2026-09-02 16:01:16 [ERROR] AI 调用异常 ([deepseek] 1/6 策略=仅标题+链接 retry=0): Error code: 401 - {'error': {'message': 'Authentication Fails, Your api key: ****df0d is invalid', 'type': 'authentication_error', 'param': None, 'code': 'invalid_request_error'}}
2026-09-02 16:01:16 [WARNING] [[deepseek] 1/6 策略=仅标题+链接 retry=0] AI 调用失败或解析失败，继续下一次尝试
2026-09-02 16:01:16 [INFO] 🤖 AI 筛选 [[deepseek] 2/6 策略=仅标题+链接 retry=1]（57 条，12404 字符，temp=0.3）
2026-09-02 16:01:17 [ERROR] AI 调用异常 ([deepseek] 2/6 策略=仅标题+链接 retry=1): Error code: 401 - {'error': {'message': 'Authentication Fails, Your api key: ****df0d is invalid', 'type': 'authentication_error', 'param': None, 'code': 'invalid_request_error'}}
2026-09-02 16:01:17 [WARNING] [[deepseek] 2/6 策略=仅标题+链接 retry=1] AI 调用失败或解析失败，继续下一次尝试
2026-09-02 16:01:17 [INFO] 🤖 AI 筛选 [[deepseek] 3/6 策略=仅标题+链接 retry=2]（57 条，12404 字符，temp=0.3）
2026-09-02 16:01:17 [ERROR] AI 调用异常 ([deepseek] 3/6 策略=仅标题+链接 retry=2): Error code: 401 - {'error': {'message': 'Authentication Fails, Your api key: ****df0d is invalid', 'type': 'authentication_error', 'param': None, 'code': 'invalid_request_error'}}
2026-09-02 16:01:17 [WARNING] [[deepseek] 3/6 策略=仅标题+链接 retry=2] AI 调用失败或解析失败，继续下一次尝试
2026-09-02 16:01:17 [INFO] 🤖 AI 筛选 [[deepseek] 4/6 策略=完整内容 retry=0]（57 条，18561 字符，temp=0.3）
2026-09-02 16:01:17 [ERROR] AI 调用异常 ([deepseek] 4/6 策略=完整内容 retry=0): Error code: 401 - {'error': {'message': 'Authentication Fails, Your api key: ****df0d is invalid', 'type': 'authentication_error', 'param': None, 'code': 'invalid_request_error'}}
2026-09-02 16:01:17 [WARNING] [[deepseek] 4/6 策略=完整内容 retry=0] AI 调用失败或解析失败，继续下一次尝试
2026-09-02 16:01:17 [INFO] 🤖 AI 筛选 [[deepseek] 5/6 策略=完整内容 retry=1]（57 条，18561 字符，temp=0.3）
2026-09-02 16:01:18 [ERROR] AI 调用异常 ([deepseek] 5/6 策略=完整内容 retry=1): Error code: 401 - {'error': {'message': 'Authentication Fails, Your api key: ****df0d is invalid', 'type': 'authentication_error', 'param': None, 'code': 'invalid_request_error'}}
2026-09-02 16:01:18 [WARNING] [[deepseek] 5/6 策略=完整内容 retry=1] AI 调用失败或解析失败，继续下一次尝试
2026-09-02 16:01:18 [INFO] 🤖 AI 筛选 [[deepseek] 6/6 策略=仅标题（无历史） retry=0]（57 条，12404 字符，temp=0.3）
2026-09-02 16:01:18 [ERROR] AI 调用异常 ([deepseek] 6/6 策略=仅标题（无历史） retry=0): Error code: 401 - {'error': {'message': 'Authentication Fails, Your api key: ****df0d is invalid', 'type': 'authentication_error', 'param': None, 'code': 'invalid_request_error'}}
2026-09-02 16:01:18 [WARNING] [[deepseek] 6/6 策略=仅标题（无历史） retry=0] AI 调用失败或解析失败，继续下一次尝试
2026-09-02 16:01:18 [WARNING] [deepseek] 已达最大尝试次数 6，停止
2026-09-02 16:01:18 [INFO] ⚠️ deepseek 未能产出满意结果，尝试下一个提供商
2026-09-02 16:01:18 [INFO] 🔄 尝试 AI 提供商: zhipu
2026-09-02 16:01:18 [ERROR] 未设置环境变量 ZHIPU_API_KEY，无法使用 zhipu
2026-09-02 16:01:18 [INFO] ⚠️ zhipu 未能产出满意结果，尝试下一个提供商
2026-09-02 16:01:18 [INFO] 🔄 尝试 AI 提供商: kimi
2026-09-02 16:01:18 [ERROR] 未设置环境变量 KIMI_API_KEY，无法使用 kimi
2026-09-02 16:01:18 [INFO] ⚠️ kimi 未能产出满意结果，尝试下一个提供商
2026-09-02 16:01:18 [INFO] 🔄 尝试 AI 提供商: huoshan
2026-09-02 16:01:18 [ERROR] 未设置环境变量 HUOSHAN_API_KEY，无法使用 huoshan
2026-09-02 16:01:18 [INFO] ⚠️ huoshan 未能产出满意结果，尝试下一个提供商
2026-09-02 16:01:18 [ERROR] ❌ 所有提供商均失败，返回空列表
2026-09-02 16:01:18 [INFO] 📦 JSON 已保存: reports/2026-09-03-00.json
2026-09-02 16:01:18 [INFO] ✅ AI 筛选完成，共 0 条交易相关消息
2026-09-02 17:00:53 [INFO] 🚀 开始抓取 2026-09-03 01:00 币圈新闻
2026-09-02 17:00:53 [INFO] 📡 抓取 RSS 新闻源...
2026-09-02 17:00:53 [INFO] 📡 抓取交易所公告 & 链上数据...
2026-09-02 17:00:53 [INFO]   ⏭ The Block: 过滤掉 17 条非近期新闻
2026-09-02 17:00:53 [INFO]   ⏭ CoinTelegraph: 过滤掉 27 条非近期新闻
2026-09-02 17:00:53 [INFO]   ⏭ Decrypt: 过滤掉 34 条非近期新闻
2026-09-02 17:00:53 [INFO]   ⏭ Bitcoin Magazine: 过滤掉 8 条非近期新闻
2026-09-02 17:00:53 [INFO]   ⏭ CoinDesk: 过滤掉 24 条非近期新闻
2026-09-02 17:00:53 [WARNING] 解析失败 Bitget公告: 'NoneType' object is not subscriptable
2026-09-02 17:00:54 [INFO]   ⏭ Blockworks: 过滤掉 50 条非近期新闻
2026-09-02 17:00:54 [INFO]   ⏭ Bloomberg Crypto: 过滤掉 50 条非近期新闻
2026-09-02 17:00:54 [INFO]   ⏭ 宏观经济: 过滤掉 49 条非近期新闻
2026-09-02 17:00:54 [INFO]   ⏭ Reuters Crypto: 过滤掉 50 条非近期新闻
2026-09-02 17:00:54 [INFO]   ⏭ CNBC Crypto: 过滤掉 49 条非近期新闻
2026-09-02 17:00:54 [INFO]   ⏭ DL News: 过滤掉 50 条非近期新闻
2026-09-02 17:00:54 [INFO]   ⏭ Reddit r/cryptocurrency: 过滤掉 19 条非近期新闻
2026-09-02 17:00:54 [INFO]   ⏭ Blockworks: 过滤掉 6 条非近期新闻
2026-09-02 17:00:54 [INFO]   ⏭ 律动BlockBeats: 过滤掉 6 条非近期新闻
2026-09-02 17:00:55 [INFO]   ⏭ 吴说区块链: 过滤掉 42 条非近期新闻
2026-09-02 17:00:55 [INFO]   ⏭ DeFi Llama: 过滤掉 50 条非近期新闻
2026-09-02 17:00:55 [INFO]   ⏭ 雪球加密: 过滤掉 50 条非近期新闻
2026-09-02 17:00:55 [INFO]   ⏭ Crypto Twitter: 过滤掉 39 条非近期新闻
2026-09-02 17:01:09 [DEBUG] 请求失败 https://rsshub.rssforever.com/jinse/lives: 
2026-09-02 17:01:09 [DEBUG] 请求失败 https://rsshub.rssforever.com/panewslab/news: 
2026-09-02 17:01:09 [DEBUG] 请求失败 https://rsshub.rssforever.com/bloomberg/crypto: 
2026-09-02 17:01:10 [INFO]   ⏭ PANews: 过滤掉 50 条非近期新闻
2026-09-02 17:01:10 [INFO]   ✓ CoinDesk: 1 条
2026-09-02 17:01:10 [INFO]   ✓ The Block: 3 条
2026-09-02 17:01:10 [INFO]   ✓ Decrypt: 3 条
2026-09-02 17:01:10 [INFO]   ✓ CoinTelegraph: 3 条
2026-09-02 17:01:10 [INFO]   ✓ Bitcoin Magazine: 2 条
2026-09-02 17:01:10 [INFO]   ✓ Blockworks: 0 条
2026-09-02 17:01:10 [INFO]   ✓ DL News: 0 条
2026-09-02 17:01:10 [INFO]   ✓ 金色财经: 0 条
2026-09-02 17:01:10 [INFO]   ✓ PANews: 0 条
2026-09-02 17:01:10 [INFO]   ✓ 律动BlockBeats: 14 条
2026-09-02 17:01:10 [INFO]   ✓ 吴说区块链: 0 条
2026-09-02 17:01:10 [INFO]   ✓ Bloomberg Crypto: 0 条
2026-09-02 17:01:10 [INFO]   ✓ Reuters Crypto: 0 条
2026-09-02 17:01:10 [INFO]   ✓ CNBC Crypto: 1 条
2026-09-02 17:01:10 [INFO]   ✓ Reddit r/cryptocurrency: 6 条
2026-09-02 17:01:10 [INFO]   ✓ Reddit r/bitcoin: 0 条
2026-09-02 17:01:10 [INFO]   ✓ Crypto Twitter: 11 条
2026-09-02 17:01:10 [INFO]   ✓ 宏观经济: 1 条
2026-09-02 17:01:10 [INFO]   ✓ Binance公告: 20 条
2026-09-02 17:01:10 [INFO]   ✓ OKX公告: 0 条
2026-09-02 17:01:10 [INFO]   ✓ Bitget公告: 0 条
2026-09-02 17:01:10 [INFO]   ✓ Whale Alert: 0 条
2026-09-02 17:01:10 [INFO]   ✓ Fear & Greed Index: 1 条
2026-09-02 17:01:10 [INFO]   ✓ DeFi Llama: 0 条
2026-09-02 17:01:10 [INFO]   ✓ 雪球加密: 0 条
2026-09-02 17:01:10 [INFO] 📊 共抓取 66 条新闻
2026-09-02 17:01:10 [INFO] 📋 原始新闻已保存: reports/2026-09-03-01-raw.json (66 条)
2026-09-02 17:01:10 [INFO] 📋 标题摘要已保存: reports/2026-09-03-01-raw-titles.md
2026-09-02 17:01:10 [INFO] ✅ 抓取完成，共 66 条，已保存到 reports/2026-09-03-01-raw.json
2026-09-02 17:01:11 [INFO] 🤖 开始 AI 筛选 2026-09-03 01:00 币圈消息
2026-09-02 17:01:11 [INFO] 📋 已加载原始新闻: reports/2026-09-03-01-raw.json (66 条)
2026-09-02 17:01:11 [INFO] 📚 已加载历史新闻标题（27385 字符）
2026-09-02 17:01:11 [INFO] 📚 已加载历史筛选标题 0 条、URL 0 个，用于去重
2026-09-02 17:01:11 [INFO] 🔄 尝试 AI 提供商: deepseek
2026-09-02 17:01:11 [INFO] 🤖 使用 AI 提供商: deepseek (模型: deepseek-v4-flash)
2026-09-02 17:01:11 [INFO] 🤖 AI 筛选 [[deepseek] 1/6 策略=仅标题+链接 retry=0]（66 条，14254 字符，temp=0.3）
2026-09-02 17:01:12 [ERROR] AI 调用异常 ([deepseek] 1/6 策略=仅标题+链接 retry=0): Error code: 401 - {'error': {'message': 'Authentication Fails, Your api key: ****df0d is invalid', 'type': 'authentication_error', 'param': None, 'code': 'invalid_request_error'}}
2026-09-02 17:01:12 [WARNING] [[deepseek] 1/6 策略=仅标题+链接 retry=0] AI 调用失败或解析失败，继续下一次尝试
2026-09-02 17:01:12 [INFO] 🤖 AI 筛选 [[deepseek] 2/6 策略=仅标题+链接 retry=1]（66 条，14254 字符，temp=0.3）
2026-09-02 17:01:12 [ERROR] AI 调用异常 ([deepseek] 2/6 策略=仅标题+链接 retry=1): Error code: 401 - {'error': {'message': 'Authentication Fails, Your api key: ****df0d is invalid', 'type': 'authentication_error', 'param': None, 'code': 'invalid_request_error'}}
2026-09-02 17:01:12 [WARNING] [[deepseek] 2/6 策略=仅标题+链接 retry=1] AI 调用失败或解析失败，继续下一次尝试
2026-09-02 17:01:12 [INFO] 🤖 AI 筛选 [[deepseek] 3/6 策略=仅标题+链接 retry=2]（66 条，14254 字符，temp=0.3）
2026-09-02 17:01:13 [ERROR] AI 调用异常 ([deepseek] 3/6 策略=仅标题+链接 retry=2): Error code: 401 - {'error': {'message': 'Authentication Fails, Your api key: ****df0d is invalid', 'type': 'authentication_error', 'param': None, 'code': 'invalid_request_error'}}
2026-09-02 17:01:13 [WARNING] [[deepseek] 3/6 策略=仅标题+链接 retry=2] AI 调用失败或解析失败，继续下一次尝试
2026-09-02 17:01:13 [INFO] 🤖 AI 筛选 [[deepseek] 4/6 策略=完整内容 retry=0]（66 条，21949 字符，temp=0.3）
2026-09-02 17:01:13 [ERROR] AI 调用异常 ([deepseek] 4/6 策略=完整内容 retry=0): Error code: 401 - {'error': {'message': 'Authentication Fails, Your api key: ****df0d is invalid', 'type': 'authentication_error', 'param': None, 'code': 'invalid_request_error'}}
2026-09-02 17:01:13 [WARNING] [[deepseek] 4/6 策略=完整内容 retry=0] AI 调用失败或解析失败，继续下一次尝试
2026-09-02 17:01:13 [INFO] 🤖 AI 筛选 [[deepseek] 5/6 策略=完整内容 retry=1]（66 条，21949 字符，temp=0.3）
2026-09-02 17:01:14 [ERROR] AI 调用异常 ([deepseek] 5/6 策略=完整内容 retry=1): Error code: 401 - {'error': {'message': 'Authentication Fails, Your api key: ****df0d is invalid', 'type': 'authentication_error', 'param': None, 'code': 'invalid_request_error'}}
2026-09-02 17:01:14 [WARNING] [[deepseek] 5/6 策略=完整内容 retry=1] AI 调用失败或解析失败，继续下一次尝试
2026-09-02 17:01:14 [INFO] 🤖 AI 筛选 [[deepseek] 6/6 策略=仅标题（无历史） retry=0]（66 条，14254 字符，temp=0.3）
2026-09-02 17:01:14 [ERROR] AI 调用异常 ([deepseek] 6/6 策略=仅标题（无历史） retry=0): Error code: 401 - {'error': {'message': 'Authentication Fails, Your api key: ****df0d is invalid', 'type': 'authentication_error', 'param': None, 'code': 'invalid_request_error'}}
2026-09-02 17:01:14 [WARNING] [[deepseek] 6/6 策略=仅标题（无历史） retry=0] AI 调用失败或解析失败，继续下一次尝试
2026-09-02 17:01:14 [WARNING] [deepseek] 已达最大尝试次数 6，停止
2026-09-02 17:01:14 [INFO] ⚠️ deepseek 未能产出满意结果，尝试下一个提供商
2026-09-02 17:01:14 [INFO] 🔄 尝试 AI 提供商: zhipu
2026-09-02 17:01:14 [ERROR] 未设置环境变量 ZHIPU_API_KEY，无法使用 zhipu
2026-09-02 17:01:14 [INFO] ⚠️ zhipu 未能产出满意结果，尝试下一个提供商
2026-09-02 17:01:14 [INFO] 🔄 尝试 AI 提供商: kimi
2026-09-02 17:01:14 [ERROR] 未设置环境变量 KIMI_API_KEY，无法使用 kimi
2026-09-02 17:01:14 [INFO] ⚠️ kimi 未能产出满意结果，尝试下一个提供商
2026-09-02 17:01:14 [INFO] 🔄 尝试 AI 提供商: huoshan
2026-09-02 17:01:14 [ERROR] 未设置环境变量 HUOSHAN_API_KEY，无法使用 huoshan
2026-09-02 17:01:14 [INFO] ⚠️ huoshan 未能产出满意结果，尝试下一个提供商
2026-09-02 17:01:14 [ERROR] ❌ 所有提供商均失败，返回空列表
2026-09-02 17:01:14 [INFO] 📦 JSON 已保存: reports/2026-09-03-01.json
2026-09-02 17:01:14 [INFO] ✅ AI 筛选完成，共 0 条交易相关消息
2026-09-02 18:01:01 [INFO] 🚀 开始抓取 2026-09-03 02:00 币圈新闻
2026-09-02 18:01:01 [INFO] 📡 抓取 RSS 新闻源...
2026-09-02 18:01:01 [INFO] 📡 抓取交易所公告 & 链上数据...
2026-09-02 18:01:01 [INFO]   ⏭ The Block: 过滤掉 18 条非近期新闻
2026-09-02 18:01:01 [INFO]   ⏭ Decrypt: 过滤掉 35 条非近期新闻
2026-09-02 18:01:01 [INFO]   ⏭ CoinTelegraph: 过滤掉 28 条非近期新闻
2026-09-02 18:01:01 [WARNING] 解析失败 Bitget公告: 'NoneType' object is not subscriptable
2026-09-02 18:01:02 [INFO]   ⏭ CoinDesk: 过滤掉 23 条非近期新闻
2026-09-02 18:01:02 [INFO]   ⏭ Bitcoin Magazine: 过滤掉 9 条非近期新闻
2026-09-02 18:01:02 [INFO]   ⏭ 宏观经济: 过滤掉 48 条非近期新闻
2026-09-02 18:01:02 [INFO]   ⏭ Bloomberg Crypto: 过滤掉 50 条非近期新闻
2026-09-02 18:01:02 [INFO]   ⏭ Blockworks: 过滤掉 50 条非近期新闻
2026-09-02 18:01:02 [INFO]   ⏭ 律动BlockBeats: 过滤掉 15 条非近期新闻
2026-09-02 18:01:02 [INFO]   ⏭ 金色财经: 过滤掉 2 条非近期新闻
2026-09-02 18:01:02 [INFO]   ⏭ CNBC Crypto: 过滤掉 50 条非近期新闻
2026-09-02 18:01:02 [INFO]   ⏭ Reuters Crypto: 过滤掉 50 条非近期新闻
2026-09-02 18:01:02 [INFO]   ⏭ Reddit r/bitcoin: 过滤掉 20 条非近期新闻
2026-09-02 18:01:02 [INFO]   ⏭ DL News: 过滤掉 50 条非近期新闻
2026-09-02 18:01:02 [INFO]   ⏭ Blockworks: 过滤掉 5 条非近期新闻
2026-09-02 18:01:02 [INFO]   ⏭ DeFi Llama: 过滤掉 50 条非近期新闻
2026-09-02 18:01:02 [INFO]   ⏭ 吴说区块链: 过滤掉 42 条非近期新闻
2026-09-02 18:01:02 [INFO]   ⏭ 雪球加密: 过滤掉 50 条非近期新闻
2026-09-02 18:01:02 [INFO]   ⏭ Crypto Twitter: 过滤掉 45 条非近期新闻
2026-09-02 18:01:10 [INFO]   ⏭ PANews: 过滤掉 50 条非近期新闻
2026-09-02 18:01:10 [INFO]   ✓ CoinDesk: 2 条
2026-09-02 18:01:10 [INFO]   ✓ The Block: 2 条
2026-09-02 18:01:10 [INFO]   ✓ Decrypt: 2 条
2026-09-02 18:01:10 [INFO]   ✓ CoinTelegraph: 2 条
2026-09-02 18:01:10 [INFO]   ✓ Bitcoin Magazine: 1 条
2026-09-02 18:01:10 [INFO]   ✓ Blockworks: 0 条
2026-09-02 18:01:10 [INFO]   ✓ DL News: 0 条
2026-09-02 18:01:10 [INFO]   ✓ 金色财经: 4 条
2026-09-02 18:01:10 [INFO]   ✓ PANews: 0 条
2026-09-02 18:01:10 [INFO]   ✓ 律动BlockBeats: 5 条
2026-09-02 18:01:10 [INFO]   ✓ 吴说区块链: 0 条
2026-09-02 18:01:10 [INFO]   ✓ Bloomberg Crypto: 0 条
2026-09-02 18:01:10 [INFO]   ✓ Reuters Crypto: 0 条
2026-09-02 18:01:10 [INFO]   ✓ CNBC Crypto: 0 条
2026-09-02 18:01:10 [INFO]   ✓ Reddit r/cryptocurrency: 0 条
2026-09-02 18:01:10 [INFO]   ✓ Reddit r/bitcoin: 5 条
2026-09-02 18:01:10 [INFO]   ✓ Crypto Twitter: 5 条
2026-09-02 18:01:10 [INFO]   ✓ 宏观经济: 2 条
2026-09-02 18:01:10 [INFO]   ✓ Binance公告: 20 条
2026-09-02 18:01:10 [INFO]   ✓ OKX公告: 0 条
2026-09-02 18:01:10 [INFO]   ✓ Bitget公告: 0 条
2026-09-02 18:01:10 [INFO]   ✓ Whale Alert: 0 条
2026-09-02 18:01:10 [INFO]   ✓ Fear & Greed Index: 1 条
2026-09-02 18:01:10 [INFO]   ✓ DeFi Llama: 0 条
2026-09-02 18:01:10 [INFO]   ✓ 雪球加密: 0 条
2026-09-02 18:01:10 [INFO] 📊 共抓取 51 条新闻
2026-09-02 18:01:10 [INFO] 📋 原始新闻已保存: reports/2026-09-03-02-raw.json (51 条)
2026-09-02 18:01:10 [INFO] 📋 标题摘要已保存: reports/2026-09-03-02-raw-titles.md
2026-09-02 18:01:10 [INFO] ✅ 抓取完成，共 51 条，已保存到 reports/2026-09-03-02-raw.json
2026-09-02 18:01:10 [INFO] 🤖 开始 AI 筛选 2026-09-03 02:00 币圈消息
2026-09-02 18:01:10 [INFO] 📋 已加载原始新闻: reports/2026-09-03-02-raw.json (51 条)
2026-09-02 18:01:10 [INFO] 📚 已加载历史新闻标题（29056 字符）
2026-09-02 18:01:10 [INFO] 📚 已加载历史筛选标题 0 条、URL 0 个，用于去重
2026-09-02 18:01:10 [INFO] 🔄 尝试 AI 提供商: deepseek
2026-09-02 18:01:10 [INFO] 🤖 使用 AI 提供商: deepseek (模型: deepseek-v4-flash)
2026-09-02 18:01:10 [INFO] 🤖 AI 筛选 [[deepseek] 1/6 策略=仅标题+链接 retry=0]（51 条，9889 字符，temp=0.3）
2026-09-02 18:01:11 [ERROR] AI 调用异常 ([deepseek] 1/6 策略=仅标题+链接 retry=0): Error code: 401 - {'error': {'message': 'Authentication Fails, Your api key: ****df0d is invalid', 'type': 'authentication_error', 'param': None, 'code': 'invalid_request_error'}}
2026-09-02 18:01:11 [WARNING] [[deepseek] 1/6 策略=仅标题+链接 retry=0] AI 调用失败或解析失败，继续下一次尝试
2026-09-02 18:01:11 [INFO] 🤖 AI 筛选 [[deepseek] 2/6 策略=仅标题+链接 retry=1]（51 条，9889 字符，temp=0.3）
2026-09-02 18:01:12 [ERROR] AI 调用异常 ([deepseek] 2/6 策略=仅标题+链接 retry=1): Error code: 401 - {'error': {'message': 'Authentication Fails, Your api key: ****df0d is invalid', 'type': 'authentication_error', 'param': None, 'code': 'invalid_request_error'}}
2026-09-02 18:01:12 [WARNING] [[deepseek] 2/6 策略=仅标题+链接 retry=1] AI 调用失败或解析失败，继续下一次尝试
2026-09-02 18:01:12 [INFO] 🤖 AI 筛选 [[deepseek] 3/6 策略=仅标题+链接 retry=2]（51 条，9889 字符，temp=0.3）
2026-09-02 18:01:12 [ERROR] AI 调用异常 ([deepseek] 3/6 策略=仅标题+链接 retry=2): Error code: 401 - {'error': {'message': 'Authentication Fails, Your api key: ****df0d is invalid', 'type': 'authentication_error', 'param': None, 'code': 'invalid_request_error'}}
2026-09-02 18:01:12 [WARNING] [[deepseek] 3/6 策略=仅标题+链接 retry=2] AI 调用失败或解析失败，继续下一次尝试
2026-09-02 18:01:12 [INFO] 🤖 AI 筛选 [[deepseek] 4/6 策略=完整内容 retry=0]（51 条，15898 字符，temp=0.3）
2026-09-02 18:01:12 [ERROR] AI 调用异常 ([deepseek] 4/6 策略=完整内容 retry=0): Error code: 401 - {'error': {'message': 'Authentication Fails, Your api key: ****df0d is invalid', 'type': 'authentication_error', 'param': None, 'code': 'invalid_request_error'}}
2026-09-02 18:01:12 [WARNING] [[deepseek] 4/6 策略=完整内容 retry=0] AI 调用失败或解析失败，继续下一次尝试
2026-09-02 18:01:12 [INFO] 🤖 AI 筛选 [[deepseek] 5/6 策略=完整内容 retry=1]（51 条，15898 字符，temp=0.3）
2026-09-02 18:01:13 [ERROR] AI 调用异常 ([deepseek] 5/6 策略=完整内容 retry=1): Error code: 401 - {'error': {'message': 'Authentication Fails, Your api key: ****df0d is invalid', 'type': 'authentication_error', 'param': None, 'code': 'invalid_request_error'}}
2026-09-02 18:01:13 [WARNING] [[deepseek] 5/6 策略=完整内容 retry=1] AI 调用失败或解析失败，继续下一次尝试
2026-09-02 18:01:13 [INFO] 🤖 AI 筛选 [[deepseek] 6/6 策略=仅标题（无历史） retry=0]（51 条，9889 字符，temp=0.3）
2026-09-02 18:01:13 [ERROR] AI 调用异常 ([deepseek] 6/6 策略=仅标题（无历史） retry=0): Error code: 401 - {'error': {'message': 'Authentication Fails, Your api key: ****df0d is invalid', 'type': 'authentication_error', 'param': None, 'code': 'invalid_request_error'}}
2026-09-02 18:01:13 [WARNING] [[deepseek] 6/6 策略=仅标题（无历史） retry=0] AI 调用失败或解析失败，继续下一次尝试
2026-09-02 18:01:13 [WARNING] [deepseek] 已达最大尝试次数 6，停止
2026-09-02 18:01:13 [INFO] ⚠️ deepseek 未能产出满意结果，尝试下一个提供商
2026-09-02 18:01:13 [INFO] 🔄 尝试 AI 提供商: zhipu
2026-09-02 18:01:13 [ERROR] 未设置环境变量 ZHIPU_API_KEY，无法使用 zhipu
2026-09-02 18:01:13 [INFO] ⚠️ zhipu 未能产出满意结果，尝试下一个提供商
2026-09-02 18:01:13 [INFO] 🔄 尝试 AI 提供商: kimi
2026-09-02 18:01:13 [ERROR] 未设置环境变量 KIMI_API_KEY，无法使用 kimi
2026-09-02 18:01:13 [INFO] ⚠️ kimi 未能产出满意结果，尝试下一个提供商
2026-09-02 18:01:13 [INFO] 🔄 尝试 AI 提供商: huoshan
2026-09-02 18:01:13 [ERROR] 未设置环境变量 HUOSHAN_API_KEY，无法使用 huoshan
2026-09-02 18:01:13 [INFO] ⚠️ huoshan 未能产出满意结果，尝试下一个提供商
2026-09-02 18:01:13 [ERROR] ❌ 所有提供商均失败，返回空列表
2026-09-02 18:01:13 [INFO] 📦 JSON 已保存: reports/2026-09-03-02.json
2026-09-02 18:01:13 [INFO] ✅ AI 筛选完成，共 0 条交易相关消息
2026-09-02 19:00:52 [INFO] 🚀 开始抓取 2026-09-03 03:00 币圈新闻
2026-09-02 19:00:52 [INFO] 📡 抓取 RSS 新闻源...
2026-09-02 19:00:52 [INFO] 📡 抓取交易所公告 & 链上数据...
2026-09-02 19:00:53 [INFO]   ⏭ The Block: 过滤掉 17 条非近期新闻
2026-09-02 19:00:53 [INFO]   ⏭ Decrypt: 过滤掉 35 条非近期新闻
2026-09-02 19:00:53 [INFO]   ⏭ CoinTelegraph: 过滤掉 28 条非近期新闻
2026-09-02 19:00:53 [WARNING] 解析失败 Bitget公告: 'NoneType' object is not subscriptable
2026-09-02 19:00:53 [INFO]   ⏭ Bitcoin Magazine: 过滤掉 9 条非近期新闻
2026-09-02 19:00:53 [INFO]   ⏭ Blockworks: 过滤掉 50 条非近期新闻
2026-09-02 19:00:53 [INFO]   ⏭ 宏观经济: 过滤掉 50 条非近期新闻
2026-09-02 19:00:53 [INFO]   ⏭ Reuters Crypto: 过滤掉 50 条非近期新闻
2026-09-02 19:00:53 [INFO]   ⏭ Bloomberg Crypto: 过滤掉 50 条非近期新闻
2026-09-02 19:00:53 [INFO]   ⏭ CNBC Crypto: 过滤掉 49 条非近期新闻
2026-09-02 19:00:53 [INFO]   ⏭ CoinDesk: 过滤掉 23 条非近期新闻
2026-09-02 19:00:53 [INFO]   ⏭ Reddit r/cryptocurrency: 过滤掉 18 条非近期新闻
2026-09-02 19:00:53 [INFO]   ⏭ DL News: 过滤掉 50 条非近期新闻
2026-09-02 19:00:54 [INFO]   ⏭ Blockworks: 过滤掉 5 条非近期新闻
2026-09-02 19:00:54 [INFO]   ⏭ 宏观经济: 过滤掉 50 条非近期新闻
2026-09-02 19:00:54 [INFO]   ⏭ 律动BlockBeats: 过滤掉 19 条非近期新闻
2026-09-02 19:00:54 [INFO]   ⏭ 吴说区块链: 过滤掉 45 条非近期新闻
2026-09-02 19:00:54 [INFO]   ⏭ 雪球加密: 过滤掉 50 条非近期新闻
2026-09-02 19:00:54 [INFO]   ⏭ DeFi Llama: 过滤掉 50 条非近期新闻
2026-09-02 19:00:55 [INFO]   ⏭ Crypto Twitter: 过滤掉 40 条非近期新闻
2026-09-02 19:00:59 [INFO]   ⏭ PANews: 过滤掉 50 条非近期新闻
2026-09-02 19:00:59 [INFO]   ✓ CoinDesk: 2 条
2026-09-02 19:00:59 [INFO]   ✓ The Block: 3 条
2026-09-02 19:00:59 [INFO]   ✓ Decrypt: 2 条
2026-09-02 19:00:59 [INFO]   ✓ CoinTelegraph: 2 条
2026-09-02 19:00:59 [INFO]   ✓ Bitcoin Magazine: 1 条
2026-09-02 19:00:59 [INFO]   ✓ Blockworks: 0 条
2026-09-02 19:00:59 [INFO]   ✓ DL News: 0 条
2026-09-02 19:00:59 [INFO]   ✓ 金色财经: 8 条
2026-09-02 19:00:59 [INFO]   ✓ PANews: 0 条
2026-09-02 19:00:59 [INFO]   ✓ 律动BlockBeats: 1 条
2026-09-02 19:00:59 [INFO]   ✓ 吴说区块链: 0 条
2026-09-02 19:00:59 [INFO]   ✓ Bloomberg Crypto: 0 条
2026-09-02 19:00:59 [INFO]   ✓ Reuters Crypto: 0 条
2026-09-02 19:00:59 [INFO]   ✓ CNBC Crypto: 1 条
2026-09-02 19:00:59 [INFO]   ✓ Reddit r/cryptocurrency: 7 条
2026-09-02 19:00:59 [INFO]   ✓ Reddit r/bitcoin: 0 条
2026-09-02 19:00:59 [INFO]   ✓ Crypto Twitter: 10 条
2026-09-02 19:00:59 [INFO]   ✓ 宏观经济: 0 条
2026-09-02 19:00:59 [INFO]   ✓ Binance公告: 20 条
2026-09-02 19:00:59 [INFO]   ✓ OKX公告: 0 条
2026-09-02 19:00:59 [INFO]   ✓ Bitget公告: 0 条
2026-09-02 19:00:59 [INFO]   ✓ Whale Alert: 0 条
2026-09-02 19:00:59 [INFO]   ✓ Fear & Greed Index: 1 条
2026-09-02 19:00:59 [INFO]   ✓ DeFi Llama: 0 条
2026-09-02 19:00:59 [INFO]   ✓ 雪球加密: 0 条
2026-09-02 19:00:59 [INFO] 📊 共抓取 58 条新闻
2026-09-02 19:00:59 [INFO] 📋 原始新闻已保存: reports/2026-09-03-03-raw.json (58 条)
2026-09-02 19:00:59 [INFO] 📋 标题摘要已保存: reports/2026-09-03-03-raw-titles.md
2026-09-02 19:00:59 [INFO] ✅ 抓取完成，共 58 条，已保存到 reports/2026-09-03-03-raw.json
2026-09-02 19:01:00 [INFO] 🤖 开始 AI 筛选 2026-09-03 03:00 币圈消息
2026-09-02 19:01:00 [INFO] 📋 已加载原始新闻: reports/2026-09-03-03-raw.json (58 条)
2026-09-02 19:01:00 [INFO] 📚 已加载历史新闻标题（28074 字符）
2026-09-02 19:01:00 [INFO] 📚 已加载历史筛选标题 0 条、URL 0 个，用于去重
2026-09-02 19:01:00 [INFO] 🔄 尝试 AI 提供商: deepseek
2026-09-02 19:01:00 [INFO] 🤖 使用 AI 提供商: deepseek (模型: deepseek-v4-flash)
2026-09-02 19:01:00 [INFO] 🤖 AI 筛选 [[deepseek] 1/6 策略=仅标题+链接 retry=0]（58 条，12661 字符，temp=0.3）
2026-09-02 19:01:01 [ERROR] AI 调用异常 ([deepseek] 1/6 策略=仅标题+链接 retry=0): Error code: 401 - {'error': {'message': 'Authentication Fails, Your api key: ****df0d is invalid', 'type': 'authentication_error', 'param': None, 'code': 'invalid_request_error'}}
2026-09-02 19:01:01 [WARNING] [[deepseek] 1/6 策略=仅标题+链接 retry=0] AI 调用失败或解析失败，继续下一次尝试
2026-09-02 19:01:01 [INFO] 🤖 AI 筛选 [[deepseek] 2/6 策略=仅标题+链接 retry=1]（58 条，12661 字符，temp=0.3）
2026-09-02 19:01:02 [ERROR] AI 调用异常 ([deepseek] 2/6 策略=仅标题+链接 retry=1): Error code: 401 - {'error': {'message': 'Authentication Fails, Your api key: ****df0d is invalid', 'type': 'authentication_error', 'param': None, 'code': 'invalid_request_error'}}
2026-09-02 19:01:02 [WARNING] [[deepseek] 2/6 策略=仅标题+链接 retry=1] AI 调用失败或解析失败，继续下一次尝试
2026-09-02 19:01:02 [INFO] 🤖 AI 筛选 [[deepseek] 3/6 策略=仅标题+链接 retry=2]（58 条，12661 字符，temp=0.3）
2026-09-02 19:01:02 [ERROR] AI 调用异常 ([deepseek] 3/6 策略=仅标题+链接 retry=2): Error code: 401 - {'error': {'message': 'Authentication Fails, Your api key: ****df0d is invalid', 'type': 'authentication_error', 'param': None, 'code': 'invalid_request_error'}}
2026-09-02 19:01:02 [WARNING] [[deepseek] 3/6 策略=仅标题+链接 retry=2] AI 调用失败或解析失败，继续下一次尝试
2026-09-02 19:01:02 [INFO] 🤖 AI 筛选 [[deepseek] 4/6 策略=完整内容 retry=0]（58 条，19499 字符，temp=0.3）
2026-09-02 19:01:03 [ERROR] AI 调用异常 ([deepseek] 4/6 策略=完整内容 retry=0): Error code: 401 - {'error': {'message': 'Authentication Fails, Your api key: ****df0d is invalid', 'type': 'authentication_error', 'param': None, 'code': 'invalid_request_error'}}
2026-09-02 19:01:03 [WARNING] [[deepseek] 4/6 策略=完整内容 retry=0] AI 调用失败或解析失败，继续下一次尝试
2026-09-02 19:01:03 [INFO] 🤖 AI 筛选 [[deepseek] 5/6 策略=完整内容 retry=1]（58 条，19499 字符，temp=0.3）
2026-09-02 19:01:03 [ERROR] AI 调用异常 ([deepseek] 5/6 策略=完整内容 retry=1): Error code: 401 - {'error': {'message': 'Authentication Fails, Your api key: ****df0d is invalid', 'type': 'authentication_error', 'param': None, 'code': 'invalid_request_error'}}
2026-09-02 19:01:03 [WARNING] [[deepseek] 5/6 策略=完整内容 retry=1] AI 调用失败或解析失败，继续下一次尝试
2026-09-02 19:01:03 [INFO] 🤖 AI 筛选 [[deepseek] 6/6 策略=仅标题（无历史） retry=0]（58 条，12661 字符，temp=0.3）
2026-09-02 19:01:04 [ERROR] AI 调用异常 ([deepseek] 6/6 策略=仅标题（无历史） retry=0): Error code: 401 - {'error': {'message': 'Authentication Fails, Your api key: ****df0d is invalid', 'type': 'authentication_error', 'param': None, 'code': 'invalid_request_error'}}
2026-09-02 19:01:04 [WARNING] [[deepseek] 6/6 策略=仅标题（无历史） retry=0] AI 调用失败或解析失败，继续下一次尝试
2026-09-02 19:01:04 [WARNING] [deepseek] 已达最大尝试次数 6，停止
2026-09-02 19:01:04 [INFO] ⚠️ deepseek 未能产出满意结果，尝试下一个提供商
2026-09-02 19:01:04 [INFO] 🔄 尝试 AI 提供商: zhipu
2026-09-02 19:01:04 [ERROR] 未设置环境变量 ZHIPU_API_KEY，无法使用 zhipu
2026-09-02 19:01:04 [INFO] ⚠️ zhipu 未能产出满意结果，尝试下一个提供商
2026-09-02 19:01:04 [INFO] 🔄 尝试 AI 提供商: kimi
2026-09-02 19:01:04 [ERROR] 未设置环境变量 KIMI_API_KEY，无法使用 kimi
2026-09-02 19:01:04 [INFO] ⚠️ kimi 未能产出满意结果，尝试下一个提供商
2026-09-02 19:01:04 [INFO] 🔄 尝试 AI 提供商: huoshan
2026-09-02 19:01:04 [ERROR] 未设置环境变量 HUOSHAN_API_KEY，无法使用 huoshan
2026-09-02 19:01:04 [INFO] ⚠️ huoshan 未能产出满意结果，尝试下一个提供商
2026-09-02 19:01:04 [ERROR] ❌ 所有提供商均失败，返回空列表
2026-09-02 19:01:04 [INFO] 📦 JSON 已保存: reports/2026-09-03-03.json
2026-09-02 19:01:04 [INFO] ✅ AI 筛选完成，共 0 条交易相关消息
2026-09-02 20:00:49 [INFO] 🚀 开始抓取 2026-09-03 04:00 币圈新闻
2026-09-02 20:00:50 [INFO] 📡 抓取 RSS 新闻源...
2026-09-02 20:00:50 [INFO] 📡 抓取交易所公告 & 链上数据...
2026-09-02 20:00:50 [INFO]   ⏭ Decrypt: 过滤掉 48 条非近期新闻
2026-09-02 20:00:50 [INFO]   ⏭ The Block: 过滤掉 19 条非近期新闻
2026-09-02 20:00:50 [INFO]   ⏭ CoinTelegraph: 过滤掉 27 条非近期新闻
2026-09-02 20:00:50 [WARNING] 解析失败 Bitget公告: 'NoneType' object is not subscriptable
2026-09-02 20:00:50 [INFO]   ⏭ Bitcoin Magazine: 过滤掉 7 条非近期新闻
2026-09-02 20:00:50 [INFO]   ⏭ Reddit r/cryptocurrency: 过滤掉 22 条非近期新闻
2026-09-02 20:00:50 [INFO]   ⏭ CoinDesk: 过滤掉 25 条非近期新闻
2026-09-02 20:00:50 [INFO]   ⏭ Reuters Crypto: 过滤掉 50 条非近期新闻
2026-09-02 20:00:50 [INFO]   ⏭ CNBC Crypto: 过滤掉 50 条非近期新闻
2026-09-02 20:00:50 [INFO]   ⏭ 宏观经济: 过滤掉 50 条非近期新闻
2026-09-02 20:00:50 [INFO]   ⏭ Blockworks: 过滤掉 50 条非近期新闻
2026-09-02 20:00:50 [INFO]   ⏭ Bloomberg Crypto: 过滤掉 50 条非近期新闻
2026-09-02 20:00:51 [INFO]   ⏭ 宏观经济: 过滤掉 50 条非近期新闻
2026-09-02 20:00:51 [INFO]   ⏭ Blockworks: 过滤掉 6 条非近期新闻
2026-09-02 20:00:51 [INFO]   ⏭ DL News: 过滤掉 50 条非近期新闻
2026-09-02 20:00:51 [INFO]   ⏭ 律动BlockBeats: 过滤掉 19 条非近期新闻
2026-09-02 20:00:51 [INFO]   ⏭ Crypto Twitter: 过滤掉 46 条非近期新闻
2026-09-02 20:00:51 [INFO]   ⏭ DeFi Llama: 过滤掉 50 条非近期新闻
2026-09-02 20:00:51 [INFO]   ⏭ 吴说区块链: 过滤掉 45 条非近期新闻
2026-09-02 20:00:51 [INFO]   ⏭ CoinDesk: 过滤掉 50 条非近期新闻
2026-09-02 20:00:52 [INFO]   ⏭ 雪球加密: 过滤掉 50 条非近期新闻
2026-09-02 20:00:57 [INFO]   ⏭ PANews: 过滤掉 50 条非近期新闻
2026-09-02 20:01:00 [INFO]   ✓ CoinDesk: 0 条
2026-09-02 20:01:00 [INFO]   ✓ The Block: 1 条
2026-09-02 20:01:00 [INFO]   ✓ Decrypt: 2 条
2026-09-02 20:01:00 [INFO]   ✓ CoinTelegraph: 3 条
2026-09-02 20:01:00 [INFO]   ✓ Bitcoin Magazine: 3 条
2026-09-02 20:01:00 [INFO]   ✓ Blockworks: 0 条
2026-09-02 20:01:00 [INFO]   ✓ DL News: 0 条
2026-09-02 20:01:00 [INFO]   ✓ 金色财经: 20 条
2026-09-02 20:01:00 [INFO]   ✓ PANews: 0 条
2026-09-02 20:01:00 [INFO]   ✓ 律动BlockBeats: 1 条
2026-09-02 20:01:00 [INFO]   ✓ 吴说区块链: 0 条
2026-09-02 20:01:00 [INFO]   ✓ Bloomberg Crypto: 0 条
2026-09-02 20:01:00 [INFO]   ✓ Reuters Crypto: 0 条
2026-09-02 20:01:00 [INFO]   ✓ CNBC Crypto: 0 条
2026-09-02 20:01:00 [INFO]   ✓ Reddit r/cryptocurrency: 3 条
2026-09-02 20:01:00 [INFO]   ✓ Reddit r/bitcoin: 0 条
2026-09-02 20:01:00 [INFO]   ✓ Crypto Twitter: 4 条
2026-09-02 20:01:00 [INFO]   ✓ 宏观经济: 0 条
2026-09-02 20:01:00 [INFO]   ✓ Binance公告: 20 条
2026-09-02 20:01:00 [INFO]   ✓ OKX公告: 0 条
2026-09-02 20:01:00 [INFO]   ✓ Bitget公告: 0 条
2026-09-02 20:01:00 [INFO]   ✓ Whale Alert: 0 条
2026-09-02 20:01:00 [INFO]   ✓ Fear & Greed Index: 1 条
2026-09-02 20:01:00 [INFO]   ✓ DeFi Llama: 0 条
2026-09-02 20:01:00 [INFO]   ✓ 雪球加密: 0 条
2026-09-02 20:01:00 [INFO] 📊 共抓取 58 条新闻
2026-09-02 20:01:00 [INFO] 📋 原始新闻已保存: reports/2026-09-03-04-raw.json (58 条)
2026-09-02 20:01:00 [INFO] 📋 标题摘要已保存: reports/2026-09-03-04-raw-titles.md
2026-09-02 20:01:00 [INFO] ✅ 抓取完成，共 58 条，已保存到 reports/2026-09-03-04-raw.json
2026-09-02 20:01:01 [INFO] 🤖 开始 AI 筛选 2026-09-03 04:00 币圈消息
2026-09-02 20:01:01 [INFO] 📋 已加载原始新闻: reports/2026-09-03-04-raw.json (58 条)
2026-09-02 20:01:01 [INFO] 📚 已加载历史新闻标题（26726 字符）
2026-09-02 20:01:01 [INFO] 📚 已加载历史筛选标题 0 条、URL 0 个，用于去重
2026-09-02 20:01:01 [INFO] 🔄 尝试 AI 提供商: deepseek
2026-09-02 20:01:01 [INFO] 🤖 使用 AI 提供商: deepseek (模型: deepseek-v4-flash)
2026-09-02 20:01:01 [INFO] 🤖 AI 筛选 [[deepseek] 1/6 策略=仅标题+链接 retry=0]（58 条，9567 字符，temp=0.3）
2026-09-02 20:01:02 [ERROR] AI 调用异常 ([deepseek] 1/6 策略=仅标题+链接 retry=0): Error code: 401 - {'error': {'message': 'Authentication Fails, Your api key: ****df0d is invalid', 'type': 'authentication_error', 'param': None, 'code': 'invalid_request_error'}}
2026-09-02 20:01:02 [WARNING] [[deepseek] 1/6 策略=仅标题+链接 retry=0] AI 调用失败或解析失败，继续下一次尝试
2026-09-02 20:01:02 [INFO] 🤖 AI 筛选 [[deepseek] 2/6 策略=仅标题+链接 retry=1]（58 条，9567 字符，temp=0.3）
2026-09-02 20:01:03 [ERROR] AI 调用异常 ([deepseek] 2/6 策略=仅标题+链接 retry=1): Error code: 401 - {'error': {'message': 'Authentication Fails, Your api key: ****df0d is invalid', 'type': 'authentication_error', 'param': None, 'code': 'invalid_request_error'}}
2026-09-02 20:01:03 [WARNING] [[deepseek] 2/6 策略=仅标题+链接 retry=1] AI 调用失败或解析失败，继续下一次尝试
2026-09-02 20:01:03 [INFO] 🤖 AI 筛选 [[deepseek] 3/6 策略=仅标题+链接 retry=2]（58 条，9567 字符，temp=0.3）
2026-09-02 20:01:03 [ERROR] AI 调用异常 ([deepseek] 3/6 策略=仅标题+链接 retry=2): Error code: 401 - {'error': {'message': 'Authentication Fails, Your api key: ****df0d is invalid', 'type': 'authentication_error', 'param': None, 'code': 'invalid_request_error'}}
2026-09-02 20:01:03 [WARNING] [[deepseek] 3/6 策略=仅标题+链接 retry=2] AI 调用失败或解析失败，继续下一次尝试
2026-09-02 20:01:03 [INFO] 🤖 AI 筛选 [[deepseek] 4/6 策略=完整内容 retry=0]（58 条，17450 字符，temp=0.3）
2026-09-02 20:01:04 [ERROR] AI 调用异常 ([deepseek] 4/6 策略=完整内容 retry=0): Error code: 401 - {'error': {'message': 'Authentication Fails, Your api key: ****df0d is invalid', 'type': 'authentication_error', 'param': None, 'code': 'invalid_request_error'}}
2026-09-02 20:01:04 [WARNING] [[deepseek] 4/6 策略=完整内容 retry=0] AI 调用失败或解析失败，继续下一次尝试
2026-09-02 20:01:04 [INFO] 🤖 AI 筛选 [[deepseek] 5/6 策略=完整内容 retry=1]（58 条，17450 字符，temp=0.3）
2026-09-02 20:01:04 [ERROR] AI 调用异常 ([deepseek] 5/6 策略=完整内容 retry=1): Error code: 401 - {'error': {'message': 'Authentication Fails, Your api key: ****df0d is invalid', 'type': 'authentication_error', 'param': None, 'code': 'invalid_request_error'}}
2026-09-02 20:01:04 [WARNING] [[deepseek] 5/6 策略=完整内容 retry=1] AI 调用失败或解析失败，继续下一次尝试
2026-09-02 20:01:04 [INFO] 🤖 AI 筛选 [[deepseek] 6/6 策略=仅标题（无历史） retry=0]（58 条，9567 字符，temp=0.3）
2026-09-02 20:01:05 [ERROR] AI 调用异常 ([deepseek] 6/6 策略=仅标题（无历史） retry=0): Error code: 401 - {'error': {'message': 'Authentication Fails, Your api key: ****df0d is invalid', 'type': 'authentication_error', 'param': None, 'code': 'invalid_request_error'}}
2026-09-02 20:01:05 [WARNING] [[deepseek] 6/6 策略=仅标题（无历史） retry=0] AI 调用失败或解析失败，继续下一次尝试
2026-09-02 20:01:05 [WARNING] [deepseek] 已达最大尝试次数 6，停止
2026-09-02 20:01:05 [INFO] ⚠️ deepseek 未能产出满意结果，尝试下一个提供商
2026-09-02 20:01:05 [INFO] 🔄 尝试 AI 提供商: zhipu
2026-09-02 20:01:05 [ERROR] 未设置环境变量 ZHIPU_API_KEY，无法使用 zhipu
2026-09-02 20:01:05 [INFO] ⚠️ zhipu 未能产出满意结果，尝试下一个提供商
2026-09-02 20:01:05 [INFO] 🔄 尝试 AI 提供商: kimi
2026-09-02 20:01:05 [ERROR] 未设置环境变量 KIMI_API_KEY，无法使用 kimi
2026-09-02 20:01:05 [INFO] ⚠️ kimi 未能产出满意结果，尝试下一个提供商
2026-09-02 20:01:05 [INFO] 🔄 尝试 AI 提供商: huoshan
2026-09-02 20:01:05 [ERROR] 未设置环境变量 HUOSHAN_API_KEY，无法使用 huoshan
2026-09-02 20:01:05 [INFO] ⚠️ huoshan 未能产出满意结果，尝试下一个提供商
2026-09-02 20:01:05 [ERROR] ❌ 所有提供商均失败，返回空列表
2026-09-02 20:01:05 [INFO] 📦 JSON 已保存: reports/2026-09-03-04.json
2026-09-02 20:01:05 [INFO] ✅ AI 筛选完成，共 0 条交易相关消息
2026-09-02 21:00:51 [INFO] 🚀 开始抓取 2026-09-03 05:00 币圈新闻
2026-09-02 21:00:51 [INFO] 📡 抓取 RSS 新闻源...
2026-09-02 21:00:51 [INFO] 📡 抓取交易所公告 & 链上数据...
2026-09-02 21:00:51 [INFO]   ⏭ The Block: 过滤掉 20 条非近期新闻
2026-09-02 21:00:51 [INFO]   ⏭ Decrypt: 过滤掉 47 条非近期新闻
2026-09-02 21:00:51 [INFO]   ⏭ CoinTelegraph: 过滤掉 28 条非近期新闻
2026-09-02 21:00:51 [INFO]   ⏭ CoinDesk: 过滤掉 24 条非近期新闻
2026-09-02 21:00:51 [INFO]   ⏭ Bitcoin Magazine: 过滤掉 8 条非近期新闻
2026-09-02 21:00:51 [WARNING] 解析失败 Bitget公告: 'NoneType' object is not subscriptable
2026-09-02 21:00:51 [INFO]   ⏭ Blockworks: 过滤掉 50 条非近期新闻
2026-09-02 21:00:51 [INFO]   ⏭ Reuters Crypto: 过滤掉 50 条非近期新闻
2026-09-02 21:00:51 [INFO]   ⏭ Bloomberg Crypto: 过滤掉 50 条非近期新闻
2026-09-02 21:00:51 [INFO]   ⏭ Reddit r/cryptocurrency: 过滤掉 20 条非近期新闻
2026-09-02 21:00:51 [INFO]   ⏭ 宏观经济: 过滤掉 50 条非近期新闻
2026-09-02 21:00:52 [INFO]   ⏭ DL News: 过滤掉 50 条非近期新闻
2026-09-02 21:00:52 [INFO]   ⏭ Blockworks: 过滤掉 6 条非近期新闻
2026-09-02 21:00:52 [INFO]   ⏭ 宏观经济: 过滤掉 50 条非近期新闻
2026-09-02 21:00:52 [INFO]   ⏭ 吴说区块链: 过滤掉 45 条非近期新闻
2026-09-02 21:00:52 [INFO]   ⏭ DeFi Llama: 过滤掉 50 条非近期新闻
2026-09-02 21:00:52 [INFO]   ⏭ 雪球加密: 过滤掉 50 条非近期新闻
2026-09-02 21:00:52 [INFO]   ⏭ The Block: 过滤掉 50 条非近期新闻
2026-09-02 21:00:53 [INFO]   ⏭ Crypto Twitter: 过滤掉 45 条非近期新闻
2026-09-02 21:00:54 [INFO]   ⏭ CNBC Crypto: 过滤掉 48 条非近期新闻
2026-09-02 21:01:07 [DEBUG] 请求失败 https://rsshub.rssforever.com/panewslab/news: 
2026-09-02 21:01:07 [DEBUG] 请求失败 https://rsshub.rssforever.com/theblockbeats/newsflash: 
2026-09-02 21:01:07 [DEBUG] 请求失败 https://rsshub.rssforever.com/jinse/lives: 
2026-09-02 21:01:07 [DEBUG] 请求失败 https://rsshub.rssforever.com/bloomberg/crypto: 
2026-09-02 21:01:07 [INFO]   ⏭ 律动BlockBeats: 过滤掉 49 条非近期新闻
2026-09-02 21:01:09 [INFO]   ⏭ PANews: 过滤掉 50 条非近期新闻
2026-09-02 21:01:09 [INFO]   ✓ CoinDesk: 1 条
2026-09-02 21:01:09 [INFO]   ✓ The Block: 0 条
2026-09-02 21:01:09 [INFO]   ✓ Decrypt: 3 条
2026-09-02 21:01:09 [INFO]   ✓ CoinTelegraph: 2 条
2026-09-02 21:01:09 [INFO]   ✓ Bitcoin Magazine: 2 条
2026-09-02 21:01:09 [INFO]   ✓ Blockworks: 0 条
2026-09-02 21:01:09 [INFO]   ✓ DL News: 0 条
2026-09-02 21:01:09 [INFO]   ✓ 金色财经: 0 条
2026-09-02 21:01:09 [INFO]   ✓ PANews: 0 条
2026-09-02 21:01:09 [INFO]   ✓ 律动BlockBeats: 1 条
2026-09-02 21:01:09 [INFO]   ✓ 吴说区块链: 0 条
2026-09-02 21:01:09 [INFO]   ✓ Bloomberg Crypto: 0 条
2026-09-02 21:01:09 [INFO]   ✓ Reuters Crypto: 0 条
2026-09-02 21:01:09 [INFO]   ✓ CNBC Crypto: 2 条
2026-09-02 21:01:09 [INFO]   ✓ Reddit r/cryptocurrency: 5 条
2026-09-02 21:01:09 [INFO]   ✓ Reddit r/bitcoin: 0 条
2026-09-02 21:01:09 [INFO]   ✓ Crypto Twitter: 5 条
2026-09-02 21:01:09 [INFO]   ✓ 宏观经济: 0 条
2026-09-02 21:01:09 [INFO]   ✓ Binance公告: 20 条
2026-09-02 21:01:09 [INFO]   ✓ OKX公告: 0 条
2026-09-02 21:01:09 [INFO]   ✓ Bitget公告: 0 条
2026-09-02 21:01:09 [INFO]   ✓ Whale Alert: 0 条
2026-09-02 21:01:09 [INFO]   ✓ Fear & Greed Index: 1 条
2026-09-02 21:01:09 [INFO]   ✓ DeFi Llama: 0 条
2026-09-02 21:01:09 [INFO]   ✓ 雪球加密: 0 条
2026-09-02 21:01:09 [INFO] 📊 共抓取 42 条新闻
2026-09-02 21:01:09 [INFO] 📋 原始新闻已保存: reports/2026-09-03-05-raw.json (42 条)
2026-09-02 21:01:09 [INFO] 📋 标题摘要已保存: reports/2026-09-03-05-raw-titles.md
2026-09-02 21:01:09 [INFO] ✅ 抓取完成，共 42 条，已保存到 reports/2026-09-03-05-raw.json
2026-09-02 21:01:10 [INFO] 🤖 开始 AI 筛选 2026-09-03 05:00 币圈消息
2026-09-02 21:01:10 [INFO] 📋 已加载原始新闻: reports/2026-09-03-05-raw.json (42 条)
2026-09-02 21:01:10 [INFO] 📚 已加载历史新闻标题（25882 字符）
2026-09-02 21:01:10 [INFO] 📚 已加载历史筛选标题 0 条、URL 0 个，用于去重
2026-09-02 21:01:10 [INFO] 🔄 尝试 AI 提供商: deepseek
2026-09-02 21:01:10 [INFO] 🤖 使用 AI 提供商: deepseek (模型: deepseek-v4-flash)
2026-09-02 21:01:10 [INFO] 🤖 AI 筛选 [[deepseek] 1/6 策略=仅标题+链接 retry=0]（42 条，9672 字符，temp=0.3）
2026-09-02 21:01:11 [ERROR] AI 调用异常 ([deepseek] 1/6 策略=仅标题+链接 retry=0): Error code: 401 - {'error': {'message': 'Authentication Fails, Your api key: ****df0d is invalid', 'type': 'authentication_error', 'param': None, 'code': 'invalid_request_error'}}
2026-09-02 21:01:11 [WARNING] [[deepseek] 1/6 策略=仅标题+链接 retry=0] AI 调用失败或解析失败，继续下一次尝试
2026-09-02 21:01:11 [INFO] 🤖 AI 筛选 [[deepseek] 2/6 策略=仅标题+链接 retry=1]（42 条，9672 字符，temp=0.3）
2026-09-02 21:01:11 [ERROR] AI 调用异常 ([deepseek] 2/6 策略=仅标题+链接 retry=1): Error code: 401 - {'error': {'message': 'Authentication Fails, Your api key: ****df0d is invalid', 'type': 'authentication_error', 'param': None, 'code': 'invalid_request_error'}}
2026-09-02 21:01:11 [WARNING] [[deepseek] 2/6 策略=仅标题+链接 retry=1] AI 调用失败或解析失败，继续下一次尝试
2026-09-02 21:01:11 [INFO] 🤖 AI 筛选 [[deepseek] 3/6 策略=仅标题+链接 retry=2]（42 条，9672 字符，temp=0.3）
2026-09-02 21:01:12 [ERROR] AI 调用异常 ([deepseek] 3/6 策略=仅标题+链接 retry=2): Error code: 401 - {'error': {'message': 'Authentication Fails, Your api key: ****df0d is invalid', 'type': 'authentication_error', 'param': None, 'code': 'invalid_request_error'}}
2026-09-02 21:01:12 [WARNING] [[deepseek] 3/6 策略=仅标题+链接 retry=2] AI 调用失败或解析失败，继续下一次尝试
2026-09-02 21:01:12 [INFO] 🤖 AI 筛选 [[deepseek] 4/6 策略=完整内容 retry=0]（42 条，14243 字符，temp=0.3）
2026-09-02 21:01:12 [ERROR] AI 调用异常 ([deepseek] 4/6 策略=完整内容 retry=0): Error code: 401 - {'error': {'message': 'Authentication Fails, Your api key: ****df0d is invalid', 'type': 'authentication_error', 'param': None, 'code': 'invalid_request_error'}}
2026-09-02 21:01:12 [WARNING] [[deepseek] 4/6 策略=完整内容 retry=0] AI 调用失败或解析失败，继续下一次尝试
2026-09-02 21:01:12 [INFO] 🤖 AI 筛选 [[deepseek] 5/6 策略=完整内容 retry=1]（42 条，14243 字符，temp=0.3）
2026-09-02 21:01:13 [ERROR] AI 调用异常 ([deepseek] 5/6 策略=完整内容 retry=1): Error code: 401 - {'error': {'message': 'Authentication Fails, Your api key: ****df0d is invalid', 'type': 'authentication_error', 'param': None, 'code': 'invalid_request_error'}}
2026-09-02 21:01:13 [WARNING] [[deepseek] 5/6 策略=完整内容 retry=1] AI 调用失败或解析失败，继续下一次尝试
2026-09-02 21:01:13 [INFO] 🤖 AI 筛选 [[deepseek] 6/6 策略=仅标题（无历史） retry=0]（42 条，9672 字符，temp=0.3）
2026-09-02 21:01:13 [ERROR] AI 调用异常 ([deepseek] 6/6 策略=仅标题（无历史） retry=0): Error code: 401 - {'error': {'message': 'Authentication Fails, Your api key: ****df0d is invalid', 'type': 'authentication_error', 'param': None, 'code': 'invalid_request_error'}}
2026-09-02 21:01:13 [WARNING] [[deepseek] 6/6 策略=仅标题（无历史） retry=0] AI 调用失败或解析失败，继续下一次尝试
2026-09-02 21:01:13 [WARNING] [deepseek] 已达最大尝试次数 6，停止
2026-09-02 21:01:13 [INFO] ⚠️ deepseek 未能产出满意结果，尝试下一个提供商
2026-09-02 21:01:13 [INFO] 🔄 尝试 AI 提供商: zhipu
2026-09-02 21:01:13 [ERROR] 未设置环境变量 ZHIPU_API_KEY，无法使用 zhipu
2026-09-02 21:01:13 [INFO] ⚠️ zhipu 未能产出满意结果，尝试下一个提供商
2026-09-02 21:01:13 [INFO] 🔄 尝试 AI 提供商: kimi
2026-09-02 21:01:13 [ERROR] 未设置环境变量 KIMI_API_KEY，无法使用 kimi
2026-09-02 21:01:13 [INFO] ⚠️ kimi 未能产出满意结果，尝试下一个提供商
2026-09-02 21:01:13 [INFO] 🔄 尝试 AI 提供商: huoshan
2026-09-02 21:01:13 [ERROR] 未设置环境变量 HUOSHAN_API_KEY，无法使用 huoshan
2026-09-02 21:01:13 [INFO] ⚠️ huoshan 未能产出满意结果，尝试下一个提供商
2026-09-02 21:01:13 [ERROR] ❌ 所有提供商均失败，返回空列表
2026-09-02 21:01:13 [INFO] 📦 JSON 已保存: reports/2026-09-03-05.json
2026-09-02 21:01:13 [INFO] ✅ AI 筛选完成，共 0 条交易相关消息
2026-09-02 22:00:49 [INFO] 🚀 开始抓取 2026-09-03 06:00 币圈新闻
2026-09-02 22:00:49 [INFO] 📡 抓取 RSS 新闻源...
2026-09-02 22:00:49 [INFO] 📡 抓取交易所公告 & 链上数据...
2026-09-02 22:00:50 [INFO]   ⏭ The Block: 过滤掉 19 条非近期新闻
2026-09-02 22:00:50 [INFO]   ⏭ Decrypt: 过滤掉 34 条非近期新闻
2026-09-02 22:00:50 [INFO]   ⏭ CoinTelegraph: 过滤掉 28 条非近期新闻
2026-09-02 22:00:50 [WARNING] 解析失败 Bitget公告: 'NoneType' object is not subscriptable
2026-09-02 22:00:50 [INFO]   ⏭ Bloomberg Crypto: 过滤掉 50 条非近期新闻
2026-09-02 22:00:50 [INFO]   ⏭ Bitcoin Magazine: 过滤掉 9 条非近期新闻
2026-09-02 22:00:50 [INFO]   ⏭ 宏观经济: 过滤掉 50 条非近期新闻
2026-09-02 22:00:50 [INFO]   ⏭ Reuters Crypto: 过滤掉 50 条非近期新闻
2026-09-02 22:00:50 [INFO]   ⏭ Blockworks: 过滤掉 50 条非近期新闻
2026-09-02 22:00:50 [INFO]   ⏭ CNBC Crypto: 过滤掉 46 条非近期新闻
2026-09-02 22:00:50 [INFO]   ⏭ CoinDesk: 过滤掉 23 条非近期新闻
2026-09-02 22:00:50 [INFO]   ⏭ DL News: 过滤掉 50 条非近期新闻
2026-09-02 22:00:50 [INFO]   ⏭ Blockworks: 过滤掉 5 条非近期新闻
2026-09-02 22:00:51 [INFO]   ⏭ 宏观经济: 过滤掉 50 条非近期新闻
2026-09-02 22:00:51 [INFO]   ⏭ 金色财经: 过滤掉 12 条非近期新闻
2026-09-02 22:00:51 [INFO]   ⏭ 律动BlockBeats: 过滤掉 17 条非近期新闻
2026-09-02 22:00:51 [INFO]   ⏭ Reddit r/cryptocurrency: 过滤掉 21 条非近期新闻
2026-09-02 22:00:51 [INFO]   ⏭ 雪球加密: 过滤掉 50 条非近期新闻
2026-09-02 22:00:51 [INFO]   ⏭ DeFi Llama: 过滤掉 50 条非近期新闻
2026-09-02 22:00:51 [INFO]   ⏭ 吴说区块链: 过滤掉 45 条非近期新闻
2026-09-02 22:00:51 [INFO]   ⏭ Crypto Twitter: 过滤掉 44 条非近期新闻
2026-09-02 22:00:57 [INFO]   ⏭ PANews: 过滤掉 50 条非近期新闻
2026-09-02 22:01:04 [INFO]   ✓ CoinDesk: 2 条
2026-09-02 22:01:04 [INFO]   ✓ The Block: 1 条
2026-09-02 22:01:04 [INFO]   ✓ Decrypt: 3 条
2026-09-02 22:01:04 [INFO]   ✓ CoinTelegraph: 2 条
2026-09-02 22:01:04 [INFO]   ✓ Bitcoin Magazine: 1 条
2026-09-02 22:01:04 [INFO]   ✓ Blockworks: 0 条
2026-09-02 22:01:04 [INFO]   ✓ DL News: 0 条
2026-09-02 22:01:04 [INFO]   ✓ 金色财经: 8 条
2026-09-02 22:01:04 [INFO]   ✓ PANews: 0 条
2026-09-02 22:01:04 [INFO]   ✓ 律动BlockBeats: 3 条
2026-09-02 22:01:04 [INFO]   ✓ 吴说区块链: 0 条
2026-09-02 22:01:04 [INFO]   ✓ Bloomberg Crypto: 0 条
2026-09-02 22:01:04 [INFO]   ✓ Reuters Crypto: 0 条
2026-09-02 22:01:04 [INFO]   ✓ CNBC Crypto: 4 条
2026-09-02 22:01:04 [INFO]   ✓ Reddit r/cryptocurrency: 4 条
2026-09-02 22:01:04 [INFO]   ✓ Reddit r/bitcoin: 0 条
2026-09-02 22:01:04 [INFO]   ✓ Crypto Twitter: 6 条
2026-09-02 22:01:04 [INFO]   ✓ 宏观经济: 0 条
2026-09-02 22:01:04 [INFO]   ✓ Binance公告: 20 条
2026-09-02 22:01:04 [INFO]   ✓ OKX公告: 0 条
2026-09-02 22:01:04 [INFO]   ✓ Bitget公告: 0 条
2026-09-02 22:01:04 [INFO]   ✓ Whale Alert: 0 条
2026-09-02 22:01:04 [INFO]   ✓ Fear & Greed Index: 1 条
2026-09-02 22:01:04 [INFO]   ✓ DeFi Llama: 0 条
2026-09-02 22:01:04 [INFO]   ✓ 雪球加密: 0 条
2026-09-02 22:01:04 [INFO] 📊 共抓取 55 条新闻
2026-09-02 22:01:04 [INFO] 📋 原始新闻已保存: reports/2026-09-03-06-raw.json (55 条)
2026-09-02 22:01:04 [INFO] 📋 标题摘要已保存: reports/2026-09-03-06-raw-titles.md
2026-09-02 22:01:04 [INFO] ✅ 抓取完成，共 55 条，已保存到 reports/2026-09-03-06-raw.json
2026-09-02 22:01:04 [INFO] 🤖 开始 AI 筛选 2026-09-03 06:00 币圈消息
2026-09-02 22:01:04 [INFO] 📋 已加载原始新闻: reports/2026-09-03-06-raw.json (55 条)
2026-09-02 22:01:04 [INFO] 📚 已加载历史新闻标题（25650 字符）
2026-09-02 22:01:04 [INFO] 📚 已加载历史筛选标题 0 条、URL 0 个，用于去重
2026-09-02 22:01:04 [INFO] 🔄 尝试 AI 提供商: deepseek
2026-09-02 22:01:04 [INFO] 🤖 使用 AI 提供商: deepseek (模型: deepseek-v4-flash)
2026-09-02 22:01:04 [INFO] 🤖 AI 筛选 [[deepseek] 1/6 策略=仅标题+链接 retry=0]（55 条，11803 字符，temp=0.3）
2026-09-02 22:01:05 [ERROR] AI 调用异常 ([deepseek] 1/6 策略=仅标题+链接 retry=0): Error code: 401 - {'error': {'message': 'Authentication Fails, Your api key: ****df0d is invalid', 'type': 'authentication_error', 'param': None, 'code': 'invalid_request_error'}}
2026-09-02 22:01:05 [WARNING] [[deepseek] 1/6 策略=仅标题+链接 retry=0] AI 调用失败或解析失败，继续下一次尝试
2026-09-02 22:01:05 [INFO] 🤖 AI 筛选 [[deepseek] 2/6 策略=仅标题+链接 retry=1]（55 条，11803 字符，temp=0.3）
2026-09-02 22:01:06 [ERROR] AI 调用异常 ([deepseek] 2/6 策略=仅标题+链接 retry=1): Error code: 401 - {'error': {'message': 'Authentication Fails, Your api key: ****df0d is invalid', 'type': 'authentication_error', 'param': None, 'code': 'invalid_request_error'}}
2026-09-02 22:01:06 [WARNING] [[deepseek] 2/6 策略=仅标题+链接 retry=1] AI 调用失败或解析失败，继续下一次尝试
2026-09-02 22:01:06 [INFO] 🤖 AI 筛选 [[deepseek] 3/6 策略=仅标题+链接 retry=2]（55 条，11803 字符，temp=0.3）
2026-09-02 22:01:06 [ERROR] AI 调用异常 ([deepseek] 3/6 策略=仅标题+链接 retry=2): Error code: 401 - {'error': {'message': 'Authentication Fails, Your api key: ****df0d is invalid', 'type': 'authentication_error', 'param': None, 'code': 'invalid_request_error'}}
2026-09-02 22:01:06 [WARNING] [[deepseek] 3/6 策略=仅标题+链接 retry=2] AI 调用失败或解析失败，继续下一次尝试
2026-09-02 22:01:06 [INFO] 🤖 AI 筛选 [[deepseek] 4/6 策略=完整内容 retry=0]（55 条，18036 字符，temp=0.3）
2026-09-02 22:01:07 [ERROR] AI 调用异常 ([deepseek] 4/6 策略=完整内容 retry=0): Error code: 401 - {'error': {'message': 'Authentication Fails, Your api key: ****df0d is invalid', 'type': 'authentication_error', 'param': None, 'code': 'invalid_request_error'}}
2026-09-02 22:01:07 [WARNING] [[deepseek] 4/6 策略=完整内容 retry=0] AI 调用失败或解析失败，继续下一次尝试
2026-09-02 22:01:07 [INFO] 🤖 AI 筛选 [[deepseek] 5/6 策略=完整内容 retry=1]（55 条，18036 字符，temp=0.3）
2026-09-02 22:01:07 [ERROR] AI 调用异常 ([deepseek] 5/6 策略=完整内容 retry=1): Error code: 401 - {'error': {'message': 'Authentication Fails, Your api key: ****df0d is invalid', 'type': 'authentication_error', 'param': None, 'code': 'invalid_request_error'}}
2026-09-02 22:01:07 [WARNING] [[deepseek] 5/6 策略=完整内容 retry=1] AI 调用失败或解析失败，继续下一次尝试
2026-09-02 22:01:07 [INFO] 🤖 AI 筛选 [[deepseek] 6/6 策略=仅标题（无历史） retry=0]（55 条，11803 字符，temp=0.3）
2026-09-02 22:01:08 [ERROR] AI 调用异常 ([deepseek] 6/6 策略=仅标题（无历史） retry=0): Error code: 401 - {'error': {'message': 'Authentication Fails, Your api key: ****df0d is invalid', 'type': 'authentication_error', 'param': None, 'code': 'invalid_request_error'}}
2026-09-02 22:01:08 [WARNING] [[deepseek] 6/6 策略=仅标题（无历史） retry=0] AI 调用失败或解析失败，继续下一次尝试
2026-09-02 22:01:08 [WARNING] [deepseek] 已达最大尝试次数 6，停止
2026-09-02 22:01:08 [INFO] ⚠️ deepseek 未能产出满意结果，尝试下一个提供商
2026-09-02 22:01:08 [INFO] 🔄 尝试 AI 提供商: zhipu
2026-09-02 22:01:08 [ERROR] 未设置环境变量 ZHIPU_API_KEY，无法使用 zhipu
2026-09-02 22:01:08 [INFO] ⚠️ zhipu 未能产出满意结果，尝试下一个提供商
2026-09-02 22:01:08 [INFO] 🔄 尝试 AI 提供商: kimi
2026-09-02 22:01:08 [ERROR] 未设置环境变量 KIMI_API_KEY，无法使用 kimi
2026-09-02 22:01:08 [INFO] ⚠️ kimi 未能产出满意结果，尝试下一个提供商
2026-09-02 22:01:08 [INFO] 🔄 尝试 AI 提供商: huoshan
2026-09-02 22:01:08 [ERROR] 未设置环境变量 HUOSHAN_API_KEY，无法使用 huoshan
2026-09-02 22:01:08 [INFO] ⚠️ huoshan 未能产出满意结果，尝试下一个提供商
2026-09-02 22:01:08 [ERROR] ❌ 所有提供商均失败，返回空列表
2026-09-02 22:01:08 [INFO] 📦 JSON 已保存: reports/2026-09-03-06.json
2026-09-02 22:01:08 [INFO] ✅ AI 筛选完成，共 0 条交易相关消息
2026-09-02 23:00:50 [INFO] 🚀 开始抓取 2026-09-03 07:00 币圈新闻
2026-09-02 23:00:50 [INFO] 📡 抓取 RSS 新闻源...
2026-09-02 23:00:50 [INFO] 📡 抓取交易所公告 & 链上数据...
2026-09-02 23:00:50 [INFO]   ⏭ Decrypt: 过滤掉 36 条非近期新闻
2026-09-02 23:00:50 [INFO]   ⏭ The Block: 过滤掉 19 条非近期新闻
2026-09-02 23:00:50 [INFO]   ⏭ CoinTelegraph: 过滤掉 29 条非近期新闻
2026-09-02 23:00:51 [INFO]   ⏭ CoinDesk: 过滤掉 24 条非近期新闻
2026-09-02 23:00:51 [INFO]   ⏭ Bitcoin Magazine: 过滤掉 9 条非近期新闻
2026-09-02 23:00:51 [INFO]   ⏭ Blockworks: 过滤掉 50 条非近期新闻
2026-09-02 23:00:51 [INFO]   ⏭ Reddit r/cryptocurrency: 过滤掉 23 条非近期新闻
2026-09-02 23:00:51 [WARNING] 解析失败 Bitget公告: 'NoneType' object is not subscriptable
2026-09-02 23:00:51 [INFO]   ⏭ Bloomberg Crypto: 过滤掉 50 条非近期新闻
2026-09-02 23:00:51 [INFO]   ⏭ 宏观经济: 过滤掉 50 条非近期新闻
2026-09-02 23:00:51 [INFO]   ⏭ Reuters Crypto: 过滤掉 50 条非近期新闻
2026-09-02 23:00:51 [INFO]   ⏭ CNBC Crypto: 过滤掉 50 条非近期新闻
2026-09-02 23:00:51 [INFO]   ⏭ DL News: 过滤掉 50 条非近期新闻
2026-09-02 23:00:51 [INFO]   ⏭ Blockworks: 过滤掉 5 条非近期新闻
2026-09-02 23:00:51 [INFO]   ⏭ 宏观经济: 过滤掉 50 条非近期新闻
2026-09-02 23:00:52 [INFO]   ⏭ 律动BlockBeats: 过滤掉 19 条非近期新闻
2026-09-02 23:00:52 [INFO]   ⏭ DeFi Llama: 过滤掉 50 条非近期新闻
2026-09-02 23:00:52 [INFO]   ⏭ 吴说区块链: 过滤掉 42 条非近期新闻
2026-09-02 23:00:52 [INFO]   ⏭ 雪球加密: 过滤掉 50 条非近期新闻
2026-09-02 23:00:52 [INFO]   ⏭ Crypto Twitter: 过滤掉 42 条非近期新闻
2026-09-02 23:01:06 [DEBUG] 请求失败 https://rsshub.rssforever.com/panewslab/news: 
2026-09-02 23:01:06 [DEBUG] 请求失败 https://rsshub.rssforever.com/jinse/lives: 
2026-09-02 23:01:07 [DEBUG] 请求失败 https://rsshub.rssforever.com/bloomberg/crypto: 
2026-09-02 23:01:07 [INFO]   ⏭ PANews: 过滤掉 50 条非近期新闻
2026-09-02 23:01:07 [INFO]   ✓ CoinDesk: 1 条
2026-09-02 23:01:07 [INFO]   ✓ The Block: 1 条
2026-09-02 23:01:07 [INFO]   ✓ Decrypt: 2 条
2026-09-02 23:01:07 [INFO]   ✓ CoinTelegraph: 1 条
2026-09-02 23:01:07 [INFO]   ✓ Bitcoin Magazine: 1 条
2026-09-02 23:01:07 [INFO]   ✓ Blockworks: 0 条
2026-09-02 23:01:07 [INFO]   ✓ DL News: 0 条
2026-09-02 23:01:07 [INFO]   ✓ 金色财经: 0 条
2026-09-02 23:01:07 [INFO]   ✓ PANews: 0 条
2026-09-02 23:01:07 [INFO]   ✓ 律动BlockBeats: 1 条
2026-09-02 23:01:07 [INFO]   ✓ 吴说区块链: 0 条
2026-09-02 23:01:07 [INFO]   ✓ Bloomberg Crypto: 0 条
2026-09-02 23:01:07 [INFO]   ✓ Reuters Crypto: 0 条
2026-09-02 23:01:07 [INFO]   ✓ CNBC Crypto: 0 条
2026-09-02 23:01:07 [INFO]   ✓ Reddit r/cryptocurrency: 2 条
2026-09-02 23:01:07 [INFO]   ✓ Reddit r/bitcoin: 0 条
2026-09-02 23:01:07 [INFO]   ✓ Crypto Twitter: 8 条
2026-09-02 23:01:07 [INFO]   ✓ 宏观经济: 0 条
2026-09-02 23:01:07 [INFO]   ✓ Binance公告: 20 条
2026-09-02 23:01:07 [INFO]   ✓ OKX公告: 0 条
2026-09-02 23:01:07 [INFO]   ✓ Bitget公告: 0 条
2026-09-02 23:01:07 [INFO]   ✓ Whale Alert: 0 条
2026-09-02 23:01:07 [INFO]   ✓ Fear & Greed Index: 1 条
2026-09-02 23:01:07 [INFO]   ✓ DeFi Llama: 0 条
2026-09-02 23:01:07 [INFO]   ✓ 雪球加密: 0 条
2026-09-02 23:01:07 [INFO] 📊 共抓取 38 条新闻
2026-09-02 23:01:07 [INFO] 📋 原始新闻已保存: reports/2026-09-03-07-raw.json (38 条)
2026-09-02 23:01:07 [INFO] 📋 标题摘要已保存: reports/2026-09-03-07-raw-titles.md
2026-09-02 23:01:07 [INFO] ✅ 抓取完成，共 38 条，已保存到 reports/2026-09-03-07-raw.json
2026-09-02 23:01:08 [INFO] 🤖 开始 AI 筛选 2026-09-03 07:00 币圈消息
2026-09-02 23:01:08 [INFO] 📋 已加载原始新闻: reports/2026-09-03-07-raw.json (38 条)
2026-09-02 23:01:08 [INFO] 📚 已加载历史新闻标题（25466 字符）
2026-09-02 23:01:08 [INFO] 📚 已加载历史筛选标题 0 条、URL 0 个，用于去重
2026-09-02 23:01:08 [INFO] 🔄 尝试 AI 提供商: deepseek
2026-09-02 23:01:08 [INFO] 🤖 使用 AI 提供商: deepseek (模型: deepseek-v4-flash)
2026-09-02 23:01:08 [INFO] 🤖 AI 筛选 [[deepseek] 1/6 策略=仅标题+链接 retry=0]（38 条，8884 字符，temp=0.3）
2026-09-02 23:01:09 [ERROR] AI 调用异常 ([deepseek] 1/6 策略=仅标题+链接 retry=0): Error code: 401 - {'error': {'message': 'Authentication Fails, Your api key: ****df0d is invalid', 'type': 'authentication_error', 'param': None, 'code': 'invalid_request_error'}}
2026-09-02 23:01:09 [WARNING] [[deepseek] 1/6 策略=仅标题+链接 retry=0] AI 调用失败或解析失败，继续下一次尝试
2026-09-02 23:01:09 [INFO] 🤖 AI 筛选 [[deepseek] 2/6 策略=仅标题+链接 retry=1]（38 条，8884 字符，temp=0.3）
2026-09-02 23:01:10 [ERROR] AI 调用异常 ([deepseek] 2/6 策略=仅标题+链接 retry=1): Error code: 401 - {'error': {'message': 'Authentication Fails, Your api key: ****df0d is invalid', 'type': 'authentication_error', 'param': None, 'code': 'invalid_request_error'}}
2026-09-02 23:01:10 [WARNING] [[deepseek] 2/6 策略=仅标题+链接 retry=1] AI 调用失败或解析失败，继续下一次尝试
2026-09-02 23:01:10 [INFO] 🤖 AI 筛选 [[deepseek] 3/6 策略=仅标题+链接 retry=2]（38 条，8884 字符，temp=0.3）
2026-09-02 23:01:10 [ERROR] AI 调用异常 ([deepseek] 3/6 策略=仅标题+链接 retry=2): Error code: 401 - {'error': {'message': 'Authentication Fails, Your api key: ****df0d is invalid', 'type': 'authentication_error', 'param': None, 'code': 'invalid_request_error'}}
2026-09-02 23:01:10 [WARNING] [[deepseek] 3/6 策略=仅标题+链接 retry=2] AI 调用失败或解析失败，继续下一次尝试
2026-09-02 23:01:10 [INFO] 🤖 AI 筛选 [[deepseek] 4/6 策略=完整内容 retry=0]（38 条，12520 字符，temp=0.3）
2026-09-02 23:01:11 [ERROR] AI 调用异常 ([deepseek] 4/6 策略=完整内容 retry=0): Error code: 401 - {'error': {'message': 'Authentication Fails, Your api key: ****df0d is invalid', 'type': 'authentication_error', 'param': None, 'code': 'invalid_request_error'}}
2026-09-02 23:01:11 [WARNING] [[deepseek] 4/6 策略=完整内容 retry=0] AI 调用失败或解析失败，继续下一次尝试
2026-09-02 23:01:11 [INFO] 🤖 AI 筛选 [[deepseek] 5/6 策略=完整内容 retry=1]（38 条，12520 字符，temp=0.3）
2026-09-02 23:01:11 [ERROR] AI 调用异常 ([deepseek] 5/6 策略=完整内容 retry=1): Error code: 401 - {'error': {'message': 'Authentication Fails, Your api key: ****df0d is invalid', 'type': 'authentication_error', 'param': None, 'code': 'invalid_request_error'}}
2026-09-02 23:01:11 [WARNING] [[deepseek] 5/6 策略=完整内容 retry=1] AI 调用失败或解析失败，继续下一次尝试
2026-09-02 23:01:11 [INFO] 🤖 AI 筛选 [[deepseek] 6/6 策略=仅标题（无历史） retry=0]（38 条，8884 字符，temp=0.3）
2026-09-02 23:01:12 [ERROR] AI 调用异常 ([deepseek] 6/6 策略=仅标题（无历史） retry=0): Error code: 401 - {'error': {'message': 'Authentication Fails, Your api key: ****df0d is invalid', 'type': 'authentication_error', 'param': None, 'code': 'invalid_request_error'}}
2026-09-02 23:01:12 [WARNING] [[deepseek] 6/6 策略=仅标题（无历史） retry=0] AI 调用失败或解析失败，继续下一次尝试
2026-09-02 23:01:12 [WARNING] [deepseek] 已达最大尝试次数 6，停止
2026-09-02 23:01:12 [INFO] ⚠️ deepseek 未能产出满意结果，尝试下一个提供商
2026-09-02 23:01:12 [INFO] 🔄 尝试 AI 提供商: zhipu
2026-09-02 23:01:12 [ERROR] 未设置环境变量 ZHIPU_API_KEY，无法使用 zhipu
2026-09-02 23:01:12 [INFO] ⚠️ zhipu 未能产出满意结果，尝试下一个提供商
2026-09-02 23:01:12 [INFO] 🔄 尝试 AI 提供商: kimi
2026-09-02 23:01:12 [ERROR] 未设置环境变量 KIMI_API_KEY，无法使用 kimi
2026-09-02 23:01:12 [INFO] ⚠️ kimi 未能产出满意结果，尝试下一个提供商
2026-09-02 23:01:12 [INFO] 🔄 尝试 AI 提供商: huoshan
2026-09-02 23:01:12 [ERROR] 未设置环境变量 HUOSHAN_API_KEY，无法使用 huoshan
2026-09-02 23:01:12 [INFO] ⚠️ huoshan 未能产出满意结果，尝试下一个提供商
2026-09-02 23:01:12 [ERROR] ❌ 所有提供商均失败，返回空列表
2026-09-02 23:01:12 [INFO] 📦 JSON 已保存: reports/2026-09-03-07.json
2026-09-02 23:01:12 [INFO] ✅ AI 筛选完成，共 0 条交易相关消息
2026-09-03 00:00:50 [INFO] 🚀 开始抓取 2026-09-03 08:00 币圈新闻
2026-09-03 00:00:50 [INFO] 📡 抓取 RSS 新闻源...
2026-09-03 00:00:50 [INFO] 📡 抓取交易所公告 & 链上数据...
2026-09-03 00:00:50 [INFO]   ⏭ Decrypt: 过滤掉 35 条非近期新闻
2026-09-03 00:00:51 [INFO]   ⏭ The Block: 过滤掉 20 条非近期新闻
2026-09-03 00:00:51 [INFO]   ⏭ CoinTelegraph: 过滤掉 30 条非近期新闻
2026-09-03 00:00:51 [INFO]   ⏭ Reuters Crypto: 过滤掉 50 条非近期新闻
2026-09-03 00:00:51 [WARNING] 解析失败 Bitget公告: 'NoneType' object is not subscriptable
2026-09-03 00:00:51 [INFO]   ⏭ Reddit r/bitcoin: 过滤掉 23 条非近期新闻
2026-09-03 00:00:51 [INFO]   ⏭ Bloomberg Crypto: 过滤掉 50 条非近期新闻
2026-09-03 00:00:51 [INFO]   ⏭ CNBC Crypto: 过滤掉 50 条非近期新闻
2026-09-03 00:00:51 [INFO]   ⏭ 宏观经济: 过滤掉 50 条非近期新闻
2026-09-03 00:00:51 [INFO]   ⏭ CoinDesk: 过滤掉 25 条非近期新闻
2026-09-03 00:00:51 [INFO]   ⏭ Bitcoin Magazine: 过滤掉 10 条非近期新闻
2026-09-03 00:00:51 [INFO]   ⏭ Blockworks: 过滤掉 50 条非近期新闻
2026-09-03 00:00:51 [INFO]   ⏭ 宏观经济: 过滤掉 50 条非近期新闻
2026-09-03 00:00:52 [INFO]   ⏭ DL News: 过滤掉 50 条非近期新闻
2026-09-03 00:00:52 [INFO]   ⏭ Bitcoin Magazine: 过滤掉 50 条非近期新闻
2026-09-03 00:00:52 [INFO]   ⏭ Blockworks: 过滤掉 5 条非近期新闻
2026-09-03 00:00:52 [INFO]   ⏭ The Block: 过滤掉 50 条非近期新闻
2026-09-03 00:00:52 [INFO]   ⏭ 律动BlockBeats: 过滤掉 13 条非近期新闻
2026-09-03 00:00:52 [INFO]   ⏭ 金色财经: 过滤掉 14 条非近期新闻
2026-09-03 00:00:52 [INFO]   ⏭ Crypto Twitter: 过滤掉 46 条非近期新闻
2026-09-03 00:00:52 [INFO]   ⏭ CoinDesk: 过滤掉 50 条非近期新闻
2026-09-03 00:00:52 [INFO]   ⏭ 吴说区块链: 过滤掉 40 条非近期新闻
2026-09-03 00:00:52 [INFO]   ⏭ DeFi Llama: 过滤掉 50 条非近期新闻
2026-09-03 00:00:52 [INFO]   ⏭ 雪球加密: 过滤掉 50 条非近期新闻
2026-09-03 00:01:04 [INFO]   ⏭ PANews: 过滤掉 50 条非近期新闻
2026-09-03 00:01:06 [DEBUG] 请求失败 https://rsshub.rssforever.com/cointelegraph: 
2026-09-03 00:01:06 [DEBUG] 请求失败 https://rsshub.rssforever.com/bloomberg/crypto: 
2026-09-03 00:01:07 [INFO]   ⏭ CoinTelegraph: 过滤掉 50 条非近期新闻
2026-09-03 00:01:07 [INFO]   ✓ CoinDesk: 0 条
2026-09-03 00:01:07 [INFO]   ✓ The Block: 0 条
2026-09-03 00:01:07 [INFO]   ✓ Decrypt: 3 条
2026-09-03 00:01:07 [INFO]   ✓ CoinTelegraph: 0 条
2026-09-03 00:01:07 [INFO]   ✓ Bitcoin Magazine: 0 条
2026-09-03 00:01:07 [INFO]   ✓ Blockworks: 0 条
2026-09-03 00:01:07 [INFO]   ✓ DL News: 0 条
2026-09-03 00:01:07 [INFO]   ✓ 金色财经: 6 条
2026-09-03 00:01:07 [INFO]   ✓ PANews: 0 条
2026-09-03 00:01:07 [INFO]   ✓ 律动BlockBeats: 7 条
2026-09-03 00:01:07 [INFO]   ✓ 吴说区块链: 0 条
2026-09-03 00:01:07 [INFO]   ✓ Bloomberg Crypto: 0 条
2026-09-03 00:01:07 [INFO]   ✓ Reuters Crypto: 0 条
2026-09-03 00:01:07 [INFO]   ✓ CNBC Crypto: 0 条
2026-09-03 00:01:07 [INFO]   ✓ Reddit r/cryptocurrency: 0 条
2026-09-03 00:01:07 [INFO]   ✓ Reddit r/bitcoin: 2 条
2026-09-03 00:01:07 [INFO]   ✓ Crypto Twitter: 4 条
2026-09-03 00:01:07 [INFO]   ✓ 宏观经济: 0 条
2026-09-03 00:01:07 [INFO]   ✓ Binance公告: 20 条
2026-09-03 00:01:07 [INFO]   ✓ OKX公告: 0 条
2026-09-03 00:01:07 [INFO]   ✓ Bitget公告: 0 条
2026-09-03 00:01:07 [INFO]   ✓ Whale Alert: 0 条
2026-09-03 00:01:07 [INFO]   ✓ Fear & Greed Index: 1 条
2026-09-03 00:01:07 [INFO]   ✓ DeFi Llama: 0 条
2026-09-03 00:01:07 [INFO]   ✓ 雪球加密: 0 条
2026-09-03 00:01:07 [INFO] 📊 共抓取 43 条新闻
2026-09-03 00:01:07 [INFO] 📋 原始新闻已保存: reports/2026-09-03-08-raw.json (43 条)
2026-09-03 00:01:07 [INFO] 📋 标题摘要已保存: reports/2026-09-03-08-raw-titles.md
2026-09-03 00:01:07 [INFO] ✅ 抓取完成，共 43 条，已保存到 reports/2026-09-03-08-raw.json
2026-09-03 00:01:07 [INFO] 🤖 开始 AI 筛选 2026-09-03 08:00 币圈消息
2026-09-03 00:01:07 [INFO] 📋 已加载原始新闻: reports/2026-09-03-08-raw.json (43 条)
2026-09-03 00:01:07 [INFO] 📚 已加载历史新闻标题（23879 字符）
2026-09-03 00:01:07 [INFO] 📚 已加载历史筛选标题 0 条、URL 0 个，用于去重
2026-09-03 00:01:07 [INFO] 🔄 尝试 AI 提供商: deepseek
2026-09-03 00:01:07 [INFO] 🤖 使用 AI 提供商: deepseek (模型: deepseek-v4-flash)
2026-09-03 00:01:07 [INFO] 🤖 AI 筛选 [[deepseek] 1/6 策略=仅标题+链接 retry=0]（43 条，7219 字符，temp=0.3）
2026-09-03 00:01:08 [ERROR] AI 调用异常 ([deepseek] 1/6 策略=仅标题+链接 retry=0): Error code: 401 - {'error': {'message': 'Authentication Fails, Your api key: ****df0d is invalid', 'type': 'authentication_error', 'param': None, 'code': 'invalid_request_error'}}
2026-09-03 00:01:08 [WARNING] [[deepseek] 1/6 策略=仅标题+链接 retry=0] AI 调用失败或解析失败，继续下一次尝试
2026-09-03 00:01:08 [INFO] 🤖 AI 筛选 [[deepseek] 2/6 策略=仅标题+链接 retry=1]（43 条，7219 字符，temp=0.3）
2026-09-03 00:01:09 [ERROR] AI 调用异常 ([deepseek] 2/6 策略=仅标题+链接 retry=1): Error code: 401 - {'error': {'message': 'Authentication Fails, Your api key: ****df0d is invalid', 'type': 'authentication_error', 'param': None, 'code': 'invalid_request_error'}}
2026-09-03 00:01:09 [WARNING] [[deepseek] 2/6 策略=仅标题+链接 retry=1] AI 调用失败或解析失败，继续下一次尝试
2026-09-03 00:01:09 [INFO] 🤖 AI 筛选 [[deepseek] 3/6 策略=仅标题+链接 retry=2]（43 条，7219 字符，temp=0.3）
2026-09-03 00:01:09 [ERROR] AI 调用异常 ([deepseek] 3/6 策略=仅标题+链接 retry=2): Error code: 401 - {'error': {'message': 'Authentication Fails, Your api key: ****df0d is invalid', 'type': 'authentication_error', 'param': None, 'code': 'invalid_request_error'}}
2026-09-03 00:01:09 [WARNING] [[deepseek] 3/6 策略=仅标题+链接 retry=2] AI 调用失败或解析失败，继续下一次尝试
2026-09-03 00:01:09 [INFO] 🤖 AI 筛选 [[deepseek] 4/6 策略=完整内容 retry=0]（43 条，12403 字符，temp=0.3）
2026-09-03 00:01:09 [ERROR] AI 调用异常 ([deepseek] 4/6 策略=完整内容 retry=0): Error code: 401 - {'error': {'message': 'Authentication Fails, Your api key: ****df0d is invalid', 'type': 'authentication_error', 'param': None, 'code': 'invalid_request_error'}}
2026-09-03 00:01:09 [WARNING] [[deepseek] 4/6 策略=完整内容 retry=0] AI 调用失败或解析失败，继续下一次尝试
2026-09-03 00:01:09 [INFO] 🤖 AI 筛选 [[deepseek] 5/6 策略=完整内容 retry=1]（43 条，12403 字符，temp=0.3）
2026-09-03 00:01:10 [ERROR] AI 调用异常 ([deepseek] 5/6 策略=完整内容 retry=1): Error code: 401 - {'error': {'message': 'Authentication Fails, Your api key: ****df0d is invalid', 'type': 'authentication_error', 'param': None, 'code': 'invalid_request_error'}}
2026-09-03 00:01:10 [WARNING] [[deepseek] 5/6 策略=完整内容 retry=1] AI 调用失败或解析失败，继续下一次尝试
2026-09-03 00:01:10 [INFO] 🤖 AI 筛选 [[deepseek] 6/6 策略=仅标题（无历史） retry=0]（43 条，7219 字符，temp=0.3）
2026-09-03 00:01:10 [ERROR] AI 调用异常 ([deepseek] 6/6 策略=仅标题（无历史） retry=0): Error code: 401 - {'error': {'message': 'Authentication Fails, Your api key: ****df0d is invalid', 'type': 'authentication_error', 'param': None, 'code': 'invalid_request_error'}}
2026-09-03 00:01:10 [WARNING] [[deepseek] 6/6 策略=仅标题（无历史） retry=0] AI 调用失败或解析失败，继续下一次尝试
2026-09-03 00:01:10 [WARNING] [deepseek] 已达最大尝试次数 6，停止
2026-09-03 00:01:10 [INFO] ⚠️ deepseek 未能产出满意结果，尝试下一个提供商
2026-09-03 00:01:10 [INFO] 🔄 尝试 AI 提供商: zhipu
2026-09-03 00:01:10 [ERROR] 未设置环境变量 ZHIPU_API_KEY，无法使用 zhipu
2026-09-03 00:01:10 [INFO] ⚠️ zhipu 未能产出满意结果，尝试下一个提供商
2026-09-03 00:01:10 [INFO] 🔄 尝试 AI 提供商: kimi
2026-09-03 00:01:10 [ERROR] 未设置环境变量 KIMI_API_KEY，无法使用 kimi
2026-09-03 00:01:10 [INFO] ⚠️ kimi 未能产出满意结果，尝试下一个提供商
2026-09-03 00:01:10 [INFO] 🔄 尝试 AI 提供商: huoshan
2026-09-03 00:01:10 [ERROR] 未设置环境变量 HUOSHAN_API_KEY，无法使用 huoshan
2026-09-03 00:01:10 [INFO] ⚠️ huoshan 未能产出满意结果，尝试下一个提供商
2026-09-03 00:01:10 [ERROR] ❌ 所有提供商均失败，返回空列表
2026-09-03 00:01:10 [INFO] 📦 JSON 已保存: reports/2026-09-03-08.json
2026-09-03 00:01:10 [INFO] ✅ AI 筛选完成，共 0 条交易相关消息
2026-09-03 01:00:49 [INFO] 🚀 开始抓取 2026-09-03 09:00 币圈新闻
2026-09-03 01:00:49 [INFO] 📡 抓取 RSS 新闻源...
2026-09-03 01:00:49 [INFO] 📡 抓取交易所公告 & 链上数据...
2026-09-03 01:00:49 [INFO]   ⏭ The Block: 过滤掉 20 条非近期新闻
2026-09-03 01:00:49 [INFO]   ⏭ Decrypt: 过滤掉 36 条非近期新闻
2026-09-03 01:00:49 [INFO]   ⏭ CoinTelegraph: 过滤掉 30 条非近期新闻
2026-09-03 01:00:49 [WARNING] 解析失败 Bitget公告: 'NoneType' object is not subscriptable
2026-09-03 01:00:50 [INFO]   ⏭ CoinDesk: 过滤掉 25 条非近期新闻
2026-09-03 01:00:50 [INFO]   ⏭ Bitcoin Magazine: 过滤掉 10 条非近期新闻
2026-09-03 01:00:50 [INFO]   ⏭ Reddit r/cryptocurrency: 过滤掉 20 条非近期新闻
2026-09-03 01:00:50 [INFO]   ⏭ Blockworks: 过滤掉 50 条非近期新闻
2026-09-03 01:00:50 [INFO]   ⏭ 律动BlockBeats: 过滤掉 5 条非近期新闻
2026-09-03 01:00:50 [INFO]   ⏭ CoinTelegraph: 过滤掉 25 条非近期新闻
2026-09-03 01:01:05 [DEBUG] 请求失败 https://rsshub.rssforever.com/panewslab/news: 
2026-09-03 01:01:05 [DEBUG] 请求失败 https://rsshub.rssforever.com/jinse/lives: 
2026-09-03 01:01:10 [DEBUG] 请求失败 https://rsshub.rssforever.com/bloomberg/crypto: 
2026-09-03 01:01:15 [INFO]   ✓ CoinDesk: 0 条
2026-09-03 01:01:15 [INFO]   ✓ The Block: 0 条
2026-09-03 01:01:15 [INFO]   ✓ Decrypt: 2 条
2026-09-03 01:01:15 [INFO]   ✓ CoinTelegraph: 0 条
2026-09-03 01:01:15 [INFO]   ✓ Bitcoin Magazine: 0 条
2026-09-03 01:01:15 [INFO]   ✓ Blockworks: 0 条
2026-09-03 01:01:15 [INFO]   ✓ DL News: 0 条
2026-09-03 01:01:15 [INFO]   ✓ 金色财经: 0 条
2026-09-03 01:01:15 [INFO]   ✓ PANews: 0 条
2026-09-03 01:01:15 [INFO]   ✓ 律动BlockBeats: 15 条
2026-09-03 01:01:15 [INFO]   ✓ 吴说区块链: 0 条
2026-09-03 01:01:15 [INFO]   ✓ Bloomberg Crypto: 0 条
2026-09-03 01:01:15 [INFO]   ✓ Reuters Crypto: 0 条
2026-09-03 01:01:15 [INFO]   ✓ CNBC Crypto: 0 条
2026-09-03 01:01:15 [INFO]   ✓ Reddit r/cryptocurrency: 5 条
2026-09-03 01:01:15 [INFO]   ✓ Reddit r/bitcoin: 0 条
2026-09-03 01:01:15 [INFO]   ✓ Crypto Twitter: 0 条
2026-09-03 01:01:15 [INFO]   ✓ 宏观经济: 0 条
2026-09-03 01:01:15 [INFO]   ✓ Binance公告: 20 条
2026-09-03 01:01:15 [INFO]   ✓ OKX公告: 0 条
2026-09-03 01:01:15 [INFO]   ✓ Bitget公告: 0 条
2026-09-03 01:01:15 [INFO]   ✓ Whale Alert: 0 条
2026-09-03 01:01:15 [INFO]   ✓ Fear & Greed Index: 1 条
2026-09-03 01:01:15 [INFO]   ✓ DeFi Llama: 0 条
2026-09-03 01:01:15 [INFO]   ✓ 雪球加密: 0 条
2026-09-03 01:01:15 [INFO] 📊 共抓取 43 条新闻
2026-09-03 01:01:15 [INFO] 📋 原始新闻已保存: reports/2026-09-03-09-raw.json (43 条)
2026-09-03 01:01:15 [INFO] 📋 标题摘要已保存: reports/2026-09-03-09-raw-titles.md
2026-09-03 01:01:15 [INFO] ✅ 抓取完成，共 43 条，已保存到 reports/2026-09-03-09-raw.json
2026-09-03 01:01:16 [INFO] 🤖 开始 AI 筛选 2026-09-03 09:00 币圈消息
2026-09-03 01:01:16 [INFO] 📋 已加载原始新闻: reports/2026-09-03-09-raw.json (43 条)
2026-09-03 01:01:16 [INFO] 📚 已加载历史新闻标题（23003 字符）
2026-09-03 01:01:16 [INFO] 📚 已加载历史筛选标题 0 条、URL 0 个，用于去重
2026-09-03 01:01:16 [INFO] 🔄 尝试 AI 提供商: deepseek
2026-09-03 01:01:16 [INFO] 🤖 使用 AI 提供商: deepseek (模型: deepseek-v4-flash)
2026-09-03 01:01:16 [INFO] 🤖 AI 筛选 [[deepseek] 1/6 策略=仅标题+链接 retry=0]（43 条，6745 字符，temp=0.3）
2026-09-03 01:01:17 [ERROR] AI 调用异常 ([deepseek] 1/6 策略=仅标题+链接 retry=0): Error code: 401 - {'error': {'message': 'Authentication Fails, Your api key: ****df0d is invalid', 'type': 'authentication_error', 'param': None, 'code': 'invalid_request_error'}}
2026-09-03 01:01:17 [WARNING] [[deepseek] 1/6 策略=仅标题+链接 retry=0] AI 调用失败或解析失败，继续下一次尝试
2026-09-03 01:01:17 [INFO] 🤖 AI 筛选 [[deepseek] 2/6 策略=仅标题+链接 retry=1]（43 条，6745 字符，temp=0.3）
2026-09-03 01:01:17 [ERROR] AI 调用异常 ([deepseek] 2/6 策略=仅标题+链接 retry=1): Error code: 401 - {'error': {'message': 'Authentication Fails, Your api key: ****df0d is invalid', 'type': 'authentication_error', 'param': None, 'code': 'invalid_request_error'}}
2026-09-03 01:01:17 [WARNING] [[deepseek] 2/6 策略=仅标题+链接 retry=1] AI 调用失败或解析失败，继续下一次尝试
2026-09-03 01:01:17 [INFO] 🤖 AI 筛选 [[deepseek] 3/6 策略=仅标题+链接 retry=2]（43 条，6745 字符，temp=0.3）
2026-09-03 01:01:18 [ERROR] AI 调用异常 ([deepseek] 3/6 策略=仅标题+链接 retry=2): Error code: 401 - {'error': {'message': 'Authentication Fails, Your api key: ****df0d is invalid', 'type': 'authentication_error', 'param': None, 'code': 'invalid_request_error'}}
2026-09-03 01:01:18 [WARNING] [[deepseek] 3/6 策略=仅标题+链接 retry=2] AI 调用失败或解析失败，继续下一次尝试
2026-09-03 01:01:18 [INFO] 🤖 AI 筛选 [[deepseek] 4/6 策略=完整内容 retry=0]（43 条，12636 字符，temp=0.3）
2026-09-03 01:01:18 [ERROR] AI 调用异常 ([deepseek] 4/6 策略=完整内容 retry=0): Error code: 401 - {'error': {'message': 'Authentication Fails, Your api key: ****df0d is invalid', 'type': 'authentication_error', 'param': None, 'code': 'invalid_request_error'}}
2026-09-03 01:01:18 [WARNING] [[deepseek] 4/6 策略=完整内容 retry=0] AI 调用失败或解析失败，继续下一次尝试
2026-09-03 01:01:18 [INFO] 🤖 AI 筛选 [[deepseek] 5/6 策略=完整内容 retry=1]（43 条，12636 字符，temp=0.3）
2026-09-03 01:01:18 [ERROR] AI 调用异常 ([deepseek] 5/6 策略=完整内容 retry=1): Error code: 401 - {'error': {'message': 'Authentication Fails, Your api key: ****df0d is invalid', 'type': 'authentication_error', 'param': None, 'code': 'invalid_request_error'}}
2026-09-03 01:01:18 [WARNING] [[deepseek] 5/6 策略=完整内容 retry=1] AI 调用失败或解析失败，继续下一次尝试
2026-09-03 01:01:18 [INFO] 🤖 AI 筛选 [[deepseek] 6/6 策略=仅标题（无历史） retry=0]（43 条，6745 字符，temp=0.3）
2026-09-03 01:01:19 [ERROR] AI 调用异常 ([deepseek] 6/6 策略=仅标题（无历史） retry=0): Error code: 401 - {'error': {'message': 'Authentication Fails, Your api key: ****df0d is invalid', 'type': 'authentication_error', 'param': None, 'code': 'invalid_request_error'}}
2026-09-03 01:01:19 [WARNING] [[deepseek] 6/6 策略=仅标题（无历史） retry=0] AI 调用失败或解析失败，继续下一次尝试
2026-09-03 01:01:19 [WARNING] [deepseek] 已达最大尝试次数 6，停止
2026-09-03 01:01:19 [INFO] ⚠️ deepseek 未能产出满意结果，尝试下一个提供商
2026-09-03 01:01:19 [INFO] 🔄 尝试 AI 提供商: zhipu
2026-09-03 01:01:19 [ERROR] 未设置环境变量 ZHIPU_API_KEY，无法使用 zhipu
2026-09-03 01:01:19 [INFO] ⚠️ zhipu 未能产出满意结果，尝试下一个提供商
2026-09-03 01:01:19 [INFO] 🔄 尝试 AI 提供商: kimi
2026-09-03 01:01:19 [ERROR] 未设置环境变量 KIMI_API_KEY，无法使用 kimi
2026-09-03 01:01:19 [INFO] ⚠️ kimi 未能产出满意结果，尝试下一个提供商
2026-09-03 01:01:19 [INFO] 🔄 尝试 AI 提供商: huoshan
2026-09-03 01:01:19 [ERROR] 未设置环境变量 HUOSHAN_API_KEY，无法使用 huoshan
2026-09-03 01:01:19 [INFO] ⚠️ huoshan 未能产出满意结果，尝试下一个提供商
2026-09-03 01:01:19 [ERROR] ❌ 所有提供商均失败，返回空列表
2026-09-03 01:01:19 [INFO] 📦 JSON 已保存: reports/2026-09-03-09.json
2026-09-03 01:01:19 [INFO] ✅ AI 筛选完成，共 0 条交易相关消息
2026-09-03 02:00:50 [INFO] 🚀 开始抓取 2026-09-03 10:00 币圈新闻
2026-09-03 02:00:50 [INFO] 📡 抓取 RSS 新闻源...
2026-09-03 02:00:50 [INFO] 📡 抓取交易所公告 & 链上数据...
2026-09-03 02:00:51 [INFO]   ⏭ Decrypt: 过滤掉 38 条非近期新闻
2026-09-03 02:00:51 [INFO]   ⏭ The Block: 过滤掉 20 条非近期新闻
2026-09-03 02:00:51 [INFO]   ⏭ CoinTelegraph: 过滤掉 30 条非近期新闻
2026-09-03 02:00:51 [INFO]   ⏭ Reuters Crypto: 过滤掉 50 条非近期新闻
2026-09-03 02:00:51 [INFO]   ⏭ Bloomberg Crypto: 过滤掉 50 条非近期新闻
2026-09-03 02:00:51 [WARNING] 解析失败 Bitget公告: 'NoneType' object is not subscriptable
2026-09-03 02:00:51 [INFO]   ⏭ Bitcoin Magazine: 过滤掉 10 条非近期新闻
2026-09-03 02:00:51 [INFO]   ⏭ 律动BlockBeats: 过滤掉 4 条非近期新闻
2026-09-03 02:00:51 [INFO]   ⏭ 宏观经济: 过滤掉 50 条非近期新闻
2026-09-03 02:00:51 [INFO]   ⏭ CNBC Crypto: 过滤掉 49 条非近期新闻
2026-09-03 02:00:51 [INFO]   ⏭ CoinDesk: 过滤掉 25 条非近期新闻
2026-09-03 02:00:51 [INFO]   ⏭ Decrypt: 过滤掉 50 条非近期新闻
2026-09-03 02:00:52 [INFO]   ⏭ Blockworks: 过滤掉 50 条非近期新闻
2026-09-03 02:00:52 [INFO]   ⏭ Reddit r/cryptocurrency: 过滤掉 22 条非近期新闻
2026-09-03 02:00:52 [INFO]   ⏭ DL News: 过滤掉 50 条非近期新闻
2026-09-03 02:00:52 [INFO]   ⏭ DeFi Llama: 过滤掉 50 条非近期新闻
2026-09-03 02:00:52 [INFO]   ⏭ 宏观经济: 过滤掉 50 条非近期新闻
2026-09-03 02:00:52 [INFO]   ⏭ The Block: 过滤掉 50 条非近期新闻
2026-09-03 02:00:52 [INFO]   ⏭ 雪球加密: 过滤掉 50 条非近期新闻
2026-09-03 02:00:52 [INFO]   ⏭ Bitcoin Magazine: 过滤掉 50 条非近期新闻
2026-09-03 02:00:52 [INFO]   ⏭ 吴说区块链: 过滤掉 42 条非近期新闻
2026-09-03 02:00:52 [INFO]   ⏭ Blockworks: 过滤掉 5 条非近期新闻
2026-09-03 02:00:52 [INFO]   ⏭ CoinDesk: 过滤掉 50 条非近期新闻
2026-09-03 02:00:52 [INFO]   ⏭ Crypto Twitter: 过滤掉 45 条非近期新闻
2026-09-03 02:01:06 [DEBUG] 请求失败 https://rsshub.rssforever.com/jinse/lives: 
2026-09-03 02:01:06 [DEBUG] 请求失败 https://rsshub.rssforever.com/panewslab/news: 
2026-09-03 02:01:06 [DEBUG] 请求失败 https://rsshub.rssforever.com/cointelegraph: 
2026-09-03 02:01:06 [DEBUG] 请求失败 https://rsshub.rssforever.com/bloomberg/crypto: 
2026-09-03 02:01:07 [INFO]   ⏭ CoinTelegraph: 过滤掉 50 条非近期新闻
2026-09-03 02:01:07 [INFO]   ⏭ PANews: 过滤掉 50 条非近期新闻
2026-09-03 02:01:07 [INFO]   ✓ CoinDesk: 0 条
2026-09-03 02:01:07 [INFO]   ✓ The Block: 0 条
2026-09-03 02:01:07 [INFO]   ✓ Decrypt: 0 条
2026-09-03 02:01:07 [INFO]   ✓ CoinTelegraph: 0 条
2026-09-03 02:01:07 [INFO]   ✓ Bitcoin Magazine: 0 条
2026-09-03 02:01:07 [INFO]   ✓ Blockworks: 0 条
2026-09-03 02:01:07 [INFO]   ✓ DL News: 0 条
2026-09-03 02:01:07 [INFO]   ✓ 金色财经: 0 条
2026-09-03 02:01:07 [INFO]   ✓ PANews: 0 条
2026-09-03 02:01:07 [INFO]   ✓ 律动BlockBeats: 16 条
2026-09-03 02:01:07 [INFO]   ✓ 吴说区块链: 0 条
2026-09-03 02:01:07 [INFO]   ✓ Bloomberg Crypto: 0 条
2026-09-03 02:01:07 [INFO]   ✓ Reuters Crypto: 0 条
2026-09-03 02:01:07 [INFO]   ✓ CNBC Crypto: 1 条
2026-09-03 02:01:07 [INFO]   ✓ Reddit r/cryptocurrency: 3 条
2026-09-03 02:01:07 [INFO]   ✓ Reddit r/bitcoin: 0 条
2026-09-03 02:01:07 [INFO]   ✓ Crypto Twitter: 5 条
2026-09-03 02:01:07 [INFO]   ✓ 宏观经济: 0 条
2026-09-03 02:01:07 [INFO]   ✓ Binance公告: 20 条
2026-09-03 02:01:07 [INFO]   ✓ OKX公告: 0 条
2026-09-03 02:01:07 [INFO]   ✓ Bitget公告: 0 条
2026-09-03 02:01:07 [INFO]   ✓ Whale Alert: 0 条
2026-09-03 02:01:07 [INFO]   ✓ Fear & Greed Index: 1 条
2026-09-03 02:01:07 [INFO]   ✓ DeFi Llama: 0 条
2026-09-03 02:01:07 [INFO]   ✓ 雪球加密: 0 条
2026-09-03 02:01:07 [INFO] 📊 共抓取 46 条新闻
2026-09-03 02:01:07 [INFO] 📋 原始新闻已保存: reports/2026-09-03-10-raw.json (46 条)
2026-09-03 02:01:07 [INFO] 📋 标题摘要已保存: reports/2026-09-03-10-raw-titles.md
2026-09-03 02:01:07 [INFO] ✅ 抓取完成，共 46 条，已保存到 reports/2026-09-03-10-raw.json
2026-09-03 02:01:08 [INFO] 🤖 开始 AI 筛选 2026-09-03 10:00 币圈消息
2026-09-03 02:01:08 [INFO] 📋 已加载原始新闻: reports/2026-09-03-10-raw.json (46 条)
2026-09-03 02:01:08 [INFO] 📚 已加载历史新闻标题（21349 字符）
2026-09-03 02:01:08 [INFO] 📚 已加载历史筛选标题 0 条、URL 0 个，用于去重
2026-09-03 02:01:08 [INFO] 🔄 尝试 AI 提供商: deepseek
2026-09-03 02:01:08 [INFO] 🤖 使用 AI 提供商: deepseek (模型: deepseek-v4-flash)
2026-09-03 02:01:08 [INFO] 🤖 AI 筛选 [[deepseek] 1/6 策略=仅标题+链接 retry=0]（46 条，8839 字符，temp=0.3）
2026-09-03 02:01:08 [ERROR] AI 调用异常 ([deepseek] 1/6 策略=仅标题+链接 retry=0): Error code: 401 - {'error': {'message': 'Authentication Fails, Your api key: ****df0d is invalid', 'type': 'authentication_error', 'param': None, 'code': 'invalid_request_error'}}
2026-09-03 02:01:08 [WARNING] [[deepseek] 1/6 策略=仅标题+链接 retry=0] AI 调用失败或解析失败，继续下一次尝试
2026-09-03 02:01:08 [INFO] 🤖 AI 筛选 [[deepseek] 2/6 策略=仅标题+链接 retry=1]（46 条，8839 字符，temp=0.3）
2026-09-03 02:01:09 [ERROR] AI 调用异常 ([deepseek] 2/6 策略=仅标题+链接 retry=1): Error code: 401 - {'error': {'message': 'Authentication Fails, Your api key: ****df0d is invalid', 'type': 'authentication_error', 'param': None, 'code': 'invalid_request_error'}}
2026-09-03 02:01:09 [WARNING] [[deepseek] 2/6 策略=仅标题+链接 retry=1] AI 调用失败或解析失败，继续下一次尝试
2026-09-03 02:01:09 [INFO] 🤖 AI 筛选 [[deepseek] 3/6 策略=仅标题+链接 retry=2]（46 条，8839 字符，temp=0.3）
2026-09-03 02:01:09 [ERROR] AI 调用异常 ([deepseek] 3/6 策略=仅标题+链接 retry=2): Error code: 401 - {'error': {'message': 'Authentication Fails, Your api key: ****df0d is invalid', 'type': 'authentication_error', 'param': None, 'code': 'invalid_request_error'}}
2026-09-03 02:01:09 [WARNING] [[deepseek] 3/6 策略=仅标题+链接 retry=2] AI 调用失败或解析失败，继续下一次尝试
2026-09-03 02:01:09 [INFO] 🤖 AI 筛选 [[deepseek] 4/6 策略=完整内容 retry=0]（46 条，14827 字符，temp=0.3）
2026-09-03 02:01:10 [ERROR] AI 调用异常 ([deepseek] 4/6 策略=完整内容 retry=0): Error code: 401 - {'error': {'message': 'Authentication Fails, Your api key: ****df0d is invalid', 'type': 'authentication_error', 'param': None, 'code': 'invalid_request_error'}}
2026-09-03 02:01:10 [WARNING] [[deepseek] 4/6 策略=完整内容 retry=0] AI 调用失败或解析失败，继续下一次尝试
2026-09-03 02:01:10 [INFO] 🤖 AI 筛选 [[deepseek] 5/6 策略=完整内容 retry=1]（46 条，14827 字符，temp=0.3）
2026-09-03 02:01:10 [ERROR] AI 调用异常 ([deepseek] 5/6 策略=完整内容 retry=1): Error code: 401 - {'error': {'message': 'Authentication Fails, Your api key: ****df0d is invalid', 'type': 'authentication_error', 'param': None, 'code': 'invalid_request_error'}}
2026-09-03 02:01:10 [WARNING] [[deepseek] 5/6 策略=完整内容 retry=1] AI 调用失败或解析失败，继续下一次尝试
2026-09-03 02:01:10 [INFO] 🤖 AI 筛选 [[deepseek] 6/6 策略=仅标题（无历史） retry=0]（46 条，8839 字符，temp=0.3）
2026-09-03 02:01:11 [ERROR] AI 调用异常 ([deepseek] 6/6 策略=仅标题（无历史） retry=0): Error code: 401 - {'error': {'message': 'Authentication Fails, Your api key: ****df0d is invalid', 'type': 'authentication_error', 'param': None, 'code': 'invalid_request_error'}}
2026-09-03 02:01:11 [WARNING] [[deepseek] 6/6 策略=仅标题（无历史） retry=0] AI 调用失败或解析失败，继续下一次尝试
2026-09-03 02:01:11 [WARNING] [deepseek] 已达最大尝试次数 6，停止
2026-09-03 02:01:11 [INFO] ⚠️ deepseek 未能产出满意结果，尝试下一个提供商
2026-09-03 02:01:11 [INFO] 🔄 尝试 AI 提供商: zhipu
2026-09-03 02:01:11 [ERROR] 未设置环境变量 ZHIPU_API_KEY，无法使用 zhipu
2026-09-03 02:01:11 [INFO] ⚠️ zhipu 未能产出满意结果，尝试下一个提供商
2026-09-03 02:01:11 [INFO] 🔄 尝试 AI 提供商: kimi
2026-09-03 02:01:11 [ERROR] 未设置环境变量 KIMI_API_KEY，无法使用 kimi
2026-09-03 02:01:11 [INFO] ⚠️ kimi 未能产出满意结果，尝试下一个提供商
2026-09-03 02:01:11 [INFO] 🔄 尝试 AI 提供商: huoshan
2026-09-03 02:01:11 [ERROR] 未设置环境变量 HUOSHAN_API_KEY，无法使用 huoshan
2026-09-03 02:01:11 [INFO] ⚠️ huoshan 未能产出满意结果，尝试下一个提供商
2026-09-03 02:01:11 [ERROR] ❌ 所有提供商均失败，返回空列表
2026-09-03 02:01:11 [INFO] 📦 JSON 已保存: reports/2026-09-03-10.json
2026-09-03 02:01:11 [INFO] ✅ AI 筛选完成，共 0 条交易相关消息
2026-09-03 03:00:49 [INFO] 🚀 开始抓取 2026-09-03 11:00 币圈新闻
2026-09-03 03:00:49 [INFO] 📡 抓取 RSS 新闻源...
2026-09-03 03:00:49 [INFO] 📡 抓取交易所公告 & 链上数据...
2026-09-03 03:00:49 [INFO]   ⏭ Decrypt: 过滤掉 50 条非近期新闻
2026-09-03 03:00:49 [INFO]   ⏭ CoinTelegraph: 过滤掉 30 条非近期新闻
2026-09-03 03:00:50 [INFO]   ⏭ The Block: 过滤掉 20 条非近期新闻
2026-09-03 03:00:50 [INFO]   ⏭ CoinDesk: 过滤掉 25 条非近期新闻
2026-09-03 03:00:50 [INFO]   ⏭ Reuters Crypto: 过滤掉 50 条非近期新闻
2026-09-03 03:00:50 [INFO]   ⏭ Blockworks: 过滤掉 50 条非近期新闻
2026-09-03 03:00:50 [INFO]   ⏭ Bitcoin Magazine: 过滤掉 10 条非近期新闻
2026-09-03 03:00:50 [WARNING] 解析失败 Bitget公告: 'NoneType' object is not subscriptable
2026-09-03 03:00:50 [INFO]   ⏭ Bloomberg Crypto: 过滤掉 50 条非近期新闻
2026-09-03 03:00:50 [INFO]   ⏭ 宏观经济: 过滤掉 50 条非近期新闻
2026-09-03 03:00:50 [INFO]   ⏭ CNBC Crypto: 过滤掉 49 条非近期新闻
2026-09-03 03:00:50 [INFO]   ⏭ DL News: 过滤掉 50 条非近期新闻
2026-09-03 03:00:50 [INFO]   ⏭ Decrypt: 过滤掉 50 条非近期新闻
2026-09-03 03:00:50 [INFO]   ⏭ Reddit r/bitcoin: 过滤掉 23 条非近期新闻
2026-09-03 03:00:51 [INFO]   ⏭ 宏观经济: 过滤掉 50 条非近期新闻
2026-09-03 03:00:51 [INFO]   ⏭ Blockworks: 过滤掉 5 条非近期新闻
2026-09-03 03:00:51 [INFO]   ⏭ Bitcoin Magazine: 过滤掉 50 条非近期新闻
2026-09-03 03:00:51 [INFO]   ⏭ DeFi Llama: 过滤掉 50 条非近期新闻
2026-09-03 03:00:51 [INFO]   ⏭ 吴说区块链: 过滤掉 39 条非近期新闻
2026-09-03 03:00:51 [INFO]   ⏭ CoinDesk: 过滤掉 50 条非近期新闻
2026-09-03 03:00:51 [INFO]   ⏭ 雪球加密: 过滤掉 50 条非近期新闻
2026-09-03 03:00:51 [INFO]   ⏭ Crypto Twitter: 过滤掉 43 条非近期新闻
2026-09-03 03:00:51 [INFO]   ⏭ The Block: 过滤掉 50 条非近期新闻
2026-09-03 03:01:06 [DEBUG] 请求失败 https://rsshub.rssforever.com/panewslab/news: 
2026-09-03 03:01:06 [DEBUG] 请求失败 https://rsshub.rssforever.com/theblockbeats/newsflash: 
2026-09-03 03:01:06 [DEBUG] 请求失败 https://rsshub.rssforever.com/cointelegraph: 
2026-09-03 03:01:06 [DEBUG] 请求失败 https://rsshub.rssforever.com/bloomberg/crypto: 
2026-09-03 03:01:06 [INFO]   ⏭ CoinTelegraph: 过滤掉 50 条非近期新闻
2026-09-03 03:01:06 [INFO]   ⏭ PANews: 过滤掉 50 条非近期新闻
2026-09-03 03:01:06 [INFO]   ⏭ 律动BlockBeats: 过滤掉 50 条非近期新闻
2026-09-03 03:01:06 [INFO]   ✓ CoinDesk: 0 条
2026-09-03 03:01:06 [INFO]   ✓ The Block: 0 条
2026-09-03 03:01:06 [INFO]   ✓ Decrypt: 0 条
2026-09-03 03:01:06 [INFO]   ✓ CoinTelegraph: 0 条
2026-09-03 03:01:06 [INFO]   ✓ Bitcoin Magazine: 0 条
2026-09-03 03:01:06 [INFO]   ✓ Blockworks: 0 条
2026-09-03 03:01:06 [INFO]   ✓ DL News: 0 条
2026-09-03 03:01:06 [INFO]   ✓ 金色财经: 5 条
2026-09-03 03:01:06 [INFO]   ✓ PANews: 0 条
2026-09-03 03:01:06 [INFO]   ✓ 律动BlockBeats: 0 条
2026-09-03 03:01:06 [INFO]   ✓ 吴说区块链: 0 条
2026-09-03 03:01:06 [INFO]   ✓ Bloomberg Crypto: 0 条
2026-09-03 03:01:06 [INFO]   ✓ Reuters Crypto: 0 条
2026-09-03 03:01:06 [INFO]   ✓ CNBC Crypto: 1 条
2026-09-03 03:01:06 [INFO]   ✓ Reddit r/cryptocurrency: 0 条
2026-09-03 03:01:06 [INFO]   ✓ Reddit r/bitcoin: 2 条
2026-09-03 03:01:06 [INFO]   ✓ Crypto Twitter: 7 条
2026-09-03 03:01:06 [INFO]   ✓ 宏观经济: 0 条
2026-09-03 03:01:06 [INFO]   ✓ Binance公告: 20 条
2026-09-03 03:01:06 [INFO]   ✓ OKX公告: 0 条
2026-09-03 03:01:06 [INFO]   ✓ Bitget公告: 0 条
2026-09-03 03:01:06 [INFO]   ✓ Whale Alert: 0 条
2026-09-03 03:01:06 [INFO]   ✓ Fear & Greed Index: 1 条
2026-09-03 03:01:06 [INFO]   ✓ DeFi Llama: 0 条
2026-09-03 03:01:06 [INFO]   ✓ 雪球加密: 0 条
2026-09-03 03:01:06 [INFO] 📊 共抓取 36 条新闻
2026-09-03 03:01:06 [INFO] 📋 原始新闻已保存: reports/2026-09-03-11-raw.json (36 条)
2026-09-03 03:01:06 [INFO] 📋 标题摘要已保存: reports/2026-09-03-11-raw-titles.md
2026-09-03 03:01:06 [INFO] ✅ 抓取完成，共 36 条，已保存到 reports/2026-09-03-11-raw.json
2026-09-03 03:01:07 [INFO] 🤖 开始 AI 筛选 2026-09-03 11:00 币圈消息
2026-09-03 03:01:07 [INFO] 📋 已加载原始新闻: reports/2026-09-03-11-raw.json (36 条)
2026-09-03 03:01:07 [INFO] 📚 已加载历史新闻标题（20950 字符）
2026-09-03 03:01:07 [INFO] 📚 已加载历史筛选标题 0 条、URL 0 个，用于去重
2026-09-03 03:01:07 [INFO] 🔄 尝试 AI 提供商: deepseek
2026-09-03 03:01:07 [INFO] 🤖 使用 AI 提供商: deepseek (模型: deepseek-v4-flash)
2026-09-03 03:01:07 [INFO] 🤖 AI 筛选 [[deepseek] 1/6 策略=仅标题+链接 retry=0]（36 条，7875 字符，temp=0.3）
2026-09-03 03:01:08 [ERROR] AI 调用异常 ([deepseek] 1/6 策略=仅标题+链接 retry=0): Error code: 401 - {'error': {'message': 'Authentication Fails, Your api key: ****df0d is invalid', 'type': 'authentication_error', 'param': None, 'code': 'invalid_request_error'}}
2026-09-03 03:01:08 [WARNING] [[deepseek] 1/6 策略=仅标题+链接 retry=0] AI 调用失败或解析失败，继续下一次尝试
2026-09-03 03:01:08 [INFO] 🤖 AI 筛选 [[deepseek] 2/6 策略=仅标题+链接 retry=1]（36 条，7875 字符，temp=0.3）
2026-09-03 03:01:09 [ERROR] AI 调用异常 ([deepseek] 2/6 策略=仅标题+链接 retry=1): Error code: 401 - {'error': {'message': 'Authentication Fails, Your api key: ****df0d is invalid', 'type': 'authentication_error', 'param': None, 'code': 'invalid_request_error'}}
2026-09-03 03:01:09 [WARNING] [[deepseek] 2/6 策略=仅标题+链接 retry=1] AI 调用失败或解析失败，继续下一次尝试
2026-09-03 03:01:09 [INFO] 🤖 AI 筛选 [[deepseek] 3/6 策略=仅标题+链接 retry=2]（36 条，7875 字符，temp=0.3）
2026-09-03 03:01:09 [ERROR] AI 调用异常 ([deepseek] 3/6 策略=仅标题+链接 retry=2): Error code: 401 - {'error': {'message': 'Authentication Fails, Your api key: ****df0d is invalid', 'type': 'authentication_error', 'param': None, 'code': 'invalid_request_error'}}
2026-09-03 03:01:09 [WARNING] [[deepseek] 3/6 策略=仅标题+链接 retry=2] AI 调用失败或解析失败，继续下一次尝试
2026-09-03 03:01:09 [INFO] 🤖 AI 筛选 [[deepseek] 4/6 策略=完整内容 retry=0]（36 条，11526 字符，temp=0.3）
2026-09-03 03:01:10 [ERROR] AI 调用异常 ([deepseek] 4/6 策略=完整内容 retry=0): Error code: 401 - {'error': {'message': 'Authentication Fails, Your api key: ****df0d is invalid', 'type': 'authentication_error', 'param': None, 'code': 'invalid_request_error'}}
2026-09-03 03:01:10 [WARNING] [[deepseek] 4/6 策略=完整内容 retry=0] AI 调用失败或解析失败，继续下一次尝试
2026-09-03 03:01:10 [INFO] 🤖 AI 筛选 [[deepseek] 5/6 策略=完整内容 retry=1]（36 条，11526 字符，temp=0.3）
2026-09-03 03:01:10 [ERROR] AI 调用异常 ([deepseek] 5/6 策略=完整内容 retry=1): Error code: 401 - {'error': {'message': 'Authentication Fails, Your api key: ****df0d is invalid', 'type': 'authentication_error', 'param': None, 'code': 'invalid_request_error'}}
2026-09-03 03:01:10 [WARNING] [[deepseek] 5/6 策略=完整内容 retry=1] AI 调用失败或解析失败，继续下一次尝试
2026-09-03 03:01:10 [INFO] 🤖 AI 筛选 [[deepseek] 6/6 策略=仅标题（无历史） retry=0]（36 条，7875 字符，temp=0.3）
2026-09-03 03:01:11 [ERROR] AI 调用异常 ([deepseek] 6/6 策略=仅标题（无历史） retry=0): Error code: 401 - {'error': {'message': 'Authentication Fails, Your api key: ****df0d is invalid', 'type': 'authentication_error', 'param': None, 'code': 'invalid_request_error'}}
2026-09-03 03:01:11 [WARNING] [[deepseek] 6/6 策略=仅标题（无历史） retry=0] AI 调用失败或解析失败，继续下一次尝试
2026-09-03 03:01:11 [WARNING] [deepseek] 已达最大尝试次数 6，停止
2026-09-03 03:01:11 [INFO] ⚠️ deepseek 未能产出满意结果，尝试下一个提供商
2026-09-03 03:01:11 [INFO] 🔄 尝试 AI 提供商: zhipu
2026-09-03 03:01:11 [ERROR] 未设置环境变量 ZHIPU_API_KEY，无法使用 zhipu
2026-09-03 03:01:11 [INFO] ⚠️ zhipu 未能产出满意结果，尝试下一个提供商
2026-09-03 03:01:11 [INFO] 🔄 尝试 AI 提供商: kimi
2026-09-03 03:01:11 [ERROR] 未设置环境变量 KIMI_API_KEY，无法使用 kimi
2026-09-03 03:01:11 [INFO] ⚠️ kimi 未能产出满意结果，尝试下一个提供商
2026-09-03 03:01:11 [INFO] 🔄 尝试 AI 提供商: huoshan
2026-09-03 03:01:11 [ERROR] 未设置环境变量 HUOSHAN_API_KEY，无法使用 huoshan
2026-09-03 03:01:11 [INFO] ⚠️ huoshan 未能产出满意结果，尝试下一个提供商
2026-09-03 03:01:11 [ERROR] ❌ 所有提供商均失败，返回空列表
2026-09-03 03:01:11 [INFO] 📦 JSON 已保存: reports/2026-09-03-11.json
2026-09-03 03:01:11 [INFO] ✅ AI 筛选完成，共 0 条交易相关消息
2026-09-03 04:00:46 [INFO] 🚀 开始抓取 2026-09-03 12:00 币圈新闻
2026-09-03 04:00:46 [INFO] 📡 抓取 RSS 新闻源...
2026-09-03 04:00:46 [INFO] 📡 抓取交易所公告 & 链上数据...
2026-09-03 04:00:46 [INFO]   ⏭ The Block: 过滤掉 19 条非近期新闻
2026-09-03 04:00:46 [INFO]   ⏭ Decrypt: 过滤掉 50 条非近期新闻
2026-09-03 04:00:46 [INFO]   ⏭ CoinTelegraph: 过滤掉 30 条非近期新闻
2026-09-03 04:00:47 [INFO]   ⏭ Bitcoin Magazine: 过滤掉 10 条非近期新闻
2026-09-03 04:00:47 [INFO]   ⏭ CoinDesk: 过滤掉 25 条非近期新闻
2026-09-03 04:00:47 [INFO]   ⏭ Blockworks: 过滤掉 50 条非近期新闻
2026-09-03 04:00:47 [INFO]   ⏭ Bloomberg Crypto: 过滤掉 50 条非近期新闻
2026-09-03 04:00:47 [INFO]   ⏭ Reuters Crypto: 过滤掉 50 条非近期新闻
2026-09-03 04:00:47 [WARNING] 解析失败 Bitget公告: 'NoneType' object is not subscriptable
2026-09-03 04:00:47 [INFO]   ⏭ Reddit r/cryptocurrency: 过滤掉 20 条非近期新闻
2026-09-03 04:00:47 [INFO]   ⏭ 宏观经济: 过滤掉 50 条非近期新闻
2026-09-03 04:00:47 [INFO]   ⏭ CNBC Crypto: 过滤掉 49 条非近期新闻
2026-09-03 04:00:47 [INFO]   ⏭ DL News: 过滤掉 50 条非近期新闻
2026-09-03 04:00:47 [INFO]   ⏭ Decrypt: 过滤掉 50 条非近期新闻
2026-09-03 04:00:47 [INFO]   ⏭ Blockworks: 过滤掉 5 条非近期新闻
2026-09-03 04:00:47 [INFO]   ⏭ 宏观经济: 过滤掉 50 条非近期新闻
2026-09-03 04:00:47 [INFO]   ⏭ Bitcoin Magazine: 过滤掉 50 条非近期新闻
2026-09-03 04:00:48 [INFO]   ⏭ CoinTelegraph: 过滤掉 25 条非近期新闻
2026-09-03 04:00:48 [INFO]   ⏭ 吴说区块链: 过滤掉 39 条非近期新闻
2026-09-03 04:00:48 [INFO]   ⏭ DeFi Llama: 过滤掉 50 条非近期新闻
2026-09-03 04:00:48 [INFO]   ⏭ 雪球加密: 过滤掉 50 条非近期新闻
2026-09-03 04:00:48 [INFO]   ⏭ CoinTelegraph: 过滤掉 50 条非近期新闻
2026-09-03 04:00:48 [INFO]   ⏭ CoinDesk: 过滤掉 50 条非近期新闻
2026-09-03 04:00:48 [INFO]   ⏭ Crypto Twitter: 过滤掉 46 条非近期新闻
2026-09-03 04:00:55 [INFO]   ⏭ PANews: 过滤掉 50 条非近期新闻
2026-09-03 04:00:55 [INFO]   ✓ CoinDesk: 0 条
2026-09-03 04:00:55 [INFO]   ✓ The Block: 1 条
2026-09-03 04:00:55 [INFO]   ✓ Decrypt: 0 条
2026-09-03 04:00:55 [INFO]   ✓ CoinTelegraph: 0 条
2026-09-03 04:00:55 [INFO]   ✓ Bitcoin Magazine: 0 条
2026-09-03 04:00:55 [INFO]   ✓ Blockworks: 0 条
2026-09-03 04:00:55 [INFO]   ✓ DL News: 0 条
2026-09-03 04:00:55 [INFO]   ✓ 金色财经: 2 条
2026-09-03 04:00:55 [INFO]   ✓ PANews: 0 条
2026-09-03 04:00:55 [INFO]   ✓ 律动BlockBeats: 20 条
2026-09-03 04:00:55 [INFO]   ✓ 吴说区块链: 0 条
2026-09-03 04:00:55 [INFO]   ✓ Bloomberg Crypto: 0 条
2026-09-03 04:00:55 [INFO]   ✓ Reuters Crypto: 0 条
2026-09-03 04:00:55 [INFO]   ✓ CNBC Crypto: 1 条
2026-09-03 04:00:55 [INFO]   ✓ Reddit r/cryptocurrency: 5 条
2026-09-03 04:00:55 [INFO]   ✓ Reddit r/bitcoin: 0 条
2026-09-03 04:00:55 [INFO]   ✓ Crypto Twitter: 4 条
2026-09-03 04:00:55 [INFO]   ✓ 宏观经济: 0 条
2026-09-03 04:00:55 [INFO]   ✓ Binance公告: 20 条
2026-09-03 04:00:55 [INFO]   ✓ OKX公告: 0 条
2026-09-03 04:00:55 [INFO]   ✓ Bitget公告: 0 条
2026-09-03 04:00:55 [INFO]   ✓ Whale Alert: 0 条
2026-09-03 04:00:55 [INFO]   ✓ Fear & Greed Index: 1 条
2026-09-03 04:00:55 [INFO]   ✓ DeFi Llama: 0 条
2026-09-03 04:00:55 [INFO]   ✓ 雪球加密: 0 条
2026-09-03 04:00:55 [INFO] 📊 共抓取 54 条新闻
2026-09-03 04:00:55 [INFO] 📋 原始新闻已保存: reports/2026-09-03-12-raw.json (54 条)
2026-09-03 04:00:55 [INFO] 📋 标题摘要已保存: reports/2026-09-03-12-raw-titles.md
2026-09-03 04:00:55 [INFO] ✅ 抓取完成，共 54 条，已保存到 reports/2026-09-03-12-raw.json
2026-09-03 04:00:55 [INFO] 🤖 开始 AI 筛选 2026-09-03 12:00 币圈消息
2026-09-03 04:00:55 [INFO] 📋 已加载原始新闻: reports/2026-09-03-12-raw.json (54 条)
2026-09-03 04:00:55 [INFO] 📚 已加载历史新闻标题（20252 字符）
2026-09-03 04:00:55 [INFO] 📚 已加载历史筛选标题 0 条、URL 0 个，用于去重
2026-09-03 04:00:55 [INFO] 🔄 尝试 AI 提供商: deepseek
2026-09-03 04:00:55 [INFO] 🤖 使用 AI 提供商: deepseek (模型: deepseek-v4-flash)
2026-09-03 04:00:55 [INFO] 🤖 AI 筛选 [[deepseek] 1/6 策略=仅标题+链接 retry=0]（54 条，9387 字符，temp=0.3）
2026-09-03 04:00:56 [ERROR] AI 调用异常 ([deepseek] 1/6 策略=仅标题+链接 retry=0): Error code: 401 - {'error': {'message': 'Authentication Fails, Your api key: ****df0d is invalid', 'type': 'authentication_error', 'param': None, 'code': 'invalid_request_error'}}
2026-09-03 04:00:56 [WARNING] [[deepseek] 1/6 策略=仅标题+链接 retry=0] AI 调用失败或解析失败，继续下一次尝试
2026-09-03 04:00:56 [INFO] 🤖 AI 筛选 [[deepseek] 2/6 策略=仅标题+链接 retry=1]（54 条，9387 字符，temp=0.3）
2026-09-03 04:00:57 [ERROR] AI 调用异常 ([deepseek] 2/6 策略=仅标题+链接 retry=1): Error code: 401 - {'error': {'message': 'Authentication Fails, Your api key: ****df0d is invalid', 'type': 'authentication_error', 'param': None, 'code': 'invalid_request_error'}}
2026-09-03 04:00:57 [WARNING] [[deepseek] 2/6 策略=仅标题+链接 retry=1] AI 调用失败或解析失败，继续下一次尝试
2026-09-03 04:00:57 [INFO] 🤖 AI 筛选 [[deepseek] 3/6 策略=仅标题+链接 retry=2]（54 条，9387 字符，temp=0.3）
2026-09-03 04:00:57 [ERROR] AI 调用异常 ([deepseek] 3/6 策略=仅标题+链接 retry=2): Error code: 401 - {'error': {'message': 'Authentication Fails, Your api key: ****df0d is invalid', 'type': 'authentication_error', 'param': None, 'code': 'invalid_request_error'}}
2026-09-03 04:00:57 [WARNING] [[deepseek] 3/6 策略=仅标题+链接 retry=2] AI 调用失败或解析失败，继续下一次尝试
2026-09-03 04:00:57 [INFO] 🤖 AI 筛选 [[deepseek] 4/6 策略=完整内容 retry=0]（54 条，16341 字符，temp=0.3）
2026-09-03 04:00:57 [ERROR] AI 调用异常 ([deepseek] 4/6 策略=完整内容 retry=0): Error code: 401 - {'error': {'message': 'Authentication Fails, Your api key: ****df0d is invalid', 'type': 'authentication_error', 'param': None, 'code': 'invalid_request_error'}}
2026-09-03 04:00:57 [WARNING] [[deepseek] 4/6 策略=完整内容 retry=0] AI 调用失败或解析失败，继续下一次尝试
2026-09-03 04:00:57 [INFO] 🤖 AI 筛选 [[deepseek] 5/6 策略=完整内容 retry=1]（54 条，16341 字符，temp=0.3）
2026-09-03 04:00:58 [ERROR] AI 调用异常 ([deepseek] 5/6 策略=完整内容 retry=1): Error code: 401 - {'error': {'message': 'Authentication Fails, Your api key: ****df0d is invalid', 'type': 'authentication_error', 'param': None, 'code': 'invalid_request_error'}}
2026-09-03 04:00:58 [WARNING] [[deepseek] 5/6 策略=完整内容 retry=1] AI 调用失败或解析失败，继续下一次尝试
2026-09-03 04:00:58 [INFO] 🤖 AI 筛选 [[deepseek] 6/6 策略=仅标题（无历史） retry=0]（54 条，9387 字符，temp=0.3）
2026-09-03 04:00:58 [ERROR] AI 调用异常 ([deepseek] 6/6 策略=仅标题（无历史） retry=0): Error code: 401 - {'error': {'message': 'Authentication Fails, Your api key: ****df0d is invalid', 'type': 'authentication_error', 'param': None, 'code': 'invalid_request_error'}}
2026-09-03 04:00:58 [WARNING] [[deepseek] 6/6 策略=仅标题（无历史） retry=0] AI 调用失败或解析失败，继续下一次尝试
2026-09-03 04:00:58 [WARNING] [deepseek] 已达最大尝试次数 6，停止
2026-09-03 04:00:58 [INFO] ⚠️ deepseek 未能产出满意结果，尝试下一个提供商
2026-09-03 04:00:58 [INFO] 🔄 尝试 AI 提供商: zhipu
2026-09-03 04:00:58 [ERROR] 未设置环境变量 ZHIPU_API_KEY，无法使用 zhipu
2026-09-03 04:00:58 [INFO] ⚠️ zhipu 未能产出满意结果，尝试下一个提供商
2026-09-03 04:00:58 [INFO] 🔄 尝试 AI 提供商: kimi
2026-09-03 04:00:58 [ERROR] 未设置环境变量 KIMI_API_KEY，无法使用 kimi
2026-09-03 04:00:58 [INFO] ⚠️ kimi 未能产出满意结果，尝试下一个提供商
2026-09-03 04:00:58 [INFO] 🔄 尝试 AI 提供商: huoshan
2026-09-03 04:00:58 [ERROR] 未设置环境变量 HUOSHAN_API_KEY，无法使用 huoshan
2026-09-03 04:00:58 [INFO] ⚠️ huoshan 未能产出满意结果，尝试下一个提供商
2026-09-03 04:00:58 [ERROR] ❌ 所有提供商均失败，返回空列表
2026-09-03 04:00:58 [INFO] 📦 JSON 已保存: reports/2026-09-03-12.json
2026-09-03 04:00:58 [INFO] ✅ AI 筛选完成，共 0 条交易相关消息
2026-09-03 05:00:49 [INFO] 🚀 开始抓取 2026-09-03 13:00 币圈新闻
2026-09-03 05:00:49 [INFO] 📡 抓取 RSS 新闻源...
2026-09-03 05:00:49 [INFO] 📡 抓取交易所公告 & 链上数据...
2026-09-03 05:00:50 [INFO]   ⏭ Decrypt: 过滤掉 38 条非近期新闻
2026-09-03 05:00:50 [INFO]   ⏭ The Block: 过滤掉 18 条非近期新闻
2026-09-03 05:00:50 [INFO]   ⏭ CoinTelegraph: 过滤掉 30 条非近期新闻
2026-09-03 05:00:50 [WARNING] 解析失败 Bitget公告: 'NoneType' object is not subscriptable
2026-09-03 05:00:50 [INFO]   ⏭ CoinDesk: 过滤掉 23 条非近期新闻
2026-09-03 05:00:50 [INFO]   ⏭ Reddit r/bitcoin: 过滤掉 24 条非近期新闻
2026-09-03 05:00:50 [INFO]   ⏭ Bitcoin Magazine: 过滤掉 10 条非近期新闻
2026-09-03 05:00:50 [INFO]   ⏭ Blockworks: 过滤掉 50 条非近期新闻
2026-09-03 05:00:50 [INFO]   ⏭ 律动BlockBeats: 过滤掉 1 条非近期新闻
2026-09-03 05:01:05 [DEBUG] 请求失败 https://rsshub.rssforever.com/jinse/lives: 
2026-09-03 05:01:05 [DEBUG] 请求失败 https://rsshub.rssforever.com/panewslab/news: 
2026-09-03 05:01:05 [DEBUG] 请求失败 https://rsshub.rssforever.com/cointelegraph: 
2026-09-03 05:01:13 [DEBUG] 请求失败 https://rsshub.rssforever.com/bloomberg/crypto: 
2026-09-03 05:01:14 [INFO]   ✓ CoinDesk: 2 条
2026-09-03 05:01:14 [INFO]   ✓ The Block: 2 条
2026-09-03 05:01:14 [INFO]   ✓ Decrypt: 0 条
2026-09-03 05:01:14 [INFO]   ✓ CoinTelegraph: 0 条
2026-09-03 05:01:14 [INFO]   ✓ Bitcoin Magazine: 0 条
2026-09-03 05:01:14 [INFO]   ✓ Blockworks: 0 条
2026-09-03 05:01:14 [INFO]   ✓ DL News: 0 条
2026-09-03 05:01:14 [INFO]   ✓ 金色财经: 0 条
2026-09-03 05:01:14 [INFO]   ✓ PANews: 0 条
2026-09-03 05:01:14 [INFO]   ✓ 律动BlockBeats: 19 条
2026-09-03 05:01:14 [INFO]   ✓ 吴说区块链: 0 条
2026-09-03 05:01:14 [INFO]   ✓ Bloomberg Crypto: 0 条
2026-09-03 05:01:14 [INFO]   ✓ Reuters Crypto: 0 条
2026-09-03 05:01:14 [INFO]   ✓ CNBC Crypto: 0 条
2026-09-03 05:01:14 [INFO]   ✓ Reddit r/cryptocurrency: 0 条
2026-09-03 05:01:14 [INFO]   ✓ Reddit r/bitcoin: 1 条
2026-09-03 05:01:14 [INFO]   ✓ Crypto Twitter: 0 条
2026-09-03 05:01:14 [INFO]   ✓ 宏观经济: 0 条
2026-09-03 05:01:14 [INFO]   ✓ Binance公告: 20 条
2026-09-03 05:01:14 [INFO]   ✓ OKX公告: 0 条
2026-09-03 05:01:14 [INFO]   ✓ Bitget公告: 0 条
2026-09-03 05:01:14 [INFO]   ✓ Whale Alert: 0 条
2026-09-03 05:01:14 [INFO]   ✓ Fear & Greed Index: 1 条
2026-09-03 05:01:14 [INFO]   ✓ DeFi Llama: 0 条
2026-09-03 05:01:14 [INFO]   ✓ 雪球加密: 0 条
2026-09-03 05:01:14 [INFO] 📊 共抓取 45 条新闻
2026-09-03 05:01:14 [INFO] 📋 原始新闻已保存: reports/2026-09-03-13-raw.json (45 条)
2026-09-03 05:01:14 [INFO] 📋 标题摘要已保存: reports/2026-09-03-13-raw-titles.md
2026-09-03 05:01:14 [INFO] ✅ 抓取完成，共 45 条，已保存到 reports/2026-09-03-13-raw.json
2026-09-03 05:01:15 [INFO] 🤖 开始 AI 筛选 2026-09-03 13:00 币圈消息
2026-09-03 05:01:15 [INFO] 📋 已加载原始新闻: reports/2026-09-03-13-raw.json (45 条)
2026-09-03 05:01:15 [INFO] 📚 已加载历史新闻标题（19715 字符）
2026-09-03 05:01:15 [INFO] 📚 已加载历史筛选标题 0 条、URL 0 个，用于去重
2026-09-03 05:01:15 [INFO] 🔄 尝试 AI 提供商: deepseek
2026-09-03 05:01:15 [INFO] 🤖 使用 AI 提供商: deepseek (模型: deepseek-v4-flash)
2026-09-03 05:01:15 [INFO] 🤖 AI 筛选 [[deepseek] 1/6 策略=仅标题+链接 retry=0]（45 条，6800 字符，temp=0.3）
2026-09-03 05:01:16 [ERROR] AI 调用异常 ([deepseek] 1/6 策略=仅标题+链接 retry=0): Error code: 401 - {'error': {'message': 'Authentication Fails, Your api key: ****df0d is invalid', 'type': 'authentication_error', 'param': None, 'code': 'invalid_request_error'}}
2026-09-03 05:01:16 [WARNING] [[deepseek] 1/6 策略=仅标题+链接 retry=0] AI 调用失败或解析失败，继续下一次尝试
2026-09-03 05:01:16 [INFO] 🤖 AI 筛选 [[deepseek] 2/6 策略=仅标题+链接 retry=1]（45 条，6800 字符，temp=0.3）
2026-09-03 05:01:16 [ERROR] AI 调用异常 ([deepseek] 2/6 策略=仅标题+链接 retry=1): Error code: 401 - {'error': {'message': 'Authentication Fails, Your api key: ****df0d is invalid', 'type': 'authentication_error', 'param': None, 'code': 'invalid_request_error'}}
2026-09-03 05:01:16 [WARNING] [[deepseek] 2/6 策略=仅标题+链接 retry=1] AI 调用失败或解析失败，继续下一次尝试
2026-09-03 05:01:16 [INFO] 🤖 AI 筛选 [[deepseek] 3/6 策略=仅标题+链接 retry=2]（45 条，6800 字符，temp=0.3）
2026-09-03 05:01:16 [ERROR] AI 调用异常 ([deepseek] 3/6 策略=仅标题+链接 retry=2): Error code: 401 - {'error': {'message': 'Authentication Fails, Your api key: ****df0d is invalid', 'type': 'authentication_error', 'param': None, 'code': 'invalid_request_error'}}
2026-09-03 05:01:16 [WARNING] [[deepseek] 3/6 策略=仅标题+链接 retry=2] AI 调用失败或解析失败，继续下一次尝试
2026-09-03 05:01:16 [INFO] 🤖 AI 筛选 [[deepseek] 4/6 策略=完整内容 retry=0]（45 条，12322 字符，temp=0.3）
2026-09-03 05:01:17 [ERROR] AI 调用异常 ([deepseek] 4/6 策略=完整内容 retry=0): Error code: 401 - {'error': {'message': 'Authentication Fails, Your api key: ****df0d is invalid', 'type': 'authentication_error', 'param': None, 'code': 'invalid_request_error'}}
2026-09-03 05:01:17 [WARNING] [[deepseek] 4/6 策略=完整内容 retry=0] AI 调用失败或解析失败，继续下一次尝试
2026-09-03 05:01:17 [INFO] 🤖 AI 筛选 [[deepseek] 5/6 策略=完整内容 retry=1]（45 条，12322 字符，temp=0.3）
2026-09-03 05:01:17 [ERROR] AI 调用异常 ([deepseek] 5/6 策略=完整内容 retry=1): Error code: 401 - {'error': {'message': 'Authentication Fails, Your api key: ****df0d is invalid', 'type': 'authentication_error', 'param': None, 'code': 'invalid_request_error'}}
2026-09-03 05:01:17 [WARNING] [[deepseek] 5/6 策略=完整内容 retry=1] AI 调用失败或解析失败，继续下一次尝试
2026-09-03 05:01:17 [INFO] 🤖 AI 筛选 [[deepseek] 6/6 策略=仅标题（无历史） retry=0]（45 条，6800 字符，temp=0.3）
2026-09-03 05:01:18 [ERROR] AI 调用异常 ([deepseek] 6/6 策略=仅标题（无历史） retry=0): Error code: 401 - {'error': {'message': 'Authentication Fails, Your api key: ****df0d is invalid', 'type': 'authentication_error', 'param': None, 'code': 'invalid_request_error'}}
2026-09-03 05:01:18 [WARNING] [[deepseek] 6/6 策略=仅标题（无历史） retry=0] AI 调用失败或解析失败，继续下一次尝试
2026-09-03 05:01:18 [WARNING] [deepseek] 已达最大尝试次数 6，停止
2026-09-03 05:01:18 [INFO] ⚠️ deepseek 未能产出满意结果，尝试下一个提供商
2026-09-03 05:01:18 [INFO] 🔄 尝试 AI 提供商: zhipu
2026-09-03 05:01:18 [ERROR] 未设置环境变量 ZHIPU_API_KEY，无法使用 zhipu
2026-09-03 05:01:18 [INFO] ⚠️ zhipu 未能产出满意结果，尝试下一个提供商
2026-09-03 05:01:18 [INFO] 🔄 尝试 AI 提供商: kimi
2026-09-03 05:01:18 [ERROR] 未设置环境变量 KIMI_API_KEY，无法使用 kimi
2026-09-03 05:01:18 [INFO] ⚠️ kimi 未能产出满意结果，尝试下一个提供商
2026-09-03 05:01:18 [INFO] 🔄 尝试 AI 提供商: huoshan
2026-09-03 05:01:18 [ERROR] 未设置环境变量 HUOSHAN_API_KEY，无法使用 huoshan
2026-09-03 05:01:18 [INFO] ⚠️ huoshan 未能产出满意结果，尝试下一个提供商
2026-09-03 05:01:18 [ERROR] ❌ 所有提供商均失败，返回空列表
2026-09-03 05:01:18 [INFO] 📦 JSON 已保存: reports/2026-09-03-13.json
2026-09-03 05:01:18 [INFO] ✅ AI 筛选完成，共 0 条交易相关消息
2026-09-03 06:00:47 [INFO] 🚀 开始抓取 2026-09-03 14:00 币圈新闻
2026-09-03 06:00:47 [INFO] 📡 抓取 RSS 新闻源...
2026-09-03 06:00:47 [INFO] 📡 抓取交易所公告 & 链上数据...
2026-09-03 06:00:48 [INFO]   ⏭ The Block: 过滤掉 19 条非近期新闻
2026-09-03 06:00:48 [INFO]   ⏭ Decrypt: 过滤掉 38 条非近期新闻
2026-09-03 06:00:48 [INFO]   ⏭ CoinTelegraph: 过滤掉 29 条非近期新闻
2026-09-03 06:00:48 [INFO]   ⏭ Bloomberg Crypto: 过滤掉 50 条非近期新闻
2026-09-03 06:00:48 [WARNING] 解析失败 Bitget公告: 'NoneType' object is not subscriptable
2026-09-03 06:00:48 [INFO]   ⏭ Reuters Crypto: 过滤掉 50 条非近期新闻
2026-09-03 06:00:48 [INFO]   ⏭ Bitcoin Magazine: 过滤掉 10 条非近期新闻
2026-09-03 06:00:48 [INFO]   ⏭ 宏观经济: 过滤掉 50 条非近期新闻
2026-09-03 06:00:48 [INFO]   ⏭ CNBC Crypto: 过滤掉 50 条非近期新闻
2026-09-03 06:00:48 [INFO]   ⏭ Reddit r/bitcoin: 过滤掉 25 条非近期新闻
2026-09-03 06:00:48 [INFO]   ⏭ CoinDesk: 过滤掉 23 条非近期新闻
2026-09-03 06:00:48 [INFO]   ⏭ Blockworks: 过滤掉 50 条非近期新闻
2026-09-03 06:00:48 [INFO]   ⏭ Decrypt: 过滤掉 50 条非近期新闻
2026-09-03 06:00:49 [INFO]   ⏭ Bitcoin Magazine: 过滤掉 50 条非近期新闻
2026-09-03 06:00:49 [INFO]   ⏭ 律动BlockBeats: 过滤掉 7 条非近期新闻
2026-09-03 06:00:49 [INFO]   ⏭ 宏观经济: 过滤掉 50 条非近期新闻
2026-09-03 06:00:49 [INFO]   ⏭ Blockworks: 过滤掉 5 条非近期新闻
2026-09-03 06:00:49 [INFO]   ⏭ DL News: 过滤掉 50 条非近期新闻
2026-09-03 06:00:49 [INFO]   ⏭ DeFi Llama: 过滤掉 50 条非近期新闻
2026-09-03 06:00:49 [INFO]   ⏭ 吴说区块链: 过滤掉 32 条非近期新闻
2026-09-03 06:00:49 [INFO]   ⏭ Crypto Twitter: 过滤掉 46 条非近期新闻
2026-09-03 06:00:49 [INFO]   ⏭ 雪球加密: 过滤掉 50 条非近期新闻
2026-09-03 06:01:03 [DEBUG] 请求失败 https://rsshub.rssforever.com/jinse/lives: 
2026-09-03 06:01:03 [DEBUG] 请求失败 https://rsshub.rssforever.com/panewslab/news: 
2026-09-03 06:01:04 [INFO]   ⏭ PANews: 过滤掉 50 条非近期新闻
2026-09-03 06:01:04 [DEBUG] 请求失败 https://rsshub.rssforever.com/bloomberg/crypto: 
2026-09-03 06:01:04 [INFO]   ✓ CoinDesk: 2 条
2026-09-03 06:01:04 [INFO]   ✓ The Block: 1 条
2026-09-03 06:01:04 [INFO]   ✓ Decrypt: 0 条
2026-09-03 06:01:04 [INFO]   ✓ CoinTelegraph: 1 条
2026-09-03 06:01:04 [INFO]   ✓ Bitcoin Magazine: 0 条
2026-09-03 06:01:04 [INFO]   ✓ Blockworks: 0 条
2026-09-03 06:01:04 [INFO]   ✓ DL News: 0 条
2026-09-03 06:01:04 [INFO]   ✓ 金色财经: 0 条
2026-09-03 06:01:04 [INFO]   ✓ PANews: 0 条
2026-09-03 06:01:04 [INFO]   ✓ 律动BlockBeats: 13 条
2026-09-03 06:01:04 [INFO]   ✓ 吴说区块链: 0 条
2026-09-03 06:01:04 [INFO]   ✓ Bloomberg Crypto: 0 条
2026-09-03 06:01:04 [INFO]   ✓ Reuters Crypto: 0 条
2026-09-03 06:01:04 [INFO]   ✓ CNBC Crypto: 0 条
2026-09-03 06:01:04 [INFO]   ✓ Reddit r/cryptocurrency: 0 条
2026-09-03 06:01:04 [INFO]   ✓ Reddit r/bitcoin: 0 条
2026-09-03 06:01:04 [INFO]   ✓ Crypto Twitter: 4 条
2026-09-03 06:01:04 [INFO]   ✓ 宏观经济: 0 条
2026-09-03 06:01:04 [INFO]   ✓ Binance公告: 20 条
2026-09-03 06:01:04 [INFO]   ✓ OKX公告: 0 条
2026-09-03 06:01:04 [INFO]   ✓ Bitget公告: 0 条
2026-09-03 06:01:04 [INFO]   ✓ Whale Alert: 0 条
2026-09-03 06:01:04 [INFO]   ✓ Fear & Greed Index: 1 条
2026-09-03 06:01:04 [INFO]   ✓ DeFi Llama: 0 条
2026-09-03 06:01:04 [INFO]   ✓ 雪球加密: 0 条
2026-09-03 06:01:04 [INFO] 📊 共抓取 42 条新闻
2026-09-03 06:01:04 [INFO] 📋 原始新闻已保存: reports/2026-09-03-14-raw.json (42 条)
2026-09-03 06:01:04 [INFO] 📋 标题摘要已保存: reports/2026-09-03-14-raw-titles.md
2026-09-03 06:01:04 [INFO] ✅ 抓取完成，共 42 条，已保存到 reports/2026-09-03-14-raw.json
2026-09-03 06:01:04 [INFO] 🤖 开始 AI 筛选 2026-09-03 14:00 币圈消息
2026-09-03 06:01:04 [INFO] 📋 已加载原始新闻: reports/2026-09-03-14-raw.json (42 条)
2026-09-03 06:01:04 [INFO] 📚 已加载历史新闻标题（19269 字符）
2026-09-03 06:01:04 [INFO] 📚 已加载历史筛选标题 0 条、URL 0 个，用于去重
2026-09-03 06:01:04 [INFO] 🔄 尝试 AI 提供商: deepseek
2026-09-03 06:01:04 [INFO] 🤖 使用 AI 提供商: deepseek (模型: deepseek-v4-flash)
2026-09-03 06:01:04 [INFO] 🤖 AI 筛选 [[deepseek] 1/6 策略=仅标题+链接 retry=0]（42 条，7569 字符，temp=0.3）
2026-09-03 06:01:05 [ERROR] AI 调用异常 ([deepseek] 1/6 策略=仅标题+链接 retry=0): Error code: 401 - {'error': {'message': 'Authentication Fails, Your api key: ****df0d is invalid', 'type': 'authentication_error', 'param': None, 'code': 'invalid_request_error'}}
2026-09-03 06:01:05 [WARNING] [[deepseek] 1/6 策略=仅标题+链接 retry=0] AI 调用失败或解析失败，继续下一次尝试
2026-09-03 06:01:05 [INFO] 🤖 AI 筛选 [[deepseek] 2/6 策略=仅标题+链接 retry=1]（42 条，7569 字符，temp=0.3）
2026-09-03 06:01:06 [ERROR] AI 调用异常 ([deepseek] 2/6 策略=仅标题+链接 retry=1): Error code: 401 - {'error': {'message': 'Authentication Fails, Your api key: ****df0d is invalid', 'type': 'authentication_error', 'param': None, 'code': 'invalid_request_error'}}
2026-09-03 06:01:06 [WARNING] [[deepseek] 2/6 策略=仅标题+链接 retry=1] AI 调用失败或解析失败，继续下一次尝试
2026-09-03 06:01:06 [INFO] 🤖 AI 筛选 [[deepseek] 3/6 策略=仅标题+链接 retry=2]（42 条，7569 字符，temp=0.3）
2026-09-03 06:01:06 [ERROR] AI 调用异常 ([deepseek] 3/6 策略=仅标题+链接 retry=2): Error code: 401 - {'error': {'message': 'Authentication Fails, Your api key: ****df0d is invalid', 'type': 'authentication_error', 'param': None, 'code': 'invalid_request_error'}}
2026-09-03 06:01:06 [WARNING] [[deepseek] 3/6 策略=仅标题+链接 retry=2] AI 调用失败或解析失败，继续下一次尝试
2026-09-03 06:01:06 [INFO] 🤖 AI 筛选 [[deepseek] 4/6 策略=完整内容 retry=0]（42 条，12244 字符，temp=0.3）
2026-09-03 06:01:06 [ERROR] AI 调用异常 ([deepseek] 4/6 策略=完整内容 retry=0): Error code: 401 - {'error': {'message': 'Authentication Fails, Your api key: ****df0d is invalid', 'type': 'authentication_error', 'param': None, 'code': 'invalid_request_error'}}
2026-09-03 06:01:06 [WARNING] [[deepseek] 4/6 策略=完整内容 retry=0] AI 调用失败或解析失败，继续下一次尝试
2026-09-03 06:01:06 [INFO] 🤖 AI 筛选 [[deepseek] 5/6 策略=完整内容 retry=1]（42 条，12244 字符，temp=0.3）
2026-09-03 06:01:07 [ERROR] AI 调用异常 ([deepseek] 5/6 策略=完整内容 retry=1): Error code: 401 - {'error': {'message': 'Authentication Fails, Your api key: ****df0d is invalid', 'type': 'authentication_error', 'param': None, 'code': 'invalid_request_error'}}
2026-09-03 06:01:07 [WARNING] [[deepseek] 5/6 策略=完整内容 retry=1] AI 调用失败或解析失败，继续下一次尝试
2026-09-03 06:01:07 [INFO] 🤖 AI 筛选 [[deepseek] 6/6 策略=仅标题（无历史） retry=0]（42 条，7569 字符，temp=0.3）
2026-09-03 06:01:07 [ERROR] AI 调用异常 ([deepseek] 6/6 策略=仅标题（无历史） retry=0): Error code: 401 - {'error': {'message': 'Authentication Fails, Your api key: ****df0d is invalid', 'type': 'authentication_error', 'param': None, 'code': 'invalid_request_error'}}
2026-09-03 06:01:07 [WARNING] [[deepseek] 6/6 策略=仅标题（无历史） retry=0] AI 调用失败或解析失败，继续下一次尝试
2026-09-03 06:01:07 [WARNING] [deepseek] 已达最大尝试次数 6，停止
2026-09-03 06:01:07 [INFO] ⚠️ deepseek 未能产出满意结果，尝试下一个提供商
2026-09-03 06:01:07 [INFO] 🔄 尝试 AI 提供商: zhipu
2026-09-03 06:01:07 [ERROR] 未设置环境变量 ZHIPU_API_KEY，无法使用 zhipu
2026-09-03 06:01:07 [INFO] ⚠️ zhipu 未能产出满意结果，尝试下一个提供商
2026-09-03 06:01:07 [INFO] 🔄 尝试 AI 提供商: kimi
2026-09-03 06:01:07 [ERROR] 未设置环境变量 KIMI_API_KEY，无法使用 kimi
2026-09-03 06:01:07 [INFO] ⚠️ kimi 未能产出满意结果，尝试下一个提供商
2026-09-03 06:01:07 [INFO] 🔄 尝试 AI 提供商: huoshan
2026-09-03 06:01:07 [ERROR] 未设置环境变量 HUOSHAN_API_KEY，无法使用 huoshan
2026-09-03 06:01:07 [INFO] ⚠️ huoshan 未能产出满意结果，尝试下一个提供商
2026-09-03 06:01:07 [ERROR] ❌ 所有提供商均失败，返回空列表
2026-09-03 06:01:07 [INFO] 📦 JSON 已保存: reports/2026-09-03-14.json
2026-09-03 06:01:07 [INFO] ✅ AI 筛选完成，共 0 条交易相关消息
2026-09-03 07:00:55 [INFO] 🚀 开始抓取 2026-09-03 15:00 币圈新闻
2026-09-03 07:00:55 [INFO] 📡 抓取 RSS 新闻源...
2026-09-03 07:00:55 [INFO] 📡 抓取交易所公告 & 链上数据...
2026-09-03 07:00:55 [INFO]   ⏭ Decrypt: 过滤掉 38 条非近期新闻
2026-09-03 07:00:55 [INFO]   ⏭ The Block: 过滤掉 20 条非近期新闻
2026-09-03 07:00:55 [INFO]   ⏭ CoinTelegraph: 过滤掉 29 条非近期新闻
2026-09-03 07:00:56 [INFO]   ⏭ Reddit r/bitcoin: 过滤掉 23 条非近期新闻
2026-09-03 07:00:56 [INFO]   ⏭ Bloomberg Crypto: 过滤掉 50 条非近期新闻
2026-09-03 07:00:56 [WARNING] 解析失败 Bitget公告: 'NoneType' object is not subscriptable
2026-09-03 07:00:56 [INFO]   ⏭ 宏观经济: 过滤掉 50 条非近期新闻
2026-09-03 07:00:56 [INFO]   ⏭ Bitcoin Magazine: 过滤掉 10 条非近期新闻
2026-09-03 07:00:56 [INFO]   ⏭ CoinDesk: 过滤掉 25 条非近期新闻
2026-09-03 07:00:56 [INFO]   ⏭ Reuters Crypto: 过滤掉 50 条非近期新闻
2026-09-03 07:00:56 [INFO]   ⏭ CNBC Crypto: 过滤掉 50 条非近期新闻
2026-09-03 07:00:56 [INFO]   ⏭ Blockworks: 过滤掉 50 条非近期新闻
2026-09-03 07:00:56 [INFO]   ⏭ 宏观经济: 过滤掉 50 条非近期新闻
2026-09-03 07:00:57 [INFO]   ⏭ Decrypt: 过滤掉 50 条非近期新闻
2026-09-03 07:00:57 [INFO]   ⏭ Blockworks: 过滤掉 5 条非近期新闻
2026-09-03 07:00:57 [INFO]   ⏭ DL News: 过滤掉 50 条非近期新闻
2026-09-03 07:00:57 [INFO]   ⏭ Bitcoin Magazine: 过滤掉 50 条非近期新闻
2026-09-03 07:00:57 [INFO]   ⏭ The Block: 过滤掉 50 条非近期新闻
2026-09-03 07:00:57 [INFO]   ⏭ 吴说区块链: 过滤掉 32 条非近期新闻
2026-09-03 07:00:57 [INFO]   ⏭ DeFi Llama: 过滤掉 50 条非近期新闻
2026-09-03 07:00:57 [INFO]   ⏭ 雪球加密: 过滤掉 50 条非近期新闻
2026-09-03 07:00:57 [INFO]   ⏭ Crypto Twitter: 过滤掉 47 条非近期新闻
2026-09-03 07:00:57 [INFO]   ⏭ CoinDesk: 过滤掉 50 条非近期新闻
2026-09-03 07:01:11 [DEBUG] 请求失败 https://rsshub.rssforever.com/jinse/lives: 
2026-09-03 07:01:11 [DEBUG] 请求失败 https://rsshub.rssforever.com/panewslab/news: 
2026-09-03 07:01:11 [DEBUG] 请求失败 https://rsshub.rssforever.com/theblockbeats/newsflash: 
2026-09-03 07:01:12 [INFO]   ⏭ 律动BlockBeats: 过滤掉 50 条非近期新闻
2026-09-03 07:01:12 [INFO]   ⏭ PANews: 过滤掉 50 条非近期新闻
2026-09-03 07:01:12 [INFO]   ✓ CoinDesk: 0 条
2026-09-03 07:01:12 [INFO]   ✓ The Block: 0 条
2026-09-03 07:01:12 [INFO]   ✓ Decrypt: 0 条
2026-09-03 07:01:12 [INFO]   ✓ CoinTelegraph: 1 条
2026-09-03 07:01:12 [INFO]   ✓ Bitcoin Magazine: 0 条
2026-09-03 07:01:12 [INFO]   ✓ Blockworks: 0 条
2026-09-03 07:01:12 [INFO]   ✓ DL News: 0 条
2026-09-03 07:01:12 [INFO]   ✓ 金色财经: 0 条
2026-09-03 07:01:12 [INFO]   ✓ PANews: 0 条
2026-09-03 07:01:12 [INFO]   ✓ 律动BlockBeats: 0 条
2026-09-03 07:01:12 [INFO]   ✓ 吴说区块链: 0 条
2026-09-03 07:01:12 [INFO]   ✓ Bloomberg Crypto: 0 条
2026-09-03 07:01:12 [INFO]   ✓ Reuters Crypto: 0 条
2026-09-03 07:01:12 [INFO]   ✓ CNBC Crypto: 0 条
2026-09-03 07:01:12 [INFO]   ✓ Reddit r/cryptocurrency: 0 条
2026-09-03 07:01:12 [INFO]   ✓ Reddit r/bitcoin: 2 条
2026-09-03 07:01:12 [INFO]   ✓ Crypto Twitter: 3 条
2026-09-03 07:01:12 [INFO]   ✓ 宏观经济: 0 条
2026-09-03 07:01:12 [INFO]   ✓ Binance公告: 20 条
2026-09-03 07:01:12 [INFO]   ✓ OKX公告: 0 条
2026-09-03 07:01:12 [INFO]   ✓ Bitget公告: 0 条
2026-09-03 07:01:12 [INFO]   ✓ Whale Alert: 0 条
2026-09-03 07:01:12 [INFO]   ✓ Fear & Greed Index: 1 条
2026-09-03 07:01:12 [INFO]   ✓ DeFi Llama: 0 条
2026-09-03 07:01:12 [INFO]   ✓ 雪球加密: 0 条
2026-09-03 07:01:12 [INFO] 📊 共抓取 27 条新闻
2026-09-03 07:01:12 [INFO] 📋 原始新闻已保存: reports/2026-09-03-15-raw.json (27 条)
2026-09-03 07:01:12 [INFO] 📋 标题摘要已保存: reports/2026-09-03-15-raw-titles.md
2026-09-03 07:01:12 [INFO] ✅ 抓取完成，共 27 条，已保存到 reports/2026-09-03-15-raw.json
2026-09-03 07:01:13 [INFO] 🤖 开始 AI 筛选 2026-09-03 15:00 币圈消息
2026-09-03 07:01:13 [INFO] 📋 已加载原始新闻: reports/2026-09-03-15-raw.json (27 条)
2026-09-03 07:01:13 [INFO] 📚 已加载历史新闻标题（19344 字符）
2026-09-03 07:01:13 [INFO] 📚 已加载历史筛选标题 0 条、URL 0 个，用于去重
2026-09-03 07:01:13 [INFO] 🔄 尝试 AI 提供商: deepseek
2026-09-03 07:01:13 [INFO] 🤖 使用 AI 提供商: deepseek (模型: deepseek-v4-flash)
2026-09-03 07:01:13 [INFO] 🤖 AI 筛选 [[deepseek] 1/6 策略=仅标题+链接 retry=0]（27 条，5394 字符，temp=0.3）
2026-09-03 07:01:14 [ERROR] AI 调用异常 ([deepseek] 1/6 策略=仅标题+链接 retry=0): Error code: 401 - {'error': {'message': 'Authentication Fails, Your api key: ****df0d is invalid', 'type': 'authentication_error', 'param': None, 'code': 'invalid_request_error'}}
2026-09-03 07:01:14 [WARNING] [[deepseek] 1/6 策略=仅标题+链接 retry=0] AI 调用失败或解析失败，继续下一次尝试
2026-09-03 07:01:14 [INFO] 🤖 AI 筛选 [[deepseek] 2/6 策略=仅标题+链接 retry=1]（27 条，5394 字符，temp=0.3）
2026-09-03 07:01:14 [ERROR] AI 调用异常 ([deepseek] 2/6 策略=仅标题+链接 retry=1): Error code: 401 - {'error': {'message': 'Authentication Fails, Your api key: ****df0d is invalid', 'type': 'authentication_error', 'param': None, 'code': 'invalid_request_error'}}
2026-09-03 07:01:14 [WARNING] [[deepseek] 2/6 策略=仅标题+链接 retry=1] AI 调用失败或解析失败，继续下一次尝试
2026-09-03 07:01:14 [INFO] 🤖 AI 筛选 [[deepseek] 3/6 策略=仅标题+链接 retry=2]（27 条，5394 字符，temp=0.3）
2026-09-03 07:01:15 [ERROR] AI 调用异常 ([deepseek] 3/6 策略=仅标题+链接 retry=2): Error code: 401 - {'error': {'message': 'Authentication Fails, Your api key: ****df0d is invalid', 'type': 'authentication_error', 'param': None, 'code': 'invalid_request_error'}}
2026-09-03 07:01:15 [WARNING] [[deepseek] 3/6 策略=仅标题+链接 retry=2] AI 调用失败或解析失败，继续下一次尝试
2026-09-03 07:01:15 [INFO] 🤖 AI 筛选 [[deepseek] 4/6 策略=完整内容 retry=0]（27 条，7969 字符，temp=0.3）
2026-09-03 07:01:15 [ERROR] AI 调用异常 ([deepseek] 4/6 策略=完整内容 retry=0): Error code: 401 - {'error': {'message': 'Authentication Fails, Your api key: ****df0d is invalid', 'type': 'authentication_error', 'param': None, 'code': 'invalid_request_error'}}
2026-09-03 07:01:15 [WARNING] [[deepseek] 4/6 策略=完整内容 retry=0] AI 调用失败或解析失败，继续下一次尝试
2026-09-03 07:01:15 [INFO] 🤖 AI 筛选 [[deepseek] 5/6 策略=完整内容 retry=1]（27 条，7969 字符，temp=0.3）
2026-09-03 07:01:16 [ERROR] AI 调用异常 ([deepseek] 5/6 策略=完整内容 retry=1): Error code: 401 - {'error': {'message': 'Authentication Fails, Your api key: ****df0d is invalid', 'type': 'authentication_error', 'param': None, 'code': 'invalid_request_error'}}
2026-09-03 07:01:16 [WARNING] [[deepseek] 5/6 策略=完整内容 retry=1] AI 调用失败或解析失败，继续下一次尝试
2026-09-03 07:01:16 [INFO] 🤖 AI 筛选 [[deepseek] 6/6 策略=仅标题（无历史） retry=0]（27 条，5394 字符，temp=0.3）
2026-09-03 07:01:16 [ERROR] AI 调用异常 ([deepseek] 6/6 策略=仅标题（无历史） retry=0): Error code: 401 - {'error': {'message': 'Authentication Fails, Your api key: ****df0d is invalid', 'type': 'authentication_error', 'param': None, 'code': 'invalid_request_error'}}
2026-09-03 07:01:16 [WARNING] [[deepseek] 6/6 策略=仅标题（无历史） retry=0] AI 调用失败或解析失败，继续下一次尝试
2026-09-03 07:01:16 [WARNING] [deepseek] 已达最大尝试次数 6，停止
2026-09-03 07:01:16 [INFO] ⚠️ deepseek 未能产出满意结果，尝试下一个提供商
2026-09-03 07:01:16 [INFO] 🔄 尝试 AI 提供商: zhipu
2026-09-03 07:01:16 [ERROR] 未设置环境变量 ZHIPU_API_KEY，无法使用 zhipu
2026-09-03 07:01:16 [INFO] ⚠️ zhipu 未能产出满意结果，尝试下一个提供商
2026-09-03 07:01:16 [INFO] 🔄 尝试 AI 提供商: kimi
2026-09-03 07:01:16 [ERROR] 未设置环境变量 KIMI_API_KEY，无法使用 kimi
2026-09-03 07:01:16 [INFO] ⚠️ kimi 未能产出满意结果，尝试下一个提供商
2026-09-03 07:01:16 [INFO] 🔄 尝试 AI 提供商: huoshan
2026-09-03 07:01:16 [ERROR] 未设置环境变量 HUOSHAN_API_KEY，无法使用 huoshan
2026-09-03 07:01:16 [INFO] ⚠️ huoshan 未能产出满意结果，尝试下一个提供商
2026-09-03 07:01:16 [ERROR] ❌ 所有提供商均失败，返回空列表
2026-09-03 07:01:16 [INFO] 📦 JSON 已保存: reports/2026-09-03-15.json
2026-09-03 07:01:16 [INFO] ✅ AI 筛选完成，共 0 条交易相关消息
2026-09-03 08:00:48 [INFO] 🚀 开始抓取 2026-09-03 16:00 币圈新闻
2026-09-03 08:00:48 [INFO] 📡 抓取 RSS 新闻源...
2026-09-03 08:00:48 [INFO] 📡 抓取交易所公告 & 链上数据...
2026-09-03 08:00:48 [INFO]   ⏭ CoinTelegraph: 过滤掉 27 条非近期新闻
2026-09-03 08:00:48 [INFO]   ⏭ Decrypt: 过滤掉 38 条非近期新闻
2026-09-03 08:00:48 [INFO]   ⏭ The Block: 过滤掉 20 条非近期新闻
2026-09-03 08:00:48 [INFO]   ⏭ Bitcoin Magazine: 过滤掉 10 条非近期新闻
2026-09-03 08:00:48 [INFO]   ⏭ CoinDesk: 过滤掉 24 条非近期新闻
2026-09-03 08:00:48 [INFO]   ⏭ Blockworks: 过滤掉 50 条非近期新闻
2026-09-03 08:00:48 [WARNING] 解析失败 Bitget公告: 'NoneType' object is not subscriptable
2026-09-03 08:00:48 [INFO]   ⏭ Bloomberg Crypto: 过滤掉 50 条非近期新闻
2026-09-03 08:00:49 [INFO]   ⏭ Reddit r/bitcoin: 过滤掉 20 条非近期新闻
2026-09-03 08:00:49 [INFO]   ⏭ Decrypt: 过滤掉 50 条非近期新闻
2026-09-03 08:00:49 [INFO]   ⏭ DL News: 过滤掉 50 条非近期新闻
2026-09-03 08:00:49 [INFO]   ⏭ 律动BlockBeats: 过滤掉 4 条非近期新闻
2026-09-03 08:00:49 [INFO]   ⏭ Reuters Crypto: 过滤掉 50 条非近期新闻
2026-09-03 08:00:49 [INFO]   ⏭ 宏观经济: 过滤掉 50 条非近期新闻
2026-09-03 08:00:49 [INFO]   ⏭ CNBC Crypto: 过滤掉 50 条非近期新闻
2026-09-03 08:00:49 [INFO]   ⏭ Blockworks: 过滤掉 5 条非近期新闻
2026-09-03 08:00:49 [INFO]   ⏭ DeFi Llama: 过滤掉 50 条非近期新闻
2026-09-03 08:00:49 [INFO]   ⏭ 雪球加密: 过滤掉 50 条非近期新闻
2026-09-03 08:00:49 [INFO]   ⏭ 吴说区块链: 过滤掉 32 条非近期新闻
2026-09-03 08:00:50 [INFO]   ⏭ Bitcoin Magazine: 过滤掉 50 条非近期新闻
2026-09-03 08:00:50 [INFO]   ⏭ 宏观经济: 过滤掉 50 条非近期新闻
2026-09-03 08:00:50 [INFO]   ⏭ The Block: 过滤掉 50 条非近期新闻
2026-09-03 08:00:51 [INFO]   ⏭ Crypto Twitter: 过滤掉 46 条非近期新闻
2026-09-03 08:01:04 [DEBUG] 请求失败 https://rsshub.rssforever.com/jinse/lives: 
2026-09-03 08:01:04 [DEBUG] 请求失败 https://rsshub.rssforever.com/panewslab/news: 
2026-09-03 08:01:04 [DEBUG] 请求失败 https://rsshub.rssforever.com/bloomberg/crypto: 
2026-09-03 08:01:05 [INFO]   ⏭ PANews: 过滤掉 50 条非近期新闻
2026-09-03 08:01:05 [INFO]   ✓ CoinDesk: 1 条
2026-09-03 08:01:05 [INFO]   ✓ The Block: 0 条
2026-09-03 08:01:05 [INFO]   ✓ Decrypt: 0 条
2026-09-03 08:01:05 [INFO]   ✓ CoinTelegraph: 3 条
2026-09-03 08:01:05 [INFO]   ✓ Bitcoin Magazine: 0 条
2026-09-03 08:01:05 [INFO]   ✓ Blockworks: 0 条
2026-09-03 08:01:05 [INFO]   ✓ DL News: 0 条
2026-09-03 08:01:05 [INFO]   ✓ 金色财经: 0 条
2026-09-03 08:01:05 [INFO]   ✓ PANews: 0 条
2026-09-03 08:01:05 [INFO]   ✓ 律动BlockBeats: 16 条
2026-09-03 08:01:05 [INFO]   ✓ 吴说区块链: 0 条
2026-09-03 08:01:05 [INFO]   ✓ Bloomberg Crypto: 0 条
2026-09-03 08:01:05 [INFO]   ✓ Reuters Crypto: 0 条
2026-09-03 08:01:05 [INFO]   ✓ CNBC Crypto: 0 条
2026-09-03 08:01:05 [INFO]   ✓ Reddit r/cryptocurrency: 0 条
2026-09-03 08:01:05 [INFO]   ✓ Reddit r/bitcoin: 5 条
2026-09-03 08:01:05 [INFO]   ✓ Crypto Twitter: 4 条
2026-09-03 08:01:05 [INFO]   ✓ 宏观经济: 0 条
2026-09-03 08:01:05 [INFO]   ✓ Binance公告: 20 条
2026-09-03 08:01:05 [INFO]   ✓ OKX公告: 0 条
2026-09-03 08:01:05 [INFO]   ✓ Bitget公告: 0 条
2026-09-03 08:01:05 [INFO]   ✓ Whale Alert: 0 条
2026-09-03 08:01:05 [INFO]   ✓ Fear & Greed Index: 1 条
2026-09-03 08:01:05 [INFO]   ✓ DeFi Llama: 0 条
2026-09-03 08:01:05 [INFO]   ✓ 雪球加密: 0 条
2026-09-03 08:01:05 [INFO] 📊 共抓取 50 条新闻
2026-09-03 08:01:05 [INFO] 📋 原始新闻已保存: reports/2026-09-03-16-raw.json (50 条)
2026-09-03 08:01:05 [INFO] 📋 标题摘要已保存: reports/2026-09-03-16-raw-titles.md
2026-09-03 08:01:05 [INFO] ✅ 抓取完成，共 50 条，已保存到 reports/2026-09-03-16-raw.json
2026-09-03 08:01:05 [INFO] 🤖 开始 AI 筛选 2026-09-03 16:00 币圈消息
2026-09-03 08:01:05 [INFO] 📋 已加载原始新闻: reports/2026-09-03-16-raw.json (50 条)
2026-09-03 08:01:05 [INFO] 📚 已加载历史新闻标题（18579 字符）
2026-09-03 08:01:05 [INFO] 📚 已加载历史筛选标题 0 条、URL 0 个，用于去重
2026-09-03 08:01:05 [INFO] 🔄 尝试 AI 提供商: deepseek
2026-09-03 08:01:05 [INFO] 🤖 使用 AI 提供商: deepseek (模型: deepseek-v4-flash)
2026-09-03 08:01:05 [INFO] 🤖 AI 筛选 [[deepseek] 1/6 策略=仅标题+链接 retry=0]（50 条，8972 字符，temp=0.3）
2026-09-03 08:01:06 [ERROR] AI 调用异常 ([deepseek] 1/6 策略=仅标题+链接 retry=0): Error code: 401 - {'error': {'message': 'Authentication Fails, Your api key: ****df0d is invalid', 'type': 'authentication_error', 'param': None, 'code': 'invalid_request_error'}}
2026-09-03 08:01:06 [WARNING] [[deepseek] 1/6 策略=仅标题+链接 retry=0] AI 调用失败或解析失败，继续下一次尝试
2026-09-03 08:01:06 [INFO] 🤖 AI 筛选 [[deepseek] 2/6 策略=仅标题+链接 retry=1]（50 条，8972 字符，temp=0.3）
2026-09-03 08:01:07 [ERROR] AI 调用异常 ([deepseek] 2/6 策略=仅标题+链接 retry=1): Error code: 401 - {'error': {'message': 'Authentication Fails, Your api key: ****df0d is invalid', 'type': 'authentication_error', 'param': None, 'code': 'invalid_request_error'}}
2026-09-03 08:01:07 [WARNING] [[deepseek] 2/6 策略=仅标题+链接 retry=1] AI 调用失败或解析失败，继续下一次尝试
2026-09-03 08:01:07 [INFO] 🤖 AI 筛选 [[deepseek] 3/6 策略=仅标题+链接 retry=2]（50 条，8972 字符，temp=0.3）
2026-09-03 08:01:07 [ERROR] AI 调用异常 ([deepseek] 3/6 策略=仅标题+链接 retry=2): Error code: 401 - {'error': {'message': 'Authentication Fails, Your api key: ****df0d is invalid', 'type': 'authentication_error', 'param': None, 'code': 'invalid_request_error'}}
2026-09-03 08:01:07 [WARNING] [[deepseek] 3/6 策略=仅标题+链接 retry=2] AI 调用失败或解析失败，继续下一次尝试
2026-09-03 08:01:07 [INFO] 🤖 AI 筛选 [[deepseek] 4/6 策略=完整内容 retry=0]（50 条，15181 字符，temp=0.3）
2026-09-03 08:01:08 [ERROR] AI 调用异常 ([deepseek] 4/6 策略=完整内容 retry=0): Error code: 401 - {'error': {'message': 'Authentication Fails, Your api key: ****df0d is invalid', 'type': 'authentication_error', 'param': None, 'code': 'invalid_request_error'}}
2026-09-03 08:01:08 [WARNING] [[deepseek] 4/6 策略=完整内容 retry=0] AI 调用失败或解析失败，继续下一次尝试
2026-09-03 08:01:08 [INFO] 🤖 AI 筛选 [[deepseek] 5/6 策略=完整内容 retry=1]（50 条，15181 字符，temp=0.3）
2026-09-03 08:01:08 [ERROR] AI 调用异常 ([deepseek] 5/6 策略=完整内容 retry=1): Error code: 401 - {'error': {'message': 'Authentication Fails, Your api key: ****df0d is invalid', 'type': 'authentication_error', 'param': None, 'code': 'invalid_request_error'}}
2026-09-03 08:01:08 [WARNING] [[deepseek] 5/6 策略=完整内容 retry=1] AI 调用失败或解析失败，继续下一次尝试
2026-09-03 08:01:08 [INFO] 🤖 AI 筛选 [[deepseek] 6/6 策略=仅标题（无历史） retry=0]（50 条，8972 字符，temp=0.3）
2026-09-03 08:01:09 [ERROR] AI 调用异常 ([deepseek] 6/6 策略=仅标题（无历史） retry=0): Error code: 401 - {'error': {'message': 'Authentication Fails, Your api key: ****df0d is invalid', 'type': 'authentication_error', 'param': None, 'code': 'invalid_request_error'}}
2026-09-03 08:01:09 [WARNING] [[deepseek] 6/6 策略=仅标题（无历史） retry=0] AI 调用失败或解析失败，继续下一次尝试
2026-09-03 08:01:09 [WARNING] [deepseek] 已达最大尝试次数 6，停止
2026-09-03 08:01:09 [INFO] ⚠️ deepseek 未能产出满意结果，尝试下一个提供商
2026-09-03 08:01:09 [INFO] 🔄 尝试 AI 提供商: zhipu
2026-09-03 08:01:09 [ERROR] 未设置环境变量 ZHIPU_API_KEY，无法使用 zhipu
2026-09-03 08:01:09 [INFO] ⚠️ zhipu 未能产出满意结果，尝试下一个提供商
2026-09-03 08:01:09 [INFO] 🔄 尝试 AI 提供商: kimi
2026-09-03 08:01:09 [ERROR] 未设置环境变量 KIMI_API_KEY，无法使用 kimi
2026-09-03 08:01:09 [INFO] ⚠️ kimi 未能产出满意结果，尝试下一个提供商
2026-09-03 08:01:09 [INFO] 🔄 尝试 AI 提供商: huoshan
2026-09-03 08:01:09 [ERROR] 未设置环境变量 HUOSHAN_API_KEY，无法使用 huoshan
2026-09-03 08:01:09 [INFO] ⚠️ huoshan 未能产出满意结果，尝试下一个提供商
2026-09-03 08:01:09 [ERROR] ❌ 所有提供商均失败，返回空列表
2026-09-03 08:01:09 [INFO] 📦 JSON 已保存: reports/2026-09-03-16.json
2026-09-03 08:01:09 [INFO] ✅ AI 筛选完成，共 0 条交易相关消息
2026-09-03 09:00:53 [INFO] 🚀 开始抓取 2026-09-03 17:00 币圈新闻
2026-09-03 09:00:53 [INFO] 📡 抓取 RSS 新闻源...
2026-09-03 09:00:53 [INFO] 📡 抓取交易所公告 & 链上数据...
2026-09-03 09:00:53 [INFO]   ⏭ CoinTelegraph: 过滤掉 28 条非近期新闻
2026-09-03 09:00:53 [INFO]   ⏭ The Block: 过滤掉 20 条非近期新闻
2026-09-03 09:00:53 [INFO]   ⏭ Decrypt: 过滤掉 37 条非近期新闻
2026-09-03 09:00:53 [INFO]   ⏭ Bloomberg Crypto: 过滤掉 50 条非近期新闻
2026-09-03 09:00:53 [INFO]   ⏭ Reuters Crypto: 过滤掉 50 条非近期新闻
2026-09-03 09:00:53 [WARNING] 解析失败 Bitget公告: 'NoneType' object is not subscriptable
2026-09-03 09:00:54 [INFO]   ⏭ 宏观经济: 过滤掉 47 条非近期新闻
2026-09-03 09:00:54 [INFO]   ⏭ CNBC Crypto: 过滤掉 50 条非近期新闻
2026-09-03 09:00:54 [INFO]   ⏭ Reddit r/cryptocurrency: 过滤掉 22 条非近期新闻
2026-09-03 09:00:54 [INFO]   ⏭ CoinDesk: 过滤掉 23 条非近期新闻
2026-09-03 09:00:54 [INFO]   ⏭ Bitcoin Magazine: 过滤掉 10 条非近期新闻
2026-09-03 09:00:54 [INFO]   ⏭ Blockworks: 过滤掉 50 条非近期新闻
2026-09-03 09:00:54 [INFO]   ⏭ Blockworks: 过滤掉 5 条非近期新闻
2026-09-03 09:00:54 [INFO]   ⏭ DL News: 过滤掉 50 条非近期新闻
2026-09-03 09:00:54 [INFO]   ⏭ Bitcoin Magazine: 过滤掉 50 条非近期新闻
2026-09-03 09:00:55 [INFO]   ⏭ 吴说区块链: 过滤掉 30 条非近期新闻
2026-09-03 09:00:55 [INFO]   ⏭ 雪球加密: 过滤掉 50 条非近期新闻
2026-09-03 09:00:55 [INFO]   ⏭ DeFi Llama: 过滤掉 50 条非近期新闻
2026-09-03 09:00:55 [INFO]   ⏭ The Block: 过滤掉 50 条非近期新闻
2026-09-03 09:00:55 [INFO]   ⏭ Crypto Twitter: 过滤掉 45 条非近期新闻
2026-09-03 09:01:09 [DEBUG] 请求失败 https://rsshub.rssforever.com/panewslab/news: 
2026-09-03 09:01:09 [DEBUG] 请求失败 https://rsshub.rssforever.com/jinse/lives: 
2026-09-03 09:01:09 [DEBUG] 请求失败 https://rsshub.rssforever.com/theblockbeats/newsflash: 
2026-09-03 09:01:09 [DEBUG] 请求失败 https://rsshub.rssforever.com/bloomberg/crypto: 
2026-09-03 09:01:10 [INFO]   ⏭ PANews: 过滤掉 50 条非近期新闻
2026-09-03 09:01:10 [INFO]   ⏭ 律动BlockBeats: 过滤掉 50 条非近期新闻
2026-09-03 09:01:10 [INFO]   ✓ CoinDesk: 2 条
2026-09-03 09:01:10 [INFO]   ✓ The Block: 0 条
2026-09-03 09:01:10 [INFO]   ✓ Decrypt: 1 条
2026-09-03 09:01:10 [INFO]   ✓ CoinTelegraph: 2 条
2026-09-03 09:01:10 [INFO]   ✓ Bitcoin Magazine: 0 条
2026-09-03 09:01:10 [INFO]   ✓ Blockworks: 0 条
2026-09-03 09:01:10 [INFO]   ✓ DL News: 0 条
2026-09-03 09:01:10 [INFO]   ✓ 金色财经: 0 条
2026-09-03 09:01:10 [INFO]   ✓ PANews: 0 条
2026-09-03 09:01:10 [INFO]   ✓ 律动BlockBeats: 0 条
2026-09-03 09:01:10 [INFO]   ✓ 吴说区块链: 0 条
2026-09-03 09:01:10 [INFO]   ✓ Bloomberg Crypto: 0 条
2026-09-03 09:01:10 [INFO]   ✓ Reuters Crypto: 0 条
2026-09-03 09:01:10 [INFO]   ✓ CNBC Crypto: 0 条
2026-09-03 09:01:10 [INFO]   ✓ Reddit r/cryptocurrency: 3 条
2026-09-03 09:01:10 [INFO]   ✓ Reddit r/bitcoin: 0 条
2026-09-03 09:01:10 [INFO]   ✓ Crypto Twitter: 5 条
2026-09-03 09:01:10 [INFO]   ✓ 宏观经济: 3 条
2026-09-03 09:01:10 [INFO]   ✓ Binance公告: 20 条
2026-09-03 09:01:10 [INFO]   ✓ OKX公告: 0 条
2026-09-03 09:01:10 [INFO]   ✓ Bitget公告: 0 条
2026-09-03 09:01:10 [INFO]   ✓ Whale Alert: 0 条
2026-09-03 09:01:10 [INFO]   ✓ Fear & Greed Index: 1 条
2026-09-03 09:01:10 [INFO]   ✓ DeFi Llama: 0 条
2026-09-03 09:01:10 [INFO]   ✓ 雪球加密: 0 条
2026-09-03 09:01:10 [INFO] 📊 共抓取 37 条新闻
2026-09-03 09:01:10 [INFO] 📋 原始新闻已保存: reports/2026-09-03-17-raw.json (37 条)
2026-09-03 09:01:10 [INFO] 📋 标题摘要已保存: reports/2026-09-03-17-raw-titles.md
2026-09-03 09:01:10 [INFO] ✅ 抓取完成，共 37 条，已保存到 reports/2026-09-03-17-raw.json
2026-09-03 09:01:10 [INFO] 🤖 开始 AI 筛选 2026-09-03 17:00 币圈消息
2026-09-03 09:01:10 [INFO] 📋 已加载原始新闻: reports/2026-09-03-17-raw.json (37 条)
2026-09-03 09:01:10 [INFO] 📚 已加载历史新闻标题（18516 字符）
2026-09-03 09:01:10 [INFO] 📚 已加载历史筛选标题 0 条、URL 0 个，用于去重
2026-09-03 09:01:10 [INFO] 🔄 尝试 AI 提供商: deepseek
2026-09-03 09:01:11 [INFO] 🤖 使用 AI 提供商: deepseek (模型: deepseek-v4-flash)
2026-09-03 09:01:11 [INFO] 🤖 AI 筛选 [[deepseek] 1/6 策略=仅标题+链接 retry=0]（37 条，8917 字符，temp=0.3）
2026-09-03 09:01:11 [ERROR] AI 调用异常 ([deepseek] 1/6 策略=仅标题+链接 retry=0): Error code: 401 - {'error': {'message': 'Authentication Fails, Your api key: ****df0d is invalid', 'type': 'authentication_error', 'param': None, 'code': 'invalid_request_error'}}
2026-09-03 09:01:11 [WARNING] [[deepseek] 1/6 策略=仅标题+链接 retry=0] AI 调用失败或解析失败，继续下一次尝试
2026-09-03 09:01:11 [INFO] 🤖 AI 筛选 [[deepseek] 2/6 策略=仅标题+链接 retry=1]（37 条，8917 字符，temp=0.3）
2026-09-03 09:01:12 [ERROR] AI 调用异常 ([deepseek] 2/6 策略=仅标题+链接 retry=1): Error code: 401 - {'error': {'message': 'Authentication Fails, Your api key: ****df0d is invalid', 'type': 'authentication_error', 'param': None, 'code': 'invalid_request_error'}}
2026-09-03 09:01:12 [WARNING] [[deepseek] 2/6 策略=仅标题+链接 retry=1] AI 调用失败或解析失败，继续下一次尝试
2026-09-03 09:01:12 [INFO] 🤖 AI 筛选 [[deepseek] 3/6 策略=仅标题+链接 retry=2]（37 条，8917 字符，temp=0.3）
2026-09-03 09:01:12 [ERROR] AI 调用异常 ([deepseek] 3/6 策略=仅标题+链接 retry=2): Error code: 401 - {'error': {'message': 'Authentication Fails, Your api key: ****df0d is invalid', 'type': 'authentication_error', 'param': None, 'code': 'invalid_request_error'}}
2026-09-03 09:01:12 [WARNING] [[deepseek] 3/6 策略=仅标题+链接 retry=2] AI 调用失败或解析失败，继续下一次尝试
2026-09-03 09:01:12 [INFO] 🤖 AI 筛选 [[deepseek] 4/6 策略=完整内容 retry=0]（37 条，12438 字符，temp=0.3）
2026-09-03 09:01:13 [ERROR] AI 调用异常 ([deepseek] 4/6 策略=完整内容 retry=0): Error code: 401 - {'error': {'message': 'Authentication Fails, Your api key: ****df0d is invalid', 'type': 'authentication_error', 'param': None, 'code': 'invalid_request_error'}}
2026-09-03 09:01:13 [WARNING] [[deepseek] 4/6 策略=完整内容 retry=0] AI 调用失败或解析失败，继续下一次尝试
2026-09-03 09:01:13 [INFO] 🤖 AI 筛选 [[deepseek] 5/6 策略=完整内容 retry=1]（37 条，12438 字符，temp=0.3）
2026-09-03 09:01:13 [ERROR] AI 调用异常 ([deepseek] 5/6 策略=完整内容 retry=1): Error code: 401 - {'error': {'message': 'Authentication Fails, Your api key: ****df0d is invalid', 'type': 'authentication_error', 'param': None, 'code': 'invalid_request_error'}}
2026-09-03 09:01:13 [WARNING] [[deepseek] 5/6 策略=完整内容 retry=1] AI 调用失败或解析失败，继续下一次尝试
2026-09-03 09:01:13 [INFO] 🤖 AI 筛选 [[deepseek] 6/6 策略=仅标题（无历史） retry=0]（37 条，8917 字符，temp=0.3）
2026-09-03 09:01:13 [ERROR] AI 调用异常 ([deepseek] 6/6 策略=仅标题（无历史） retry=0): Error code: 401 - {'error': {'message': 'Authentication Fails, Your api key: ****df0d is invalid', 'type': 'authentication_error', 'param': None, 'code': 'invalid_request_error'}}
2026-09-03 09:01:13 [WARNING] [[deepseek] 6/6 策略=仅标题（无历史） retry=0] AI 调用失败或解析失败，继续下一次尝试
2026-09-03 09:01:13 [WARNING] [deepseek] 已达最大尝试次数 6，停止
2026-09-03 09:01:13 [INFO] ⚠️ deepseek 未能产出满意结果，尝试下一个提供商
2026-09-03 09:01:13 [INFO] 🔄 尝试 AI 提供商: zhipu
2026-09-03 09:01:13 [ERROR] 未设置环境变量 ZHIPU_API_KEY，无法使用 zhipu
2026-09-03 09:01:13 [INFO] ⚠️ zhipu 未能产出满意结果，尝试下一个提供商
2026-09-03 09:01:13 [INFO] 🔄 尝试 AI 提供商: kimi
2026-09-03 09:01:13 [ERROR] 未设置环境变量 KIMI_API_KEY，无法使用 kimi
2026-09-03 09:01:13 [INFO] ⚠️ kimi 未能产出满意结果，尝试下一个提供商
2026-09-03 09:01:13 [INFO] 🔄 尝试 AI 提供商: huoshan
2026-09-03 09:01:13 [ERROR] 未设置环境变量 HUOSHAN_API_KEY，无法使用 huoshan
2026-09-03 09:01:13 [INFO] ⚠️ huoshan 未能产出满意结果，尝试下一个提供商
2026-09-03 09:01:13 [ERROR] ❌ 所有提供商均失败，返回空列表
2026-09-03 09:01:13 [INFO] 📦 JSON 已保存: reports/2026-09-03-17.json
2026-09-03 09:01:13 [INFO] ✅ AI 筛选完成，共 0 条交易相关消息
2026-09-03 10:00:51 [INFO] 🚀 开始抓取 2026-09-03 18:00 币圈新闻
2026-09-03 10:00:51 [INFO] 📡 抓取 RSS 新闻源...
2026-09-03 10:00:51 [INFO] 📡 抓取交易所公告 & 链上数据...
2026-09-03 10:00:51 [INFO]   ⏭ Decrypt: 过滤掉 48 条非近期新闻
2026-09-03 10:00:51 [INFO]   ⏭ The Block: 过滤掉 20 条非近期新闻
2026-09-03 10:00:51 [INFO]   ⏭ CoinTelegraph: 过滤掉 28 条非近期新闻
2026-09-03 10:00:52 [WARNING] 解析失败 Bitget公告: 'NoneType' object is not subscriptable
2026-09-03 10:00:52 [INFO]   ⏭ Bitcoin Magazine: 过滤掉 10 条非近期新闻
2026-09-03 10:00:52 [INFO]   ⏭ Reuters Crypto: 过滤掉 50 条非近期新闻
2026-09-03 10:00:52 [INFO]   ⏭ Bloomberg Crypto: 过滤掉 50 条非近期新闻
2026-09-03 10:00:52 [INFO]   ⏭ Blockworks: 过滤掉 50 条非近期新闻
2026-09-03 10:00:52 [INFO]   ⏭ CNBC Crypto: 过滤掉 49 条非近期新闻
2026-09-03 10:00:52 [INFO]   ⏭ CoinDesk: 过滤掉 23 条非近期新闻
2026-09-03 10:00:52 [INFO]   ⏭ Reddit r/bitcoin: 过滤掉 23 条非近期新闻
2026-09-03 10:00:52 [INFO]   ⏭ 宏观经济: 过滤掉 48 条非近期新闻
2026-09-03 10:00:52 [INFO]   ⏭ Blockworks: 过滤掉 5 条非近期新闻
2026-09-03 10:00:52 [INFO]   ⏭ Bitcoin Magazine: 过滤掉 50 条非近期新闻
2026-09-03 10:00:52 [INFO]   ⏭ 律动BlockBeats: 过滤掉 3 条非近期新闻
2026-09-03 10:00:52 [INFO]   ⏭ DL News: 过滤掉 50 条非近期新闻
2026-09-03 10:00:53 [INFO]   ⏭ 雪球加密: 过滤掉 50 条非近期新闻
2026-09-03 10:00:53 [INFO]   ⏭ 吴说区块链: 过滤掉 30 条非近期新闻
2026-09-03 10:00:53 [INFO]   ⏭ DeFi Llama: 过滤掉 50 条非近期新闻
2026-09-03 10:00:53 [INFO]   ⏭ The Block: 过滤掉 50 条非近期新闻
2026-09-03 10:00:53 [INFO]   ⏭ Crypto Twitter: 过滤掉 40 条非近期新闻
2026-09-03 10:01:07 [DEBUG] 请求失败 https://rsshub.rssforever.com/panewslab/news: 
2026-09-03 10:01:07 [DEBUG] 请求失败 https://rsshub.rssforever.com/jinse/lives: 
2026-09-03 10:01:07 [DEBUG] 请求失败 https://rsshub.rssforever.com/bloomberg/crypto: 
2026-09-03 10:01:08 [INFO]   ⏭ PANews: 过滤掉 50 条非近期新闻
2026-09-03 10:01:08 [INFO]   ✓ CoinDesk: 2 条
2026-09-03 10:01:08 [INFO]   ✓ The Block: 0 条
2026-09-03 10:01:08 [INFO]   ✓ Decrypt: 2 条
2026-09-03 10:01:08 [INFO]   ✓ CoinTelegraph: 2 条
2026-09-03 10:01:08 [INFO]   ✓ Bitcoin Magazine: 0 条
2026-09-03 10:01:08 [INFO]   ✓ Blockworks: 0 条
2026-09-03 10:01:08 [INFO]   ✓ DL News: 0 条
2026-09-03 10:01:08 [INFO]   ✓ 金色财经: 0 条
2026-09-03 10:01:08 [INFO]   ✓ PANews: 0 条
2026-09-03 10:01:08 [INFO]   ✓ 律动BlockBeats: 17 条
2026-09-03 10:01:08 [INFO]   ✓ 吴说区块链: 0 条
2026-09-03 10:01:08 [INFO]   ✓ Bloomberg Crypto: 0 条
2026-09-03 10:01:08 [INFO]   ✓ Reuters Crypto: 0 条
2026-09-03 10:01:08 [INFO]   ✓ CNBC Crypto: 1 条
2026-09-03 10:01:08 [INFO]   ✓ Reddit r/cryptocurrency: 0 条
2026-09-03 10:01:08 [INFO]   ✓ Reddit r/bitcoin: 2 条
2026-09-03 10:01:08 [INFO]   ✓ Crypto Twitter: 10 条
2026-09-03 10:01:08 [INFO]   ✓ 宏观经济: 2 条
2026-09-03 10:01:08 [INFO]   ✓ Binance公告: 20 条
2026-09-03 10:01:08 [INFO]   ✓ OKX公告: 0 条
2026-09-03 10:01:08 [INFO]   ✓ Bitget公告: 0 条
2026-09-03 10:01:08 [INFO]   ✓ Whale Alert: 0 条
2026-09-03 10:01:08 [INFO]   ✓ Fear & Greed Index: 1 条
2026-09-03 10:01:08 [INFO]   ✓ DeFi Llama: 0 条
2026-09-03 10:01:08 [INFO]   ✓ 雪球加密: 0 条
2026-09-03 10:01:08 [INFO] 📊 共抓取 59 条新闻
2026-09-03 10:01:08 [INFO] 📋 原始新闻已保存: reports/2026-09-03-18-raw.json (59 条)
2026-09-03 10:01:08 [INFO] 📋 标题摘要已保存: reports/2026-09-03-18-raw-titles.md
2026-09-03 10:01:08 [INFO] ✅ 抓取完成，共 59 条，已保存到 reports/2026-09-03-18-raw.json
2026-09-03 10:01:08 [INFO] 🤖 开始 AI 筛选 2026-09-03 18:00 币圈消息
2026-09-03 10:01:08 [INFO] 📋 已加载原始新闻: reports/2026-09-03-18-raw.json (59 条)
2026-09-03 10:01:08 [INFO] 📚 已加载历史新闻标题（18989 字符）
2026-09-03 10:01:08 [INFO] 📚 已加载历史筛选标题 0 条、URL 0 个，用于去重
2026-09-03 10:01:08 [INFO] 🔄 尝试 AI 提供商: deepseek
2026-09-03 10:01:08 [INFO] 🤖 使用 AI 提供商: deepseek (模型: deepseek-v4-flash)
2026-09-03 10:01:08 [INFO] 🤖 AI 筛选 [[deepseek] 1/6 策略=仅标题+链接 retry=0]（59 条，12305 字符，temp=0.3）
2026-09-03 10:01:09 [ERROR] AI 调用异常 ([deepseek] 1/6 策略=仅标题+链接 retry=0): Error code: 401 - {'error': {'message': 'Authentication Fails, Your api key: ****df0d is invalid', 'type': 'authentication_error', 'param': None, 'code': 'invalid_request_error'}}
2026-09-03 10:01:09 [WARNING] [[deepseek] 1/6 策略=仅标题+链接 retry=0] AI 调用失败或解析失败，继续下一次尝试
2026-09-03 10:01:09 [INFO] 🤖 AI 筛选 [[deepseek] 2/6 策略=仅标题+链接 retry=1]（59 条，12305 字符，temp=0.3）
2026-09-03 10:01:10 [ERROR] AI 调用异常 ([deepseek] 2/6 策略=仅标题+链接 retry=1): Error code: 401 - {'error': {'message': 'Authentication Fails, Your api key: ****df0d is invalid', 'type': 'authentication_error', 'param': None, 'code': 'invalid_request_error'}}
2026-09-03 10:01:10 [WARNING] [[deepseek] 2/6 策略=仅标题+链接 retry=1] AI 调用失败或解析失败，继续下一次尝试
2026-09-03 10:01:10 [INFO] 🤖 AI 筛选 [[deepseek] 3/6 策略=仅标题+链接 retry=2]（59 条，12305 字符，temp=0.3）
2026-09-03 10:01:10 [ERROR] AI 调用异常 ([deepseek] 3/6 策略=仅标题+链接 retry=2): Error code: 401 - {'error': {'message': 'Authentication Fails, Your api key: ****df0d is invalid', 'type': 'authentication_error', 'param': None, 'code': 'invalid_request_error'}}
2026-09-03 10:01:10 [WARNING] [[deepseek] 3/6 策略=仅标题+链接 retry=2] AI 调用失败或解析失败，继续下一次尝试
2026-09-03 10:01:10 [INFO] 🤖 AI 筛选 [[deepseek] 4/6 策略=完整内容 retry=0]（59 条，19294 字符，temp=0.3）
2026-09-03 10:01:10 [ERROR] AI 调用异常 ([deepseek] 4/6 策略=完整内容 retry=0): Error code: 401 - {'error': {'message': 'Authentication Fails, Your api key: ****df0d is invalid', 'type': 'authentication_error', 'param': None, 'code': 'invalid_request_error'}}
2026-09-03 10:01:10 [WARNING] [[deepseek] 4/6 策略=完整内容 retry=0] AI 调用失败或解析失败，继续下一次尝试
2026-09-03 10:01:10 [INFO] 🤖 AI 筛选 [[deepseek] 5/6 策略=完整内容 retry=1]（59 条，19294 字符，temp=0.3）
2026-09-03 10:01:11 [ERROR] AI 调用异常 ([deepseek] 5/6 策略=完整内容 retry=1): Error code: 401 - {'error': {'message': 'Authentication Fails, Your api key: ****df0d is invalid', 'type': 'authentication_error', 'param': None, 'code': 'invalid_request_error'}}
2026-09-03 10:01:11 [WARNING] [[deepseek] 5/6 策略=完整内容 retry=1] AI 调用失败或解析失败，继续下一次尝试
2026-09-03 10:01:11 [INFO] 🤖 AI 筛选 [[deepseek] 6/6 策略=仅标题（无历史） retry=0]（59 条，12305 字符，temp=0.3）
2026-09-03 10:01:11 [ERROR] AI 调用异常 ([deepseek] 6/6 策略=仅标题（无历史） retry=0): Error code: 401 - {'error': {'message': 'Authentication Fails, Your api key: ****df0d is invalid', 'type': 'authentication_error', 'param': None, 'code': 'invalid_request_error'}}
2026-09-03 10:01:11 [WARNING] [[deepseek] 6/6 策略=仅标题（无历史） retry=0] AI 调用失败或解析失败，继续下一次尝试
2026-09-03 10:01:11 [WARNING] [deepseek] 已达最大尝试次数 6，停止
2026-09-03 10:01:11 [INFO] ⚠️ deepseek 未能产出满意结果，尝试下一个提供商
2026-09-03 10:01:11 [INFO] 🔄 尝试 AI 提供商: zhipu
2026-09-03 10:01:11 [ERROR] 未设置环境变量 ZHIPU_API_KEY，无法使用 zhipu
2026-09-03 10:01:11 [INFO] ⚠️ zhipu 未能产出满意结果，尝试下一个提供商
2026-09-03 10:01:11 [INFO] 🔄 尝试 AI 提供商: kimi
2026-09-03 10:01:11 [ERROR] 未设置环境变量 KIMI_API_KEY，无法使用 kimi
2026-09-03 10:01:11 [INFO] ⚠️ kimi 未能产出满意结果，尝试下一个提供商
2026-09-03 10:01:11 [INFO] 🔄 尝试 AI 提供商: huoshan
2026-09-03 10:01:11 [ERROR] 未设置环境变量 HUOSHAN_API_KEY，无法使用 huoshan
2026-09-03 10:01:11 [INFO] ⚠️ huoshan 未能产出满意结果，尝试下一个提供商
2026-09-03 10:01:11 [ERROR] ❌ 所有提供商均失败，返回空列表
2026-09-03 10:01:11 [INFO] 📦 JSON 已保存: reports/2026-09-03-18.json
2026-09-03 10:01:11 [INFO] ✅ AI 筛选完成，共 0 条交易相关消息
2026-09-03 11:00:56 [INFO] 🚀 开始抓取 2026-09-03 19:00 币圈新闻
2026-09-03 11:00:56 [INFO] 📡 抓取 RSS 新闻源...
2026-09-03 11:00:56 [INFO] 📡 抓取交易所公告 & 链上数据...
2026-09-03 11:00:56 [INFO]   ⏭ Decrypt: 过滤掉 37 条非近期新闻
2026-09-03 11:00:56 [INFO]   ⏭ The Block: 过滤掉 20 条非近期新闻
2026-09-03 11:00:56 [INFO]   ⏭ CoinTelegraph: 过滤掉 27 条非近期新闻
2026-09-03 11:00:57 [INFO]   ⏭ Bitcoin Magazine: 过滤掉 10 条非近期新闻
2026-09-03 11:00:57 [INFO]   ⏭ CoinDesk: 过滤掉 21 条非近期新闻
2026-09-03 11:00:57 [INFO]   ⏭ Bloomberg Crypto: 过滤掉 49 条非近期新闻
2026-09-03 11:00:57 [INFO]   ⏭ Reuters Crypto: 过滤掉 49 条非近期新闻
2026-09-03 11:00:57 [INFO]   ⏭ 宏观经济: 过滤掉 49 条非近期新闻
2026-09-03 11:00:57 [INFO]   ⏭ Blockworks: 过滤掉 50 条非近期新闻
2026-09-03 11:00:57 [INFO]   ⏭ CNBC Crypto: 过滤掉 48 条非近期新闻
2026-09-03 11:00:57 [WARNING] 解析失败 Bitget公告: 'NoneType' object is not subscriptable
2026-09-03 11:00:57 [INFO]   ⏭ Reddit r/cryptocurrency: 过滤掉 23 条非近期新闻
2026-09-03 11:00:57 [INFO]   ⏭ DL News: 过滤掉 50 条非近期新闻
2026-09-03 11:00:57 [INFO]   ⏭ Bitcoin Magazine: 过滤掉 50 条非近期新闻
2026-09-03 11:00:57 [INFO]   ⏭ Blockworks: 过滤掉 5 条非近期新闻
2026-09-03 11:00:58 [INFO]   ⏭ 律动BlockBeats: 过滤掉 1 条非近期新闻
2026-09-03 11:00:58 [INFO]   ⏭ DeFi Llama: 过滤掉 50 条非近期新闻
2026-09-03 11:00:58 [INFO]   ⏭ 吴说区块链: 过滤掉 30 条非近期新闻
2026-09-03 11:00:58 [INFO]   ⏭ The Block: 过滤掉 50 条非近期新闻
2026-09-03 11:00:58 [INFO]   ⏭ 雪球加密: 过滤掉 50 条非近期新闻
2026-09-03 11:00:58 [INFO]   ⏭ Crypto Twitter: 过滤掉 38 条非近期新闻
2026-09-03 11:01:12 [DEBUG] 请求失败 https://rsshub.rssforever.com/panewslab/news: 
2026-09-03 11:01:12 [DEBUG] 请求失败 https://rsshub.rssforever.com/jinse/lives: 
2026-09-03 11:01:13 [INFO]   ⏭ PANews: 过滤掉 50 条非近期新闻
2026-09-03 11:01:13 [INFO]   ✓ CoinDesk: 4 条
2026-09-03 11:01:13 [INFO]   ✓ The Block: 0 条
2026-09-03 11:01:13 [INFO]   ✓ Decrypt: 1 条
2026-09-03 11:01:13 [INFO]   ✓ CoinTelegraph: 3 条
2026-09-03 11:01:13 [INFO]   ✓ Bitcoin Magazine: 0 条
2026-09-03 11:01:13 [INFO]   ✓ Blockworks: 0 条
2026-09-03 11:01:13 [INFO]   ✓ DL News: 0 条
2026-09-03 11:01:13 [INFO]   ✓ 金色财经: 0 条
2026-09-03 11:01:13 [INFO]   ✓ PANews: 0 条
2026-09-03 11:01:13 [INFO]   ✓ 律动BlockBeats: 19 条
2026-09-03 11:01:13 [INFO]   ✓ 吴说区块链: 0 条
2026-09-03 11:01:13 [INFO]   ✓ Bloomberg Crypto: 1 条
2026-09-03 11:01:13 [INFO]   ✓ Reuters Crypto: 1 条
2026-09-03 11:01:13 [INFO]   ✓ CNBC Crypto: 2 条
2026-09-03 11:01:13 [INFO]   ✓ Reddit r/cryptocurrency: 2 条
2026-09-03 11:01:13 [INFO]   ✓ Reddit r/bitcoin: 0 条
2026-09-03 11:01:13 [INFO]   ✓ Crypto Twitter: 12 条
2026-09-03 11:01:13 [INFO]   ✓ 宏观经济: 1 条
2026-09-03 11:01:13 [INFO]   ✓ Binance公告: 20 条
2026-09-03 11:01:13 [INFO]   ✓ OKX公告: 0 条
2026-09-03 11:01:13 [INFO]   ✓ Bitget公告: 0 条
2026-09-03 11:01:13 [INFO]   ✓ Whale Alert: 0 条
2026-09-03 11:01:13 [INFO]   ✓ Fear & Greed Index: 1 条
2026-09-03 11:01:13 [INFO]   ✓ DeFi Llama: 0 条
2026-09-03 11:01:13 [INFO]   ✓ 雪球加密: 0 条
2026-09-03 11:01:13 [INFO] 📊 共抓取 67 条新闻
2026-09-03 11:01:13 [INFO] 📋 原始新闻已保存: reports/2026-09-03-19-raw.json (67 条)
2026-09-03 11:01:13 [INFO] 📋 标题摘要已保存: reports/2026-09-03-19-raw-titles.md
2026-09-03 11:01:13 [INFO] ✅ 抓取完成，共 67 条，已保存到 reports/2026-09-03-19-raw.json
2026-09-03 11:01:14 [INFO] 🤖 开始 AI 筛选 2026-09-03 19:00 币圈消息
2026-09-03 11:01:14 [INFO] 📋 已加载原始新闻: reports/2026-09-03-19-raw.json (67 条)
2026-09-03 11:01:14 [INFO] 📚 已加载历史新闻标题（19690 字符）
2026-09-03 11:01:14 [INFO] 📚 已加载历史筛选标题 0 条、URL 0 个，用于去重
2026-09-03 11:01:14 [INFO] 🔄 尝试 AI 提供商: deepseek
2026-09-03 11:01:14 [INFO] 🤖 使用 AI 提供商: deepseek (模型: deepseek-v4-flash)
2026-09-03 11:01:14 [INFO] 🤖 AI 筛选 [[deepseek] 1/6 策略=仅标题+链接 retry=0]（67 条，14763 字符，temp=0.3）
2026-09-03 11:01:15 [ERROR] AI 调用异常 ([deepseek] 1/6 策略=仅标题+链接 retry=0): Error code: 401 - {'error': {'message': 'Authentication Fails, Your api key: ****df0d is invalid', 'type': 'authentication_error', 'param': None, 'code': 'invalid_request_error'}}
2026-09-03 11:01:15 [WARNING] [[deepseek] 1/6 策略=仅标题+链接 retry=0] AI 调用失败或解析失败，继续下一次尝试
2026-09-03 11:01:15 [INFO] 🤖 AI 筛选 [[deepseek] 2/6 策略=仅标题+链接 retry=1]（67 条，14763 字符，temp=0.3）
2026-09-03 11:01:16 [ERROR] AI 调用异常 ([deepseek] 2/6 策略=仅标题+链接 retry=1): Error code: 401 - {'error': {'message': 'Authentication Fails, Your api key: ****df0d is invalid', 'type': 'authentication_error', 'param': None, 'code': 'invalid_request_error'}}
2026-09-03 11:01:16 [WARNING] [[deepseek] 2/6 策略=仅标题+链接 retry=1] AI 调用失败或解析失败，继续下一次尝试
2026-09-03 11:01:16 [INFO] 🤖 AI 筛选 [[deepseek] 3/6 策略=仅标题+链接 retry=2]（67 条，14763 字符，temp=0.3）
2026-09-03 11:01:16 [ERROR] AI 调用异常 ([deepseek] 3/6 策略=仅标题+链接 retry=2): Error code: 401 - {'error': {'message': 'Authentication Fails, Your api key: ****df0d is invalid', 'type': 'authentication_error', 'param': None, 'code': 'invalid_request_error'}}
2026-09-03 11:01:16 [WARNING] [[deepseek] 3/6 策略=仅标题+链接 retry=2] AI 调用失败或解析失败，继续下一次尝试
2026-09-03 11:01:16 [INFO] 🤖 AI 筛选 [[deepseek] 4/6 策略=完整内容 retry=0]（67 条，22505 字符，temp=0.3）
2026-09-03 11:01:17 [ERROR] AI 调用异常 ([deepseek] 4/6 策略=完整内容 retry=0): Error code: 401 - {'error': {'message': 'Authentication Fails, Your api key: ****df0d is invalid', 'type': 'authentication_error', 'param': None, 'code': 'invalid_request_error'}}
2026-09-03 11:01:17 [WARNING] [[deepseek] 4/6 策略=完整内容 retry=0] AI 调用失败或解析失败，继续下一次尝试
2026-09-03 11:01:17 [INFO] 🤖 AI 筛选 [[deepseek] 5/6 策略=完整内容 retry=1]（67 条，22505 字符，temp=0.3）
2026-09-03 11:01:17 [ERROR] AI 调用异常 ([deepseek] 5/6 策略=完整内容 retry=1): Error code: 401 - {'error': {'message': 'Authentication Fails, Your api key: ****df0d is invalid', 'type': 'authentication_error', 'param': None, 'code': 'invalid_request_error'}}
2026-09-03 11:01:17 [WARNING] [[deepseek] 5/6 策略=完整内容 retry=1] AI 调用失败或解析失败，继续下一次尝试
2026-09-03 11:01:17 [INFO] 🤖 AI 筛选 [[deepseek] 6/6 策略=仅标题（无历史） retry=0]（67 条，14763 字符，temp=0.3）
2026-09-03 11:01:18 [ERROR] AI 调用异常 ([deepseek] 6/6 策略=仅标题（无历史） retry=0): Error code: 401 - {'error': {'message': 'Authentication Fails, Your api key: ****df0d is invalid', 'type': 'authentication_error', 'param': None, 'code': 'invalid_request_error'}}
2026-09-03 11:01:18 [WARNING] [[deepseek] 6/6 策略=仅标题（无历史） retry=0] AI 调用失败或解析失败，继续下一次尝试
2026-09-03 11:01:18 [WARNING] [deepseek] 已达最大尝试次数 6，停止
2026-09-03 11:01:18 [INFO] ⚠️ deepseek 未能产出满意结果，尝试下一个提供商
2026-09-03 11:01:18 [INFO] 🔄 尝试 AI 提供商: zhipu
2026-09-03 11:01:18 [ERROR] 未设置环境变量 ZHIPU_API_KEY，无法使用 zhipu
2026-09-03 11:01:18 [INFO] ⚠️ zhipu 未能产出满意结果，尝试下一个提供商
2026-09-03 11:01:18 [INFO] 🔄 尝试 AI 提供商: kimi
2026-09-03 11:01:18 [ERROR] 未设置环境变量 KIMI_API_KEY，无法使用 kimi
2026-09-03 11:01:18 [INFO] ⚠️ kimi 未能产出满意结果，尝试下一个提供商
2026-09-03 11:01:18 [INFO] 🔄 尝试 AI 提供商: huoshan
2026-09-03 11:01:18 [ERROR] 未设置环境变量 HUOSHAN_API_KEY，无法使用 huoshan
2026-09-03 11:01:18 [INFO] ⚠️ huoshan 未能产出满意结果，尝试下一个提供商
2026-09-03 11:01:18 [ERROR] ❌ 所有提供商均失败，返回空列表
2026-09-03 11:01:18 [INFO] 📦 JSON 已保存: reports/2026-09-03-19.json
2026-09-03 11:01:18 [INFO] ✅ AI 筛选完成，共 0 条交易相关消息
