2026-09-20 16:00:53 [INFO] 🚀 开始抓取 2026-09-21 00:00 币圈新闻
2026-09-20 16:00:53 [INFO] 📡 抓取 RSS 新闻源...
2026-09-20 16:00:53 [INFO] 📡 抓取交易所公告 & 链上数据...
2026-09-20 16:00:53 [INFO]   ⏭ Decrypt: 过滤掉 49 条非近期新闻
2026-09-20 16:00:53 [INFO]   ⏭ The Block: 过滤掉 20 条非近期新闻
2026-09-20 16:00:53 [INFO]   ⏭ CoinTelegraph: 过滤掉 30 条非近期新闻
2026-09-20 16:00:53 [INFO]   ⏭ CoinDesk: 过滤掉 24 条非近期新闻
2026-09-20 16:00:53 [INFO]   ⏭ Bloomberg Crypto: 过滤掉 50 条非近期新闻
2026-09-20 16:00:53 [INFO]   ⏭ Bitcoin Magazine: 过滤掉 10 条非近期新闻
2026-09-20 16:00:54 [INFO]   ⏭ Reuters Crypto: 过滤掉 50 条非近期新闻
2026-09-20 16:00:54 [WARNING] 解析失败 Bitget公告: 'NoneType' object is not subscriptable
2026-09-20 16:00:54 [INFO]   ⏭ Blockworks: 过滤掉 50 条非近期新闻
2026-09-20 16:00:54 [INFO]   ⏭ CNBC Crypto: 过滤掉 50 条非近期新闻
2026-09-20 16:00:54 [INFO]   ⏭ 宏观经济: 过滤掉 50 条非近期新闻
2026-09-20 16:00:54 [INFO]   ⏭ Reddit r/cryptocurrency: 过滤掉 24 条非近期新闻
2026-09-20 16:00:54 [INFO]   ⏭ DL News: 过滤掉 50 条非近期新闻
2026-09-20 16:00:54 [INFO]   ⏭ Blockworks: 过滤掉 2 条非近期新闻
2026-09-20 16:00:54 [INFO]   ⏭ 宏观经济: 过滤掉 50 条非近期新闻
2026-09-20 16:00:54 [INFO]   ⏭ Bitcoin Magazine: 过滤掉 50 条非近期新闻
2026-09-20 16:00:54 [INFO]   ⏭ DeFi Llama: 过滤掉 50 条非近期新闻
2026-09-20 16:00:54 [INFO]   ⏭ 吴说区块链: 过滤掉 50 条非近期新闻
2026-09-20 16:00:54 [INFO]   ⏭ Crypto Twitter: 过滤掉 45 条非近期新闻
2026-09-20 16:00:55 [INFO]   ⏭ 雪球加密: 过滤掉 50 条非近期新闻
2026-09-20 16:00:55 [INFO]   ⏭ The Block: 过滤掉 50 条非近期新闻
2026-09-20 16:01:09 [DEBUG] 请求失败 https://rsshub.rssforever.com/jinse/lives: 
2026-09-20 16:01:09 [DEBUG] 请求失败 https://rsshub.rssforever.com/panewslab/news: 
2026-09-20 16:01:09 [DEBUG] 请求失败 https://rsshub.rssforever.com/theblockbeats/newsflash: 
2026-09-20 16:01:09 [DEBUG] 请求失败 https://rsshub.rssforever.com/cointelegraph: 
2026-09-20 16:01:09 [DEBUG] 请求失败 https://rsshub.rssforever.com/bloomberg/crypto: 
2026-09-20 16:01:09 [INFO]   ⏭ 律动BlockBeats: 过滤掉 50 条非近期新闻
2026-09-20 16:01:09 [INFO]   ⏭ CoinTelegraph: 过滤掉 50 条非近期新闻
2026-09-20 16:01:09 [INFO]   ⏭ PANews: 过滤掉 50 条非近期新闻
2026-09-20 16:01:09 [INFO]   ✓ CoinDesk: 1 条
2026-09-20 16:01:09 [INFO]   ✓ The Block: 0 条
2026-09-20 16:01:09 [INFO]   ✓ Decrypt: 1 条
2026-09-20 16:01:09 [INFO]   ✓ CoinTelegraph: 0 条
2026-09-20 16:01:09 [INFO]   ✓ Bitcoin Magazine: 0 条
2026-09-20 16:01:09 [INFO]   ✓ Blockworks: 0 条
2026-09-20 16:01:09 [INFO]   ✓ DL News: 0 条
2026-09-20 16:01:09 [INFO]   ✓ 金色财经: 0 条
2026-09-20 16:01:09 [INFO]   ✓ PANews: 0 条
2026-09-20 16:01:09 [INFO]   ✓ 律动BlockBeats: 0 条
2026-09-20 16:01:09 [INFO]   ✓ 吴说区块链: 0 条
2026-09-20 16:01:09 [INFO]   ✓ Bloomberg Crypto: 0 条
2026-09-20 16:01:09 [INFO]   ✓ Reuters Crypto: 0 条
2026-09-20 16:01:09 [INFO]   ✓ CNBC Crypto: 0 条
2026-09-20 16:01:09 [INFO]   ✓ Reddit r/cryptocurrency: 1 条
2026-09-20 16:01:09 [INFO]   ✓ Reddit r/bitcoin: 0 条
2026-09-20 16:01:09 [INFO]   ✓ Crypto Twitter: 5 条
2026-09-20 16:01:09 [INFO]   ✓ 宏观经济: 0 条
2026-09-20 16:01:09 [INFO]   ✓ Binance公告: 20 条
2026-09-20 16:01:09 [INFO]   ✓ OKX公告: 0 条
2026-09-20 16:01:09 [INFO]   ✓ Bitget公告: 0 条
2026-09-20 16:01:09 [INFO]   ✓ Whale Alert: 0 条
2026-09-20 16:01:09 [INFO]   ✓ Fear & Greed Index: 1 条
2026-09-20 16:01:09 [INFO]   ✓ DeFi Llama: 0 条
2026-09-20 16:01:09 [INFO]   ✓ 雪球加密: 0 条
2026-09-20 16:01:09 [INFO] 📊 共抓取 29 条新闻
2026-09-20 16:01:09 [INFO] 📋 原始新闻已保存: reports/2026-09-21-00-raw.json (29 条)
2026-09-20 16:01:09 [INFO] 📋 标题摘要已保存: reports/2026-09-21-00-raw-titles.md
2026-09-20 16:01:09 [INFO] ✅ 抓取完成，共 29 条，已保存到 reports/2026-09-21-00-raw.json
2026-09-20 16:01:10 [INFO] 🤖 开始 AI 筛选 2026-09-21 00:00 币圈消息
2026-09-20 16:01:10 [INFO] 📋 已加载原始新闻: reports/2026-09-21-00-raw.json (29 条)
2026-09-20 16:01:10 [INFO] 📚 已加载历史新闻标题（19362 字符）
2026-09-20 16:01:10 [INFO] 📚 已加载历史筛选标题 0 条、URL 0 个，用于去重
2026-09-20 16:01:10 [INFO] 🔄 尝试 AI 提供商: deepseek
2026-09-20 16:01:10 [INFO] 🤖 使用 AI 提供商: deepseek (模型: deepseek-v4-flash)
2026-09-20 16:01:10 [INFO] 🤖 AI 筛选 [[deepseek] 1/6 策略=仅标题+链接 retry=0]（29 条，6408 字符，temp=0.3）
2026-09-20 16:01:11 [ERROR] AI 调用异常 ([deepseek] 1/6 策略=仅标题+链接 retry=0): Error code: 401 - {'error': {'message': 'Authentication Fails, Your api key: ****df0d is invalid', 'type': 'authentication_error', 'param': None, 'code': 'invalid_request_error'}}
2026-09-20 16:01:11 [WARNING] [[deepseek] 1/6 策略=仅标题+链接 retry=0] AI 调用失败或解析失败，继续下一次尝试
2026-09-20 16:01:11 [INFO] 🤖 AI 筛选 [[deepseek] 2/6 策略=仅标题+链接 retry=1]（29 条，6408 字符，temp=0.3）
2026-09-20 16:01:11 [ERROR] AI 调用异常 ([deepseek] 2/6 策略=仅标题+链接 retry=1): Error code: 401 - {'error': {'message': 'Authentication Fails, Your api key: ****df0d is invalid', 'type': 'authentication_error', 'param': None, 'code': 'invalid_request_error'}}
2026-09-20 16:01:11 [WARNING] [[deepseek] 2/6 策略=仅标题+链接 retry=1] AI 调用失败或解析失败，继续下一次尝试
2026-09-20 16:01:11 [INFO] 🤖 AI 筛选 [[deepseek] 3/6 策略=仅标题+链接 retry=2]（29 条，6408 字符，temp=0.3）
2026-09-20 16:01:11 [ERROR] AI 调用异常 ([deepseek] 3/6 策略=仅标题+链接 retry=2): Error code: 401 - {'error': {'message': 'Authentication Fails, Your api key: ****df0d is invalid', 'type': 'authentication_error', 'param': None, 'code': 'invalid_request_error'}}
2026-09-20 16:01:11 [WARNING] [[deepseek] 3/6 策略=仅标题+链接 retry=2] AI 调用失败或解析失败，继续下一次尝试
2026-09-20 16:01:11 [INFO] 🤖 AI 筛选 [[deepseek] 4/6 策略=完整内容 retry=0]（29 条，9032 字符，temp=0.3）
2026-09-20 16:01:12 [ERROR] AI 调用异常 ([deepseek] 4/6 策略=完整内容 retry=0): Error code: 401 - {'error': {'message': 'Authentication Fails, Your api key: ****df0d is invalid', 'type': 'authentication_error', 'param': None, 'code': 'invalid_request_error'}}
2026-09-20 16:01:12 [WARNING] [[deepseek] 4/6 策略=完整内容 retry=0] AI 调用失败或解析失败，继续下一次尝试
2026-09-20 16:01:12 [INFO] 🤖 AI 筛选 [[deepseek] 5/6 策略=完整内容 retry=1]（29 条，9032 字符，temp=0.3）
2026-09-20 16:01:12 [ERROR] AI 调用异常 ([deepseek] 5/6 策略=完整内容 retry=1): Error code: 401 - {'error': {'message': 'Authentication Fails, Your api key: ****df0d is invalid', 'type': 'authentication_error', 'param': None, 'code': 'invalid_request_error'}}
2026-09-20 16:01:12 [WARNING] [[deepseek] 5/6 策略=完整内容 retry=1] AI 调用失败或解析失败，继续下一次尝试
2026-09-20 16:01:12 [INFO] 🤖 AI 筛选 [[deepseek] 6/6 策略=仅标题（无历史） retry=0]（29 条，6408 字符，temp=0.3）
2026-09-20 16:01:13 [ERROR] AI 调用异常 ([deepseek] 6/6 策略=仅标题（无历史） retry=0): Error code: 401 - {'error': {'message': 'Authentication Fails, Your api key: ****df0d is invalid', 'type': 'authentication_error', 'param': None, 'code': 'invalid_request_error'}}
2026-09-20 16:01:13 [WARNING] [[deepseek] 6/6 策略=仅标题（无历史） retry=0] AI 调用失败或解析失败，继续下一次尝试
2026-09-20 16:01:13 [WARNING] [deepseek] 已达最大尝试次数 6，停止
2026-09-20 16:01:13 [INFO] ⚠️ deepseek 未能产出满意结果，尝试下一个提供商
2026-09-20 16:01:13 [INFO] 🔄 尝试 AI 提供商: zhipu
2026-09-20 16:01:13 [ERROR] 未设置环境变量 ZHIPU_API_KEY，无法使用 zhipu
2026-09-20 16:01:13 [INFO] ⚠️ zhipu 未能产出满意结果，尝试下一个提供商
2026-09-20 16:01:13 [INFO] 🔄 尝试 AI 提供商: kimi
2026-09-20 16:01:13 [ERROR] 未设置环境变量 KIMI_API_KEY，无法使用 kimi
2026-09-20 16:01:13 [INFO] ⚠️ kimi 未能产出满意结果，尝试下一个提供商
2026-09-20 16:01:13 [INFO] 🔄 尝试 AI 提供商: huoshan
2026-09-20 16:01:13 [ERROR] 未设置环境变量 HUOSHAN_API_KEY，无法使用 huoshan
2026-09-20 16:01:13 [INFO] ⚠️ huoshan 未能产出满意结果，尝试下一个提供商
2026-09-20 16:01:13 [ERROR] ❌ 所有提供商均失败，返回空列表
2026-09-20 16:01:13 [INFO] 📦 JSON 已保存: reports/2026-09-21-00.json
2026-09-20 16:01:13 [INFO] ✅ AI 筛选完成，共 0 条交易相关消息
2026-09-20 17:00:56 [INFO] 🚀 开始抓取 2026-09-21 01:00 币圈新闻
2026-09-20 17:00:56 [INFO] 📡 抓取 RSS 新闻源...
2026-09-20 17:00:56 [INFO] 📡 抓取交易所公告 & 链上数据...
2026-09-20 17:00:56 [INFO]   ⏭ CoinTelegraph: 过滤掉 30 条非近期新闻
2026-09-20 17:00:56 [INFO]   ⏭ Decrypt: 过滤掉 35 条非近期新闻
2026-09-20 17:00:56 [INFO]   ⏭ The Block: 过滤掉 19 条非近期新闻
2026-09-20 17:00:57 [INFO]   ⏭ CoinDesk: 过滤掉 25 条非近期新闻
2026-09-20 17:00:57 [WARNING] 解析失败 Bitget公告: 'NoneType' object is not subscriptable
2026-09-20 17:00:57 [INFO]   ⏭ Bloomberg Crypto: 过滤掉 50 条非近期新闻
2026-09-20 17:00:57 [INFO]   ⏭ Reuters Crypto: 过滤掉 50 条非近期新闻
2026-09-20 17:00:57 [INFO]   ⏭ Bitcoin Magazine: 过滤掉 10 条非近期新闻
2026-09-20 17:00:57 [INFO]   ⏭ CNBC Crypto: 过滤掉 50 条非近期新闻
2026-09-20 17:00:57 [INFO]   ⏭ 宏观经济: 过滤掉 49 条非近期新闻
2026-09-20 17:00:57 [INFO]   ⏭ Reddit r/cryptocurrency: 过滤掉 23 条非近期新闻
2026-09-20 17:00:57 [INFO]   ⏭ 雪球加密: 过滤掉 50 条非近期新闻
2026-09-20 17:00:57 [INFO]   ⏭ DeFi Llama: 过滤掉 50 条非近期新闻
2026-09-20 17:00:57 [INFO]   ⏭ Blockworks: 过滤掉 50 条非近期新闻
2026-09-20 17:00:57 [INFO]   ⏭ 吴说区块链: 过滤掉 50 条非近期新闻
2026-09-20 17:00:57 [INFO]   ⏭ CoinDesk: 过滤掉 50 条非近期新闻
2026-09-20 17:00:57 [INFO]   ⏭ DL News: 过滤掉 50 条非近期新闻
2026-09-20 17:00:57 [INFO]   ⏭ Blockworks: 过滤掉 2 条非近期新闻
2026-09-20 17:00:57 [INFO]   ⏭ Bitcoin Magazine: 过滤掉 50 条非近期新闻
2026-09-20 17:00:57 [INFO]   ⏭ Crypto Twitter: 过滤掉 46 条非近期新闻
2026-09-20 17:01:12 [DEBUG] 请求失败 https://rsshub.rssforever.com/jinse/lives: 
2026-09-20 17:01:12 [DEBUG] 请求失败 https://rsshub.rssforever.com/theblockbeats/newsflash: 
2026-09-20 17:01:12 [DEBUG] 请求失败 https://rsshub.rssforever.com/panewslab/news: 
2026-09-20 17:01:12 [DEBUG] 请求失败 https://rsshub.rssforever.com/cointelegraph: 
2026-09-20 17:01:12 [DEBUG] 请求失败 https://rsshub.rssforever.com/bloomberg/crypto: 
2026-09-20 17:01:12 [INFO]   ⏭ CoinTelegraph: 过滤掉 50 条非近期新闻
2026-09-20 17:01:12 [INFO]   ⏭ PANews: 过滤掉 50 条非近期新闻
2026-09-20 17:01:12 [INFO]   ⏭ 律动BlockBeats: 过滤掉 50 条非近期新闻
2026-09-20 17:01:12 [INFO]   ✓ CoinDesk: 0 条
2026-09-20 17:01:12 [INFO]   ✓ The Block: 1 条
2026-09-20 17:01:12 [INFO]   ✓ Decrypt: 1 条
2026-09-20 17:01:12 [INFO]   ✓ CoinTelegraph: 0 条
2026-09-20 17:01:12 [INFO]   ✓ Bitcoin Magazine: 0 条
2026-09-20 17:01:12 [INFO]   ✓ Blockworks: 0 条
2026-09-20 17:01:12 [INFO]   ✓ DL News: 0 条
2026-09-20 17:01:12 [INFO]   ✓ 金色财经: 0 条
2026-09-20 17:01:12 [INFO]   ✓ PANews: 0 条
2026-09-20 17:01:12 [INFO]   ✓ 律动BlockBeats: 0 条
2026-09-20 17:01:12 [INFO]   ✓ 吴说区块链: 0 条
2026-09-20 17:01:12 [INFO]   ✓ Bloomberg Crypto: 0 条
2026-09-20 17:01:12 [INFO]   ✓ Reuters Crypto: 0 条
2026-09-20 17:01:12 [INFO]   ✓ CNBC Crypto: 0 条
2026-09-20 17:01:12 [INFO]   ✓ Reddit r/cryptocurrency: 2 条
2026-09-20 17:01:12 [INFO]   ✓ Reddit r/bitcoin: 0 条
2026-09-20 17:01:12 [INFO]   ✓ Crypto Twitter: 4 条
2026-09-20 17:01:12 [INFO]   ✓ 宏观经济: 1 条
2026-09-20 17:01:12 [INFO]   ✓ Binance公告: 20 条
2026-09-20 17:01:12 [INFO]   ✓ OKX公告: 0 条
2026-09-20 17:01:12 [INFO]   ✓ Bitget公告: 0 条
2026-09-20 17:01:12 [INFO]   ✓ Whale Alert: 0 条
2026-09-20 17:01:12 [INFO]   ✓ Fear & Greed Index: 1 条
2026-09-20 17:01:12 [INFO]   ✓ DeFi Llama: 0 条
2026-09-20 17:01:12 [INFO]   ✓ 雪球加密: 0 条
2026-09-20 17:01:12 [INFO] 📊 共抓取 30 条新闻
2026-09-20 17:01:12 [INFO] 📋 原始新闻已保存: reports/2026-09-21-01-raw.json (30 条)
2026-09-20 17:01:12 [INFO] 📋 标题摘要已保存: reports/2026-09-21-01-raw-titles.md
2026-09-20 17:01:12 [INFO] ✅ 抓取完成，共 30 条，已保存到 reports/2026-09-21-01-raw.json
2026-09-20 17:01:13 [INFO] 🤖 开始 AI 筛选 2026-09-21 01:00 币圈消息
2026-09-20 17:01:13 [INFO] 📋 已加载原始新闻: reports/2026-09-21-01-raw.json (30 条)
2026-09-20 17:01:13 [INFO] 📚 已加载历史新闻标题（19080 字符）
2026-09-20 17:01:13 [INFO] 📚 已加载历史筛选标题 0 条、URL 0 个，用于去重
2026-09-20 17:01:13 [INFO] 🔄 尝试 AI 提供商: deepseek
2026-09-20 17:01:13 [INFO] 🤖 使用 AI 提供商: deepseek (模型: deepseek-v4-flash)
2026-09-20 17:01:13 [INFO] 🤖 AI 筛选 [[deepseek] 1/6 策略=仅标题+链接 retry=0]（30 条，6551 字符，temp=0.3）
2026-09-20 17:01:13 [ERROR] AI 调用异常 ([deepseek] 1/6 策略=仅标题+链接 retry=0): Error code: 401 - {'error': {'message': 'Authentication Fails, Your api key: ****df0d is invalid', 'type': 'authentication_error', 'param': None, 'code': 'invalid_request_error'}}
2026-09-20 17:01:13 [WARNING] [[deepseek] 1/6 策略=仅标题+链接 retry=0] AI 调用失败或解析失败，继续下一次尝试
2026-09-20 17:01:13 [INFO] 🤖 AI 筛选 [[deepseek] 2/6 策略=仅标题+链接 retry=1]（30 条，6551 字符，temp=0.3）
2026-09-20 17:01:14 [ERROR] AI 调用异常 ([deepseek] 2/6 策略=仅标题+链接 retry=1): Error code: 401 - {'error': {'message': 'Authentication Fails, Your api key: ****df0d is invalid', 'type': 'authentication_error', 'param': None, 'code': 'invalid_request_error'}}
2026-09-20 17:01:14 [WARNING] [[deepseek] 2/6 策略=仅标题+链接 retry=1] AI 调用失败或解析失败，继续下一次尝试
2026-09-20 17:01:14 [INFO] 🤖 AI 筛选 [[deepseek] 3/6 策略=仅标题+链接 retry=2]（30 条，6551 字符，temp=0.3）
2026-09-20 17:01:14 [ERROR] AI 调用异常 ([deepseek] 3/6 策略=仅标题+链接 retry=2): Error code: 401 - {'error': {'message': 'Authentication Fails, Your api key: ****df0d is invalid', 'type': 'authentication_error', 'param': None, 'code': 'invalid_request_error'}}
2026-09-20 17:01:14 [WARNING] [[deepseek] 3/6 策略=仅标题+链接 retry=2] AI 调用失败或解析失败，继续下一次尝试
2026-09-20 17:01:14 [INFO] 🤖 AI 筛选 [[deepseek] 4/6 策略=完整内容 retry=0]（30 条，9344 字符，temp=0.3）
2026-09-20 17:01:14 [ERROR] AI 调用异常 ([deepseek] 4/6 策略=完整内容 retry=0): Error code: 401 - {'error': {'message': 'Authentication Fails, Your api key: ****df0d is invalid', 'type': 'authentication_error', 'param': None, 'code': 'invalid_request_error'}}
2026-09-20 17:01:14 [WARNING] [[deepseek] 4/6 策略=完整内容 retry=0] AI 调用失败或解析失败，继续下一次尝试
2026-09-20 17:01:14 [INFO] 🤖 AI 筛选 [[deepseek] 5/6 策略=完整内容 retry=1]（30 条，9344 字符，temp=0.3）
2026-09-20 17:01:15 [ERROR] AI 调用异常 ([deepseek] 5/6 策略=完整内容 retry=1): Error code: 401 - {'error': {'message': 'Authentication Fails, Your api key: ****df0d is invalid', 'type': 'authentication_error', 'param': None, 'code': 'invalid_request_error'}}
2026-09-20 17:01:15 [WARNING] [[deepseek] 5/6 策略=完整内容 retry=1] AI 调用失败或解析失败，继续下一次尝试
2026-09-20 17:01:15 [INFO] 🤖 AI 筛选 [[deepseek] 6/6 策略=仅标题（无历史） retry=0]（30 条，6551 字符，temp=0.3）
2026-09-20 17:01:15 [ERROR] AI 调用异常 ([deepseek] 6/6 策略=仅标题（无历史） retry=0): Error code: 401 - {'error': {'message': 'Authentication Fails, Your api key: ****df0d is invalid', 'type': 'authentication_error', 'param': None, 'code': 'invalid_request_error'}}
2026-09-20 17:01:15 [WARNING] [[deepseek] 6/6 策略=仅标题（无历史） retry=0] AI 调用失败或解析失败，继续下一次尝试
2026-09-20 17:01:15 [WARNING] [deepseek] 已达最大尝试次数 6，停止
2026-09-20 17:01:15 [INFO] ⚠️ deepseek 未能产出满意结果，尝试下一个提供商
2026-09-20 17:01:15 [INFO] 🔄 尝试 AI 提供商: zhipu
2026-09-20 17:01:15 [ERROR] 未设置环境变量 ZHIPU_API_KEY，无法使用 zhipu
2026-09-20 17:01:15 [INFO] ⚠️ zhipu 未能产出满意结果，尝试下一个提供商
2026-09-20 17:01:15 [INFO] 🔄 尝试 AI 提供商: kimi
2026-09-20 17:01:15 [ERROR] 未设置环境变量 KIMI_API_KEY，无法使用 kimi
2026-09-20 17:01:15 [INFO] ⚠️ kimi 未能产出满意结果，尝试下一个提供商
2026-09-20 17:01:15 [INFO] 🔄 尝试 AI 提供商: huoshan
2026-09-20 17:01:15 [ERROR] 未设置环境变量 HUOSHAN_API_KEY，无法使用 huoshan
2026-09-20 17:01:15 [INFO] ⚠️ huoshan 未能产出满意结果，尝试下一个提供商
2026-09-20 17:01:15 [ERROR] ❌ 所有提供商均失败，返回空列表
2026-09-20 17:01:15 [INFO] 📦 JSON 已保存: reports/2026-09-21-01.json
2026-09-20 17:01:15 [INFO] ✅ AI 筛选完成，共 0 条交易相关消息
2026-09-20 18:00:49 [INFO] 🚀 开始抓取 2026-09-21 02:00 币圈新闻
2026-09-20 18:00:49 [INFO] 📡 抓取 RSS 新闻源...
2026-09-20 18:00:49 [INFO] 📡 抓取交易所公告 & 链上数据...
2026-09-20 18:00:49 [INFO]   ⏭ The Block: 过滤掉 19 条非近期新闻
2026-09-20 18:00:49 [INFO]   ⏭ Decrypt: 过滤掉 35 条非近期新闻
2026-09-20 18:00:49 [INFO]   ⏭ CoinTelegraph: 过滤掉 30 条非近期新闻
2026-09-20 18:00:49 [INFO]   ⏭ CoinDesk: 过滤掉 25 条非近期新闻
2026-09-20 18:00:49 [INFO]   ⏭ Bitcoin Magazine: 过滤掉 10 条非近期新闻
2026-09-20 18:00:49 [WARNING] 解析失败 Bitget公告: 'NoneType' object is not subscriptable
2026-09-20 18:00:49 [INFO]   ⏭ Bloomberg Crypto: 过滤掉 50 条非近期新闻
2026-09-20 18:00:49 [INFO]   ⏭ Reuters Crypto: 过滤掉 50 条非近期新闻
2026-09-20 18:00:49 [INFO]   ⏭ Blockworks: 过滤掉 50 条非近期新闻
2026-09-20 18:00:49 [INFO]   ⏭ CNBC Crypto: 过滤掉 48 条非近期新闻
2026-09-20 18:00:49 [INFO]   ⏭ 宏观经济: 过滤掉 48 条非近期新闻
2026-09-20 18:00:49 [INFO]   ⏭ Reddit r/bitcoin: 过滤掉 21 条非近期新闻
2026-09-20 18:00:49 [INFO]   ⏭ 金色财经: 过滤掉 4 条非近期新闻
2026-09-20 18:00:50 [INFO]   ⏭ DL News: 过滤掉 50 条非近期新闻
2026-09-20 18:00:50 [INFO]   ⏭ 律动BlockBeats: 过滤掉 20 条非近期新闻
2026-09-20 18:00:50 [INFO]   ⏭ Blockworks: 过滤掉 2 条非近期新闻
2026-09-20 18:00:50 [INFO]   ⏭ CoinTelegraph: 过滤掉 24 条非近期新闻
2026-09-20 18:00:50 [INFO]   ⏭ DeFi Llama: 过滤掉 50 条非近期新闻
2026-09-20 18:00:50 [INFO]   ⏭ Bitcoin Magazine: 过滤掉 50 条非近期新闻
2026-09-20 18:00:50 [INFO]   ⏭ 吴说区块链: 过滤掉 50 条非近期新闻
2026-09-20 18:00:50 [INFO]   ⏭ Crypto Twitter: 过滤掉 47 条非近期新闻
2026-09-20 18:00:50 [INFO]   ⏭ CoinTelegraph: 过滤掉 50 条非近期新闻
2026-09-20 18:00:50 [INFO]   ⏭ CoinDesk: 过滤掉 50 条非近期新闻
2026-09-20 18:00:50 [INFO]   ⏭ 雪球加密: 过滤掉 50 条非近期新闻
2026-09-20 18:00:50 [INFO]   ⏭ 律动BlockBeats: 过滤掉 50 条非近期新闻
2026-09-20 18:00:58 [INFO]   ⏭ PANews: 过滤掉 50 条非近期新闻
2026-09-20 18:00:58 [INFO]   ✓ CoinDesk: 0 条
2026-09-20 18:00:58 [INFO]   ✓ The Block: 1 条
2026-09-20 18:00:58 [INFO]   ✓ Decrypt: 1 条
2026-09-20 18:00:58 [INFO]   ✓ CoinTelegraph: 0 条
2026-09-20 18:00:58 [INFO]   ✓ Bitcoin Magazine: 0 条
2026-09-20 18:00:58 [INFO]   ✓ Blockworks: 0 条
2026-09-20 18:00:58 [INFO]   ✓ DL News: 0 条
2026-09-20 18:00:58 [INFO]   ✓ 金色财经: 16 条
2026-09-20 18:00:58 [INFO]   ✓ PANews: 0 条
2026-09-20 18:00:58 [INFO]   ✓ 律动BlockBeats: 0 条
2026-09-20 18:00:58 [INFO]   ✓ 吴说区块链: 0 条
2026-09-20 18:00:58 [INFO]   ✓ Bloomberg Crypto: 0 条
2026-09-20 18:00:58 [INFO]   ✓ Reuters Crypto: 0 条
2026-09-20 18:00:58 [INFO]   ✓ CNBC Crypto: 2 条
2026-09-20 18:00:58 [INFO]   ✓ Reddit r/cryptocurrency: 0 条
2026-09-20 18:00:58 [INFO]   ✓ Reddit r/bitcoin: 4 条
2026-09-20 18:00:58 [INFO]   ✓ Crypto Twitter: 3 条
2026-09-20 18:00:58 [INFO]   ✓ 宏观经济: 2 条
2026-09-20 18:00:58 [INFO]   ✓ Binance公告: 20 条
2026-09-20 18:00:58 [INFO]   ✓ OKX公告: 0 条
2026-09-20 18:00:58 [INFO]   ✓ Bitget公告: 0 条
2026-09-20 18:00:58 [INFO]   ✓ Whale Alert: 0 条
2026-09-20 18:00:58 [INFO]   ✓ Fear & Greed Index: 1 条
2026-09-20 18:00:58 [INFO]   ✓ DeFi Llama: 0 条
2026-09-20 18:00:58 [INFO]   ✓ 雪球加密: 0 条
2026-09-20 18:00:58 [INFO] 📊 共抓取 50 条新闻
2026-09-20 18:00:58 [INFO] 📋 原始新闻已保存: reports/2026-09-21-02-raw.json (50 条)
2026-09-20 18:00:58 [INFO] 📋 标题摘要已保存: reports/2026-09-21-02-raw-titles.md
2026-09-20 18:00:58 [INFO] ✅ 抓取完成，共 50 条，已保存到 reports/2026-09-21-02-raw.json
2026-09-20 18:00:58 [INFO] 🤖 开始 AI 筛选 2026-09-21 02:00 币圈消息
2026-09-20 18:00:58 [INFO] 📋 已加载原始新闻: reports/2026-09-21-02-raw.json (50 条)
2026-09-20 18:00:58 [INFO] 📚 已加载历史新闻标题（19303 字符）
2026-09-20 18:00:58 [INFO] 📚 已加载历史筛选标题 0 条、URL 0 个，用于去重
2026-09-20 18:00:58 [INFO] 🔄 尝试 AI 提供商: deepseek
2026-09-20 18:00:58 [INFO] 🤖 使用 AI 提供商: deepseek (模型: deepseek-v4-flash)
2026-09-20 18:00:58 [INFO] 🤖 AI 筛选 [[deepseek] 1/6 策略=仅标题+链接 retry=0]（50 条，8764 字符，temp=0.3）
2026-09-20 18:00:59 [ERROR] AI 调用异常 ([deepseek] 1/6 策略=仅标题+链接 retry=0): Error code: 401 - {'error': {'message': 'Authentication Fails, Your api key: ****df0d is invalid', 'type': 'authentication_error', 'param': None, 'code': 'invalid_request_error'}}
2026-09-20 18:00:59 [WARNING] [[deepseek] 1/6 策略=仅标题+链接 retry=0] AI 调用失败或解析失败，继续下一次尝试
2026-09-20 18:00:59 [INFO] 🤖 AI 筛选 [[deepseek] 2/6 策略=仅标题+链接 retry=1]（50 条，8764 字符，temp=0.3）
2026-09-20 18:00:59 [ERROR] AI 调用异常 ([deepseek] 2/6 策略=仅标题+链接 retry=1): Error code: 401 - {'error': {'message': 'Authentication Fails, Your api key: ****df0d is invalid', 'type': 'authentication_error', 'param': None, 'code': 'invalid_request_error'}}
2026-09-20 18:00:59 [WARNING] [[deepseek] 2/6 策略=仅标题+链接 retry=1] AI 调用失败或解析失败，继续下一次尝试
2026-09-20 18:00:59 [INFO] 🤖 AI 筛选 [[deepseek] 3/6 策略=仅标题+链接 retry=2]（50 条，8764 字符，temp=0.3）
2026-09-20 18:01:00 [ERROR] AI 调用异常 ([deepseek] 3/6 策略=仅标题+链接 retry=2): Error code: 401 - {'error': {'message': 'Authentication Fails, Your api key: ****df0d is invalid', 'type': 'authentication_error', 'param': None, 'code': 'invalid_request_error'}}
2026-09-20 18:01:00 [WARNING] [[deepseek] 3/6 策略=仅标题+链接 retry=2] AI 调用失败或解析失败，继续下一次尝试
2026-09-20 18:01:00 [INFO] 🤖 AI 筛选 [[deepseek] 4/6 策略=完整内容 retry=0]（50 条，14595 字符，temp=0.3）
2026-09-20 18:01:00 [ERROR] AI 调用异常 ([deepseek] 4/6 策略=完整内容 retry=0): Error code: 401 - {'error': {'message': 'Authentication Fails, Your api key: ****df0d is invalid', 'type': 'authentication_error', 'param': None, 'code': 'invalid_request_error'}}
2026-09-20 18:01:00 [WARNING] [[deepseek] 4/6 策略=完整内容 retry=0] AI 调用失败或解析失败，继续下一次尝试
2026-09-20 18:01:00 [INFO] 🤖 AI 筛选 [[deepseek] 5/6 策略=完整内容 retry=1]（50 条，14595 字符，temp=0.3）
2026-09-20 18:01:01 [ERROR] AI 调用异常 ([deepseek] 5/6 策略=完整内容 retry=1): Error code: 401 - {'error': {'message': 'Authentication Fails, Your api key: ****df0d is invalid', 'type': 'authentication_error', 'param': None, 'code': 'invalid_request_error'}}
2026-09-20 18:01:01 [WARNING] [[deepseek] 5/6 策略=完整内容 retry=1] AI 调用失败或解析失败，继续下一次尝试
2026-09-20 18:01:01 [INFO] 🤖 AI 筛选 [[deepseek] 6/6 策略=仅标题（无历史） retry=0]（50 条，8764 字符，temp=0.3）
2026-09-20 18:01:01 [ERROR] AI 调用异常 ([deepseek] 6/6 策略=仅标题（无历史） retry=0): Error code: 401 - {'error': {'message': 'Authentication Fails, Your api key: ****df0d is invalid', 'type': 'authentication_error', 'param': None, 'code': 'invalid_request_error'}}
2026-09-20 18:01:01 [WARNING] [[deepseek] 6/6 策略=仅标题（无历史） retry=0] AI 调用失败或解析失败，继续下一次尝试
2026-09-20 18:01:01 [WARNING] [deepseek] 已达最大尝试次数 6，停止
2026-09-20 18:01:01 [INFO] ⚠️ deepseek 未能产出满意结果，尝试下一个提供商
2026-09-20 18:01:01 [INFO] 🔄 尝试 AI 提供商: zhipu
2026-09-20 18:01:01 [ERROR] 未设置环境变量 ZHIPU_API_KEY，无法使用 zhipu
2026-09-20 18:01:01 [INFO] ⚠️ zhipu 未能产出满意结果，尝试下一个提供商
2026-09-20 18:01:01 [INFO] 🔄 尝试 AI 提供商: kimi
2026-09-20 18:01:01 [ERROR] 未设置环境变量 KIMI_API_KEY，无法使用 kimi
2026-09-20 18:01:01 [INFO] ⚠️ kimi 未能产出满意结果，尝试下一个提供商
2026-09-20 18:01:01 [INFO] 🔄 尝试 AI 提供商: huoshan
2026-09-20 18:01:01 [ERROR] 未设置环境变量 HUOSHAN_API_KEY，无法使用 huoshan
2026-09-20 18:01:01 [INFO] ⚠️ huoshan 未能产出满意结果，尝试下一个提供商
2026-09-20 18:01:01 [ERROR] ❌ 所有提供商均失败，返回空列表
2026-09-20 18:01:01 [INFO] 📦 JSON 已保存: reports/2026-09-21-02.json
2026-09-20 18:01:01 [INFO] ✅ AI 筛选完成，共 0 条交易相关消息
2026-09-20 19:00:49 [INFO] 🚀 开始抓取 2026-09-21 03:00 币圈新闻
2026-09-20 19:00:49 [INFO] 📡 抓取 RSS 新闻源...
2026-09-20 19:00:49 [INFO] 📡 抓取交易所公告 & 链上数据...
2026-09-20 19:00:49 [INFO]   ⏭ CoinTelegraph: 过滤掉 30 条非近期新闻
2026-09-20 19:00:49 [INFO]   ⏭ Decrypt: 过滤掉 36 条非近期新闻
2026-09-20 19:00:49 [INFO]   ⏭ The Block: 过滤掉 20 条非近期新闻
2026-09-20 19:00:50 [INFO]   ⏭ Bitcoin Magazine: 过滤掉 10 条非近期新闻
2026-09-20 19:00:50 [INFO]   ⏭ CoinDesk: 过滤掉 25 条非近期新闻
2026-09-20 19:00:50 [INFO]   ⏭ Bloomberg Crypto: 过滤掉 50 条非近期新闻
2026-09-20 19:00:50 [WARNING] 解析失败 Bitget公告: 'NoneType' object is not subscriptable
2026-09-20 19:00:50 [INFO]   ⏭ Reuters Crypto: 过滤掉 50 条非近期新闻
2026-09-20 19:00:50 [INFO]   ⏭ CNBC Crypto: 过滤掉 49 条非近期新闻
2026-09-20 19:00:50 [INFO]   ⏭ 宏观经济: 过滤掉 48 条非近期新闻
2026-09-20 19:00:50 [INFO]   ⏭ Blockworks: 过滤掉 50 条非近期新闻
2026-09-20 19:00:50 [INFO]   ⏭ Reddit r/cryptocurrency: 过滤掉 25 条非近期新闻
2026-09-20 19:00:50 [INFO]   ⏭ Decrypt: 过滤掉 50 条非近期新闻
2026-09-20 19:00:50 [INFO]   ⏭ Blockworks: 过滤掉 2 条非近期新闻
2026-09-20 19:00:50 [INFO]   ⏭ Bitcoin Magazine: 过滤掉 50 条非近期新闻
2026-09-20 19:00:50 [INFO]   ⏭ DL News: 过滤掉 50 条非近期新闻
2026-09-20 19:00:50 [INFO]   ⏭ 雪球加密: 过滤掉 50 条非近期新闻
2026-09-20 19:00:50 [INFO]   ⏭ DeFi Llama: 过滤掉 50 条非近期新闻
2026-09-20 19:00:51 [INFO]   ⏭ The Block: 过滤掉 50 条非近期新闻
2026-09-20 19:00:51 [INFO]   ⏭ 吴说区块链: 过滤掉 50 条非近期新闻
2026-09-20 19:00:51 [INFO]   ⏭ CoinDesk: 过滤掉 50 条非近期新闻
2026-09-20 19:00:51 [INFO]   ⏭ Crypto Twitter: 过滤掉 49 条非近期新闻
2026-09-20 19:01:05 [DEBUG] 请求失败 https://rsshub.rssforever.com/panewslab/news: 
2026-09-20 19:01:05 [DEBUG] 请求失败 https://rsshub.rssforever.com/cointelegraph: 
2026-09-20 19:01:05 [DEBUG] 请求失败 https://rsshub.rssforever.com/theblockbeats/newsflash: 
2026-09-20 19:01:05 [DEBUG] 请求失败 https://rsshub.rssforever.com/bloomberg/crypto: 
2026-09-20 19:01:05 [INFO]   ⏭ CoinTelegraph: 过滤掉 50 条非近期新闻
2026-09-20 19:01:06 [INFO]   ⏭ 律动BlockBeats: 过滤掉 50 条非近期新闻
2026-09-20 19:01:06 [INFO]   ⏭ PANews: 过滤掉 50 条非近期新闻
2026-09-20 19:01:06 [INFO]   ✓ CoinDesk: 0 条
2026-09-20 19:01:06 [INFO]   ✓ The Block: 0 条
2026-09-20 19:01:06 [INFO]   ✓ Decrypt: 0 条
2026-09-20 19:01:06 [INFO]   ✓ CoinTelegraph: 0 条
2026-09-20 19:01:06 [INFO]   ✓ Bitcoin Magazine: 0 条
2026-09-20 19:01:06 [INFO]   ✓ Blockworks: 0 条
2026-09-20 19:01:06 [INFO]   ✓ DL News: 0 条
2026-09-20 19:01:06 [INFO]   ✓ 金色财经: 4 条
2026-09-20 19:01:06 [INFO]   ✓ PANews: 0 条
2026-09-20 19:01:06 [INFO]   ✓ 律动BlockBeats: 0 条
2026-09-20 19:01:06 [INFO]   ✓ 吴说区块链: 0 条
2026-09-20 19:01:06 [INFO]   ✓ Bloomberg Crypto: 0 条
2026-09-20 19:01:06 [INFO]   ✓ Reuters Crypto: 0 条
2026-09-20 19:01:06 [INFO]   ✓ CNBC Crypto: 1 条
2026-09-20 19:01:06 [INFO]   ✓ Reddit r/cryptocurrency: 0 条
2026-09-20 19:01:06 [INFO]   ✓ Reddit r/bitcoin: 0 条
2026-09-20 19:01:06 [INFO]   ✓ Crypto Twitter: 1 条
2026-09-20 19:01:06 [INFO]   ✓ 宏观经济: 2 条
2026-09-20 19:01:06 [INFO]   ✓ Binance公告: 20 条
2026-09-20 19:01:06 [INFO]   ✓ OKX公告: 0 条
2026-09-20 19:01:06 [INFO]   ✓ Bitget公告: 0 条
2026-09-20 19:01:06 [INFO]   ✓ Whale Alert: 0 条
2026-09-20 19:01:06 [INFO]   ✓ Fear & Greed Index: 1 条
2026-09-20 19:01:06 [INFO]   ✓ DeFi Llama: 0 条
2026-09-20 19:01:06 [INFO]   ✓ 雪球加密: 0 条
2026-09-20 19:01:06 [INFO] 📊 共抓取 29 条新闻
2026-09-20 19:01:06 [INFO] 📋 原始新闻已保存: reports/2026-09-21-03-raw.json (29 条)
2026-09-20 19:01:06 [INFO] 📋 标题摘要已保存: reports/2026-09-21-03-raw-titles.md
2026-09-20 19:01:06 [INFO] ✅ 抓取完成，共 29 条，已保存到 reports/2026-09-21-03-raw.json
2026-09-20 19:01:06 [INFO] 🤖 开始 AI 筛选 2026-09-21 03:00 币圈消息
2026-09-20 19:01:06 [INFO] 📋 已加载原始新闻: reports/2026-09-21-03-raw.json (29 条)
2026-09-20 19:01:06 [INFO] 📚 已加载历史新闻标题（19917 字符）
2026-09-20 19:01:06 [INFO] 📚 已加载历史筛选标题 0 条、URL 0 个，用于去重
2026-09-20 19:01:06 [INFO] 🔄 尝试 AI 提供商: deepseek
2026-09-20 19:01:06 [INFO] 🤖 使用 AI 提供商: deepseek (模型: deepseek-v4-flash)
2026-09-20 19:01:06 [INFO] 🤖 AI 筛选 [[deepseek] 1/6 策略=仅标题+链接 retry=0]（29 条，5600 字符，temp=0.3）
2026-09-20 19:01:07 [ERROR] AI 调用异常 ([deepseek] 1/6 策略=仅标题+链接 retry=0): Error code: 401 - {'error': {'message': 'Authentication Fails, Your api key: ****df0d is invalid', 'type': 'authentication_error', 'param': None, 'code': 'invalid_request_error'}}
2026-09-20 19:01:07 [WARNING] [[deepseek] 1/6 策略=仅标题+链接 retry=0] AI 调用失败或解析失败，继续下一次尝试
2026-09-20 19:01:07 [INFO] 🤖 AI 筛选 [[deepseek] 2/6 策略=仅标题+链接 retry=1]（29 条，5600 字符，temp=0.3）
2026-09-20 19:01:07 [ERROR] AI 调用异常 ([deepseek] 2/6 策略=仅标题+链接 retry=1): Error code: 401 - {'error': {'message': 'Authentication Fails, Your api key: ****df0d is invalid', 'type': 'authentication_error', 'param': None, 'code': 'invalid_request_error'}}
2026-09-20 19:01:07 [WARNING] [[deepseek] 2/6 策略=仅标题+链接 retry=1] AI 调用失败或解析失败，继续下一次尝试
2026-09-20 19:01:07 [INFO] 🤖 AI 筛选 [[deepseek] 3/6 策略=仅标题+链接 retry=2]（29 条，5600 字符，temp=0.3）
2026-09-20 19:01:08 [ERROR] AI 调用异常 ([deepseek] 3/6 策略=仅标题+链接 retry=2): Error code: 401 - {'error': {'message': 'Authentication Fails, Your api key: ****df0d is invalid', 'type': 'authentication_error', 'param': None, 'code': 'invalid_request_error'}}
2026-09-20 19:01:08 [WARNING] [[deepseek] 3/6 策略=仅标题+链接 retry=2] AI 调用失败或解析失败，继续下一次尝试
2026-09-20 19:01:08 [INFO] 🤖 AI 筛选 [[deepseek] 4/6 策略=完整内容 retry=0]（29 条，8610 字符，temp=0.3）
2026-09-20 19:01:08 [ERROR] AI 调用异常 ([deepseek] 4/6 策略=完整内容 retry=0): Error code: 401 - {'error': {'message': 'Authentication Fails, Your api key: ****df0d is invalid', 'type': 'authentication_error', 'param': None, 'code': 'invalid_request_error'}}
2026-09-20 19:01:08 [WARNING] [[deepseek] 4/6 策略=完整内容 retry=0] AI 调用失败或解析失败，继续下一次尝试
2026-09-20 19:01:08 [INFO] 🤖 AI 筛选 [[deepseek] 5/6 策略=完整内容 retry=1]（29 条，8610 字符，temp=0.3）
2026-09-20 19:01:09 [ERROR] AI 调用异常 ([deepseek] 5/6 策略=完整内容 retry=1): Error code: 401 - {'error': {'message': 'Authentication Fails, Your api key: ****df0d is invalid', 'type': 'authentication_error', 'param': None, 'code': 'invalid_request_error'}}
2026-09-20 19:01:09 [WARNING] [[deepseek] 5/6 策略=完整内容 retry=1] AI 调用失败或解析失败，继续下一次尝试
2026-09-20 19:01:09 [INFO] 🤖 AI 筛选 [[deepseek] 6/6 策略=仅标题（无历史） retry=0]（29 条，5600 字符，temp=0.3）
2026-09-20 19:01:09 [ERROR] AI 调用异常 ([deepseek] 6/6 策略=仅标题（无历史） retry=0): Error code: 401 - {'error': {'message': 'Authentication Fails, Your api key: ****df0d is invalid', 'type': 'authentication_error', 'param': None, 'code': 'invalid_request_error'}}
2026-09-20 19:01:09 [WARNING] [[deepseek] 6/6 策略=仅标题（无历史） retry=0] AI 调用失败或解析失败，继续下一次尝试
2026-09-20 19:01:09 [WARNING] [deepseek] 已达最大尝试次数 6，停止
2026-09-20 19:01:09 [INFO] ⚠️ deepseek 未能产出满意结果，尝试下一个提供商
2026-09-20 19:01:09 [INFO] 🔄 尝试 AI 提供商: zhipu
2026-09-20 19:01:09 [ERROR] 未设置环境变量 ZHIPU_API_KEY，无法使用 zhipu
2026-09-20 19:01:09 [INFO] ⚠️ zhipu 未能产出满意结果，尝试下一个提供商
2026-09-20 19:01:09 [INFO] 🔄 尝试 AI 提供商: kimi
2026-09-20 19:01:09 [ERROR] 未设置环境变量 KIMI_API_KEY，无法使用 kimi
2026-09-20 19:01:09 [INFO] ⚠️ kimi 未能产出满意结果，尝试下一个提供商
2026-09-20 19:01:09 [INFO] 🔄 尝试 AI 提供商: huoshan
2026-09-20 19:01:09 [ERROR] 未设置环境变量 HUOSHAN_API_KEY，无法使用 huoshan
2026-09-20 19:01:09 [INFO] ⚠️ huoshan 未能产出满意结果，尝试下一个提供商
2026-09-20 19:01:09 [ERROR] ❌ 所有提供商均失败，返回空列表
2026-09-20 19:01:09 [INFO] 📦 JSON 已保存: reports/2026-09-21-03.json
2026-09-20 19:01:09 [INFO] ✅ AI 筛选完成，共 0 条交易相关消息
2026-09-20 20:00:52 [INFO] 🚀 开始抓取 2026-09-21 04:00 币圈新闻
2026-09-20 20:00:52 [INFO] 📡 抓取 RSS 新闻源...
2026-09-20 20:00:52 [INFO] 📡 抓取交易所公告 & 链上数据...
2026-09-20 20:00:52 [INFO]   ⏭ CoinTelegraph: 过滤掉 30 条非近期新闻
2026-09-20 20:00:52 [INFO]   ⏭ Decrypt: 过滤掉 50 条非近期新闻
2026-09-20 20:00:52 [INFO]   ⏭ The Block: 过滤掉 20 条非近期新闻
2026-09-20 20:00:53 [WARNING] 解析失败 Bitget公告: 'NoneType' object is not subscriptable
2026-09-20 20:00:53 [INFO]   ⏭ Bloomberg Crypto: 过滤掉 50 条非近期新闻
2026-09-20 20:00:53 [INFO]   ⏭ Reuters Crypto: 过滤掉 50 条非近期新闻
2026-09-20 20:00:53 [INFO]   ⏭ Bitcoin Magazine: 过滤掉 10 条非近期新闻
2026-09-20 20:00:53 [INFO]   ⏭ CoinDesk: 过滤掉 25 条非近期新闻
2026-09-20 20:00:53 [INFO]   ⏭ CNBC Crypto: 过滤掉 49 条非近期新闻
2026-09-20 20:00:53 [INFO]   ⏭ Blockworks: 过滤掉 50 条非近期新闻
2026-09-20 20:00:53 [INFO]   ⏭ Reddit r/cryptocurrency: 过滤掉 24 条非近期新闻
2026-09-20 20:00:53 [INFO]   ⏭ 宏观经济: 过滤掉 49 条非近期新闻
2026-09-20 20:00:53 [INFO]   ⏭ Decrypt: 过滤掉 50 条非近期新闻
2026-09-20 20:00:53 [INFO]   ⏭ DL News: 过滤掉 50 条非近期新闻
2026-09-20 20:00:53 [INFO]   ⏭ Blockworks: 过滤掉 2 条非近期新闻
2026-09-20 20:00:53 [INFO]   ⏭ DeFi Llama: 过滤掉 50 条非近期新闻
2026-09-20 20:00:53 [INFO]   ⏭ The Block: 过滤掉 50 条非近期新闻
2026-09-20 20:00:53 [INFO]   ⏭ Bitcoin Magazine: 过滤掉 50 条非近期新闻
2026-09-20 20:00:54 [INFO]   ⏭ 雪球加密: 过滤掉 50 条非近期新闻
2026-09-20 20:00:54 [INFO]   ⏭ CoinDesk: 过滤掉 50 条非近期新闻
2026-09-20 20:00:54 [INFO]   ⏭ 吴说区块链: 过滤掉 50 条非近期新闻
2026-09-20 20:00:54 [INFO]   ⏭ Crypto Twitter: 过滤掉 46 条非近期新闻
2026-09-20 20:01:08 [DEBUG] 请求失败 https://rsshub.rssforever.com/panewslab/news: 
2026-09-20 20:01:08 [DEBUG] 请求失败 https://rsshub.rssforever.com/cointelegraph: 
2026-09-20 20:01:08 [DEBUG] 请求失败 https://rsshub.rssforever.com/theblockbeats/newsflash: 
2026-09-20 20:01:08 [DEBUG] 请求失败 https://rsshub.rssforever.com/jinse/lives: 
2026-09-20 20:01:08 [DEBUG] 请求失败 https://rsshub.rssforever.com/bloomberg/crypto: 
2026-09-20 20:01:08 [INFO]   ⏭ CoinTelegraph: 过滤掉 50 条非近期新闻
2026-09-20 20:01:08 [INFO]   ⏭ 律动BlockBeats: 过滤掉 50 条非近期新闻
2026-09-20 20:01:09 [INFO]   ⏭ PANews: 过滤掉 50 条非近期新闻
2026-09-20 20:01:09 [INFO]   ✓ CoinDesk: 0 条
2026-09-20 20:01:09 [INFO]   ✓ The Block: 0 条
2026-09-20 20:01:09 [INFO]   ✓ Decrypt: 0 条
2026-09-20 20:01:09 [INFO]   ✓ CoinTelegraph: 0 条
2026-09-20 20:01:09 [INFO]   ✓ Bitcoin Magazine: 0 条
2026-09-20 20:01:09 [INFO]   ✓ Blockworks: 0 条
2026-09-20 20:01:09 [INFO]   ✓ DL News: 0 条
2026-09-20 20:01:09 [INFO]   ✓ 金色财经: 0 条
2026-09-20 20:01:09 [INFO]   ✓ PANews: 0 条
2026-09-20 20:01:09 [INFO]   ✓ 律动BlockBeats: 0 条
2026-09-20 20:01:09 [INFO]   ✓ 吴说区块链: 0 条
2026-09-20 20:01:09 [INFO]   ✓ Bloomberg Crypto: 0 条
2026-09-20 20:01:09 [INFO]   ✓ Reuters Crypto: 0 条
2026-09-20 20:01:09 [INFO]   ✓ CNBC Crypto: 1 条
2026-09-20 20:01:09 [INFO]   ✓ Reddit r/cryptocurrency: 1 条
2026-09-20 20:01:09 [INFO]   ✓ Reddit r/bitcoin: 0 条
2026-09-20 20:01:09 [INFO]   ✓ Crypto Twitter: 4 条
2026-09-20 20:01:09 [INFO]   ✓ 宏观经济: 1 条
2026-09-20 20:01:09 [INFO]   ✓ Binance公告: 20 条
2026-09-20 20:01:09 [INFO]   ✓ OKX公告: 0 条
2026-09-20 20:01:09 [INFO]   ✓ Bitget公告: 0 条
2026-09-20 20:01:09 [INFO]   ✓ Whale Alert: 0 条
2026-09-20 20:01:09 [INFO]   ✓ Fear & Greed Index: 1 条
2026-09-20 20:01:09 [INFO]   ✓ DeFi Llama: 0 条
2026-09-20 20:01:09 [INFO]   ✓ 雪球加密: 0 条
2026-09-20 20:01:09 [INFO] 📊 共抓取 28 条新闻
2026-09-20 20:01:09 [INFO] 📋 原始新闻已保存: reports/2026-09-21-04-raw.json (28 条)
2026-09-20 20:01:09 [INFO] 📋 标题摘要已保存: reports/2026-09-21-04-raw-titles.md
2026-09-20 20:01:09 [INFO] ✅ 抓取完成，共 28 条，已保存到 reports/2026-09-21-04-raw.json
2026-09-20 20:01:10 [INFO] 🤖 开始 AI 筛选 2026-09-21 04:00 币圈消息
2026-09-20 20:01:10 [INFO] 📋 已加载原始新闻: reports/2026-09-21-04-raw.json (28 条)
2026-09-20 20:01:10 [INFO] 📚 已加载历史新闻标题（18625 字符）
2026-09-20 20:01:10 [INFO] 📚 已加载历史筛选标题 0 条、URL 0 个，用于去重
2026-09-20 20:01:10 [INFO] 🔄 尝试 AI 提供商: deepseek
2026-09-20 20:01:10 [INFO] 🤖 使用 AI 提供商: deepseek (模型: deepseek-v4-flash)
2026-09-20 20:01:10 [INFO] 🤖 AI 筛选 [[deepseek] 1/6 策略=仅标题+链接 retry=0]（28 条，6717 字符，temp=0.3）
2026-09-20 20:01:10 [ERROR] AI 调用异常 ([deepseek] 1/6 策略=仅标题+链接 retry=0): Error code: 401 - {'error': {'message': 'Authentication Fails, Your api key: ****df0d is invalid', 'type': 'authentication_error', 'param': None, 'code': 'invalid_request_error'}}
2026-09-20 20:01:10 [WARNING] [[deepseek] 1/6 策略=仅标题+链接 retry=0] AI 调用失败或解析失败，继续下一次尝试
2026-09-20 20:01:10 [INFO] 🤖 AI 筛选 [[deepseek] 2/6 策略=仅标题+链接 retry=1]（28 条，6717 字符，temp=0.3）
2026-09-20 20:01:11 [ERROR] AI 调用异常 ([deepseek] 2/6 策略=仅标题+链接 retry=1): Error code: 401 - {'error': {'message': 'Authentication Fails, Your api key: ****df0d is invalid', 'type': 'authentication_error', 'param': None, 'code': 'invalid_request_error'}}
2026-09-20 20:01:11 [WARNING] [[deepseek] 2/6 策略=仅标题+链接 retry=1] AI 调用失败或解析失败，继续下一次尝试
2026-09-20 20:01:11 [INFO] 🤖 AI 筛选 [[deepseek] 3/6 策略=仅标题+链接 retry=2]（28 条，6717 字符，temp=0.3）
2026-09-20 20:01:11 [ERROR] AI 调用异常 ([deepseek] 3/6 策略=仅标题+链接 retry=2): Error code: 401 - {'error': {'message': 'Authentication Fails, Your api key: ****df0d is invalid', 'type': 'authentication_error', 'param': None, 'code': 'invalid_request_error'}}
2026-09-20 20:01:11 [WARNING] [[deepseek] 3/6 策略=仅标题+链接 retry=2] AI 调用失败或解析失败，继续下一次尝试
2026-09-20 20:01:11 [INFO] 🤖 AI 筛选 [[deepseek] 4/6 策略=完整内容 retry=0]（28 条，9420 字符，temp=0.3）
2026-09-20 20:01:11 [ERROR] AI 调用异常 ([deepseek] 4/6 策略=完整内容 retry=0): Error code: 401 - {'error': {'message': 'Authentication Fails, Your api key: ****df0d is invalid', 'type': 'authentication_error', 'param': None, 'code': 'invalid_request_error'}}
2026-09-20 20:01:11 [WARNING] [[deepseek] 4/6 策略=完整内容 retry=0] AI 调用失败或解析失败，继续下一次尝试
2026-09-20 20:01:11 [INFO] 🤖 AI 筛选 [[deepseek] 5/6 策略=完整内容 retry=1]（28 条，9420 字符，temp=0.3）
2026-09-20 20:01:12 [ERROR] AI 调用异常 ([deepseek] 5/6 策略=完整内容 retry=1): Error code: 401 - {'error': {'message': 'Authentication Fails, Your api key: ****df0d is invalid', 'type': 'authentication_error', 'param': None, 'code': 'invalid_request_error'}}
2026-09-20 20:01:12 [WARNING] [[deepseek] 5/6 策略=完整内容 retry=1] AI 调用失败或解析失败，继续下一次尝试
2026-09-20 20:01:12 [INFO] 🤖 AI 筛选 [[deepseek] 6/6 策略=仅标题（无历史） retry=0]（28 条，6717 字符，temp=0.3）
2026-09-20 20:01:12 [ERROR] AI 调用异常 ([deepseek] 6/6 策略=仅标题（无历史） retry=0): Error code: 401 - {'error': {'message': 'Authentication Fails, Your api key: ****df0d is invalid', 'type': 'authentication_error', 'param': None, 'code': 'invalid_request_error'}}
2026-09-20 20:01:12 [WARNING] [[deepseek] 6/6 策略=仅标题（无历史） retry=0] AI 调用失败或解析失败，继续下一次尝试
2026-09-20 20:01:12 [WARNING] [deepseek] 已达最大尝试次数 6，停止
2026-09-20 20:01:12 [INFO] ⚠️ deepseek 未能产出满意结果，尝试下一个提供商
2026-09-20 20:01:12 [INFO] 🔄 尝试 AI 提供商: zhipu
2026-09-20 20:01:12 [ERROR] 未设置环境变量 ZHIPU_API_KEY，无法使用 zhipu
2026-09-20 20:01:12 [INFO] ⚠️ zhipu 未能产出满意结果，尝试下一个提供商
2026-09-20 20:01:12 [INFO] 🔄 尝试 AI 提供商: kimi
2026-09-20 20:01:12 [ERROR] 未设置环境变量 KIMI_API_KEY，无法使用 kimi
2026-09-20 20:01:12 [INFO] ⚠️ kimi 未能产出满意结果，尝试下一个提供商
2026-09-20 20:01:12 [INFO] 🔄 尝试 AI 提供商: huoshan
2026-09-20 20:01:12 [ERROR] 未设置环境变量 HUOSHAN_API_KEY，无法使用 huoshan
2026-09-20 20:01:12 [INFO] ⚠️ huoshan 未能产出满意结果，尝试下一个提供商
2026-09-20 20:01:12 [ERROR] ❌ 所有提供商均失败，返回空列表
2026-09-20 20:01:12 [INFO] 📦 JSON 已保存: reports/2026-09-21-04.json
2026-09-20 20:01:12 [INFO] ✅ AI 筛选完成，共 0 条交易相关消息
2026-09-20 21:00:55 [INFO] 🚀 开始抓取 2026-09-21 05:00 币圈新闻
2026-09-20 21:00:55 [INFO] 📡 抓取 RSS 新闻源...
2026-09-20 21:00:55 [INFO] 📡 抓取交易所公告 & 链上数据...
2026-09-20 21:00:56 [INFO]   ⏭ Decrypt: 过滤掉 36 条非近期新闻
2026-09-20 21:00:56 [INFO]   ⏭ The Block: 过滤掉 19 条非近期新闻
2026-09-20 21:00:56 [INFO]   ⏭ CoinTelegraph: 过滤掉 30 条非近期新闻
2026-09-20 21:00:56 [WARNING] 解析失败 Bitget公告: 'NoneType' object is not subscriptable
2026-09-20 21:00:56 [INFO]   ⏭ CoinDesk: 过滤掉 25 条非近期新闻
2026-09-20 21:00:56 [INFO]   ⏭ Reuters Crypto: 过滤掉 50 条非近期新闻
2026-09-20 21:00:56 [INFO]   ⏭ 宏观经济: 过滤掉 50 条非近期新闻
2026-09-20 21:00:56 [INFO]   ⏭ Bloomberg Crypto: 过滤掉 50 条非近期新闻
2026-09-20 21:00:56 [INFO]   ⏭ Bitcoin Magazine: 过滤掉 10 条非近期新闻
2026-09-20 21:00:56 [INFO]   ⏭ Reddit r/bitcoin: 过滤掉 22 条非近期新闻
2026-09-20 21:00:56 [INFO]   ⏭ CNBC Crypto: 过滤掉 49 条非近期新闻
2026-09-20 21:00:56 [INFO]   ⏭ Blockworks: 过滤掉 50 条非近期新闻
2026-09-20 21:00:57 [INFO]   ⏭ 宏观经济: 过滤掉 50 条非近期新闻
2026-09-20 21:00:57 [INFO]   ⏭ Decrypt: 过滤掉 50 条非近期新闻
2026-09-20 21:00:57 [INFO]   ⏭ DL News: 过滤掉 50 条非近期新闻
2026-09-20 21:00:57 [INFO]   ⏭ 律动BlockBeats: 过滤掉 20 条非近期新闻
2026-09-20 21:00:57 [INFO]   ⏭ Blockworks: 过滤掉 2 条非近期新闻
2026-09-20 21:00:57 [INFO]   ⏭ Bitcoin Magazine: 过滤掉 50 条非近期新闻
2026-09-20 21:00:57 [INFO]   ⏭ 雪球加密: 过滤掉 50 条非近期新闻
2026-09-20 21:00:57 [INFO]   ⏭ DeFi Llama: 过滤掉 50 条非近期新闻
2026-09-20 21:00:57 [INFO]   ⏭ 吴说区块链: 过滤掉 50 条非近期新闻
2026-09-20 21:00:57 [INFO]   ⏭ Crypto Twitter: 过滤掉 45 条非近期新闻
2026-09-20 21:00:57 [INFO]   ⏭ CoinDesk: 过滤掉 50 条非近期新闻
2026-09-20 21:00:57 [INFO]   ⏭ 律动BlockBeats: 过滤掉 50 条非近期新闻
2026-09-20 21:01:12 [DEBUG] 请求失败 https://rsshub.rssforever.com/panewslab/news: 
2026-09-20 21:01:12 [DEBUG] 请求失败 https://rsshub.rssforever.com/jinse/lives: 
2026-09-20 21:01:12 [DEBUG] 请求失败 https://rsshub.rssforever.com/cointelegraph: 
2026-09-20 21:01:12 [DEBUG] 请求失败 https://rsshub.rssforever.com/bloomberg/crypto: 
2026-09-20 21:01:12 [INFO]   ⏭ CoinTelegraph: 过滤掉 50 条非近期新闻
2026-09-20 21:01:12 [INFO]   ⏭ PANews: 过滤掉 50 条非近期新闻
2026-09-20 21:01:12 [INFO]   ✓ CoinDesk: 0 条
2026-09-20 21:01:12 [INFO]   ✓ The Block: 1 条
2026-09-20 21:01:12 [INFO]   ✓ Decrypt: 0 条
2026-09-20 21:01:12 [INFO]   ✓ CoinTelegraph: 0 条
2026-09-20 21:01:12 [INFO]   ✓ Bitcoin Magazine: 0 条
2026-09-20 21:01:12 [INFO]   ✓ Blockworks: 0 条
2026-09-20 21:01:12 [INFO]   ✓ DL News: 0 条
2026-09-20 21:01:12 [INFO]   ✓ 金色财经: 0 条
2026-09-20 21:01:12 [INFO]   ✓ PANews: 0 条
2026-09-20 21:01:12 [INFO]   ✓ 律动BlockBeats: 0 条
2026-09-20 21:01:12 [INFO]   ✓ 吴说区块链: 0 条
2026-09-20 21:01:12 [INFO]   ✓ Bloomberg Crypto: 0 条
2026-09-20 21:01:12 [INFO]   ✓ Reuters Crypto: 0 条
2026-09-20 21:01:12 [INFO]   ✓ CNBC Crypto: 1 条
2026-09-20 21:01:12 [INFO]   ✓ Reddit r/cryptocurrency: 0 条
2026-09-20 21:01:12 [INFO]   ✓ Reddit r/bitcoin: 3 条
2026-09-20 21:01:12 [INFO]   ✓ Crypto Twitter: 5 条
2026-09-20 21:01:12 [INFO]   ✓ 宏观经济: 0 条
2026-09-20 21:01:12 [INFO]   ✓ Binance公告: 20 条
2026-09-20 21:01:12 [INFO]   ✓ OKX公告: 0 条
2026-09-20 21:01:12 [INFO]   ✓ Bitget公告: 0 条
2026-09-20 21:01:12 [INFO]   ✓ Whale Alert: 0 条
2026-09-20 21:01:12 [INFO]   ✓ Fear & Greed Index: 1 条
2026-09-20 21:01:12 [INFO]   ✓ DeFi Llama: 0 条
2026-09-20 21:01:12 [INFO]   ✓ 雪球加密: 0 条
2026-09-20 21:01:12 [INFO] 📊 共抓取 31 条新闻
2026-09-20 21:01:12 [INFO] 📋 原始新闻已保存: reports/2026-09-21-05-raw.json (31 条)
2026-09-20 21:01:12 [INFO] 📋 标题摘要已保存: reports/2026-09-21-05-raw-titles.md
2026-09-20 21:01:12 [INFO] ✅ 抓取完成，共 31 条，已保存到 reports/2026-09-21-05-raw.json
2026-09-20 21:01:13 [INFO] 🤖 开始 AI 筛选 2026-09-21 05:00 币圈消息
2026-09-20 21:01:13 [INFO] 📋 已加载原始新闻: reports/2026-09-21-05-raw.json (31 条)
2026-09-20 21:01:13 [INFO] 📚 已加载历史新闻标题（17605 字符）
2026-09-20 21:01:13 [INFO] 📚 已加载历史筛选标题 0 条、URL 0 个，用于去重
2026-09-20 21:01:13 [INFO] 🔄 尝试 AI 提供商: deepseek
2026-09-20 21:01:13 [INFO] 🤖 使用 AI 提供商: deepseek (模型: deepseek-v4-flash)
2026-09-20 21:01:13 [INFO] 🤖 AI 筛选 [[deepseek] 1/6 策略=仅标题+链接 retry=0]（31 条，7378 字符，temp=0.3）
2026-09-20 21:01:13 [ERROR] AI 调用异常 ([deepseek] 1/6 策略=仅标题+链接 retry=0): Error code: 401 - {'error': {'message': 'Authentication Fails, Your api key: ****df0d is invalid', 'type': 'authentication_error', 'param': None, 'code': 'invalid_request_error'}}
2026-09-20 21:01:13 [WARNING] [[deepseek] 1/6 策略=仅标题+链接 retry=0] AI 调用失败或解析失败，继续下一次尝试
2026-09-20 21:01:13 [INFO] 🤖 AI 筛选 [[deepseek] 2/6 策略=仅标题+链接 retry=1]（31 条，7378 字符，temp=0.3）
2026-09-20 21:01:14 [ERROR] AI 调用异常 ([deepseek] 2/6 策略=仅标题+链接 retry=1): Error code: 401 - {'error': {'message': 'Authentication Fails, Your api key: ****df0d is invalid', 'type': 'authentication_error', 'param': None, 'code': 'invalid_request_error'}}
2026-09-20 21:01:14 [WARNING] [[deepseek] 2/6 策略=仅标题+链接 retry=1] AI 调用失败或解析失败，继续下一次尝试
2026-09-20 21:01:14 [INFO] 🤖 AI 筛选 [[deepseek] 3/6 策略=仅标题+链接 retry=2]（31 条，7378 字符，temp=0.3）
2026-09-20 21:01:14 [ERROR] AI 调用异常 ([deepseek] 3/6 策略=仅标题+链接 retry=2): Error code: 401 - {'error': {'message': 'Authentication Fails, Your api key: ****df0d is invalid', 'type': 'authentication_error', 'param': None, 'code': 'invalid_request_error'}}
2026-09-20 21:01:14 [WARNING] [[deepseek] 3/6 策略=仅标题+链接 retry=2] AI 调用失败或解析失败，继续下一次尝试
2026-09-20 21:01:14 [INFO] 🤖 AI 筛选 [[deepseek] 4/6 策略=完整内容 retry=0]（31 条，10554 字符，temp=0.3）
2026-09-20 21:01:15 [ERROR] AI 调用异常 ([deepseek] 4/6 策略=完整内容 retry=0): Error code: 401 - {'error': {'message': 'Authentication Fails, Your api key: ****df0d is invalid', 'type': 'authentication_error', 'param': None, 'code': 'invalid_request_error'}}
2026-09-20 21:01:15 [WARNING] [[deepseek] 4/6 策略=完整内容 retry=0] AI 调用失败或解析失败，继续下一次尝试
2026-09-20 21:01:15 [INFO] 🤖 AI 筛选 [[deepseek] 5/6 策略=完整内容 retry=1]（31 条，10554 字符，temp=0.3）
2026-09-20 21:01:15 [ERROR] AI 调用异常 ([deepseek] 5/6 策略=完整内容 retry=1): Error code: 401 - {'error': {'message': 'Authentication Fails, Your api key: ****df0d is invalid', 'type': 'authentication_error', 'param': None, 'code': 'invalid_request_error'}}
2026-09-20 21:01:15 [WARNING] [[deepseek] 5/6 策略=完整内容 retry=1] AI 调用失败或解析失败，继续下一次尝试
2026-09-20 21:01:15 [INFO] 🤖 AI 筛选 [[deepseek] 6/6 策略=仅标题（无历史） retry=0]（31 条，7378 字符，temp=0.3）
2026-09-20 21:01:15 [ERROR] AI 调用异常 ([deepseek] 6/6 策略=仅标题（无历史） retry=0): Error code: 401 - {'error': {'message': 'Authentication Fails, Your api key: ****df0d is invalid', 'type': 'authentication_error', 'param': None, 'code': 'invalid_request_error'}}
2026-09-20 21:01:15 [WARNING] [[deepseek] 6/6 策略=仅标题（无历史） retry=0] AI 调用失败或解析失败，继续下一次尝试
2026-09-20 21:01:15 [WARNING] [deepseek] 已达最大尝试次数 6，停止
2026-09-20 21:01:15 [INFO] ⚠️ deepseek 未能产出满意结果，尝试下一个提供商
2026-09-20 21:01:15 [INFO] 🔄 尝试 AI 提供商: zhipu
2026-09-20 21:01:15 [ERROR] 未设置环境变量 ZHIPU_API_KEY，无法使用 zhipu
2026-09-20 21:01:15 [INFO] ⚠️ zhipu 未能产出满意结果，尝试下一个提供商
2026-09-20 21:01:15 [INFO] 🔄 尝试 AI 提供商: kimi
2026-09-20 21:01:15 [ERROR] 未设置环境变量 KIMI_API_KEY，无法使用 kimi
2026-09-20 21:01:15 [INFO] ⚠️ kimi 未能产出满意结果，尝试下一个提供商
2026-09-20 21:01:15 [INFO] 🔄 尝试 AI 提供商: huoshan
2026-09-20 21:01:15 [ERROR] 未设置环境变量 HUOSHAN_API_KEY，无法使用 huoshan
2026-09-20 21:01:15 [INFO] ⚠️ huoshan 未能产出满意结果，尝试下一个提供商
2026-09-20 21:01:15 [ERROR] ❌ 所有提供商均失败，返回空列表
2026-09-20 21:01:15 [INFO] 📦 JSON 已保存: reports/2026-09-21-05.json
2026-09-20 21:01:15 [INFO] ✅ AI 筛选完成，共 0 条交易相关消息
2026-09-20 22:00:51 [INFO] 🚀 开始抓取 2026-09-21 06:00 币圈新闻
2026-09-20 22:00:51 [INFO] 📡 抓取 RSS 新闻源...
2026-09-20 22:00:51 [INFO] 📡 抓取交易所公告 & 链上数据...
2026-09-20 22:00:51 [INFO]   ⏭ Decrypt: 过滤掉 36 条非近期新闻
2026-09-20 22:00:51 [INFO]   ⏭ The Block: 过滤掉 19 条非近期新闻
2026-09-20 22:00:51 [INFO]   ⏭ CoinTelegraph: 过滤掉 30 条非近期新闻
2026-09-20 22:00:52 [INFO]   ⏭ Bloomberg Crypto: 过滤掉 50 条非近期新闻
2026-09-20 22:00:52 [WARNING] 解析失败 Bitget公告: 'NoneType' object is not subscriptable
2026-09-20 22:00:52 [INFO]   ⏭ Reuters Crypto: 过滤掉 50 条非近期新闻
2026-09-20 22:00:52 [INFO]   ⏭ 宏观经济: 过滤掉 49 条非近期新闻
2026-09-20 22:00:52 [INFO]   ⏭ Reddit r/cryptocurrency: 过滤掉 25 条非近期新闻
2026-09-20 22:00:52 [INFO]   ⏭ CNBC Crypto: 过滤掉 49 条非近期新闻
2026-09-20 22:00:52 [INFO]   ⏭ CoinDesk: 过滤掉 25 条非近期新闻
2026-09-20 22:00:52 [INFO]   ⏭ Bitcoin Magazine: 过滤掉 10 条非近期新闻
2026-09-20 22:00:52 [INFO]   ⏭ Blockworks: 过滤掉 50 条非近期新闻
2026-09-20 22:00:52 [INFO]   ⏭ DL News: 过滤掉 50 条非近期新闻
2026-09-20 22:00:52 [INFO]   ⏭ Bitcoin Magazine: 过滤掉 50 条非近期新闻
2026-09-20 22:00:52 [INFO]   ⏭ Blockworks: 过滤掉 2 条非近期新闻
2026-09-20 22:00:52 [INFO]   ⏭ Decrypt: 过滤掉 50 条非近期新闻
2026-09-20 22:00:53 [INFO]   ⏭ 雪球加密: 过滤掉 50 条非近期新闻
2026-09-20 22:00:53 [INFO]   ⏭ DeFi Llama: 过滤掉 50 条非近期新闻
2026-09-20 22:00:53 [INFO]   ⏭ 吴说区块链: 过滤掉 50 条非近期新闻
2026-09-20 22:00:53 [INFO]   ⏭ CoinTelegraph: 过滤掉 24 条非近期新闻
2026-09-20 22:00:54 [INFO]   ⏭ Crypto Twitter: 过滤掉 46 条非近期新闻
2026-09-20 22:00:54 [INFO]   ⏭ CoinTelegraph: 过滤掉 50 条非近期新闻
2026-09-20 22:00:54 [INFO]   ⏭ CoinDesk: 过滤掉 50 条非近期新闻
2026-09-20 22:01:07 [DEBUG] 请求失败 https://rsshub.rssforever.com/bloomberg/crypto: 
2026-09-20 22:01:07 [DEBUG] 请求失败 https://rsshub.rssforever.com/panewslab/news: 
2026-09-20 22:01:07 [DEBUG] 请求失败 https://rsshub.rssforever.com/theblockbeats/newsflash: 
2026-09-20 22:01:08 [INFO]   ⏭ PANews: 过滤掉 50 条非近期新闻
2026-09-20 22:01:08 [INFO]   ⏭ 律动BlockBeats: 过滤掉 50 条非近期新闻
2026-09-20 22:01:08 [INFO]   ✓ CoinDesk: 0 条
2026-09-20 22:01:08 [INFO]   ✓ The Block: 1 条
2026-09-20 22:01:08 [INFO]   ✓ Decrypt: 0 条
2026-09-20 22:01:08 [INFO]   ✓ CoinTelegraph: 0 条
2026-09-20 22:01:08 [INFO]   ✓ Bitcoin Magazine: 0 条
2026-09-20 22:01:08 [INFO]   ✓ Blockworks: 0 条
2026-09-20 22:01:08 [INFO]   ✓ DL News: 0 条
2026-09-20 22:01:08 [INFO]   ✓ 金色财经: 5 条
2026-09-20 22:01:08 [INFO]   ✓ PANews: 0 条
2026-09-20 22:01:08 [INFO]   ✓ 律动BlockBeats: 0 条
2026-09-20 22:01:08 [INFO]   ✓ 吴说区块链: 0 条
2026-09-20 22:01:08 [INFO]   ✓ Bloomberg Crypto: 0 条
2026-09-20 22:01:08 [INFO]   ✓ Reuters Crypto: 0 条
2026-09-20 22:01:08 [INFO]   ✓ CNBC Crypto: 1 条
2026-09-20 22:01:08 [INFO]   ✓ Reddit r/cryptocurrency: 0 条
2026-09-20 22:01:08 [INFO]   ✓ Reddit r/bitcoin: 0 条
2026-09-20 22:01:08 [INFO]   ✓ Crypto Twitter: 4 条
2026-09-20 22:01:08 [INFO]   ✓ 宏观经济: 1 条
2026-09-20 22:01:08 [INFO]   ✓ Binance公告: 20 条
2026-09-20 22:01:08 [INFO]   ✓ OKX公告: 0 条
2026-09-20 22:01:08 [INFO]   ✓ Bitget公告: 0 条
2026-09-20 22:01:08 [INFO]   ✓ Whale Alert: 0 条
2026-09-20 22:01:08 [INFO]   ✓ Fear & Greed Index: 1 条
2026-09-20 22:01:08 [INFO]   ✓ DeFi Llama: 0 条
2026-09-20 22:01:08 [INFO]   ✓ 雪球加密: 0 条
2026-09-20 22:01:08 [INFO] 📊 共抓取 33 条新闻
2026-09-20 22:01:08 [INFO] 📋 原始新闻已保存: reports/2026-09-21-06-raw.json (33 条)
2026-09-20 22:01:08 [INFO] 📋 标题摘要已保存: reports/2026-09-21-06-raw-titles.md
2026-09-20 22:01:08 [INFO] ✅ 抓取完成，共 33 条，已保存到 reports/2026-09-21-06-raw.json
2026-09-20 22:01:09 [INFO] 🤖 开始 AI 筛选 2026-09-21 06:00 币圈消息
2026-09-20 22:01:09 [INFO] 📋 已加载原始新闻: reports/2026-09-21-06-raw.json (33 条)
2026-09-20 22:01:09 [INFO] 📚 已加载历史新闻标题（16998 字符）
2026-09-20 22:01:09 [INFO] 📚 已加载历史筛选标题 0 条、URL 0 个，用于去重
2026-09-20 22:01:09 [INFO] 🔄 尝试 AI 提供商: deepseek
2026-09-20 22:01:09 [INFO] 🤖 使用 AI 提供商: deepseek (模型: deepseek-v4-flash)
2026-09-20 22:01:09 [INFO] 🤖 AI 筛选 [[deepseek] 1/6 策略=仅标题+链接 retry=0]（33 条，7079 字符，temp=0.3）
2026-09-20 22:01:09 [ERROR] AI 调用异常 ([deepseek] 1/6 策略=仅标题+链接 retry=0): Error code: 401 - {'error': {'message': 'Authentication Fails, Your api key: ****df0d is invalid', 'type': 'authentication_error', 'param': None, 'code': 'invalid_request_error'}}
2026-09-20 22:01:09 [WARNING] [[deepseek] 1/6 策略=仅标题+链接 retry=0] AI 调用失败或解析失败，继续下一次尝试
2026-09-20 22:01:09 [INFO] 🤖 AI 筛选 [[deepseek] 2/6 策略=仅标题+链接 retry=1]（33 条，7079 字符，temp=0.3）
2026-09-20 22:01:10 [ERROR] AI 调用异常 ([deepseek] 2/6 策略=仅标题+链接 retry=1): Error code: 401 - {'error': {'message': 'Authentication Fails, Your api key: ****df0d is invalid', 'type': 'authentication_error', 'param': None, 'code': 'invalid_request_error'}}
2026-09-20 22:01:10 [WARNING] [[deepseek] 2/6 策略=仅标题+链接 retry=1] AI 调用失败或解析失败，继续下一次尝试
2026-09-20 22:01:10 [INFO] 🤖 AI 筛选 [[deepseek] 3/6 策略=仅标题+链接 retry=2]（33 条，7079 字符，temp=0.3）
2026-09-20 22:01:10 [ERROR] AI 调用异常 ([deepseek] 3/6 策略=仅标题+链接 retry=2): Error code: 401 - {'error': {'message': 'Authentication Fails, Your api key: ****df0d is invalid', 'type': 'authentication_error', 'param': None, 'code': 'invalid_request_error'}}
2026-09-20 22:01:10 [WARNING] [[deepseek] 3/6 策略=仅标题+链接 retry=2] AI 调用失败或解析失败，继续下一次尝试
2026-09-20 22:01:10 [INFO] 🤖 AI 筛选 [[deepseek] 4/6 策略=完整内容 retry=0]（33 条，10789 字符，temp=0.3）
2026-09-20 22:01:11 [ERROR] AI 调用异常 ([deepseek] 4/6 策略=完整内容 retry=0): Error code: 401 - {'error': {'message': 'Authentication Fails, Your api key: ****df0d is invalid', 'type': 'authentication_error', 'param': None, 'code': 'invalid_request_error'}}
2026-09-20 22:01:11 [WARNING] [[deepseek] 4/6 策略=完整内容 retry=0] AI 调用失败或解析失败，继续下一次尝试
2026-09-20 22:01:11 [INFO] 🤖 AI 筛选 [[deepseek] 5/6 策略=完整内容 retry=1]（33 条，10789 字符，temp=0.3）
2026-09-20 22:01:11 [ERROR] AI 调用异常 ([deepseek] 5/6 策略=完整内容 retry=1): Error code: 401 - {'error': {'message': 'Authentication Fails, Your api key: ****df0d is invalid', 'type': 'authentication_error', 'param': None, 'code': 'invalid_request_error'}}
2026-09-20 22:01:11 [WARNING] [[deepseek] 5/6 策略=完整内容 retry=1] AI 调用失败或解析失败，继续下一次尝试
2026-09-20 22:01:11 [INFO] 🤖 AI 筛选 [[deepseek] 6/6 策略=仅标题（无历史） retry=0]（33 条，7079 字符，temp=0.3）
2026-09-20 22:01:11 [ERROR] AI 调用异常 ([deepseek] 6/6 策略=仅标题（无历史） retry=0): Error code: 401 - {'error': {'message': 'Authentication Fails, Your api key: ****df0d is invalid', 'type': 'authentication_error', 'param': None, 'code': 'invalid_request_error'}}
2026-09-20 22:01:11 [WARNING] [[deepseek] 6/6 策略=仅标题（无历史） retry=0] AI 调用失败或解析失败，继续下一次尝试
2026-09-20 22:01:11 [WARNING] [deepseek] 已达最大尝试次数 6，停止
2026-09-20 22:01:11 [INFO] ⚠️ deepseek 未能产出满意结果，尝试下一个提供商
2026-09-20 22:01:11 [INFO] 🔄 尝试 AI 提供商: zhipu
2026-09-20 22:01:11 [ERROR] 未设置环境变量 ZHIPU_API_KEY，无法使用 zhipu
2026-09-20 22:01:11 [INFO] ⚠️ zhipu 未能产出满意结果，尝试下一个提供商
2026-09-20 22:01:11 [INFO] 🔄 尝试 AI 提供商: kimi
2026-09-20 22:01:11 [ERROR] 未设置环境变量 KIMI_API_KEY，无法使用 kimi
2026-09-20 22:01:11 [INFO] ⚠️ kimi 未能产出满意结果，尝试下一个提供商
2026-09-20 22:01:11 [INFO] 🔄 尝试 AI 提供商: huoshan
2026-09-20 22:01:11 [ERROR] 未设置环境变量 HUOSHAN_API_KEY，无法使用 huoshan
2026-09-20 22:01:11 [INFO] ⚠️ huoshan 未能产出满意结果，尝试下一个提供商
2026-09-20 22:01:11 [ERROR] ❌ 所有提供商均失败，返回空列表
2026-09-20 22:01:11 [INFO] 📦 JSON 已保存: reports/2026-09-21-06.json
2026-09-20 22:01:11 [INFO] ✅ AI 筛选完成，共 0 条交易相关消息
2026-09-20 23:00:49 [INFO] 🚀 开始抓取 2026-09-21 07:00 币圈新闻
2026-09-20 23:00:49 [INFO] 📡 抓取 RSS 新闻源...
2026-09-20 23:00:49 [INFO] 📡 抓取交易所公告 & 链上数据...
2026-09-20 23:00:49 [INFO]   ⏭ CoinTelegraph: 过滤掉 30 条非近期新闻
2026-09-20 23:00:49 [INFO]   ⏭ Decrypt: 过滤掉 36 条非近期新闻
2026-09-20 23:00:49 [INFO]   ⏭ The Block: 过滤掉 20 条非近期新闻
2026-09-20 23:00:49 [INFO]   ⏭ Bitcoin Magazine: 过滤掉 10 条非近期新闻
2026-09-20 23:00:50 [INFO]   ⏭ CoinDesk: 过滤掉 25 条非近期新闻
2026-09-20 23:00:50 [WARNING] 解析失败 Bitget公告: 'NoneType' object is not subscriptable
2026-09-20 23:00:50 [INFO]   ⏭ Reddit r/bitcoin: 过滤掉 24 条非近期新闻
2026-09-20 23:00:50 [INFO]   ⏭ Bloomberg Crypto: 过滤掉 50 条非近期新闻
2026-09-20 23:00:50 [INFO]   ⏭ CNBC Crypto: 过滤掉 50 条非近期新闻
2026-09-20 23:00:50 [INFO]   ⏭ 宏观经济: 过滤掉 49 条非近期新闻
2026-09-20 23:00:50 [INFO]   ⏭ Reuters Crypto: 过滤掉 50 条非近期新闻
2026-09-20 23:00:50 [INFO]   ⏭ Blockworks: 过滤掉 50 条非近期新闻
2026-09-20 23:00:50 [INFO]   ⏭ 律动BlockBeats: 过滤掉 20 条非近期新闻
2026-09-20 23:00:50 [INFO]   ⏭ Decrypt: 过滤掉 50 条非近期新闻
2026-09-20 23:00:50 [INFO]   ⏭ Bitcoin Magazine: 过滤掉 50 条非近期新闻
2026-09-20 23:00:50 [INFO]   ⏭ DL News: 过滤掉 50 条非近期新闻
2026-09-20 23:00:50 [INFO]   ⏭ Blockworks: 过滤掉 2 条非近期新闻
2026-09-20 23:00:50 [INFO]   ⏭ CoinTelegraph: 过滤掉 24 条非近期新闻
2026-09-20 23:00:50 [INFO]   ⏭ 吴说区块链: 过滤掉 50 条非近期新闻
2026-09-20 23:00:50 [INFO]   ⏭ 雪球加密: 过滤掉 50 条非近期新闻
2026-09-20 23:00:51 [INFO]   ⏭ 律动BlockBeats: 过滤掉 50 条非近期新闻
2026-09-20 23:00:51 [INFO]   ⏭ DeFi Llama: 过滤掉 50 条非近期新闻
2026-09-20 23:00:51 [INFO]   ⏭ CoinTelegraph: 过滤掉 50 条非近期新闻
2026-09-20 23:00:51 [INFO]   ⏭ The Block: 过滤掉 50 条非近期新闻
2026-09-20 23:00:51 [INFO]   ⏭ Crypto Twitter: 过滤掉 45 条非近期新闻
2026-09-20 23:00:51 [INFO]   ⏭ CoinDesk: 过滤掉 50 条非近期新闻
2026-09-20 23:01:03 [INFO]   ⏭ PANews: 过滤掉 50 条非近期新闻
2026-09-20 23:01:03 [INFO]   ✓ CoinDesk: 0 条
2026-09-20 23:01:03 [INFO]   ✓ The Block: 0 条
2026-09-20 23:01:03 [INFO]   ✓ Decrypt: 0 条
2026-09-20 23:01:03 [INFO]   ✓ CoinTelegraph: 0 条
2026-09-20 23:01:03 [INFO]   ✓ Bitcoin Magazine: 0 条
2026-09-20 23:01:03 [INFO]   ✓ Blockworks: 0 条
2026-09-20 23:01:03 [INFO]   ✓ DL News: 0 条
2026-09-20 23:01:03 [INFO]   ✓ 金色财经: 4 条
2026-09-20 23:01:03 [INFO]   ✓ PANews: 0 条
2026-09-20 23:01:03 [INFO]   ✓ 律动BlockBeats: 0 条
2026-09-20 23:01:03 [INFO]   ✓ 吴说区块链: 0 条
2026-09-20 23:01:03 [INFO]   ✓ Bloomberg Crypto: 0 条
2026-09-20 23:01:03 [INFO]   ✓ Reuters Crypto: 0 条
2026-09-20 23:01:03 [INFO]   ✓ CNBC Crypto: 0 条
2026-09-20 23:01:03 [INFO]   ✓ Reddit r/cryptocurrency: 0 条
2026-09-20 23:01:03 [INFO]   ✓ Reddit r/bitcoin: 1 条
2026-09-20 23:01:03 [INFO]   ✓ Crypto Twitter: 5 条
2026-09-20 23:01:03 [INFO]   ✓ 宏观经济: 1 条
2026-09-20 23:01:03 [INFO]   ✓ Binance公告: 20 条
2026-09-20 23:01:03 [INFO]   ✓ OKX公告: 0 条
2026-09-20 23:01:03 [INFO]   ✓ Bitget公告: 0 条
2026-09-20 23:01:03 [INFO]   ✓ Whale Alert: 0 条
2026-09-20 23:01:03 [INFO]   ✓ Fear & Greed Index: 1 条
2026-09-20 23:01:03 [INFO]   ✓ DeFi Llama: 0 条
2026-09-20 23:01:03 [INFO]   ✓ 雪球加密: 0 条
2026-09-20 23:01:03 [INFO] 📊 共抓取 32 条新闻
2026-09-20 23:01:03 [INFO] 📋 原始新闻已保存: reports/2026-09-21-07-raw.json (32 条)
2026-09-20 23:01:03 [INFO] 📋 标题摘要已保存: reports/2026-09-21-07-raw-titles.md
2026-09-20 23:01:03 [INFO] ✅ 抓取完成，共 32 条，已保存到 reports/2026-09-21-07-raw.json
2026-09-20 23:01:04 [INFO] 🤖 开始 AI 筛选 2026-09-21 07:00 币圈消息
2026-09-20 23:01:04 [INFO] 📋 已加载原始新闻: reports/2026-09-21-07-raw.json (32 条)
2026-09-20 23:01:04 [INFO] 📚 已加载历史新闻标题（17088 字符）
2026-09-20 23:01:04 [INFO] 📚 已加载历史筛选标题 0 条、URL 0 个，用于去重
2026-09-20 23:01:04 [INFO] 🔄 尝试 AI 提供商: deepseek
2026-09-20 23:01:04 [INFO] 🤖 使用 AI 提供商: deepseek (模型: deepseek-v4-flash)
2026-09-20 23:01:04 [INFO] 🤖 AI 筛选 [[deepseek] 1/6 策略=仅标题+链接 retry=0]（32 条，6676 字符，temp=0.3）
2026-09-20 23:01:05 [ERROR] AI 调用异常 ([deepseek] 1/6 策略=仅标题+链接 retry=0): Error code: 401 - {'error': {'message': 'Authentication Fails, Your api key: ****df0d is invalid', 'type': 'authentication_error', 'param': None, 'code': 'invalid_request_error'}}
2026-09-20 23:01:05 [WARNING] [[deepseek] 1/6 策略=仅标题+链接 retry=0] AI 调用失败或解析失败，继续下一次尝试
2026-09-20 23:01:05 [INFO] 🤖 AI 筛选 [[deepseek] 2/6 策略=仅标题+链接 retry=1]（32 条，6676 字符，temp=0.3）
2026-09-20 23:01:05 [ERROR] AI 调用异常 ([deepseek] 2/6 策略=仅标题+链接 retry=1): Error code: 401 - {'error': {'message': 'Authentication Fails, Your api key: ****df0d is invalid', 'type': 'authentication_error', 'param': None, 'code': 'invalid_request_error'}}
2026-09-20 23:01:05 [WARNING] [[deepseek] 2/6 策略=仅标题+链接 retry=1] AI 调用失败或解析失败，继续下一次尝试
2026-09-20 23:01:05 [INFO] 🤖 AI 筛选 [[deepseek] 3/6 策略=仅标题+链接 retry=2]（32 条，6676 字符，temp=0.3）
2026-09-20 23:01:06 [ERROR] AI 调用异常 ([deepseek] 3/6 策略=仅标题+链接 retry=2): Error code: 401 - {'error': {'message': 'Authentication Fails, Your api key: ****df0d is invalid', 'type': 'authentication_error', 'param': None, 'code': 'invalid_request_error'}}
2026-09-20 23:01:06 [WARNING] [[deepseek] 3/6 策略=仅标题+链接 retry=2] AI 调用失败或解析失败，继续下一次尝试
2026-09-20 23:01:06 [INFO] 🤖 AI 筛选 [[deepseek] 4/6 策略=完整内容 retry=0]（32 条，9973 字符，temp=0.3）
2026-09-20 23:01:06 [ERROR] AI 调用异常 ([deepseek] 4/6 策略=完整内容 retry=0): Error code: 401 - {'error': {'message': 'Authentication Fails, Your api key: ****df0d is invalid', 'type': 'authentication_error', 'param': None, 'code': 'invalid_request_error'}}
2026-09-20 23:01:06 [WARNING] [[deepseek] 4/6 策略=完整内容 retry=0] AI 调用失败或解析失败，继续下一次尝试
2026-09-20 23:01:06 [INFO] 🤖 AI 筛选 [[deepseek] 5/6 策略=完整内容 retry=1]（32 条，9973 字符，temp=0.3）
2026-09-20 23:01:06 [ERROR] AI 调用异常 ([deepseek] 5/6 策略=完整内容 retry=1): Error code: 401 - {'error': {'message': 'Authentication Fails, Your api key: ****df0d is invalid', 'type': 'authentication_error', 'param': None, 'code': 'invalid_request_error'}}
2026-09-20 23:01:06 [WARNING] [[deepseek] 5/6 策略=完整内容 retry=1] AI 调用失败或解析失败，继续下一次尝试
2026-09-20 23:01:06 [INFO] 🤖 AI 筛选 [[deepseek] 6/6 策略=仅标题（无历史） retry=0]（32 条，6676 字符，temp=0.3）
2026-09-20 23:01:07 [ERROR] AI 调用异常 ([deepseek] 6/6 策略=仅标题（无历史） retry=0): Error code: 401 - {'error': {'message': 'Authentication Fails, Your api key: ****df0d is invalid', 'type': 'authentication_error', 'param': None, 'code': 'invalid_request_error'}}
2026-09-20 23:01:07 [WARNING] [[deepseek] 6/6 策略=仅标题（无历史） retry=0] AI 调用失败或解析失败，继续下一次尝试
2026-09-20 23:01:07 [WARNING] [deepseek] 已达最大尝试次数 6，停止
2026-09-20 23:01:07 [INFO] ⚠️ deepseek 未能产出满意结果，尝试下一个提供商
2026-09-20 23:01:07 [INFO] 🔄 尝试 AI 提供商: zhipu
2026-09-20 23:01:07 [ERROR] 未设置环境变量 ZHIPU_API_KEY，无法使用 zhipu
2026-09-20 23:01:07 [INFO] ⚠️ zhipu 未能产出满意结果，尝试下一个提供商
2026-09-20 23:01:07 [INFO] 🔄 尝试 AI 提供商: kimi
2026-09-20 23:01:07 [ERROR] 未设置环境变量 KIMI_API_KEY，无法使用 kimi
2026-09-20 23:01:07 [INFO] ⚠️ kimi 未能产出满意结果，尝试下一个提供商
2026-09-20 23:01:07 [INFO] 🔄 尝试 AI 提供商: huoshan
2026-09-20 23:01:07 [ERROR] 未设置环境变量 HUOSHAN_API_KEY，无法使用 huoshan
2026-09-20 23:01:07 [INFO] ⚠️ huoshan 未能产出满意结果，尝试下一个提供商
2026-09-20 23:01:07 [ERROR] ❌ 所有提供商均失败，返回空列表
2026-09-20 23:01:07 [INFO] 📦 JSON 已保存: reports/2026-09-21-07.json
2026-09-20 23:01:07 [INFO] ✅ AI 筛选完成，共 0 条交易相关消息
2026-09-21 00:01:00 [INFO] 🚀 开始抓取 2026-09-21 08:00 币圈新闻
2026-09-21 00:01:00 [INFO] 📡 抓取 RSS 新闻源...
2026-09-21 00:01:00 [INFO] 📡 抓取交易所公告 & 链上数据...
2026-09-21 00:01:00 [INFO]   ⏭ CoinTelegraph: 过滤掉 29 条非近期新闻
2026-09-21 00:01:00 [INFO]   ⏭ Decrypt: 过滤掉 36 条非近期新闻
2026-09-21 00:01:00 [INFO]   ⏭ The Block: 过滤掉 20 条非近期新闻
2026-09-21 00:01:00 [WARNING] 解析失败 Bitget公告: 'NoneType' object is not subscriptable
2026-09-21 00:01:00 [INFO]   ⏭ CoinDesk: 过滤掉 25 条非近期新闻
2026-09-21 00:01:00 [INFO]   ⏭ 金色财经: 过滤掉 5 条非近期新闻
2026-09-21 00:01:00 [INFO]   ⏭ 律动BlockBeats: 过滤掉 15 条非近期新闻
2026-09-21 00:01:00 [INFO]   ⏭ Bitcoin Magazine: 过滤掉 10 条非近期新闻
2026-09-21 00:01:01 [INFO]   ⏭ 宏观经济: 过滤掉 50 条非近期新闻
2026-09-21 00:01:01 [INFO]   ⏭ Bloomberg Crypto: 过滤掉 50 条非近期新闻
2026-09-21 00:01:01 [INFO]   ⏭ Reuters Crypto: 过滤掉 50 条非近期新闻
2026-09-21 00:01:01 [INFO]   ⏭ Blockworks: 过滤掉 50 条非近期新闻
2026-09-21 00:01:01 [INFO]   ⏭ CNBC Crypto: 过滤掉 50 条非近期新闻
2026-09-21 00:01:01 [INFO]   ⏭ Reddit r/cryptocurrency: 过滤掉 24 条非近期新闻
2026-09-21 00:01:01 [INFO]   ⏭ DL News: 过滤掉 50 条非近期新闻
2026-09-21 00:01:01 [INFO]   ⏭ Decrypt: 过滤掉 50 条非近期新闻
2026-09-21 00:01:01 [INFO]   ⏭ The Block: 过滤掉 50 条非近期新闻
2026-09-21 00:01:01 [INFO]   ⏭ 雪球加密: 过滤掉 50 条非近期新闻
2026-09-21 00:01:01 [INFO]   ⏭ Blockworks: 过滤掉 2 条非近期新闻
2026-09-21 00:01:01 [INFO]   ⏭ 宏观经济: 过滤掉 50 条非近期新闻
2026-09-21 00:01:01 [INFO]   ⏭ 吴说区块链: 过滤掉 50 条非近期新闻
2026-09-21 00:01:01 [INFO]   ⏭ CoinDesk: 过滤掉 50 条非近期新闻
2026-09-21 00:01:01 [INFO]   ⏭ Bitcoin Magazine: 过滤掉 50 条非近期新闻
2026-09-21 00:01:02 [INFO]   ⏭ DeFi Llama: 过滤掉 50 条非近期新闻
2026-09-21 00:01:02 [INFO]   ⏭ Crypto Twitter: 过滤掉 46 条非近期新闻
2026-09-21 00:01:15 [DEBUG] 请求失败 https://rsshub.rssforever.com/panewslab/news: 
2026-09-21 00:01:16 [DEBUG] 请求失败 https://rsshub.rssforever.com/bloomberg/crypto: 
2026-09-21 00:01:16 [INFO]   ⏭ PANews: 过滤掉 50 条非近期新闻
2026-09-21 00:01:16 [INFO]   ✓ CoinDesk: 0 条
2026-09-21 00:01:16 [INFO]   ✓ The Block: 0 条
2026-09-21 00:01:16 [INFO]   ✓ Decrypt: 0 条
2026-09-21 00:01:16 [INFO]   ✓ CoinTelegraph: 1 条
2026-09-21 00:01:16 [INFO]   ✓ Bitcoin Magazine: 0 条
2026-09-21 00:01:16 [INFO]   ✓ Blockworks: 0 条
2026-09-21 00:01:16 [INFO]   ✓ DL News: 0 条
2026-09-21 00:01:16 [INFO]   ✓ 金色财经: 5 条
2026-09-21 00:01:16 [INFO]   ✓ PANews: 0 条
2026-09-21 00:01:16 [INFO]   ✓ 律动BlockBeats: 5 条
2026-09-21 00:01:16 [INFO]   ✓ 吴说区块链: 0 条
2026-09-21 00:01:16 [INFO]   ✓ Bloomberg Crypto: 0 条
2026-09-21 00:01:16 [INFO]   ✓ Reuters Crypto: 0 条
2026-09-21 00:01:16 [INFO]   ✓ CNBC Crypto: 0 条
2026-09-21 00:01:16 [INFO]   ✓ Reddit r/cryptocurrency: 1 条
2026-09-21 00:01:16 [INFO]   ✓ Reddit r/bitcoin: 0 条
2026-09-21 00:01:16 [INFO]   ✓ Crypto Twitter: 4 条
2026-09-21 00:01:16 [INFO]   ✓ 宏观经济: 0 条
2026-09-21 00:01:16 [INFO]   ✓ Binance公告: 20 条
2026-09-21 00:01:16 [INFO]   ✓ OKX公告: 0 条
2026-09-21 00:01:16 [INFO]   ✓ Bitget公告: 0 条
2026-09-21 00:01:16 [INFO]   ✓ Whale Alert: 0 条
2026-09-21 00:01:16 [INFO]   ✓ Fear & Greed Index: 1 条
2026-09-21 00:01:16 [INFO]   ✓ DeFi Llama: 0 条
2026-09-21 00:01:16 [INFO]   ✓ 雪球加密: 0 条
2026-09-21 00:01:16 [INFO] 📊 共抓取 37 条新闻
2026-09-21 00:01:16 [INFO] 📋 原始新闻已保存: reports/2026-09-21-08-raw.json (37 条)
2026-09-21 00:01:16 [INFO] 📋 标题摘要已保存: reports/2026-09-21-08-raw-titles.md
2026-09-21 00:01:16 [INFO] ✅ 抓取完成，共 37 条，已保存到 reports/2026-09-21-08-raw.json
2026-09-21 00:01:17 [INFO] 🤖 开始 AI 筛选 2026-09-21 08:00 币圈消息
2026-09-21 00:01:17 [INFO] 📋 已加载原始新闻: reports/2026-09-21-08-raw.json (37 条)
2026-09-21 00:01:17 [INFO] 📚 已加载历史新闻标题（16998 字符）
2026-09-21 00:01:17 [INFO] 📚 已加载历史筛选标题 0 条、URL 0 个，用于去重
2026-09-21 00:01:17 [INFO] 🔄 尝试 AI 提供商: deepseek
2026-09-21 00:01:17 [INFO] 🤖 使用 AI 提供商: deepseek (模型: deepseek-v4-flash)
2026-09-21 00:01:17 [INFO] 🤖 AI 筛选 [[deepseek] 1/6 策略=仅标题+链接 retry=0]（37 条，6763 字符，temp=0.3）
2026-09-21 00:01:17 [ERROR] AI 调用异常 ([deepseek] 1/6 策略=仅标题+链接 retry=0): Error code: 401 - {'error': {'message': 'Authentication Fails, Your api key: ****df0d is invalid', 'type': 'authentication_error', 'param': None, 'code': 'invalid_request_error'}}
2026-09-21 00:01:17 [WARNING] [[deepseek] 1/6 策略=仅标题+链接 retry=0] AI 调用失败或解析失败，继续下一次尝试
2026-09-21 00:01:17 [INFO] 🤖 AI 筛选 [[deepseek] 2/6 策略=仅标题+链接 retry=1]（37 条，6763 字符，temp=0.3）
2026-09-21 00:01:18 [ERROR] AI 调用异常 ([deepseek] 2/6 策略=仅标题+链接 retry=1): Error code: 401 - {'error': {'message': 'Authentication Fails, Your api key: ****df0d is invalid', 'type': 'authentication_error', 'param': None, 'code': 'invalid_request_error'}}
2026-09-21 00:01:18 [WARNING] [[deepseek] 2/6 策略=仅标题+链接 retry=1] AI 调用失败或解析失败，继续下一次尝试
2026-09-21 00:01:18 [INFO] 🤖 AI 筛选 [[deepseek] 3/6 策略=仅标题+链接 retry=2]（37 条，6763 字符，temp=0.3）
2026-09-21 00:01:18 [ERROR] AI 调用异常 ([deepseek] 3/6 策略=仅标题+链接 retry=2): Error code: 401 - {'error': {'message': 'Authentication Fails, Your api key: ****df0d is invalid', 'type': 'authentication_error', 'param': None, 'code': 'invalid_request_error'}}
2026-09-21 00:01:18 [WARNING] [[deepseek] 3/6 策略=仅标题+链接 retry=2] AI 调用失败或解析失败，继续下一次尝试
2026-09-21 00:01:18 [INFO] 🤖 AI 筛选 [[deepseek] 4/6 策略=完整内容 retry=0]（37 条，11308 字符，temp=0.3）
2026-09-21 00:01:18 [ERROR] AI 调用异常 ([deepseek] 4/6 策略=完整内容 retry=0): Error code: 401 - {'error': {'message': 'Authentication Fails, Your api key: ****df0d is invalid', 'type': 'authentication_error', 'param': None, 'code': 'invalid_request_error'}}
2026-09-21 00:01:18 [WARNING] [[deepseek] 4/6 策略=完整内容 retry=0] AI 调用失败或解析失败，继续下一次尝试
2026-09-21 00:01:18 [INFO] 🤖 AI 筛选 [[deepseek] 5/6 策略=完整内容 retry=1]（37 条，11308 字符，temp=0.3）
2026-09-21 00:01:19 [ERROR] AI 调用异常 ([deepseek] 5/6 策略=完整内容 retry=1): Error code: 401 - {'error': {'message': 'Authentication Fails, Your api key: ****df0d is invalid', 'type': 'authentication_error', 'param': None, 'code': 'invalid_request_error'}}
2026-09-21 00:01:19 [WARNING] [[deepseek] 5/6 策略=完整内容 retry=1] AI 调用失败或解析失败，继续下一次尝试
2026-09-21 00:01:19 [INFO] 🤖 AI 筛选 [[deepseek] 6/6 策略=仅标题（无历史） retry=0]（37 条，6763 字符，temp=0.3）
2026-09-21 00:01:19 [ERROR] AI 调用异常 ([deepseek] 6/6 策略=仅标题（无历史） retry=0): Error code: 401 - {'error': {'message': 'Authentication Fails, Your api key: ****df0d is invalid', 'type': 'authentication_error', 'param': None, 'code': 'invalid_request_error'}}
2026-09-21 00:01:19 [WARNING] [[deepseek] 6/6 策略=仅标题（无历史） retry=0] AI 调用失败或解析失败，继续下一次尝试
2026-09-21 00:01:19 [WARNING] [deepseek] 已达最大尝试次数 6，停止
2026-09-21 00:01:19 [INFO] ⚠️ deepseek 未能产出满意结果，尝试下一个提供商
2026-09-21 00:01:19 [INFO] 🔄 尝试 AI 提供商: zhipu
2026-09-21 00:01:19 [ERROR] 未设置环境变量 ZHIPU_API_KEY，无法使用 zhipu
2026-09-21 00:01:19 [INFO] ⚠️ zhipu 未能产出满意结果，尝试下一个提供商
2026-09-21 00:01:19 [INFO] 🔄 尝试 AI 提供商: kimi
2026-09-21 00:01:19 [ERROR] 未设置环境变量 KIMI_API_KEY，无法使用 kimi
2026-09-21 00:01:19 [INFO] ⚠️ kimi 未能产出满意结果，尝试下一个提供商
2026-09-21 00:01:19 [INFO] 🔄 尝试 AI 提供商: huoshan
2026-09-21 00:01:19 [ERROR] 未设置环境变量 HUOSHAN_API_KEY，无法使用 huoshan
2026-09-21 00:01:19 [INFO] ⚠️ huoshan 未能产出满意结果，尝试下一个提供商
2026-09-21 00:01:19 [ERROR] ❌ 所有提供商均失败，返回空列表
2026-09-21 00:01:19 [INFO] 📦 JSON 已保存: reports/2026-09-21-08.json
2026-09-21 00:01:19 [INFO] ✅ AI 筛选完成，共 0 条交易相关消息
2026-09-21 01:00:52 [INFO] 🚀 开始抓取 2026-09-21 09:00 币圈新闻
2026-09-21 01:00:52 [INFO] 📡 抓取 RSS 新闻源...
2026-09-21 01:00:52 [INFO] 📡 抓取交易所公告 & 链上数据...
2026-09-21 01:00:52 [INFO]   ⏭ The Block: 过滤掉 20 条非近期新闻
2026-09-21 01:00:52 [INFO]   ⏭ Decrypt: 过滤掉 36 条非近期新闻
2026-09-21 01:00:52 [INFO]   ⏭ CoinTelegraph: 过滤掉 29 条非近期新闻
2026-09-21 01:00:53 [WARNING] 解析失败 Bitget公告: 'NoneType' object is not subscriptable
2026-09-21 01:00:53 [INFO]   ⏭ Bloomberg Crypto: 过滤掉 50 条非近期新闻
2026-09-21 01:00:53 [INFO]   ⏭ Bitcoin Magazine: 过滤掉 9 条非近期新闻
2026-09-21 01:00:53 [INFO]   ⏭ Reuters Crypto: 过滤掉 50 条非近期新闻
2026-09-21 01:00:53 [INFO]   ⏭ 宏观经济: 过滤掉 49 条非近期新闻
2026-09-21 01:00:53 [INFO]   ⏭ CNBC Crypto: 过滤掉 50 条非近期新闻
2026-09-21 01:00:53 [INFO]   ⏭ CoinDesk: 过滤掉 25 条非近期新闻
2026-09-21 01:00:53 [INFO]   ⏭ Reddit r/cryptocurrency: 过滤掉 24 条非近期新闻
2026-09-21 01:00:53 [INFO]   ⏭ Blockworks: 过滤掉 50 条非近期新闻
2026-09-21 01:00:53 [INFO]   ⏭ DL News: 过滤掉 50 条非近期新闻
2026-09-21 01:00:53 [INFO]   ⏭ Decrypt: 过滤掉 50 条非近期新闻
2026-09-21 01:00:54 [INFO]   ⏭ DeFi Llama: 过滤掉 50 条非近期新闻
2026-09-21 01:00:54 [INFO]   ⏭ 雪球加密: 过滤掉 50 条非近期新闻
2026-09-21 01:00:54 [INFO]   ⏭ The Block: 过滤掉 50 条非近期新闻
2026-09-21 01:00:54 [INFO]   ⏭ 吴说区块链: 过滤掉 50 条非近期新闻
2026-09-21 01:00:55 [INFO]   ⏭ CoinDesk: 过滤掉 50 条非近期新闻
2026-09-21 01:00:55 [INFO]   ⏭ Crypto Twitter: 过滤掉 46 条非近期新闻
2026-09-21 01:00:56 [INFO]   ⏭ Blockworks: 过滤掉 2 条非近期新闻
2026-09-21 01:01:02 [INFO]   ⏭ 律动BlockBeats: 过滤掉 2 条非近期新闻
2026-09-21 01:01:02 [INFO]   ⏭ PANews: 过滤掉 50 条非近期新闻
2026-09-21 01:01:05 [INFO]   ✓ CoinDesk: 0 条
2026-09-21 01:01:05 [INFO]   ✓ The Block: 0 条
2026-09-21 01:01:05 [INFO]   ✓ Decrypt: 0 条
2026-09-21 01:01:05 [INFO]   ✓ CoinTelegraph: 1 条
2026-09-21 01:01:05 [INFO]   ✓ Bitcoin Magazine: 1 条
2026-09-21 01:01:05 [INFO]   ✓ Blockworks: 0 条
2026-09-21 01:01:05 [INFO]   ✓ DL News: 0 条
2026-09-21 01:01:05 [INFO]   ✓ 金色财经: 4 条
2026-09-21 01:01:05 [INFO]   ✓ PANews: 0 条
2026-09-21 01:01:05 [INFO]   ✓ 律动BlockBeats: 18 条
2026-09-21 01:01:05 [INFO]   ✓ 吴说区块链: 0 条
2026-09-21 01:01:05 [INFO]   ✓ Bloomberg Crypto: 0 条
2026-09-21 01:01:05 [INFO]   ✓ Reuters Crypto: 0 条
2026-09-21 01:01:05 [INFO]   ✓ CNBC Crypto: 0 条
2026-09-21 01:01:05 [INFO]   ✓ Reddit r/cryptocurrency: 1 条
2026-09-21 01:01:05 [INFO]   ✓ Reddit r/bitcoin: 0 条
2026-09-21 01:01:05 [INFO]   ✓ Crypto Twitter: 4 条
2026-09-21 01:01:05 [INFO]   ✓ 宏观经济: 1 条
2026-09-21 01:01:05 [INFO]   ✓ Binance公告: 20 条
2026-09-21 01:01:05 [INFO]   ✓ OKX公告: 0 条
2026-09-21 01:01:05 [INFO]   ✓ Bitget公告: 0 条
2026-09-21 01:01:05 [INFO]   ✓ Whale Alert: 0 条
2026-09-21 01:01:05 [INFO]   ✓ Fear & Greed Index: 1 条
2026-09-21 01:01:05 [INFO]   ✓ DeFi Llama: 0 条
2026-09-21 01:01:05 [INFO]   ✓ 雪球加密: 0 条
2026-09-21 01:01:05 [INFO] 📊 共抓取 51 条新闻
2026-09-21 01:01:05 [INFO] 📋 原始新闻已保存: reports/2026-09-21-09-raw.json (51 条)
2026-09-21 01:01:05 [INFO] 📋 标题摘要已保存: reports/2026-09-21-09-raw-titles.md
2026-09-21 01:01:05 [INFO] ✅ 抓取完成，共 51 条，已保存到 reports/2026-09-21-09-raw.json
2026-09-21 01:01:05 [INFO] 🤖 开始 AI 筛选 2026-09-21 09:00 币圈消息
2026-09-21 01:01:05 [INFO] 📋 已加载原始新闻: reports/2026-09-21-09-raw.json (51 条)
2026-09-21 01:01:05 [INFO] 📚 已加载历史新闻标题（16431 字符）
2026-09-21 01:01:05 [INFO] 📚 已加载历史筛选标题 0 条、URL 0 个，用于去重
2026-09-21 01:01:05 [INFO] 🔄 尝试 AI 提供商: deepseek
2026-09-21 01:01:05 [INFO] 🤖 使用 AI 提供商: deepseek (模型: deepseek-v4-flash)
2026-09-21 01:01:05 [INFO] 🤖 AI 筛选 [[deepseek] 1/6 策略=仅标题+链接 retry=0]（51 条，8671 字符，temp=0.3）
2026-09-21 01:01:06 [ERROR] AI 调用异常 ([deepseek] 1/6 策略=仅标题+链接 retry=0): Error code: 401 - {'error': {'message': 'Authentication Fails, Your api key: ****df0d is invalid', 'type': 'authentication_error', 'param': None, 'code': 'invalid_request_error'}}
2026-09-21 01:01:06 [WARNING] [[deepseek] 1/6 策略=仅标题+链接 retry=0] AI 调用失败或解析失败，继续下一次尝试
2026-09-21 01:01:06 [INFO] 🤖 AI 筛选 [[deepseek] 2/6 策略=仅标题+链接 retry=1]（51 条，8671 字符，temp=0.3）
2026-09-21 01:01:06 [ERROR] AI 调用异常 ([deepseek] 2/6 策略=仅标题+链接 retry=1): Error code: 401 - {'error': {'message': 'Authentication Fails, Your api key: ****df0d is invalid', 'type': 'authentication_error', 'param': None, 'code': 'invalid_request_error'}}
2026-09-21 01:01:06 [WARNING] [[deepseek] 2/6 策略=仅标题+链接 retry=1] AI 调用失败或解析失败，继续下一次尝试
2026-09-21 01:01:06 [INFO] 🤖 AI 筛选 [[deepseek] 3/6 策略=仅标题+链接 retry=2]（51 条，8671 字符，temp=0.3）
2026-09-21 01:01:07 [ERROR] AI 调用异常 ([deepseek] 3/6 策略=仅标题+链接 retry=2): Error code: 401 - {'error': {'message': 'Authentication Fails, Your api key: ****df0d is invalid', 'type': 'authentication_error', 'param': None, 'code': 'invalid_request_error'}}
2026-09-21 01:01:07 [WARNING] [[deepseek] 3/6 策略=仅标题+链接 retry=2] AI 调用失败或解析失败，继续下一次尝试
2026-09-21 01:01:07 [INFO] 🤖 AI 筛选 [[deepseek] 4/6 策略=完整内容 retry=0]（51 条，15375 字符，temp=0.3）
2026-09-21 01:01:07 [ERROR] AI 调用异常 ([deepseek] 4/6 策略=完整内容 retry=0): Error code: 401 - {'error': {'message': 'Authentication Fails, Your api key: ****df0d is invalid', 'type': 'authentication_error', 'param': None, 'code': 'invalid_request_error'}}
2026-09-21 01:01:07 [WARNING] [[deepseek] 4/6 策略=完整内容 retry=0] AI 调用失败或解析失败，继续下一次尝试
2026-09-21 01:01:07 [INFO] 🤖 AI 筛选 [[deepseek] 5/6 策略=完整内容 retry=1]（51 条，15375 字符，temp=0.3）
2026-09-21 01:01:08 [ERROR] AI 调用异常 ([deepseek] 5/6 策略=完整内容 retry=1): Error code: 401 - {'error': {'message': 'Authentication Fails, Your api key: ****df0d is invalid', 'type': 'authentication_error', 'param': None, 'code': 'invalid_request_error'}}
2026-09-21 01:01:08 [WARNING] [[deepseek] 5/6 策略=完整内容 retry=1] AI 调用失败或解析失败，继续下一次尝试
2026-09-21 01:01:08 [INFO] 🤖 AI 筛选 [[deepseek] 6/6 策略=仅标题（无历史） retry=0]（51 条，8671 字符，temp=0.3）
2026-09-21 01:01:08 [ERROR] AI 调用异常 ([deepseek] 6/6 策略=仅标题（无历史） retry=0): Error code: 401 - {'error': {'message': 'Authentication Fails, Your api key: ****df0d is invalid', 'type': 'authentication_error', 'param': None, 'code': 'invalid_request_error'}}
2026-09-21 01:01:08 [WARNING] [[deepseek] 6/6 策略=仅标题（无历史） retry=0] AI 调用失败或解析失败，继续下一次尝试
2026-09-21 01:01:08 [WARNING] [deepseek] 已达最大尝试次数 6，停止
2026-09-21 01:01:08 [INFO] ⚠️ deepseek 未能产出满意结果，尝试下一个提供商
2026-09-21 01:01:08 [INFO] 🔄 尝试 AI 提供商: zhipu
2026-09-21 01:01:08 [ERROR] 未设置环境变量 ZHIPU_API_KEY，无法使用 zhipu
2026-09-21 01:01:08 [INFO] ⚠️ zhipu 未能产出满意结果，尝试下一个提供商
2026-09-21 01:01:08 [INFO] 🔄 尝试 AI 提供商: kimi
2026-09-21 01:01:08 [ERROR] 未设置环境变量 KIMI_API_KEY，无法使用 kimi
2026-09-21 01:01:08 [INFO] ⚠️ kimi 未能产出满意结果，尝试下一个提供商
2026-09-21 01:01:08 [INFO] 🔄 尝试 AI 提供商: huoshan
2026-09-21 01:01:08 [ERROR] 未设置环境变量 HUOSHAN_API_KEY，无法使用 huoshan
2026-09-21 01:01:08 [INFO] ⚠️ huoshan 未能产出满意结果，尝试下一个提供商
2026-09-21 01:01:08 [ERROR] ❌ 所有提供商均失败，返回空列表
2026-09-21 01:01:08 [INFO] 📦 JSON 已保存: reports/2026-09-21-09.json
2026-09-21 01:01:08 [INFO] ✅ AI 筛选完成，共 0 条交易相关消息
2026-09-21 02:00:49 [INFO] 🚀 开始抓取 2026-09-21 10:00 币圈新闻
2026-09-21 02:00:49 [INFO] 📡 抓取 RSS 新闻源...
2026-09-21 02:00:49 [INFO] 📡 抓取交易所公告 & 链上数据...
2026-09-21 02:00:49 [INFO]   ⏭ Decrypt: 过滤掉 36 条非近期新闻
2026-09-21 02:00:49 [INFO]   ⏭ CoinTelegraph: 过滤掉 29 条非近期新闻
2026-09-21 02:00:49 [INFO]   ⏭ The Block: 过滤掉 20 条非近期新闻
2026-09-21 02:00:49 [INFO]   ⏭ CoinDesk: 过滤掉 25 条非近期新闻
2026-09-21 02:00:50 [INFO]   ⏭ Bitcoin Magazine: 过滤掉 9 条非近期新闻
2026-09-21 02:00:50 [WARNING] 解析失败 Bitget公告: 'NoneType' object is not subscriptable
2026-09-21 02:00:50 [INFO]   ⏭ Bloomberg Crypto: 过滤掉 50 条非近期新闻
2026-09-21 02:00:50 [INFO]   ⏭ 宏观经济: 过滤掉 48 条非近期新闻
2026-09-21 02:00:50 [INFO]   ⏭ Blockworks: 过滤掉 50 条非近期新闻
2026-09-21 02:00:50 [INFO]   ⏭ Reuters Crypto: 过滤掉 50 条非近期新闻
2026-09-21 02:00:50 [INFO]   ⏭ Reddit r/bitcoin: 过滤掉 21 条非近期新闻
2026-09-21 02:00:50 [INFO]   ⏭ CNBC Crypto: 过滤掉 50 条非近期新闻
2026-09-21 02:00:50 [INFO]   ⏭ Decrypt: 过滤掉 50 条非近期新闻
2026-09-21 02:00:50 [INFO]   ⏭ DL News: 过滤掉 50 条非近期新闻
2026-09-21 02:00:50 [INFO]   ⏭ Blockworks: 过滤掉 2 条非近期新闻
2026-09-21 02:00:50 [INFO]   ⏭ DeFi Llama: 过滤掉 50 条非近期新闻
2026-09-21 02:00:50 [INFO]   ⏭ 吴说区块链: 过滤掉 50 条非近期新闻
2026-09-21 02:00:50 [INFO]   ⏭ 雪球加密: 过滤掉 49 条非近期新闻
2026-09-21 02:00:51 [INFO]   ⏭ Crypto Twitter: 过滤掉 44 条非近期新闻
2026-09-21 02:00:51 [INFO]   ⏭ The Block: 过滤掉 50 条非近期新闻
2026-09-21 02:00:51 [INFO]   ⏭ CoinDesk: 过滤掉 50 条非近期新闻
2026-09-21 02:01:05 [DEBUG] 请求失败 https://rsshub.rssforever.com/panewslab/news: 
2026-09-21 02:01:05 [DEBUG] 请求失败 https://rsshub.rssforever.com/jinse/lives: 
2026-09-21 02:01:05 [DEBUG] 请求失败 https://rsshub.rssforever.com/theblockbeats/newsflash: 
2026-09-21 02:01:05 [DEBUG] 请求失败 https://rsshub.rssforever.com/bloomberg/crypto: 
2026-09-21 02:01:05 [INFO]   ⏭ PANews: 过滤掉 50 条非近期新闻
2026-09-21 02:01:05 [INFO]   ⏭ 律动BlockBeats: 过滤掉 49 条非近期新闻
2026-09-21 02:01:05 [INFO]   ✓ CoinDesk: 0 条
2026-09-21 02:01:05 [INFO]   ✓ The Block: 0 条
2026-09-21 02:01:05 [INFO]   ✓ Decrypt: 0 条
2026-09-21 02:01:05 [INFO]   ✓ CoinTelegraph: 1 条
2026-09-21 02:01:05 [INFO]   ✓ Bitcoin Magazine: 1 条
2026-09-21 02:01:05 [INFO]   ✓ Blockworks: 0 条
2026-09-21 02:01:05 [INFO]   ✓ DL News: 0 条
2026-09-21 02:01:05 [INFO]   ✓ 金色财经: 0 条
2026-09-21 02:01:05 [INFO]   ✓ PANews: 0 条
2026-09-21 02:01:05 [INFO]   ✓ 律动BlockBeats: 1 条
2026-09-21 02:01:05 [INFO]   ✓ 吴说区块链: 0 条
2026-09-21 02:01:05 [INFO]   ✓ Bloomberg Crypto: 0 条
2026-09-21 02:01:05 [INFO]   ✓ Reuters Crypto: 0 条
2026-09-21 02:01:05 [INFO]   ✓ CNBC Crypto: 0 条
2026-09-21 02:01:05 [INFO]   ✓ Reddit r/cryptocurrency: 0 条
2026-09-21 02:01:05 [INFO]   ✓ Reddit r/bitcoin: 4 条
2026-09-21 02:01:05 [INFO]   ✓ Crypto Twitter: 6 条
2026-09-21 02:01:05 [INFO]   ✓ 宏观经济: 2 条
2026-09-21 02:01:05 [INFO]   ✓ Binance公告: 20 条
2026-09-21 02:01:05 [INFO]   ✓ OKX公告: 0 条
2026-09-21 02:01:05 [INFO]   ✓ Bitget公告: 0 条
2026-09-21 02:01:05 [INFO]   ✓ Whale Alert: 0 条
2026-09-21 02:01:05 [INFO]   ✓ Fear & Greed Index: 1 条
2026-09-21 02:01:05 [INFO]   ✓ DeFi Llama: 0 条
2026-09-21 02:01:05 [INFO]   ✓ 雪球加密: 1 条
2026-09-21 02:01:05 [INFO] 📊 共抓取 37 条新闻
2026-09-21 02:01:05 [INFO] 📋 原始新闻已保存: reports/2026-09-21-10-raw.json (37 条)
2026-09-21 02:01:05 [INFO] 📋 标题摘要已保存: reports/2026-09-21-10-raw-titles.md
2026-09-21 02:01:05 [INFO] ✅ 抓取完成，共 37 条，已保存到 reports/2026-09-21-10-raw.json
2026-09-21 02:01:06 [INFO] 🤖 开始 AI 筛选 2026-09-21 10:00 币圈消息
2026-09-21 02:01:06 [INFO] 📋 已加载原始新闻: reports/2026-09-21-10-raw.json (37 条)
2026-09-21 02:01:06 [INFO] 📚 已加载历史新闻标题（17441 字符）
2026-09-21 02:01:06 [INFO] 📚 已加载历史筛选标题 0 条、URL 0 个，用于去重
2026-09-21 02:01:06 [INFO] 🔄 尝试 AI 提供商: deepseek
2026-09-21 02:01:06 [INFO] 🤖 使用 AI 提供商: deepseek (模型: deepseek-v4-flash)
2026-09-21 02:01:06 [INFO] 🤖 AI 筛选 [[deepseek] 1/6 策略=仅标题+链接 retry=0]（37 条，8348 字符，temp=0.3）
2026-09-21 02:01:07 [ERROR] AI 调用异常 ([deepseek] 1/6 策略=仅标题+链接 retry=0): Error code: 401 - {'error': {'message': 'Authentication Fails, Your api key: ****df0d is invalid', 'type': 'authentication_error', 'param': None, 'code': 'invalid_request_error'}}
2026-09-21 02:01:07 [WARNING] [[deepseek] 1/6 策略=仅标题+链接 retry=0] AI 调用失败或解析失败，继续下一次尝试
2026-09-21 02:01:07 [INFO] 🤖 AI 筛选 [[deepseek] 2/6 策略=仅标题+链接 retry=1]（37 条，8348 字符，temp=0.3）
2026-09-21 02:01:07 [ERROR] AI 调用异常 ([deepseek] 2/6 策略=仅标题+链接 retry=1): Error code: 401 - {'error': {'message': 'Authentication Fails, Your api key: ****df0d is invalid', 'type': 'authentication_error', 'param': None, 'code': 'invalid_request_error'}}
2026-09-21 02:01:07 [WARNING] [[deepseek] 2/6 策略=仅标题+链接 retry=1] AI 调用失败或解析失败，继续下一次尝试
2026-09-21 02:01:07 [INFO] 🤖 AI 筛选 [[deepseek] 3/6 策略=仅标题+链接 retry=2]（37 条，8348 字符，temp=0.3）
2026-09-21 02:01:08 [ERROR] AI 调用异常 ([deepseek] 3/6 策略=仅标题+链接 retry=2): Error code: 401 - {'error': {'message': 'Authentication Fails, Your api key: ****df0d is invalid', 'type': 'authentication_error', 'param': None, 'code': 'invalid_request_error'}}
2026-09-21 02:01:08 [WARNING] [[deepseek] 3/6 策略=仅标题+链接 retry=2] AI 调用失败或解析失败，继续下一次尝试
2026-09-21 02:01:08 [INFO] 🤖 AI 筛选 [[deepseek] 4/6 策略=完整内容 retry=0]（37 条，12069 字符，temp=0.3）
2026-09-21 02:01:08 [ERROR] AI 调用异常 ([deepseek] 4/6 策略=完整内容 retry=0): Error code: 401 - {'error': {'message': 'Authentication Fails, Your api key: ****df0d is invalid', 'type': 'authentication_error', 'param': None, 'code': 'invalid_request_error'}}
2026-09-21 02:01:08 [WARNING] [[deepseek] 4/6 策略=完整内容 retry=0] AI 调用失败或解析失败，继续下一次尝试
2026-09-21 02:01:08 [INFO] 🤖 AI 筛选 [[deepseek] 5/6 策略=完整内容 retry=1]（37 条，12069 字符，temp=0.3）
2026-09-21 02:01:09 [ERROR] AI 调用异常 ([deepseek] 5/6 策略=完整内容 retry=1): Error code: 401 - {'error': {'message': 'Authentication Fails, Your api key: ****df0d is invalid', 'type': 'authentication_error', 'param': None, 'code': 'invalid_request_error'}}
2026-09-21 02:01:09 [WARNING] [[deepseek] 5/6 策略=完整内容 retry=1] AI 调用失败或解析失败，继续下一次尝试
2026-09-21 02:01:09 [INFO] 🤖 AI 筛选 [[deepseek] 6/6 策略=仅标题（无历史） retry=0]（37 条，8348 字符，temp=0.3）
2026-09-21 02:01:09 [ERROR] AI 调用异常 ([deepseek] 6/6 策略=仅标题（无历史） retry=0): Error code: 401 - {'error': {'message': 'Authentication Fails, Your api key: ****df0d is invalid', 'type': 'authentication_error', 'param': None, 'code': 'invalid_request_error'}}
2026-09-21 02:01:09 [WARNING] [[deepseek] 6/6 策略=仅标题（无历史） retry=0] AI 调用失败或解析失败，继续下一次尝试
2026-09-21 02:01:09 [WARNING] [deepseek] 已达最大尝试次数 6，停止
2026-09-21 02:01:09 [INFO] ⚠️ deepseek 未能产出满意结果，尝试下一个提供商
2026-09-21 02:01:09 [INFO] 🔄 尝试 AI 提供商: zhipu
2026-09-21 02:01:09 [ERROR] 未设置环境变量 ZHIPU_API_KEY，无法使用 zhipu
2026-09-21 02:01:09 [INFO] ⚠️ zhipu 未能产出满意结果，尝试下一个提供商
2026-09-21 02:01:09 [INFO] 🔄 尝试 AI 提供商: kimi
2026-09-21 02:01:09 [ERROR] 未设置环境变量 KIMI_API_KEY，无法使用 kimi
2026-09-21 02:01:09 [INFO] ⚠️ kimi 未能产出满意结果，尝试下一个提供商
2026-09-21 02:01:09 [INFO] 🔄 尝试 AI 提供商: huoshan
2026-09-21 02:01:09 [ERROR] 未设置环境变量 HUOSHAN_API_KEY，无法使用 huoshan
2026-09-21 02:01:09 [INFO] ⚠️ huoshan 未能产出满意结果，尝试下一个提供商
2026-09-21 02:01:09 [ERROR] ❌ 所有提供商均失败，返回空列表
2026-09-21 02:01:09 [INFO] 📦 JSON 已保存: reports/2026-09-21-10.json
2026-09-21 02:01:09 [INFO] ✅ AI 筛选完成，共 0 条交易相关消息
2026-09-21 03:00:50 [INFO] 🚀 开始抓取 2026-09-21 11:00 币圈新闻
2026-09-21 03:00:50 [INFO] 📡 抓取 RSS 新闻源...
2026-09-21 03:00:50 [INFO] 📡 抓取交易所公告 & 链上数据...
2026-09-21 03:00:50 [INFO]   ⏭ Decrypt: 过滤掉 36 条非近期新闻
2026-09-21 03:00:50 [INFO]   ⏭ The Block: 过滤掉 20 条非近期新闻
2026-09-21 03:00:50 [INFO]   ⏭ CoinTelegraph: 过滤掉 29 条非近期新闻
2026-09-21 03:00:51 [INFO]   ⏭ Bitcoin Magazine: 过滤掉 10 条非近期新闻
2026-09-21 03:00:51 [INFO]   ⏭ CoinDesk: 过滤掉 25 条非近期新闻
2026-09-21 03:00:51 [INFO]   ⏭ Reuters Crypto: 过滤掉 50 条非近期新闻
2026-09-21 03:00:51 [INFO]   ⏭ Bloomberg Crypto: 过滤掉 50 条非近期新闻
2026-09-21 03:00:51 [WARNING] 解析失败 Bitget公告: 'NoneType' object is not subscriptable
2026-09-21 03:00:51 [INFO]   ⏭ 宏观经济: 过滤掉 49 条非近期新闻
2026-09-21 03:00:51 [INFO]   ⏭ Blockworks: 过滤掉 50 条非近期新闻
2026-09-21 03:00:51 [INFO]   ⏭ CNBC Crypto: 过滤掉 50 条非近期新闻
2026-09-21 03:00:51 [INFO]   ⏭ Blockworks: 过滤掉 2 条非近期新闻
2026-09-21 03:00:51 [INFO]   ⏭ Decrypt: 过滤掉 50 条非近期新闻
2026-09-21 03:00:51 [INFO]   ⏭ DL News: 过滤掉 50 条非近期新闻
2026-09-21 03:00:52 [INFO]   ⏭ 吴说区块链: 过滤掉 50 条非近期新闻
2026-09-21 03:00:52 [INFO]   ⏭ 雪球加密: 过滤掉 50 条非近期新闻
2026-09-21 03:00:52 [INFO]   ⏭ DeFi Llama: 过滤掉 50 条非近期新闻
2026-09-21 03:00:52 [INFO]   ⏭ CoinDesk: 过滤掉 50 条非近期新闻
2026-09-21 03:00:52 [INFO]   ⏭ Bitcoin Magazine: 过滤掉 50 条非近期新闻
2026-09-21 03:00:52 [INFO]   ⏭ The Block: 过滤掉 50 条非近期新闻
2026-09-21 03:00:52 [INFO]   ⏭ Crypto Twitter: 过滤掉 43 条非近期新闻
2026-09-21 03:00:54 [INFO]   ⏭ PANews: 过滤掉 50 条非近期新闻
2026-09-21 03:00:55 [INFO]   ⏭ 律动BlockBeats: 过滤掉 3 条非近期新闻
2026-09-21 03:01:06 [DEBUG] 请求失败 https://rsshub.rssforever.com/jinse/lives: 
2026-09-21 03:01:06 [INFO]   ✓ CoinDesk: 0 条
2026-09-21 03:01:06 [INFO]   ✓ The Block: 0 条
2026-09-21 03:01:06 [INFO]   ✓ Decrypt: 0 条
2026-09-21 03:01:06 [INFO]   ✓ CoinTelegraph: 1 条
2026-09-21 03:01:06 [INFO]   ✓ Bitcoin Magazine: 0 条
2026-09-21 03:01:06 [INFO]   ✓ Blockworks: 0 条
2026-09-21 03:01:06 [INFO]   ✓ DL News: 0 条
2026-09-21 03:01:06 [INFO]   ✓ 金色财经: 0 条
2026-09-21 03:01:06 [INFO]   ✓ PANews: 0 条
2026-09-21 03:01:06 [INFO]   ✓ 律动BlockBeats: 17 条
2026-09-21 03:01:06 [INFO]   ✓ 吴说区块链: 0 条
2026-09-21 03:01:06 [INFO]   ✓ Bloomberg Crypto: 0 条
2026-09-21 03:01:06 [INFO]   ✓ Reuters Crypto: 0 条
2026-09-21 03:01:06 [INFO]   ✓ CNBC Crypto: 0 条
2026-09-21 03:01:06 [INFO]   ✓ Reddit r/cryptocurrency: 0 条
2026-09-21 03:01:06 [INFO]   ✓ Reddit r/bitcoin: 0 条
2026-09-21 03:01:06 [INFO]   ✓ Crypto Twitter: 7 条
2026-09-21 03:01:06 [INFO]   ✓ 宏观经济: 1 条
2026-09-21 03:01:06 [INFO]   ✓ Binance公告: 20 条
2026-09-21 03:01:06 [INFO]   ✓ OKX公告: 0 条
2026-09-21 03:01:06 [INFO]   ✓ Bitget公告: 0 条
2026-09-21 03:01:06 [INFO]   ✓ Whale Alert: 0 条
2026-09-21 03:01:06 [INFO]   ✓ Fear & Greed Index: 1 条
2026-09-21 03:01:06 [INFO]   ✓ DeFi Llama: 0 条
2026-09-21 03:01:06 [INFO]   ✓ 雪球加密: 0 条
2026-09-21 03:01:06 [INFO] 📊 共抓取 47 条新闻
2026-09-21 03:01:06 [INFO] 📋 原始新闻已保存: reports/2026-09-21-11-raw.json (47 条)
2026-09-21 03:01:06 [INFO] 📋 标题摘要已保存: reports/2026-09-21-11-raw-titles.md
2026-09-21 03:01:06 [INFO] ✅ 抓取完成，共 47 条，已保存到 reports/2026-09-21-11-raw.json
2026-09-21 03:01:07 [INFO] 🤖 开始 AI 筛选 2026-09-21 11:00 币圈消息
2026-09-21 03:01:07 [INFO] 📋 已加载原始新闻: reports/2026-09-21-11-raw.json (47 条)
2026-09-21 03:01:07 [INFO] 📚 已加载历史新闻标题（17777 字符）
2026-09-21 03:01:07 [INFO] 📚 已加载历史筛选标题 0 条、URL 0 个，用于去重
2026-09-21 03:01:07 [INFO] 🔄 尝试 AI 提供商: deepseek
2026-09-21 03:01:07 [INFO] 🤖 使用 AI 提供商: deepseek (模型: deepseek-v4-flash)
2026-09-21 03:01:07 [INFO] 🤖 AI 筛选 [[deepseek] 1/6 策略=仅标题+链接 retry=0]（47 条，8578 字符，temp=0.3）
2026-09-21 03:01:07 [ERROR] AI 调用异常 ([deepseek] 1/6 策略=仅标题+链接 retry=0): Error code: 401 - {'error': {'message': 'Authentication Fails, Your api key: ****df0d is invalid', 'type': 'authentication_error', 'param': None, 'code': 'invalid_request_error'}}
2026-09-21 03:01:07 [WARNING] [[deepseek] 1/6 策略=仅标题+链接 retry=0] AI 调用失败或解析失败，继续下一次尝试
2026-09-21 03:01:07 [INFO] 🤖 AI 筛选 [[deepseek] 2/6 策略=仅标题+链接 retry=1]（47 条，8578 字符，temp=0.3）
2026-09-21 03:01:08 [ERROR] AI 调用异常 ([deepseek] 2/6 策略=仅标题+链接 retry=1): Error code: 401 - {'error': {'message': 'Authentication Fails, Your api key: ****df0d is invalid', 'type': 'authentication_error', 'param': None, 'code': 'invalid_request_error'}}
2026-09-21 03:01:08 [WARNING] [[deepseek] 2/6 策略=仅标题+链接 retry=1] AI 调用失败或解析失败，继续下一次尝试
2026-09-21 03:01:08 [INFO] 🤖 AI 筛选 [[deepseek] 3/6 策略=仅标题+链接 retry=2]（47 条，8578 字符，temp=0.3）
2026-09-21 03:01:08 [ERROR] AI 调用异常 ([deepseek] 3/6 策略=仅标题+链接 retry=2): Error code: 401 - {'error': {'message': 'Authentication Fails, Your api key: ****df0d is invalid', 'type': 'authentication_error', 'param': None, 'code': 'invalid_request_error'}}
2026-09-21 03:01:08 [WARNING] [[deepseek] 3/6 策略=仅标题+链接 retry=2] AI 调用失败或解析失败，继续下一次尝试
2026-09-21 03:01:08 [INFO] 🤖 AI 筛选 [[deepseek] 4/6 策略=完整内容 retry=0]（47 条，14180 字符，temp=0.3）
2026-09-21 03:01:09 [ERROR] AI 调用异常 ([deepseek] 4/6 策略=完整内容 retry=0): Error code: 401 - {'error': {'message': 'Authentication Fails, Your api key: ****df0d is invalid', 'type': 'authentication_error', 'param': None, 'code': 'invalid_request_error'}}
2026-09-21 03:01:09 [WARNING] [[deepseek] 4/6 策略=完整内容 retry=0] AI 调用失败或解析失败，继续下一次尝试
2026-09-21 03:01:09 [INFO] 🤖 AI 筛选 [[deepseek] 5/6 策略=完整内容 retry=1]（47 条，14180 字符，temp=0.3）
2026-09-21 03:01:09 [ERROR] AI 调用异常 ([deepseek] 5/6 策略=完整内容 retry=1): Error code: 401 - {'error': {'message': 'Authentication Fails, Your api key: ****df0d is invalid', 'type': 'authentication_error', 'param': None, 'code': 'invalid_request_error'}}
2026-09-21 03:01:09 [WARNING] [[deepseek] 5/6 策略=完整内容 retry=1] AI 调用失败或解析失败，继续下一次尝试
2026-09-21 03:01:09 [INFO] 🤖 AI 筛选 [[deepseek] 6/6 策略=仅标题（无历史） retry=0]（47 条，8578 字符，temp=0.3）
2026-09-21 03:01:09 [ERROR] AI 调用异常 ([deepseek] 6/6 策略=仅标题（无历史） retry=0): Error code: 401 - {'error': {'message': 'Authentication Fails, Your api key: ****df0d is invalid', 'type': 'authentication_error', 'param': None, 'code': 'invalid_request_error'}}
2026-09-21 03:01:09 [WARNING] [[deepseek] 6/6 策略=仅标题（无历史） retry=0] AI 调用失败或解析失败，继续下一次尝试
2026-09-21 03:01:09 [WARNING] [deepseek] 已达最大尝试次数 6，停止
2026-09-21 03:01:09 [INFO] ⚠️ deepseek 未能产出满意结果，尝试下一个提供商
2026-09-21 03:01:09 [INFO] 🔄 尝试 AI 提供商: zhipu
2026-09-21 03:01:09 [ERROR] 未设置环境变量 ZHIPU_API_KEY，无法使用 zhipu
2026-09-21 03:01:09 [INFO] ⚠️ zhipu 未能产出满意结果，尝试下一个提供商
2026-09-21 03:01:09 [INFO] 🔄 尝试 AI 提供商: kimi
2026-09-21 03:01:09 [ERROR] 未设置环境变量 KIMI_API_KEY，无法使用 kimi
2026-09-21 03:01:09 [INFO] ⚠️ kimi 未能产出满意结果，尝试下一个提供商
2026-09-21 03:01:09 [INFO] 🔄 尝试 AI 提供商: huoshan
2026-09-21 03:01:09 [ERROR] 未设置环境变量 HUOSHAN_API_KEY，无法使用 huoshan
2026-09-21 03:01:09 [INFO] ⚠️ huoshan 未能产出满意结果，尝试下一个提供商
2026-09-21 03:01:09 [ERROR] ❌ 所有提供商均失败，返回空列表
2026-09-21 03:01:09 [INFO] 📦 JSON 已保存: reports/2026-09-21-11.json
2026-09-21 03:01:09 [INFO] ✅ AI 筛选完成，共 0 条交易相关消息
2026-09-21 04:00:52 [INFO] 🚀 开始抓取 2026-09-21 12:00 币圈新闻
2026-09-21 04:00:52 [INFO] 📡 抓取 RSS 新闻源...
2026-09-21 04:00:52 [INFO] 📡 抓取交易所公告 & 链上数据...
2026-09-21 04:00:52 [INFO]   ⏭ The Block: 过滤掉 20 条非近期新闻
2026-09-21 04:00:52 [INFO]   ⏭ Decrypt: 过滤掉 50 条非近期新闻
2026-09-21 04:00:52 [INFO]   ⏭ CoinTelegraph: 过滤掉 30 条非近期新闻
2026-09-21 04:00:53 [WARNING] 解析失败 Bitget公告: 'NoneType' object is not subscriptable
2026-09-21 04:00:53 [INFO]   ⏭ Bloomberg Crypto: 过滤掉 50 条非近期新闻
2026-09-21 04:00:53 [INFO]   ⏭ Reuters Crypto: 过滤掉 50 条非近期新闻
2026-09-21 04:00:53 [INFO]   ⏭ 宏观经济: 过滤掉 49 条非近期新闻
2026-09-21 04:00:53 [INFO]   ⏭ CoinDesk: 过滤掉 24 条非近期新闻
2026-09-21 04:00:53 [INFO]   ⏭ Bitcoin Magazine: 过滤掉 10 条非近期新闻
2026-09-21 04:00:53 [INFO]   ⏭ Reddit r/cryptocurrency: 过滤掉 24 条非近期新闻
2026-09-21 04:00:53 [INFO]   ⏭ CNBC Crypto: 过滤掉 50 条非近期新闻
2026-09-21 04:00:53 [INFO]   ⏭ Blockworks: 过滤掉 50 条非近期新闻
2026-09-21 04:00:54 [INFO]   ⏭ Blockworks: 过滤掉 2 条非近期新闻
2026-09-21 04:00:54 [INFO]   ⏭ Decrypt: 过滤掉 50 条非近期新闻
2026-09-21 04:00:54 [INFO]   ⏭ DL News: 过滤掉 50 条非近期新闻
2026-09-21 04:00:54 [INFO]   ⏭ Bitcoin Magazine: 过滤掉 50 条非近期新闻
2026-09-21 04:00:54 [INFO]   ⏭ 金色财经: 过滤掉 13 条非近期新闻
2026-09-21 04:00:54 [INFO]   ⏭ DeFi Llama: 过滤掉 50 条非近期新闻
2026-09-21 04:00:54 [INFO]   ⏭ 吴说区块链: 过滤掉 50 条非近期新闻
2026-09-21 04:00:54 [INFO]   ⏭ 雪球加密: 过滤掉 50 条非近期新闻
2026-09-21 04:00:54 [INFO]   ⏭ The Block: 过滤掉 50 条非近期新闻
2026-09-21 04:00:55 [INFO]   ⏭ Crypto Twitter: 过滤掉 39 条非近期新闻
2026-09-21 04:01:09 [DEBUG] 请求失败 https://rsshub.rssforever.com/theblockbeats/newsflash: 
2026-09-21 04:01:09 [DEBUG] 请求失败 https://rsshub.rssforever.com/panewslab/news: 
2026-09-21 04:01:09 [DEBUG] 请求失败 https://rsshub.rssforever.com/bloomberg/crypto: 
2026-09-21 04:01:09 [DEBUG] 请求失败 https://rsshub.rssforever.com/cointelegraph: 
2026-09-21 04:01:09 [INFO]   ⏭ PANews: 过滤掉 50 条非近期新闻
2026-09-21 04:01:09 [INFO]   ⏭ 律动BlockBeats: 过滤掉 48 条非近期新闻
2026-09-21 04:01:09 [INFO]   ⏭ CoinTelegraph: 过滤掉 50 条非近期新闻
2026-09-21 04:01:09 [INFO]   ✓ CoinDesk: 1 条
2026-09-21 04:01:09 [INFO]   ✓ The Block: 0 条
2026-09-21 04:01:09 [INFO]   ✓ Decrypt: 0 条
2026-09-21 04:01:09 [INFO]   ✓ CoinTelegraph: 0 条
2026-09-21 04:01:09 [INFO]   ✓ Bitcoin Magazine: 0 条
2026-09-21 04:01:09 [INFO]   ✓ Blockworks: 0 条
2026-09-21 04:01:09 [INFO]   ✓ DL News: 0 条
2026-09-21 04:01:09 [INFO]   ✓ 金色财经: 7 条
2026-09-21 04:01:09 [INFO]   ✓ PANews: 0 条
2026-09-21 04:01:09 [INFO]   ✓ 律动BlockBeats: 2 条
2026-09-21 04:01:09 [INFO]   ✓ 吴说区块链: 0 条
2026-09-21 04:01:09 [INFO]   ✓ Bloomberg Crypto: 0 条
2026-09-21 04:01:09 [INFO]   ✓ Reuters Crypto: 0 条
2026-09-21 04:01:09 [INFO]   ✓ CNBC Crypto: 0 条
2026-09-21 04:01:09 [INFO]   ✓ Reddit r/cryptocurrency: 1 条
2026-09-21 04:01:09 [INFO]   ✓ Reddit r/bitcoin: 0 条
2026-09-21 04:01:09 [INFO]   ✓ Crypto Twitter: 11 条
2026-09-21 04:01:09 [INFO]   ✓ 宏观经济: 1 条
2026-09-21 04:01:09 [INFO]   ✓ Binance公告: 20 条
2026-09-21 04:01:09 [INFO]   ✓ OKX公告: 0 条
2026-09-21 04:01:09 [INFO]   ✓ Bitget公告: 0 条
2026-09-21 04:01:09 [INFO]   ✓ Whale Alert: 0 条
2026-09-21 04:01:09 [INFO]   ✓ Fear & Greed Index: 1 条
2026-09-21 04:01:09 [INFO]   ✓ DeFi Llama: 0 条
2026-09-21 04:01:09 [INFO]   ✓ 雪球加密: 0 条
2026-09-21 04:01:09 [INFO] 📊 共抓取 44 条新闻
2026-09-21 04:01:09 [INFO] 📋 原始新闻已保存: reports/2026-09-21-12-raw.json (44 条)
2026-09-21 04:01:09 [INFO] 📋 标题摘要已保存: reports/2026-09-21-12-raw-titles.md
2026-09-21 04:01:09 [INFO] ✅ 抓取完成，共 44 条，已保存到 reports/2026-09-21-12-raw.json
2026-09-21 04:01:10 [INFO] 🤖 开始 AI 筛选 2026-09-21 12:00 币圈消息
2026-09-21 04:01:10 [INFO] 📋 已加载原始新闻: reports/2026-09-21-12-raw.json (44 条)
2026-09-21 04:01:10 [INFO] 📚 已加载历史新闻标题（17999 字符）
2026-09-21 04:01:10 [INFO] 📚 已加载历史筛选标题 0 条、URL 0 个，用于去重
2026-09-21 04:01:10 [INFO] 🔄 尝试 AI 提供商: deepseek
2026-09-21 04:01:10 [INFO] 🤖 使用 AI 提供商: deepseek (模型: deepseek-v4-flash)
2026-09-21 04:01:10 [INFO] 🤖 AI 筛选 [[deepseek] 1/6 策略=仅标题+链接 retry=0]（44 条，9739 字符，temp=0.3）
2026-09-21 04:01:10 [ERROR] AI 调用异常 ([deepseek] 1/6 策略=仅标题+链接 retry=0): Error code: 401 - {'error': {'message': 'Authentication Fails, Your api key: ****df0d is invalid', 'type': 'authentication_error', 'param': None, 'code': 'invalid_request_error'}}
2026-09-21 04:01:10 [WARNING] [[deepseek] 1/6 策略=仅标题+链接 retry=0] AI 调用失败或解析失败，继续下一次尝试
2026-09-21 04:01:10 [INFO] 🤖 AI 筛选 [[deepseek] 2/6 策略=仅标题+链接 retry=1]（44 条，9739 字符，temp=0.3）
2026-09-21 04:01:11 [ERROR] AI 调用异常 ([deepseek] 2/6 策略=仅标题+链接 retry=1): Error code: 401 - {'error': {'message': 'Authentication Fails, Your api key: ****df0d is invalid', 'type': 'authentication_error', 'param': None, 'code': 'invalid_request_error'}}
2026-09-21 04:01:11 [WARNING] [[deepseek] 2/6 策略=仅标题+链接 retry=1] AI 调用失败或解析失败，继续下一次尝试
2026-09-21 04:01:11 [INFO] 🤖 AI 筛选 [[deepseek] 3/6 策略=仅标题+链接 retry=2]（44 条，9739 字符，temp=0.3）
2026-09-21 04:01:11 [ERROR] AI 调用异常 ([deepseek] 3/6 策略=仅标题+链接 retry=2): Error code: 401 - {'error': {'message': 'Authentication Fails, Your api key: ****df0d is invalid', 'type': 'authentication_error', 'param': None, 'code': 'invalid_request_error'}}
2026-09-21 04:01:11 [WARNING] [[deepseek] 3/6 策略=仅标题+链接 retry=2] AI 调用失败或解析失败，继续下一次尝试
2026-09-21 04:01:11 [INFO] 🤖 AI 筛选 [[deepseek] 4/6 策略=完整内容 retry=0]（44 条，14333 字符，temp=0.3）
2026-09-21 04:01:12 [ERROR] AI 调用异常 ([deepseek] 4/6 策略=完整内容 retry=0): Error code: 401 - {'error': {'message': 'Authentication Fails, Your api key: ****df0d is invalid', 'type': 'authentication_error', 'param': None, 'code': 'invalid_request_error'}}
2026-09-21 04:01:12 [WARNING] [[deepseek] 4/6 策略=完整内容 retry=0] AI 调用失败或解析失败，继续下一次尝试
2026-09-21 04:01:12 [INFO] 🤖 AI 筛选 [[deepseek] 5/6 策略=完整内容 retry=1]（44 条，14333 字符，temp=0.3）
2026-09-21 04:01:12 [ERROR] AI 调用异常 ([deepseek] 5/6 策略=完整内容 retry=1): Error code: 401 - {'error': {'message': 'Authentication Fails, Your api key: ****df0d is invalid', 'type': 'authentication_error', 'param': None, 'code': 'invalid_request_error'}}
2026-09-21 04:01:12 [WARNING] [[deepseek] 5/6 策略=完整内容 retry=1] AI 调用失败或解析失败，继续下一次尝试
2026-09-21 04:01:12 [INFO] 🤖 AI 筛选 [[deepseek] 6/6 策略=仅标题（无历史） retry=0]（44 条，9739 字符，temp=0.3）
2026-09-21 04:01:12 [ERROR] AI 调用异常 ([deepseek] 6/6 策略=仅标题（无历史） retry=0): Error code: 401 - {'error': {'message': 'Authentication Fails, Your api key: ****df0d is invalid', 'type': 'authentication_error', 'param': None, 'code': 'invalid_request_error'}}
2026-09-21 04:01:12 [WARNING] [[deepseek] 6/6 策略=仅标题（无历史） retry=0] AI 调用失败或解析失败，继续下一次尝试
2026-09-21 04:01:12 [WARNING] [deepseek] 已达最大尝试次数 6，停止
2026-09-21 04:01:12 [INFO] ⚠️ deepseek 未能产出满意结果，尝试下一个提供商
2026-09-21 04:01:12 [INFO] 🔄 尝试 AI 提供商: zhipu
2026-09-21 04:01:12 [ERROR] 未设置环境变量 ZHIPU_API_KEY，无法使用 zhipu
2026-09-21 04:01:12 [INFO] ⚠️ zhipu 未能产出满意结果，尝试下一个提供商
2026-09-21 04:01:12 [INFO] 🔄 尝试 AI 提供商: kimi
2026-09-21 04:01:12 [ERROR] 未设置环境变量 KIMI_API_KEY，无法使用 kimi
2026-09-21 04:01:12 [INFO] ⚠️ kimi 未能产出满意结果，尝试下一个提供商
2026-09-21 04:01:12 [INFO] 🔄 尝试 AI 提供商: huoshan
2026-09-21 04:01:12 [ERROR] 未设置环境变量 HUOSHAN_API_KEY，无法使用 huoshan
2026-09-21 04:01:12 [INFO] ⚠️ huoshan 未能产出满意结果，尝试下一个提供商
2026-09-21 04:01:12 [ERROR] ❌ 所有提供商均失败，返回空列表
2026-09-21 04:01:12 [INFO] 📦 JSON 已保存: reports/2026-09-21-12.json
2026-09-21 04:01:12 [INFO] ✅ AI 筛选完成，共 0 条交易相关消息
2026-09-21 05:00:50 [INFO] 🚀 开始抓取 2026-09-21 13:00 币圈新闻
2026-09-21 05:00:50 [INFO] 📡 抓取 RSS 新闻源...
2026-09-21 05:00:50 [INFO] 📡 抓取交易所公告 & 链上数据...
2026-09-21 05:00:51 [INFO]   ⏭ The Block: 过滤掉 20 条非近期新闻
2026-09-21 05:00:51 [INFO]   ⏭ Decrypt: 过滤掉 50 条非近期新闻
2026-09-21 05:00:51 [INFO]   ⏭ CoinTelegraph: 过滤掉 27 条非近期新闻
2026-09-21 05:00:51 [WARNING] 解析失败 Bitget公告: 'NoneType' object is not subscriptable
2026-09-21 05:00:51 [INFO]   ⏭ Reuters Crypto: 过滤掉 50 条非近期新闻
2026-09-21 05:00:51 [INFO]   ⏭ Bloomberg Crypto: 过滤掉 50 条非近期新闻
2026-09-21 05:00:51 [INFO]   ⏭ 宏观经济: 过滤掉 49 条非近期新闻
2026-09-21 05:00:51 [INFO]   ⏭ CNBC Crypto: 过滤掉 50 条非近期新闻
2026-09-21 05:00:51 [INFO]   ⏭ CoinDesk: 过滤掉 23 条非近期新闻
2026-09-21 05:00:52 [INFO]   ⏭ Bitcoin Magazine: 过滤掉 10 条非近期新闻
2026-09-21 05:00:52 [INFO]   ⏭ Reddit r/cryptocurrency: 过滤掉 23 条非近期新闻
2026-09-21 05:00:52 [INFO]   ⏭ Blockworks: 过滤掉 50 条非近期新闻
2026-09-21 05:00:52 [INFO]   ⏭ 律动BlockBeats: 过滤掉 12 条非近期新闻
2026-09-21 05:00:52 [INFO]   ⏭ DL News: 过滤掉 50 条非近期新闻
2026-09-21 05:00:52 [INFO]   ⏭ Blockworks: 过滤掉 2 条非近期新闻
2026-09-21 05:00:52 [INFO]   ⏭ Bitcoin Magazine: 过滤掉 50 条非近期新闻
2026-09-21 05:00:52 [INFO]   ⏭ Decrypt: 过滤掉 50 条非近期新闻
2026-09-21 05:00:52 [INFO]   ⏭ DeFi Llama: 过滤掉 50 条非近期新闻
2026-09-21 05:00:52 [INFO]   ⏭ 吴说区块链: 过滤掉 50 条非近期新闻
2026-09-21 05:00:52 [INFO]   ⏭ 雪球加密: 过滤掉 49 条非近期新闻
2026-09-21 05:00:52 [INFO]   ⏭ The Block: 过滤掉 50 条非近期新闻
2026-09-21 05:00:53 [INFO]   ⏭ Crypto Twitter: 过滤掉 40 条非近期新闻
2026-09-21 05:01:07 [DEBUG] 请求失败 https://rsshub.rssforever.com/panewslab/news: 
2026-09-21 05:01:07 [DEBUG] 请求失败 https://rsshub.rssforever.com/bloomberg/crypto: 
2026-09-21 05:01:07 [DEBUG] 请求失败 https://rsshub.rssforever.com/jinse/lives: 
2026-09-21 05:01:07 [INFO]   ⏭ PANews: 过滤掉 50 条非近期新闻
2026-09-21 05:01:07 [INFO]   ✓ CoinDesk: 2 条
2026-09-21 05:01:07 [INFO]   ✓ The Block: 0 条
2026-09-21 05:01:07 [INFO]   ✓ Decrypt: 0 条
2026-09-21 05:01:07 [INFO]   ✓ CoinTelegraph: 3 条
2026-09-21 05:01:07 [INFO]   ✓ Bitcoin Magazine: 0 条
2026-09-21 05:01:07 [INFO]   ✓ Blockworks: 0 条
2026-09-21 05:01:07 [INFO]   ✓ DL News: 0 条
2026-09-21 05:01:07 [INFO]   ✓ 金色财经: 0 条
2026-09-21 05:01:07 [INFO]   ✓ PANews: 0 条
2026-09-21 05:01:07 [INFO]   ✓ 律动BlockBeats: 8 条
2026-09-21 05:01:07 [INFO]   ✓ 吴说区块链: 0 条
2026-09-21 05:01:07 [INFO]   ✓ Bloomberg Crypto: 0 条
2026-09-21 05:01:07 [INFO]   ✓ Reuters Crypto: 0 条
2026-09-21 05:01:07 [INFO]   ✓ CNBC Crypto: 0 条
2026-09-21 05:01:07 [INFO]   ✓ Reddit r/cryptocurrency: 2 条
2026-09-21 05:01:07 [INFO]   ✓ Reddit r/bitcoin: 0 条
2026-09-21 05:01:07 [INFO]   ✓ Crypto Twitter: 10 条
2026-09-21 05:01:07 [INFO]   ✓ 宏观经济: 1 条
2026-09-21 05:01:07 [INFO]   ✓ Binance公告: 20 条
2026-09-21 05:01:07 [INFO]   ✓ OKX公告: 0 条
2026-09-21 05:01:07 [INFO]   ✓ Bitget公告: 0 条
2026-09-21 05:01:07 [INFO]   ✓ Whale Alert: 0 条
2026-09-21 05:01:07 [INFO]   ✓ Fear & Greed Index: 1 条
2026-09-21 05:01:07 [INFO]   ✓ DeFi Llama: 0 条
2026-09-21 05:01:07 [INFO]   ✓ 雪球加密: 1 条
2026-09-21 05:01:07 [INFO] 📊 共抓取 48 条新闻
2026-09-21 05:01:07 [INFO] 📋 原始新闻已保存: reports/2026-09-21-13-raw.json (48 条)
2026-09-21 05:01:07 [INFO] 📋 标题摘要已保存: reports/2026-09-21-13-raw-titles.md
2026-09-21 05:01:07 [INFO] ✅ 抓取完成，共 48 条，已保存到 reports/2026-09-21-13-raw.json
2026-09-21 05:01:08 [INFO] 🤖 开始 AI 筛选 2026-09-21 13:00 币圈消息
2026-09-21 05:01:08 [INFO] 📋 已加载原始新闻: reports/2026-09-21-13-raw.json (48 条)
2026-09-21 05:01:08 [INFO] 📚 已加载历史新闻标题（18781 字符）
2026-09-21 05:01:08 [INFO] 📚 已加载历史筛选标题 0 条、URL 0 个，用于去重
2026-09-21 05:01:08 [INFO] 🔄 尝试 AI 提供商: deepseek
2026-09-21 05:01:08 [INFO] 🤖 使用 AI 提供商: deepseek (模型: deepseek-v4-flash)
2026-09-21 05:01:08 [INFO] 🤖 AI 筛选 [[deepseek] 1/6 策略=仅标题+链接 retry=0]（48 条，10919 字符，temp=0.3）
2026-09-21 05:01:09 [ERROR] AI 调用异常 ([deepseek] 1/6 策略=仅标题+链接 retry=0): Error code: 401 - {'error': {'message': 'Authentication Fails, Your api key: ****df0d is invalid', 'type': 'authentication_error', 'param': None, 'code': 'invalid_request_error'}}
2026-09-21 05:01:09 [WARNING] [[deepseek] 1/6 策略=仅标题+链接 retry=0] AI 调用失败或解析失败，继续下一次尝试
2026-09-21 05:01:09 [INFO] 🤖 AI 筛选 [[deepseek] 2/6 策略=仅标题+链接 retry=1]（48 条，10919 字符，temp=0.3）
2026-09-21 05:01:09 [ERROR] AI 调用异常 ([deepseek] 2/6 策略=仅标题+链接 retry=1): Error code: 401 - {'error': {'message': 'Authentication Fails, Your api key: ****df0d is invalid', 'type': 'authentication_error', 'param': None, 'code': 'invalid_request_error'}}
2026-09-21 05:01:09 [WARNING] [[deepseek] 2/6 策略=仅标题+链接 retry=1] AI 调用失败或解析失败，继续下一次尝试
2026-09-21 05:01:09 [INFO] 🤖 AI 筛选 [[deepseek] 3/6 策略=仅标题+链接 retry=2]（48 条，10919 字符，temp=0.3）
2026-09-21 05:01:10 [ERROR] AI 调用异常 ([deepseek] 3/6 策略=仅标题+链接 retry=2): Error code: 401 - {'error': {'message': 'Authentication Fails, Your api key: ****df0d is invalid', 'type': 'authentication_error', 'param': None, 'code': 'invalid_request_error'}}
2026-09-21 05:01:10 [WARNING] [[deepseek] 3/6 策略=仅标题+链接 retry=2] AI 调用失败或解析失败，继续下一次尝试
2026-09-21 05:01:10 [INFO] 🤖 AI 筛选 [[deepseek] 4/6 策略=完整内容 retry=0]（48 条，16240 字符，temp=0.3）
2026-09-21 05:01:10 [ERROR] AI 调用异常 ([deepseek] 4/6 策略=完整内容 retry=0): Error code: 401 - {'error': {'message': 'Authentication Fails, Your api key: ****df0d is invalid', 'type': 'authentication_error', 'param': None, 'code': 'invalid_request_error'}}
2026-09-21 05:01:10 [WARNING] [[deepseek] 4/6 策略=完整内容 retry=0] AI 调用失败或解析失败，继续下一次尝试
2026-09-21 05:01:10 [INFO] 🤖 AI 筛选 [[deepseek] 5/6 策略=完整内容 retry=1]（48 条，16240 字符，temp=0.3）
2026-09-21 05:01:11 [ERROR] AI 调用异常 ([deepseek] 5/6 策略=完整内容 retry=1): Error code: 401 - {'error': {'message': 'Authentication Fails, Your api key: ****df0d is invalid', 'type': 'authentication_error', 'param': None, 'code': 'invalid_request_error'}}
2026-09-21 05:01:11 [WARNING] [[deepseek] 5/6 策略=完整内容 retry=1] AI 调用失败或解析失败，继续下一次尝试
2026-09-21 05:01:11 [INFO] 🤖 AI 筛选 [[deepseek] 6/6 策略=仅标题（无历史） retry=0]（48 条，10919 字符，temp=0.3）
2026-09-21 05:01:11 [ERROR] AI 调用异常 ([deepseek] 6/6 策略=仅标题（无历史） retry=0): Error code: 401 - {'error': {'message': 'Authentication Fails, Your api key: ****df0d is invalid', 'type': 'authentication_error', 'param': None, 'code': 'invalid_request_error'}}
2026-09-21 05:01:11 [WARNING] [[deepseek] 6/6 策略=仅标题（无历史） retry=0] AI 调用失败或解析失败，继续下一次尝试
2026-09-21 05:01:11 [WARNING] [deepseek] 已达最大尝试次数 6，停止
2026-09-21 05:01:11 [INFO] ⚠️ deepseek 未能产出满意结果，尝试下一个提供商
2026-09-21 05:01:11 [INFO] 🔄 尝试 AI 提供商: zhipu
2026-09-21 05:01:11 [ERROR] 未设置环境变量 ZHIPU_API_KEY，无法使用 zhipu
2026-09-21 05:01:11 [INFO] ⚠️ zhipu 未能产出满意结果，尝试下一个提供商
2026-09-21 05:01:11 [INFO] 🔄 尝试 AI 提供商: kimi
2026-09-21 05:01:11 [ERROR] 未设置环境变量 KIMI_API_KEY，无法使用 kimi
2026-09-21 05:01:11 [INFO] ⚠️ kimi 未能产出满意结果，尝试下一个提供商
2026-09-21 05:01:11 [INFO] 🔄 尝试 AI 提供商: huoshan
2026-09-21 05:01:11 [ERROR] 未设置环境变量 HUOSHAN_API_KEY，无法使用 huoshan
2026-09-21 05:01:11 [INFO] ⚠️ huoshan 未能产出满意结果，尝试下一个提供商
2026-09-21 05:01:11 [ERROR] ❌ 所有提供商均失败，返回空列表
2026-09-21 05:01:11 [INFO] 📦 JSON 已保存: reports/2026-09-21-13.json
2026-09-21 05:01:11 [INFO] ✅ AI 筛选完成，共 0 条交易相关消息
2026-09-21 06:00:52 [INFO] 🚀 开始抓取 2026-09-21 14:00 币圈新闻
2026-09-21 06:00:53 [INFO] 📡 抓取 RSS 新闻源...
2026-09-21 06:00:53 [INFO] 📡 抓取交易所公告 & 链上数据...
2026-09-21 06:00:53 [INFO]   ⏭ CoinTelegraph: 过滤掉 27 条非近期新闻
2026-09-21 06:00:53 [INFO]   ⏭ Decrypt: 过滤掉 36 条非近期新闻
2026-09-21 06:00:53 [INFO]   ⏭ The Block: 过滤掉 20 条非近期新闻
2026-09-21 06:00:53 [WARNING] 解析失败 Bitget公告: 'NoneType' object is not subscriptable
2026-09-21 06:00:53 [INFO]   ⏭ Bitcoin Magazine: 过滤掉 10 条非近期新闻
2026-09-21 06:00:53 [INFO]   ⏭ CoinDesk: 过滤掉 24 条非近期新闻
2026-09-21 06:00:53 [INFO]   ⏭ Reuters Crypto: 过滤掉 50 条非近期新闻
2026-09-21 06:00:53 [INFO]   ⏭ CNBC Crypto: 过滤掉 50 条非近期新闻
2026-09-21 06:00:53 [INFO]   ⏭ Bloomberg Crypto: 过滤掉 49 条非近期新闻
2026-09-21 06:00:53 [INFO]   ⏭ Blockworks: 过滤掉 50 条非近期新闻
2026-09-21 06:00:53 [INFO]   ⏭ 宏观经济: 过滤掉 50 条非近期新闻
2026-09-21 06:00:53 [INFO]   ⏭ Reddit r/cryptocurrency: 过滤掉 23 条非近期新闻
2026-09-21 06:00:53 [INFO]   ⏭ Decrypt: 过滤掉 50 条非近期新闻
2026-09-21 06:00:54 [INFO]   ⏭ DL News: 过滤掉 50 条非近期新闻
2026-09-21 06:00:54 [INFO]   ⏭ Blockworks: 过滤掉 2 条非近期新闻
2026-09-21 06:00:54 [INFO]   ⏭ 宏观经济: 过滤掉 50 条非近期新闻
2026-09-21 06:00:54 [INFO]   ⏭ Bitcoin Magazine: 过滤掉 50 条非近期新闻
2026-09-21 06:00:54 [INFO]   ⏭ 金色财经: 过滤掉 13 条非近期新闻
2026-09-21 06:00:54 [INFO]   ⏭ 律动BlockBeats: 过滤掉 10 条非近期新闻
2026-09-21 06:00:55 [INFO]   ⏭ DeFi Llama: 过滤掉 50 条非近期新闻
2026-09-21 06:00:55 [INFO]   ⏭ 吴说区块链: 过滤掉 50 条非近期新闻
2026-09-21 06:00:55 [INFO]   ⏭ 雪球加密: 过滤掉 49 条非近期新闻
2026-09-21 06:00:55 [INFO]   ⏭ The Block: 过滤掉 50 条非近期新闻
2026-09-21 06:00:55 [INFO]   ⏭ Crypto Twitter: 过滤掉 41 条非近期新闻
2026-09-21 06:01:09 [DEBUG] 请求失败 https://rsshub.rssforever.com/panewslab/news: 
2026-09-21 06:01:09 [INFO]   ⏭ PANews: 过滤掉 50 条非近期新闻
2026-09-21 06:01:09 [INFO]   ✓ CoinDesk: 1 条
2026-09-21 06:01:09 [INFO]   ✓ The Block: 0 条
2026-09-21 06:01:09 [INFO]   ✓ Decrypt: 0 条
2026-09-21 06:01:09 [INFO]   ✓ CoinTelegraph: 3 条
2026-09-21 06:01:09 [INFO]   ✓ Bitcoin Magazine: 0 条
2026-09-21 06:01:09 [INFO]   ✓ Blockworks: 0 条
2026-09-21 06:01:09 [INFO]   ✓ DL News: 0 条
2026-09-21 06:01:09 [INFO]   ✓ 金色财经: 7 条
2026-09-21 06:01:09 [INFO]   ✓ PANews: 0 条
2026-09-21 06:01:09 [INFO]   ✓ 律动BlockBeats: 10 条
2026-09-21 06:01:09 [INFO]   ✓ 吴说区块链: 0 条
2026-09-21 06:01:09 [INFO]   ✓ Bloomberg Crypto: 1 条
2026-09-21 06:01:09 [INFO]   ✓ Reuters Crypto: 0 条
2026-09-21 06:01:09 [INFO]   ✓ CNBC Crypto: 0 条
2026-09-21 06:01:09 [INFO]   ✓ Reddit r/cryptocurrency: 2 条
2026-09-21 06:01:09 [INFO]   ✓ Reddit r/bitcoin: 0 条
2026-09-21 06:01:09 [INFO]   ✓ Crypto Twitter: 9 条
2026-09-21 06:01:09 [INFO]   ✓ 宏观经济: 0 条
2026-09-21 06:01:09 [INFO]   ✓ Binance公告: 20 条
2026-09-21 06:01:09 [INFO]   ✓ OKX公告: 0 条
2026-09-21 06:01:09 [INFO]   ✓ Bitget公告: 0 条
2026-09-21 06:01:09 [INFO]   ✓ Whale Alert: 0 条
2026-09-21 06:01:09 [INFO]   ✓ Fear & Greed Index: 1 条
2026-09-21 06:01:09 [INFO]   ✓ DeFi Llama: 0 条
2026-09-21 06:01:09 [INFO]   ✓ 雪球加密: 1 条
2026-09-21 06:01:09 [INFO] 📊 共抓取 55 条新闻
2026-09-21 06:01:09 [INFO] 📋 原始新闻已保存: reports/2026-09-21-14-raw.json (55 条)
2026-09-21 06:01:09 [INFO] 📋 标题摘要已保存: reports/2026-09-21-14-raw-titles.md
2026-09-21 06:01:09 [INFO] ✅ 抓取完成，共 55 条，已保存到 reports/2026-09-21-14-raw.json
2026-09-21 06:01:10 [INFO] 🤖 开始 AI 筛选 2026-09-21 14:00 币圈消息
2026-09-21 06:01:10 [INFO] 📋 已加载原始新闻: reports/2026-09-21-14-raw.json (55 条)
2026-09-21 06:01:10 [INFO] 📚 已加载历史新闻标题（19940 字符）
2026-09-21 06:01:10 [INFO] 📚 已加载历史筛选标题 0 条、URL 0 个，用于去重
2026-09-21 06:01:10 [INFO] 🔄 尝试 AI 提供商: deepseek
2026-09-21 06:01:10 [INFO] 🤖 使用 AI 提供商: deepseek (模型: deepseek-v4-flash)
2026-09-21 06:01:10 [INFO] 🤖 AI 筛选 [[deepseek] 1/6 策略=仅标题+链接 retry=0]（55 条，11011 字符，temp=0.3）
2026-09-21 06:01:11 [ERROR] AI 调用异常 ([deepseek] 1/6 策略=仅标题+链接 retry=0): Error code: 401 - {'error': {'message': 'Authentication Fails, Your api key: ****df0d is invalid', 'type': 'authentication_error', 'param': None, 'code': 'invalid_request_error'}}
2026-09-21 06:01:11 [WARNING] [[deepseek] 1/6 策略=仅标题+链接 retry=0] AI 调用失败或解析失败，继续下一次尝试
2026-09-21 06:01:11 [INFO] 🤖 AI 筛选 [[deepseek] 2/6 策略=仅标题+链接 retry=1]（55 条，11011 字符，temp=0.3）
2026-09-21 06:01:11 [ERROR] AI 调用异常 ([deepseek] 2/6 策略=仅标题+链接 retry=1): Error code: 401 - {'error': {'message': 'Authentication Fails, Your api key: ****df0d is invalid', 'type': 'authentication_error', 'param': None, 'code': 'invalid_request_error'}}
2026-09-21 06:01:11 [WARNING] [[deepseek] 2/6 策略=仅标题+链接 retry=1] AI 调用失败或解析失败，继续下一次尝试
2026-09-21 06:01:11 [INFO] 🤖 AI 筛选 [[deepseek] 3/6 策略=仅标题+链接 retry=2]（55 条，11011 字符，temp=0.3）
2026-09-21 06:01:11 [ERROR] AI 调用异常 ([deepseek] 3/6 策略=仅标题+链接 retry=2): Error code: 401 - {'error': {'message': 'Authentication Fails, Your api key: ****df0d is invalid', 'type': 'authentication_error', 'param': None, 'code': 'invalid_request_error'}}
2026-09-21 06:01:11 [WARNING] [[deepseek] 3/6 策略=仅标题+链接 retry=2] AI 调用失败或解析失败，继续下一次尝试
2026-09-21 06:01:11 [INFO] 🤖 AI 筛选 [[deepseek] 4/6 策略=完整内容 retry=0]（55 条，18042 字符，temp=0.3）
2026-09-21 06:01:12 [ERROR] AI 调用异常 ([deepseek] 4/6 策略=完整内容 retry=0): Error code: 401 - {'error': {'message': 'Authentication Fails, Your api key: ****df0d is invalid', 'type': 'authentication_error', 'param': None, 'code': 'invalid_request_error'}}
2026-09-21 06:01:12 [WARNING] [[deepseek] 4/6 策略=完整内容 retry=0] AI 调用失败或解析失败，继续下一次尝试
2026-09-21 06:01:12 [INFO] 🤖 AI 筛选 [[deepseek] 5/6 策略=完整内容 retry=1]（55 条，18042 字符，temp=0.3）
2026-09-21 06:01:12 [ERROR] AI 调用异常 ([deepseek] 5/6 策略=完整内容 retry=1): Error code: 401 - {'error': {'message': 'Authentication Fails, Your api key: ****df0d is invalid', 'type': 'authentication_error', 'param': None, 'code': 'invalid_request_error'}}
2026-09-21 06:01:12 [WARNING] [[deepseek] 5/6 策略=完整内容 retry=1] AI 调用失败或解析失败，继续下一次尝试
2026-09-21 06:01:12 [INFO] 🤖 AI 筛选 [[deepseek] 6/6 策略=仅标题（无历史） retry=0]（55 条，11011 字符，temp=0.3）
2026-09-21 06:01:13 [ERROR] AI 调用异常 ([deepseek] 6/6 策略=仅标题（无历史） retry=0): Error code: 401 - {'error': {'message': 'Authentication Fails, Your api key: ****df0d is invalid', 'type': 'authentication_error', 'param': None, 'code': 'invalid_request_error'}}
2026-09-21 06:01:13 [WARNING] [[deepseek] 6/6 策略=仅标题（无历史） retry=0] AI 调用失败或解析失败，继续下一次尝试
2026-09-21 06:01:13 [WARNING] [deepseek] 已达最大尝试次数 6，停止
2026-09-21 06:01:13 [INFO] ⚠️ deepseek 未能产出满意结果，尝试下一个提供商
2026-09-21 06:01:13 [INFO] 🔄 尝试 AI 提供商: zhipu
2026-09-21 06:01:13 [ERROR] 未设置环境变量 ZHIPU_API_KEY，无法使用 zhipu
2026-09-21 06:01:13 [INFO] ⚠️ zhipu 未能产出满意结果，尝试下一个提供商
2026-09-21 06:01:13 [INFO] 🔄 尝试 AI 提供商: kimi
2026-09-21 06:01:13 [ERROR] 未设置环境变量 KIMI_API_KEY，无法使用 kimi
2026-09-21 06:01:13 [INFO] ⚠️ kimi 未能产出满意结果，尝试下一个提供商
2026-09-21 06:01:13 [INFO] 🔄 尝试 AI 提供商: huoshan
2026-09-21 06:01:13 [ERROR] 未设置环境变量 HUOSHAN_API_KEY，无法使用 huoshan
2026-09-21 06:01:13 [INFO] ⚠️ huoshan 未能产出满意结果，尝试下一个提供商
2026-09-21 06:01:13 [ERROR] ❌ 所有提供商均失败，返回空列表
2026-09-21 06:01:13 [INFO] 📦 JSON 已保存: reports/2026-09-21-14.json
2026-09-21 06:01:13 [INFO] ✅ AI 筛选完成，共 0 条交易相关消息
2026-09-21 07:00:55 [INFO] 🚀 开始抓取 2026-09-21 15:00 币圈新闻
2026-09-21 07:00:55 [INFO] 📡 抓取 RSS 新闻源...
2026-09-21 07:00:55 [INFO] 📡 抓取交易所公告 & 链上数据...
2026-09-21 07:00:55 [INFO]   ⏭ CoinTelegraph: 过滤掉 29 条非近期新闻
2026-09-21 07:00:55 [INFO]   ⏭ Decrypt: 过滤掉 36 条非近期新闻
2026-09-21 07:00:55 [INFO]   ⏭ The Block: 过滤掉 20 条非近期新闻
2026-09-21 07:00:56 [INFO]   ⏭ CoinDesk: 过滤掉 24 条非近期新闻
2026-09-21 07:00:56 [INFO]   ⏭ Bitcoin Magazine: 过滤掉 10 条非近期新闻
2026-09-21 07:00:56 [WARNING] 解析失败 Bitget公告: 'NoneType' object is not subscriptable
2026-09-21 07:00:56 [INFO]   ⏭ Bitcoin Magazine: 过滤掉 50 条非近期新闻
2026-09-21 07:00:56 [INFO]   ⏭ Bloomberg Crypto: 过滤掉 49 条非近期新闻
2026-09-21 07:00:56 [INFO]   ⏭ Reddit r/bitcoin: 过滤掉 23 条非近期新闻
2026-09-21 07:00:56 [INFO]   ⏭ 宏观经济: 过滤掉 49 条非近期新闻
2026-09-21 07:00:56 [INFO]   ⏭ Reuters Crypto: 过滤掉 50 条非近期新闻
2026-09-21 07:00:56 [INFO]   ⏭ CNBC Crypto: 过滤掉 50 条非近期新闻
2026-09-21 07:00:56 [INFO]   ⏭ Blockworks: 过滤掉 50 条非近期新闻
2026-09-21 07:00:56 [INFO]   ⏭ Decrypt: 过滤掉 50 条非近期新闻
2026-09-21 07:00:56 [INFO]   ⏭ DL News: 过滤掉 50 条非近期新闻
2026-09-21 07:00:56 [INFO]   ⏭ Blockworks: 过滤掉 2 条非近期新闻
2026-09-21 07:00:57 [INFO]   ⏭ 律动BlockBeats: 过滤掉 6 条非近期新闻
2026-09-21 07:00:57 [INFO]   ⏭ 吴说区块链: 过滤掉 50 条非近期新闻
2026-09-21 07:00:57 [INFO]   ⏭ DeFi Llama: 过滤掉 50 条非近期新闻
2026-09-21 07:00:57 [INFO]   ⏭ 雪球加密: 过滤掉 47 条非近期新闻
2026-09-21 07:00:57 [INFO]   ⏭ The Block: 过滤掉 50 条非近期新闻
2026-09-21 07:00:57 [INFO]   ⏭ Crypto Twitter: 过滤掉 38 条非近期新闻
2026-09-21 07:01:04 [INFO]   ⏭ PANews: 过滤掉 50 条非近期新闻
2026-09-21 07:01:04 [INFO]   ✓ CoinDesk: 1 条
2026-09-21 07:01:04 [INFO]   ✓ The Block: 0 条
2026-09-21 07:01:04 [INFO]   ✓ Decrypt: 0 条
2026-09-21 07:01:04 [INFO]   ✓ CoinTelegraph: 1 条
2026-09-21 07:01:04 [INFO]   ✓ Bitcoin Magazine: 0 条
2026-09-21 07:01:04 [INFO]   ✓ Blockworks: 0 条
2026-09-21 07:01:04 [INFO]   ✓ DL News: 0 条
2026-09-21 07:01:04 [INFO]   ✓ 金色财经: 7 条
2026-09-21 07:01:04 [INFO]   ✓ PANews: 0 条
2026-09-21 07:01:04 [INFO]   ✓ 律动BlockBeats: 14 条
2026-09-21 07:01:04 [INFO]   ✓ 吴说区块链: 0 条
2026-09-21 07:01:04 [INFO]   ✓ Bloomberg Crypto: 1 条
2026-09-21 07:01:04 [INFO]   ✓ Reuters Crypto: 0 条
2026-09-21 07:01:04 [INFO]   ✓ CNBC Crypto: 0 条
2026-09-21 07:01:04 [INFO]   ✓ Reddit r/cryptocurrency: 0 条
2026-09-21 07:01:04 [INFO]   ✓ Reddit r/bitcoin: 2 条
2026-09-21 07:01:04 [INFO]   ✓ Crypto Twitter: 12 条
2026-09-21 07:01:04 [INFO]   ✓ 宏观经济: 1 条
2026-09-21 07:01:04 [INFO]   ✓ Binance公告: 20 条
2026-09-21 07:01:04 [INFO]   ✓ OKX公告: 0 条
2026-09-21 07:01:04 [INFO]   ✓ Bitget公告: 0 条
2026-09-21 07:01:04 [INFO]   ✓ Whale Alert: 0 条
2026-09-21 07:01:04 [INFO]   ✓ Fear & Greed Index: 1 条
2026-09-21 07:01:04 [INFO]   ✓ DeFi Llama: 0 条
2026-09-21 07:01:04 [INFO]   ✓ 雪球加密: 3 条
2026-09-21 07:01:04 [INFO] 📊 共抓取 63 条新闻
2026-09-21 07:01:04 [INFO] 📋 原始新闻已保存: reports/2026-09-21-15-raw.json (63 条)
2026-09-21 07:01:04 [INFO] 📋 标题摘要已保存: reports/2026-09-21-15-raw-titles.md
2026-09-21 07:01:04 [INFO] ✅ 抓取完成，共 63 条，已保存到 reports/2026-09-21-15-raw.json
2026-09-21 07:01:04 [INFO] 🤖 开始 AI 筛选 2026-09-21 15:00 币圈消息
2026-09-21 07:01:04 [INFO] 📋 已加载原始新闻: reports/2026-09-21-15-raw.json (63 条)
2026-09-21 07:01:04 [INFO] 📚 已加载历史新闻标题（21006 字符）
2026-09-21 07:01:04 [INFO] 📚 已加载历史筛选标题 0 条、URL 0 个，用于去重
2026-09-21 07:01:04 [INFO] 🔄 尝试 AI 提供商: deepseek
2026-09-21 07:01:04 [INFO] 🤖 使用 AI 提供商: deepseek (模型: deepseek-v4-flash)
2026-09-21 07:01:04 [INFO] 🤖 AI 筛选 [[deepseek] 1/6 策略=仅标题+链接 retry=0]（63 条，13237 字符，temp=0.3）
2026-09-21 07:01:05 [ERROR] AI 调用异常 ([deepseek] 1/6 策略=仅标题+链接 retry=0): Error code: 401 - {'error': {'message': 'Authentication Fails, Your api key: ****df0d is invalid', 'type': 'authentication_error', 'param': None, 'code': 'invalid_request_error'}}
2026-09-21 07:01:05 [WARNING] [[deepseek] 1/6 策略=仅标题+链接 retry=0] AI 调用失败或解析失败，继续下一次尝试
2026-09-21 07:01:05 [INFO] 🤖 AI 筛选 [[deepseek] 2/6 策略=仅标题+链接 retry=1]（63 条，13237 字符，temp=0.3）
2026-09-21 07:01:06 [ERROR] AI 调用异常 ([deepseek] 2/6 策略=仅标题+链接 retry=1): Error code: 401 - {'error': {'message': 'Authentication Fails, Your api key: ****df0d is invalid', 'type': 'authentication_error', 'param': None, 'code': 'invalid_request_error'}}
2026-09-21 07:01:06 [WARNING] [[deepseek] 2/6 策略=仅标题+链接 retry=1] AI 调用失败或解析失败，继续下一次尝试
2026-09-21 07:01:06 [INFO] 🤖 AI 筛选 [[deepseek] 3/6 策略=仅标题+链接 retry=2]（63 条，13237 字符，temp=0.3）
2026-09-21 07:01:06 [ERROR] AI 调用异常 ([deepseek] 3/6 策略=仅标题+链接 retry=2): Error code: 401 - {'error': {'message': 'Authentication Fails, Your api key: ****df0d is invalid', 'type': 'authentication_error', 'param': None, 'code': 'invalid_request_error'}}
2026-09-21 07:01:06 [WARNING] [[deepseek] 3/6 策略=仅标题+链接 retry=2] AI 调用失败或解析失败，继续下一次尝试
2026-09-21 07:01:06 [INFO] 🤖 AI 筛选 [[deepseek] 4/6 策略=完整内容 retry=0]（63 条，20723 字符，temp=0.3）
2026-09-21 07:01:07 [ERROR] AI 调用异常 ([deepseek] 4/6 策略=完整内容 retry=0): Error code: 401 - {'error': {'message': 'Authentication Fails, Your api key: ****df0d is invalid', 'type': 'authentication_error', 'param': None, 'code': 'invalid_request_error'}}
2026-09-21 07:01:07 [WARNING] [[deepseek] 4/6 策略=完整内容 retry=0] AI 调用失败或解析失败，继续下一次尝试
2026-09-21 07:01:07 [INFO] 🤖 AI 筛选 [[deepseek] 5/6 策略=完整内容 retry=1]（63 条，20723 字符，temp=0.3）
2026-09-21 07:01:07 [ERROR] AI 调用异常 ([deepseek] 5/6 策略=完整内容 retry=1): Error code: 401 - {'error': {'message': 'Authentication Fails, Your api key: ****df0d is invalid', 'type': 'authentication_error', 'param': None, 'code': 'invalid_request_error'}}
2026-09-21 07:01:07 [WARNING] [[deepseek] 5/6 策略=完整内容 retry=1] AI 调用失败或解析失败，继续下一次尝试
2026-09-21 07:01:07 [INFO] 🤖 AI 筛选 [[deepseek] 6/6 策略=仅标题（无历史） retry=0]（63 条，13237 字符，temp=0.3）
2026-09-21 07:01:07 [ERROR] AI 调用异常 ([deepseek] 6/6 策略=仅标题（无历史） retry=0): Error code: 401 - {'error': {'message': 'Authentication Fails, Your api key: ****df0d is invalid', 'type': 'authentication_error', 'param': None, 'code': 'invalid_request_error'}}
2026-09-21 07:01:07 [WARNING] [[deepseek] 6/6 策略=仅标题（无历史） retry=0] AI 调用失败或解析失败，继续下一次尝试
2026-09-21 07:01:07 [WARNING] [deepseek] 已达最大尝试次数 6，停止
2026-09-21 07:01:07 [INFO] ⚠️ deepseek 未能产出满意结果，尝试下一个提供商
2026-09-21 07:01:07 [INFO] 🔄 尝试 AI 提供商: zhipu
2026-09-21 07:01:07 [ERROR] 未设置环境变量 ZHIPU_API_KEY，无法使用 zhipu
2026-09-21 07:01:07 [INFO] ⚠️ zhipu 未能产出满意结果，尝试下一个提供商
2026-09-21 07:01:07 [INFO] 🔄 尝试 AI 提供商: kimi
2026-09-21 07:01:07 [ERROR] 未设置环境变量 KIMI_API_KEY，无法使用 kimi
2026-09-21 07:01:07 [INFO] ⚠️ kimi 未能产出满意结果，尝试下一个提供商
2026-09-21 07:01:07 [INFO] 🔄 尝试 AI 提供商: huoshan
2026-09-21 07:01:07 [ERROR] 未设置环境变量 HUOSHAN_API_KEY，无法使用 huoshan
2026-09-21 07:01:07 [INFO] ⚠️ huoshan 未能产出满意结果，尝试下一个提供商
2026-09-21 07:01:07 [ERROR] ❌ 所有提供商均失败，返回空列表
2026-09-21 07:01:07 [INFO] 📦 JSON 已保存: reports/2026-09-21-15.json
2026-09-21 07:01:07 [INFO] ✅ AI 筛选完成，共 0 条交易相关消息
2026-09-21 08:01:00 [INFO] 🚀 开始抓取 2026-09-21 16:00 币圈新闻
2026-09-21 08:01:00 [INFO] 📡 抓取 RSS 新闻源...
2026-09-21 08:01:00 [INFO] 📡 抓取交易所公告 & 链上数据...
2026-09-21 08:01:00 [INFO]   ⏭ The Block: 过滤掉 20 条非近期新闻
2026-09-21 08:01:00 [INFO]   ⏭ Decrypt: 过滤掉 36 条非近期新闻
2026-09-21 08:01:00 [INFO]   ⏭ CoinTelegraph: 过滤掉 28 条非近期新闻
2026-09-21 08:01:00 [WARNING] 解析失败 Bitget公告: 'NoneType' object is not subscriptable
2026-09-21 08:01:00 [INFO]   ⏭ CoinDesk: 过滤掉 24 条非近期新闻
2026-09-21 08:01:00 [INFO]   ⏭ Bitcoin Magazine: 过滤掉 10 条非近期新闻
2026-09-21 08:01:01 [INFO]   ⏭ Reuters Crypto: 过滤掉 50 条非近期新闻
2026-09-21 08:01:01 [INFO]   ⏭ Blockworks: 过滤掉 50 条非近期新闻
2026-09-21 08:01:01 [INFO]   ⏭ 宏观经济: 过滤掉 48 条非近期新闻
2026-09-21 08:01:01 [INFO]   ⏭ Bloomberg Crypto: 过滤掉 50 条非近期新闻
2026-09-21 08:01:01 [INFO]   ⏭ Reddit r/bitcoin: 过滤掉 20 条非近期新闻
2026-09-21 08:01:01 [INFO]   ⏭ CNBC Crypto: 过滤掉 49 条非近期新闻
2026-09-21 08:01:01 [INFO]   ⏭ Decrypt: 过滤掉 50 条非近期新闻
2026-09-21 08:01:01 [INFO]   ⏭ Blockworks: 过滤掉 2 条非近期新闻
2026-09-21 08:01:01 [INFO]   ⏭ DL News: 过滤掉 50 条非近期新闻
2026-09-21 08:01:01 [INFO]   ⏭ Bitcoin Magazine: 过滤掉 50 条非近期新闻
2026-09-21 08:01:02 [INFO]   ⏭ 金色财经: 过滤掉 9 条非近期新闻
2026-09-21 08:01:02 [INFO]   ⏭ 律动BlockBeats: 过滤掉 6 条非近期新闻
2026-09-21 08:01:02 [INFO]   ⏭ The Block: 过滤掉 50 条非近期新闻
2026-09-21 08:01:02 [INFO]   ⏭ 雪球加密: 过滤掉 48 条非近期新闻
2026-09-21 08:01:02 [INFO]   ⏭ 吴说区块链: 过滤掉 50 条非近期新闻
2026-09-21 08:01:02 [INFO]   ⏭ Crypto Twitter: 过滤掉 37 条非近期新闻
2026-09-21 08:01:02 [INFO]   ⏭ DeFi Llama: 过滤掉 50 条非近期新闻
2026-09-21 08:01:16 [DEBUG] 请求失败 https://rsshub.rssforever.com/panewslab/news: 
2026-09-21 08:01:17 [INFO]   ⏭ PANews: 过滤掉 50 条非近期新闻
2026-09-21 08:01:17 [INFO]   ✓ CoinDesk: 1 条
2026-09-21 08:01:17 [INFO]   ✓ The Block: 0 条
2026-09-21 08:01:17 [INFO]   ✓ Decrypt: 0 条
2026-09-21 08:01:17 [INFO]   ✓ CoinTelegraph: 2 条
2026-09-21 08:01:17 [INFO]   ✓ Bitcoin Magazine: 0 条
2026-09-21 08:01:17 [INFO]   ✓ Blockworks: 0 条
2026-09-21 08:01:17 [INFO]   ✓ DL News: 0 条
2026-09-21 08:01:17 [INFO]   ✓ 金色财经: 11 条
2026-09-21 08:01:17 [INFO]   ✓ PANews: 0 条
2026-09-21 08:01:17 [INFO]   ✓ 律动BlockBeats: 14 条
2026-09-21 08:01:17 [INFO]   ✓ 吴说区块链: 0 条
2026-09-21 08:01:17 [INFO]   ✓ Bloomberg Crypto: 0 条
2026-09-21 08:01:17 [INFO]   ✓ Reuters Crypto: 0 条
2026-09-21 08:01:17 [INFO]   ✓ CNBC Crypto: 1 条
2026-09-21 08:01:17 [INFO]   ✓ Reddit r/cryptocurrency: 0 条
2026-09-21 08:01:17 [INFO]   ✓ Reddit r/bitcoin: 5 条
2026-09-21 08:01:17 [INFO]   ✓ Crypto Twitter: 13 条
2026-09-21 08:01:17 [INFO]   ✓ 宏观经济: 2 条
2026-09-21 08:01:17 [INFO]   ✓ Binance公告: 20 条
2026-09-21 08:01:17 [INFO]   ✓ OKX公告: 0 条
2026-09-21 08:01:17 [INFO]   ✓ Bitget公告: 0 条
2026-09-21 08:01:17 [INFO]   ✓ Whale Alert: 0 条
2026-09-21 08:01:17 [INFO]   ✓ Fear & Greed Index: 1 条
2026-09-21 08:01:17 [INFO]   ✓ DeFi Llama: 0 条
2026-09-21 08:01:17 [INFO]   ✓ 雪球加密: 2 条
2026-09-21 08:01:17 [INFO] 📊 共抓取 72 条新闻
2026-09-21 08:01:17 [INFO] 📋 原始新闻已保存: reports/2026-09-21-16-raw.json (72 条)
2026-09-21 08:01:17 [INFO] 📋 标题摘要已保存: reports/2026-09-21-16-raw-titles.md
2026-09-21 08:01:17 [INFO] ✅ 抓取完成，共 72 条，已保存到 reports/2026-09-21-16-raw.json
2026-09-21 08:01:18 [INFO] 🤖 开始 AI 筛选 2026-09-21 16:00 币圈消息
2026-09-21 08:01:18 [INFO] 📋 已加载原始新闻: reports/2026-09-21-16-raw.json (72 条)
2026-09-21 08:01:18 [INFO] 📚 已加载历史新闻标题（21962 字符）
2026-09-21 08:01:18 [INFO] 📚 已加载历史筛选标题 0 条、URL 0 个，用于去重
2026-09-21 08:01:18 [INFO] 🔄 尝试 AI 提供商: deepseek
2026-09-21 08:01:18 [INFO] 🤖 使用 AI 提供商: deepseek (模型: deepseek-v4-flash)
2026-09-21 08:01:18 [INFO] 🤖 AI 筛选 [[deepseek] 1/6 策略=仅标题+链接 retry=0]（72 条，15084 字符，temp=0.3）
2026-09-21 08:01:18 [ERROR] AI 调用异常 ([deepseek] 1/6 策略=仅标题+链接 retry=0): Error code: 401 - {'error': {'message': 'Authentication Fails, Your api key: ****df0d is invalid', 'type': 'authentication_error', 'param': None, 'code': 'invalid_request_error'}}
2026-09-21 08:01:18 [WARNING] [[deepseek] 1/6 策略=仅标题+链接 retry=0] AI 调用失败或解析失败，继续下一次尝试
2026-09-21 08:01:18 [INFO] 🤖 AI 筛选 [[deepseek] 2/6 策略=仅标题+链接 retry=1]（72 条，15084 字符，temp=0.3）
2026-09-21 08:01:19 [ERROR] AI 调用异常 ([deepseek] 2/6 策略=仅标题+链接 retry=1): Error code: 401 - {'error': {'message': 'Authentication Fails, Your api key: ****df0d is invalid', 'type': 'authentication_error', 'param': None, 'code': 'invalid_request_error'}}
2026-09-21 08:01:19 [WARNING] [[deepseek] 2/6 策略=仅标题+链接 retry=1] AI 调用失败或解析失败，继续下一次尝试
2026-09-21 08:01:19 [INFO] 🤖 AI 筛选 [[deepseek] 3/6 策略=仅标题+链接 retry=2]（72 条，15084 字符，temp=0.3）
2026-09-21 08:01:19 [ERROR] AI 调用异常 ([deepseek] 3/6 策略=仅标题+链接 retry=2): Error code: 401 - {'error': {'message': 'Authentication Fails, Your api key: ****df0d is invalid', 'type': 'authentication_error', 'param': None, 'code': 'invalid_request_error'}}
2026-09-21 08:01:19 [WARNING] [[deepseek] 3/6 策略=仅标题+链接 retry=2] AI 调用失败或解析失败，继续下一次尝试
2026-09-21 08:01:19 [INFO] 🤖 AI 筛选 [[deepseek] 4/6 策略=完整内容 retry=0]（72 条，24183 字符，temp=0.3）
2026-09-21 08:01:20 [ERROR] AI 调用异常 ([deepseek] 4/6 策略=完整内容 retry=0): Error code: 401 - {'error': {'message': 'Authentication Fails, Your api key: ****df0d is invalid', 'type': 'authentication_error', 'param': None, 'code': 'invalid_request_error'}}
2026-09-21 08:01:20 [WARNING] [[deepseek] 4/6 策略=完整内容 retry=0] AI 调用失败或解析失败，继续下一次尝试
2026-09-21 08:01:20 [INFO] 🤖 AI 筛选 [[deepseek] 5/6 策略=完整内容 retry=1]（72 条，24183 字符，temp=0.3）
2026-09-21 08:01:20 [ERROR] AI 调用异常 ([deepseek] 5/6 策略=完整内容 retry=1): Error code: 401 - {'error': {'message': 'Authentication Fails, Your api key: ****df0d is invalid', 'type': 'authentication_error', 'param': None, 'code': 'invalid_request_error'}}
2026-09-21 08:01:20 [WARNING] [[deepseek] 5/6 策略=完整内容 retry=1] AI 调用失败或解析失败，继续下一次尝试
2026-09-21 08:01:20 [INFO] 🤖 AI 筛选 [[deepseek] 6/6 策略=仅标题（无历史） retry=0]（72 条，15084 字符，temp=0.3）
2026-09-21 08:01:20 [ERROR] AI 调用异常 ([deepseek] 6/6 策略=仅标题（无历史） retry=0): Error code: 401 - {'error': {'message': 'Authentication Fails, Your api key: ****df0d is invalid', 'type': 'authentication_error', 'param': None, 'code': 'invalid_request_error'}}
2026-09-21 08:01:20 [WARNING] [[deepseek] 6/6 策略=仅标题（无历史） retry=0] AI 调用失败或解析失败，继续下一次尝试
2026-09-21 08:01:20 [WARNING] [deepseek] 已达最大尝试次数 6，停止
2026-09-21 08:01:20 [INFO] ⚠️ deepseek 未能产出满意结果，尝试下一个提供商
2026-09-21 08:01:20 [INFO] 🔄 尝试 AI 提供商: zhipu
2026-09-21 08:01:20 [ERROR] 未设置环境变量 ZHIPU_API_KEY，无法使用 zhipu
2026-09-21 08:01:20 [INFO] ⚠️ zhipu 未能产出满意结果，尝试下一个提供商
2026-09-21 08:01:20 [INFO] 🔄 尝试 AI 提供商: kimi
2026-09-21 08:01:20 [ERROR] 未设置环境变量 KIMI_API_KEY，无法使用 kimi
2026-09-21 08:01:20 [INFO] ⚠️ kimi 未能产出满意结果，尝试下一个提供商
2026-09-21 08:01:20 [INFO] 🔄 尝试 AI 提供商: huoshan
2026-09-21 08:01:20 [ERROR] 未设置环境变量 HUOSHAN_API_KEY，无法使用 huoshan
2026-09-21 08:01:20 [INFO] ⚠️ huoshan 未能产出满意结果，尝试下一个提供商
2026-09-21 08:01:20 [ERROR] ❌ 所有提供商均失败，返回空列表
2026-09-21 08:01:20 [INFO] 📦 JSON 已保存: reports/2026-09-21-16.json
2026-09-21 08:01:20 [INFO] ✅ AI 筛选完成，共 0 条交易相关消息
2026-09-21 09:00:55 [INFO] 🚀 开始抓取 2026-09-21 17:00 币圈新闻
2026-09-21 09:00:55 [INFO] 📡 抓取 RSS 新闻源...
2026-09-21 09:00:55 [INFO] 📡 抓取交易所公告 & 链上数据...
2026-09-21 09:00:55 [INFO]   ⏭ Decrypt: 过滤掉 36 条非近期新闻
2026-09-21 09:00:55 [INFO]   ⏭ The Block: 过滤掉 20 条非近期新闻
2026-09-21 09:00:55 [INFO]   ⏭ CoinTelegraph: 过滤掉 29 条非近期新闻
2026-09-21 09:00:55 [INFO]   ⏭ Bloomberg Crypto: 过滤掉 50 条非近期新闻
2026-09-21 09:00:55 [INFO]   ⏭ Reuters Crypto: 过滤掉 50 条非近期新闻
2026-09-21 09:00:56 [INFO]   ⏭ 宏观经济: 过滤掉 49 条非近期新闻
2026-09-21 09:00:56 [INFO]   ⏭ CNBC Crypto: 过滤掉 49 条非近期新闻
2026-09-21 09:00:56 [WARNING] 解析失败 Bitget公告: 'NoneType' object is not subscriptable
2026-09-21 09:00:56 [INFO]   ⏭ Decrypt: 过滤掉 50 条非近期新闻
2026-09-21 09:00:56 [INFO]   ⏭ Reddit r/bitcoin: 过滤掉 19 条非近期新闻
2026-09-21 09:00:56 [INFO]   ⏭ CoinDesk: 过滤掉 23 条非近期新闻
2026-09-21 09:00:56 [INFO]   ⏭ Bitcoin Magazine: 过滤掉 10 条非近期新闻
2026-09-21 09:00:56 [INFO]   ⏭ Blockworks: 过滤掉 50 条非近期新闻
2026-09-21 09:00:56 [INFO]   ⏭ DL News: 过滤掉 50 条非近期新闻
2026-09-21 09:00:56 [INFO]   ⏭ Blockworks: 过滤掉 2 条非近期新闻
2026-09-21 09:00:56 [INFO]   ⏭ Bitcoin Magazine: 过滤掉 49 条非近期新闻
2026-09-21 09:00:56 [INFO]   ⏭ DeFi Llama: 过滤掉 50 条非近期新闻
2026-09-21 09:00:56 [INFO]   ⏭ The Block: 过滤掉 50 条非近期新闻
2026-09-21 09:00:57 [INFO]   ⏭ 雪球加密: 过滤掉 49 条非近期新闻
2026-09-21 09:00:57 [INFO]   ⏭ 吴说区块链: 过滤掉 50 条非近期新闻
2026-09-21 09:00:57 [INFO]   ⏭ Crypto Twitter: 过滤掉 43 条非近期新闻
2026-09-21 09:01:11 [DEBUG] 请求失败 https://rsshub.rssforever.com/panewslab/news: 
2026-09-21 09:01:11 [DEBUG] 请求失败 https://rsshub.rssforever.com/jinse/lives: 
2026-09-21 09:01:11 [DEBUG] 请求失败 https://rsshub.rssforever.com/theblockbeats/newsflash: 
2026-09-21 09:01:11 [DEBUG] 请求失败 https://rsshub.rssforever.com/bloomberg/crypto: 
2026-09-21 09:01:11 [INFO]   ⏭ PANews: 过滤掉 50 条非近期新闻
2026-09-21 09:01:12 [INFO]   ⏭ 律动BlockBeats: 过滤掉 50 条非近期新闻
2026-09-21 09:01:12 [INFO]   ✓ CoinDesk: 2 条
2026-09-21 09:01:12 [INFO]   ✓ The Block: 0 条
2026-09-21 09:01:12 [INFO]   ✓ Decrypt: 0 条
2026-09-21 09:01:12 [INFO]   ✓ CoinTelegraph: 1 条
2026-09-21 09:01:12 [INFO]   ✓ Bitcoin Magazine: 1 条
2026-09-21 09:01:12 [INFO]   ✓ Blockworks: 0 条
2026-09-21 09:01:12 [INFO]   ✓ DL News: 0 条
2026-09-21 09:01:12 [INFO]   ✓ 金色财经: 0 条
2026-09-21 09:01:12 [INFO]   ✓ PANews: 0 条
2026-09-21 09:01:12 [INFO]   ✓ 律动BlockBeats: 0 条
2026-09-21 09:01:12 [INFO]   ✓ 吴说区块链: 0 条
2026-09-21 09:01:12 [INFO]   ✓ Bloomberg Crypto: 0 条
2026-09-21 09:01:12 [INFO]   ✓ Reuters Crypto: 0 条
2026-09-21 09:01:12 [INFO]   ✓ CNBC Crypto: 1 条
2026-09-21 09:01:12 [INFO]   ✓ Reddit r/cryptocurrency: 0 条
2026-09-21 09:01:12 [INFO]   ✓ Reddit r/bitcoin: 6 条
2026-09-21 09:01:12 [INFO]   ✓ Crypto Twitter: 7 条
2026-09-21 09:01:12 [INFO]   ✓ 宏观经济: 1 条
2026-09-21 09:01:12 [INFO]   ✓ Binance公告: 20 条
2026-09-21 09:01:12 [INFO]   ✓ OKX公告: 0 条
2026-09-21 09:01:12 [INFO]   ✓ Bitget公告: 0 条
2026-09-21 09:01:12 [INFO]   ✓ Whale Alert: 0 条
2026-09-21 09:01:12 [INFO]   ✓ Fear & Greed Index: 1 条
2026-09-21 09:01:12 [INFO]   ✓ DeFi Llama: 0 条
2026-09-21 09:01:12 [INFO]   ✓ 雪球加密: 1 条
2026-09-21 09:01:12 [INFO] 📊 共抓取 41 条新闻
2026-09-21 09:01:12 [INFO] 📋 原始新闻已保存: reports/2026-09-21-17-raw.json (41 条)
2026-09-21 09:01:12 [INFO] 📋 标题摘要已保存: reports/2026-09-21-17-raw-titles.md
2026-09-21 09:01:12 [INFO] ✅ 抓取完成，共 41 条，已保存到 reports/2026-09-21-17-raw.json
2026-09-21 09:01:12 [INFO] 🤖 开始 AI 筛选 2026-09-21 17:00 币圈消息
2026-09-21 09:01:12 [INFO] 📋 已加载原始新闻: reports/2026-09-21-17-raw.json (41 条)
2026-09-21 09:01:12 [INFO] 📚 已加载历史新闻标题（23908 字符）
2026-09-21 09:01:12 [INFO] 📚 已加载历史筛选标题 0 条、URL 0 个，用于去重
2026-09-21 09:01:12 [INFO] 🔄 尝试 AI 提供商: deepseek
2026-09-21 09:01:12 [INFO] 🤖 使用 AI 提供商: deepseek (模型: deepseek-v4-flash)
2026-09-21 09:01:12 [INFO] 🤖 AI 筛选 [[deepseek] 1/6 策略=仅标题+链接 retry=0]（41 条，9799 字符，temp=0.3）
2026-09-21 09:01:13 [ERROR] AI 调用异常 ([deepseek] 1/6 策略=仅标题+链接 retry=0): Error code: 401 - {'error': {'message': 'Authentication Fails, Your api key: ****df0d is invalid', 'type': 'authentication_error', 'param': None, 'code': 'invalid_request_error'}}
2026-09-21 09:01:13 [WARNING] [[deepseek] 1/6 策略=仅标题+链接 retry=0] AI 调用失败或解析失败，继续下一次尝试
2026-09-21 09:01:13 [INFO] 🤖 AI 筛选 [[deepseek] 2/6 策略=仅标题+链接 retry=1]（41 条，9799 字符，temp=0.3）
2026-09-21 09:01:13 [ERROR] AI 调用异常 ([deepseek] 2/6 策略=仅标题+链接 retry=1): Error code: 401 - {'error': {'message': 'Authentication Fails, Your api key: ****df0d is invalid', 'type': 'authentication_error', 'param': None, 'code': 'invalid_request_error'}}
2026-09-21 09:01:13 [WARNING] [[deepseek] 2/6 策略=仅标题+链接 retry=1] AI 调用失败或解析失败，继续下一次尝试
2026-09-21 09:01:13 [INFO] 🤖 AI 筛选 [[deepseek] 3/6 策略=仅标题+链接 retry=2]（41 条，9799 字符，temp=0.3）
2026-09-21 09:01:14 [ERROR] AI 调用异常 ([deepseek] 3/6 策略=仅标题+链接 retry=2): Error code: 401 - {'error': {'message': 'Authentication Fails, Your api key: ****df0d is invalid', 'type': 'authentication_error', 'param': None, 'code': 'invalid_request_error'}}
2026-09-21 09:01:14 [WARNING] [[deepseek] 3/6 策略=仅标题+链接 retry=2] AI 调用失败或解析失败，继续下一次尝试
2026-09-21 09:01:14 [INFO] 🤖 AI 筛选 [[deepseek] 4/6 策略=完整内容 retry=0]（41 条，13423 字符，temp=0.3）
2026-09-21 09:01:14 [ERROR] AI 调用异常 ([deepseek] 4/6 策略=完整内容 retry=0): Error code: 401 - {'error': {'message': 'Authentication Fails, Your api key: ****df0d is invalid', 'type': 'authentication_error', 'param': None, 'code': 'invalid_request_error'}}
2026-09-21 09:01:14 [WARNING] [[deepseek] 4/6 策略=完整内容 retry=0] AI 调用失败或解析失败，继续下一次尝试
2026-09-21 09:01:14 [INFO] 🤖 AI 筛选 [[deepseek] 5/6 策略=完整内容 retry=1]（41 条，13423 字符，temp=0.3）
2026-09-21 09:01:15 [ERROR] AI 调用异常 ([deepseek] 5/6 策略=完整内容 retry=1): Error code: 401 - {'error': {'message': 'Authentication Fails, Your api key: ****df0d is invalid', 'type': 'authentication_error', 'param': None, 'code': 'invalid_request_error'}}
2026-09-21 09:01:15 [WARNING] [[deepseek] 5/6 策略=完整内容 retry=1] AI 调用失败或解析失败，继续下一次尝试
2026-09-21 09:01:15 [INFO] 🤖 AI 筛选 [[deepseek] 6/6 策略=仅标题（无历史） retry=0]（41 条，9799 字符，temp=0.3）
2026-09-21 09:01:15 [ERROR] AI 调用异常 ([deepseek] 6/6 策略=仅标题（无历史） retry=0): Error code: 401 - {'error': {'message': 'Authentication Fails, Your api key: ****df0d is invalid', 'type': 'authentication_error', 'param': None, 'code': 'invalid_request_error'}}
2026-09-21 09:01:15 [WARNING] [[deepseek] 6/6 策略=仅标题（无历史） retry=0] AI 调用失败或解析失败，继续下一次尝试
2026-09-21 09:01:15 [WARNING] [deepseek] 已达最大尝试次数 6，停止
2026-09-21 09:01:15 [INFO] ⚠️ deepseek 未能产出满意结果，尝试下一个提供商
2026-09-21 09:01:15 [INFO] 🔄 尝试 AI 提供商: zhipu
2026-09-21 09:01:15 [ERROR] 未设置环境变量 ZHIPU_API_KEY，无法使用 zhipu
2026-09-21 09:01:15 [INFO] ⚠️ zhipu 未能产出满意结果，尝试下一个提供商
2026-09-21 09:01:15 [INFO] 🔄 尝试 AI 提供商: kimi
2026-09-21 09:01:15 [ERROR] 未设置环境变量 KIMI_API_KEY，无法使用 kimi
2026-09-21 09:01:15 [INFO] ⚠️ kimi 未能产出满意结果，尝试下一个提供商
2026-09-21 09:01:15 [INFO] 🔄 尝试 AI 提供商: huoshan
2026-09-21 09:01:15 [ERROR] 未设置环境变量 HUOSHAN_API_KEY，无法使用 huoshan
2026-09-21 09:01:15 [INFO] ⚠️ huoshan 未能产出满意结果，尝试下一个提供商
2026-09-21 09:01:15 [ERROR] ❌ 所有提供商均失败，返回空列表
2026-09-21 09:01:15 [INFO] 📦 JSON 已保存: reports/2026-09-21-17.json
2026-09-21 09:01:15 [INFO] ✅ AI 筛选完成，共 0 条交易相关消息
2026-09-21 10:00:57 [INFO] 🚀 开始抓取 2026-09-21 18:00 币圈新闻
2026-09-21 10:00:57 [INFO] 📡 抓取 RSS 新闻源...
2026-09-21 10:00:57 [INFO] 📡 抓取交易所公告 & 链上数据...
2026-09-21 10:00:58 [INFO]   ⏭ CoinTelegraph: 过滤掉 29 条非近期新闻
2026-09-21 10:00:58 [INFO]   ⏭ Decrypt: 过滤掉 35 条非近期新闻
2026-09-21 10:00:58 [INFO]   ⏭ The Block: 过滤掉 19 条非近期新闻
2026-09-21 10:00:58 [INFO]   ⏭ Bloomberg Crypto: 过滤掉 49 条非近期新闻
2026-09-21 10:00:58 [INFO]   ⏭ Reuters Crypto: 过滤掉 50 条非近期新闻
2026-09-21 10:00:58 [INFO]   ⏭ 宏观经济: 过滤掉 48 条非近期新闻
2026-09-21 10:00:58 [WARNING] 解析失败 Bitget公告: 'NoneType' object is not subscriptable
2026-09-21 10:00:58 [INFO]   ⏭ CNBC Crypto: 过滤掉 48 条非近期新闻
2026-09-21 10:00:58 [INFO]   ⏭ Reddit r/cryptocurrency: 过滤掉 25 条非近期新闻
2026-09-21 10:00:58 [INFO]   ⏭ Bitcoin Magazine: 过滤掉 10 条非近期新闻
2026-09-21 10:00:58 [INFO]   ⏭ CoinDesk: 过滤掉 22 条非近期新闻
2026-09-21 10:00:59 [INFO]   ⏭ Blockworks: 过滤掉 50 条非近期新闻
2026-09-21 10:00:59 [INFO]   ⏭ DL News: 过滤掉 50 条非近期新闻
2026-09-21 10:00:59 [INFO]   ⏭ Bitcoin Magazine: 过滤掉 49 条非近期新闻
2026-09-21 10:00:59 [INFO]   ⏭ Blockworks: 过滤掉 2 条非近期新闻
2026-09-21 10:00:59 [INFO]   ⏭ 雪球加密: 过滤掉 47 条非近期新闻
2026-09-21 10:00:59 [INFO]   ⏭ DeFi Llama: 过滤掉 50 条非近期新闻
2026-09-21 10:00:59 [INFO]   ⏭ 吴说区块链: 过滤掉 50 条非近期新闻
2026-09-21 10:01:00 [INFO]   ⏭ Crypto Twitter: 过滤掉 33 条非近期新闻
2026-09-21 10:01:14 [DEBUG] 请求失败 https://rsshub.rssforever.com/theblockbeats/newsflash: 
2026-09-21 10:01:14 [DEBUG] 请求失败 https://rsshub.rssforever.com/panewslab/news: 
2026-09-21 10:01:14 [INFO]   ⏭ PANews: 过滤掉 50 条非近期新闻
2026-09-21 10:01:14 [INFO]   ⏭ 律动BlockBeats: 过滤掉 50 条非近期新闻
2026-09-21 10:01:14 [INFO]   ✓ CoinDesk: 3 条
2026-09-21 10:01:14 [INFO]   ✓ The Block: 1 条
2026-09-21 10:01:14 [INFO]   ✓ Decrypt: 1 条
2026-09-21 10:01:14 [INFO]   ✓ CoinTelegraph: 1 条
2026-09-21 10:01:14 [INFO]   ✓ Bitcoin Magazine: 1 条
2026-09-21 10:01:14 [INFO]   ✓ Blockworks: 0 条
2026-09-21 10:01:14 [INFO]   ✓ DL News: 0 条
2026-09-21 10:01:14 [INFO]   ✓ 金色财经: 10 条
2026-09-21 10:01:14 [INFO]   ✓ PANews: 0 条
2026-09-21 10:01:14 [INFO]   ✓ 律动BlockBeats: 0 条
2026-09-21 10:01:14 [INFO]   ✓ 吴说区块链: 0 条
2026-09-21 10:01:14 [INFO]   ✓ Bloomberg Crypto: 1 条
2026-09-21 10:01:14 [INFO]   ✓ Reuters Crypto: 0 条
2026-09-21 10:01:14 [INFO]   ✓ CNBC Crypto: 2 条
2026-09-21 10:01:14 [INFO]   ✓ Reddit r/cryptocurrency: 0 条
2026-09-21 10:01:14 [INFO]   ✓ Reddit r/bitcoin: 0 条
2026-09-21 10:01:14 [INFO]   ✓ Crypto Twitter: 17 条
2026-09-21 10:01:14 [INFO]   ✓ 宏观经济: 2 条
2026-09-21 10:01:14 [INFO]   ✓ Binance公告: 20 条
2026-09-21 10:01:14 [INFO]   ✓ OKX公告: 0 条
2026-09-21 10:01:14 [INFO]   ✓ Bitget公告: 0 条
2026-09-21 10:01:14 [INFO]   ✓ Whale Alert: 0 条
2026-09-21 10:01:14 [INFO]   ✓ Fear & Greed Index: 1 条
2026-09-21 10:01:14 [INFO]   ✓ DeFi Llama: 0 条
2026-09-21 10:01:14 [INFO]   ✓ 雪球加密: 3 条
2026-09-21 10:01:14 [INFO] 📊 共抓取 63 条新闻
2026-09-21 10:01:14 [INFO] 📋 原始新闻已保存: reports/2026-09-21-18-raw.json (63 条)
2026-09-21 10:01:14 [INFO] 📋 标题摘要已保存: reports/2026-09-21-18-raw-titles.md
2026-09-21 10:01:14 [INFO] ✅ 抓取完成，共 63 条，已保存到 reports/2026-09-21-18-raw.json
2026-09-21 10:01:15 [INFO] 🤖 开始 AI 筛选 2026-09-21 18:00 币圈消息
2026-09-21 10:01:15 [INFO] 📋 已加载原始新闻: reports/2026-09-21-18-raw.json (63 条)
2026-09-21 10:01:15 [INFO] 📚 已加载历史新闻标题（24188 字符）
2026-09-21 10:01:15 [INFO] 📚 已加载历史筛选标题 0 条、URL 0 个，用于去重
2026-09-21 10:01:15 [INFO] 🔄 尝试 AI 提供商: deepseek
2026-09-21 10:01:15 [INFO] 🤖 使用 AI 提供商: deepseek (模型: deepseek-v4-flash)
2026-09-21 10:01:15 [INFO] 🤖 AI 筛选 [[deepseek] 1/6 策略=仅标题+链接 retry=0]（63 条，15232 字符，temp=0.3）
2026-09-21 10:01:16 [ERROR] AI 调用异常 ([deepseek] 1/6 策略=仅标题+链接 retry=0): Error code: 401 - {'error': {'message': 'Authentication Fails, Your api key: ****df0d is invalid', 'type': 'authentication_error', 'param': None, 'code': 'invalid_request_error'}}
2026-09-21 10:01:16 [WARNING] [[deepseek] 1/6 策略=仅标题+链接 retry=0] AI 调用失败或解析失败，继续下一次尝试
2026-09-21 10:01:16 [INFO] 🤖 AI 筛选 [[deepseek] 2/6 策略=仅标题+链接 retry=1]（63 条，15232 字符，temp=0.3）
2026-09-21 10:01:16 [ERROR] AI 调用异常 ([deepseek] 2/6 策略=仅标题+链接 retry=1): Error code: 401 - {'error': {'message': 'Authentication Fails, Your api key: ****df0d is invalid', 'type': 'authentication_error', 'param': None, 'code': 'invalid_request_error'}}
2026-09-21 10:01:16 [WARNING] [[deepseek] 2/6 策略=仅标题+链接 retry=1] AI 调用失败或解析失败，继续下一次尝试
2026-09-21 10:01:16 [INFO] 🤖 AI 筛选 [[deepseek] 3/6 策略=仅标题+链接 retry=2]（63 条，15232 字符，temp=0.3）
2026-09-21 10:01:17 [ERROR] AI 调用异常 ([deepseek] 3/6 策略=仅标题+链接 retry=2): Error code: 401 - {'error': {'message': 'Authentication Fails, Your api key: ****df0d is invalid', 'type': 'authentication_error', 'param': None, 'code': 'invalid_request_error'}}
2026-09-21 10:01:17 [WARNING] [[deepseek] 3/6 策略=仅标题+链接 retry=2] AI 调用失败或解析失败，继续下一次尝试
2026-09-21 10:01:17 [INFO] 🤖 AI 筛选 [[deepseek] 4/6 策略=完整内容 retry=0]（63 条，20783 字符，temp=0.3）
2026-09-21 10:01:17 [ERROR] AI 调用异常 ([deepseek] 4/6 策略=完整内容 retry=0): Error code: 401 - {'error': {'message': 'Authentication Fails, Your api key: ****df0d is invalid', 'type': 'authentication_error', 'param': None, 'code': 'invalid_request_error'}}
2026-09-21 10:01:17 [WARNING] [[deepseek] 4/6 策略=完整内容 retry=0] AI 调用失败或解析失败，继续下一次尝试
2026-09-21 10:01:17 [INFO] 🤖 AI 筛选 [[deepseek] 5/6 策略=完整内容 retry=1]（63 条，20783 字符，temp=0.3）
2026-09-21 10:01:18 [ERROR] AI 调用异常 ([deepseek] 5/6 策略=完整内容 retry=1): Error code: 401 - {'error': {'message': 'Authentication Fails, Your api key: ****df0d is invalid', 'type': 'authentication_error', 'param': None, 'code': 'invalid_request_error'}}
2026-09-21 10:01:18 [WARNING] [[deepseek] 5/6 策略=完整内容 retry=1] AI 调用失败或解析失败，继续下一次尝试
2026-09-21 10:01:18 [INFO] 🤖 AI 筛选 [[deepseek] 6/6 策略=仅标题（无历史） retry=0]（63 条，15232 字符，temp=0.3）
2026-09-21 10:01:18 [ERROR] AI 调用异常 ([deepseek] 6/6 策略=仅标题（无历史） retry=0): Error code: 401 - {'error': {'message': 'Authentication Fails, Your api key: ****df0d is invalid', 'type': 'authentication_error', 'param': None, 'code': 'invalid_request_error'}}
2026-09-21 10:01:18 [WARNING] [[deepseek] 6/6 策略=仅标题（无历史） retry=0] AI 调用失败或解析失败，继续下一次尝试
2026-09-21 10:01:18 [WARNING] [deepseek] 已达最大尝试次数 6，停止
2026-09-21 10:01:18 [INFO] ⚠️ deepseek 未能产出满意结果，尝试下一个提供商
2026-09-21 10:01:18 [INFO] 🔄 尝试 AI 提供商: zhipu
2026-09-21 10:01:18 [ERROR] 未设置环境变量 ZHIPU_API_KEY，无法使用 zhipu
2026-09-21 10:01:18 [INFO] ⚠️ zhipu 未能产出满意结果，尝试下一个提供商
2026-09-21 10:01:18 [INFO] 🔄 尝试 AI 提供商: kimi
2026-09-21 10:01:18 [ERROR] 未设置环境变量 KIMI_API_KEY，无法使用 kimi
2026-09-21 10:01:18 [INFO] ⚠️ kimi 未能产出满意结果，尝试下一个提供商
2026-09-21 10:01:18 [INFO] 🔄 尝试 AI 提供商: huoshan
2026-09-21 10:01:18 [ERROR] 未设置环境变量 HUOSHAN_API_KEY，无法使用 huoshan
2026-09-21 10:01:18 [INFO] ⚠️ huoshan 未能产出满意结果，尝试下一个提供商
2026-09-21 10:01:18 [ERROR] ❌ 所有提供商均失败，返回空列表
2026-09-21 10:01:18 [INFO] 📦 JSON 已保存: reports/2026-09-21-18.json
2026-09-21 10:01:18 [INFO] ✅ AI 筛选完成，共 0 条交易相关消息
2026-09-21 11:01:29 [INFO] 🚀 开始抓取 2026-09-21 19:00 币圈新闻
2026-09-21 11:01:29 [INFO] 📡 抓取 RSS 新闻源...
2026-09-21 11:01:29 [INFO] 📡 抓取交易所公告 & 链上数据...
2026-09-21 11:01:29 [INFO]   ⏭ Decrypt: 过滤掉 35 条非近期新闻
2026-09-21 11:01:29 [INFO]   ⏭ The Block: 过滤掉 18 条非近期新闻
2026-09-21 11:01:29 [INFO]   ⏭ CoinTelegraph: 过滤掉 27 条非近期新闻
2026-09-21 11:01:29 [WARNING] 解析失败 Bitget公告: 'NoneType' object is not subscriptable
2026-09-21 11:01:30 [INFO]   ⏭ Bloomberg Crypto: 过滤掉 49 条非近期新闻
2026-09-21 11:01:30 [INFO]   ⏭ CoinDesk: 过滤掉 22 条非近期新闻
2026-09-21 11:01:30 [INFO]   ⏭ Bitcoin Magazine: 过滤掉 10 条非近期新闻
2026-09-21 11:01:30 [INFO]   ⏭ Reddit r/bitcoin: 过滤掉 17 条非近期新闻
2026-09-21 11:01:30 [INFO]   ⏭ 律动BlockBeats: 过滤掉 3 条非近期新闻
2026-09-21 11:01:30 [INFO]   ⏭ 宏观经济: 过滤掉 46 条非近期新闻
2026-09-21 11:01:30 [INFO]   ⏭ Reuters Crypto: 过滤掉 50 条非近期新闻
2026-09-21 11:01:30 [INFO]   ⏭ CNBC Crypto: 过滤掉 48 条非近期新闻
2026-09-21 11:01:30 [INFO]   ⏭ DeFi Llama: 过滤掉 50 条非近期新闻
2026-09-21 11:01:30 [INFO]   ⏭ Blockworks: 过滤掉 50 条非近期新闻
2026-09-21 11:01:30 [INFO]   ⏭ DL News: 过滤掉 50 条非近期新闻
2026-09-21 11:01:30 [INFO]   ⏭ Crypto Twitter: 过滤掉 29 条非近期新闻
2026-09-21 11:01:30 [INFO]   ⏭ Blockworks: 过滤掉 2 条非近期新闻
2026-09-21 11:01:30 [INFO]   ⏭ 吴说区块链: 过滤掉 50 条非近期新闻
2026-09-21 11:01:30 [INFO]   ⏭ Bitcoin Magazine: 过滤掉 50 条非近期新闻
2026-09-21 11:01:31 [INFO]   ⏭ 雪球加密: 过滤掉 47 条非近期新闻
2026-09-21 11:01:45 [DEBUG] 请求失败 https://rsshub.rssforever.com/panewslab/news: 
2026-09-21 11:01:45 [INFO]   ⏭ PANews: 过滤掉 50 条非近期新闻
2026-09-21 11:01:45 [INFO]   ✓ CoinDesk: 3 条
2026-09-21 11:01:45 [INFO]   ✓ The Block: 2 条
2026-09-21 11:01:45 [INFO]   ✓ Decrypt: 1 条
2026-09-21 11:01:45 [INFO]   ✓ CoinTelegraph: 3 条
2026-09-21 11:01:45 [INFO]   ✓ Bitcoin Magazine: 0 条
2026-09-21 11:01:45 [INFO]   ✓ Blockworks: 0 条
2026-09-21 11:01:45 [INFO]   ✓ DL News: 0 条
2026-09-21 11:01:45 [INFO]   ✓ 金色财经: 5 条
2026-09-21 11:01:45 [INFO]   ✓ PANews: 0 条
2026-09-21 11:01:45 [INFO]   ✓ 律动BlockBeats: 17 条
2026-09-21 11:01:45 [INFO]   ✓ 吴说区块链: 0 条
2026-09-21 11:01:45 [INFO]   ✓ Bloomberg Crypto: 1 条
2026-09-21 11:01:45 [INFO]   ✓ Reuters Crypto: 0 条
2026-09-21 11:01:45 [INFO]   ✓ CNBC Crypto: 2 条
2026-09-21 11:01:45 [INFO]   ✓ Reddit r/cryptocurrency: 0 条
2026-09-21 11:01:45 [INFO]   ✓ Reddit r/bitcoin: 8 条
2026-09-21 11:01:45 [INFO]   ✓ Crypto Twitter: 20 条
2026-09-21 11:01:45 [INFO]   ✓ 宏观经济: 4 条
2026-09-21 11:01:45 [INFO]   ✓ Binance公告: 20 条
2026-09-21 11:01:45 [INFO]   ✓ OKX公告: 0 条
2026-09-21 11:01:45 [INFO]   ✓ Bitget公告: 0 条
2026-09-21 11:01:45 [INFO]   ✓ Whale Alert: 0 条
2026-09-21 11:01:45 [INFO]   ✓ Fear & Greed Index: 1 条
2026-09-21 11:01:45 [INFO]   ✓ DeFi Llama: 0 条
2026-09-21 11:01:45 [INFO]   ✓ 雪球加密: 3 条
2026-09-21 11:01:45 [INFO] 📊 共抓取 90 条新闻
2026-09-21 11:01:45 [INFO] 📋 原始新闻已保存: reports/2026-09-21-19-raw.json (90 条)
2026-09-21 11:01:45 [INFO] 📋 标题摘要已保存: reports/2026-09-21-19-raw-titles.md
2026-09-21 11:01:45 [INFO] ✅ 抓取完成，共 90 条，已保存到 reports/2026-09-21-19-raw.json
2026-09-21 11:01:46 [INFO] 🤖 开始 AI 筛选 2026-09-21 19:00 币圈消息
2026-09-21 11:01:46 [INFO] 📋 已加载原始新闻: reports/2026-09-21-19-raw.json (90 条)
2026-09-21 11:01:46 [INFO] 📚 已加载历史新闻标题（25460 字符）
2026-09-21 11:01:46 [INFO] 📚 已加载历史筛选标题 0 条、URL 0 个，用于去重
2026-09-21 11:01:46 [INFO] 🔄 尝试 AI 提供商: deepseek
2026-09-21 11:01:46 [INFO] 🤖 使用 AI 提供商: deepseek (模型: deepseek-v4-flash)
2026-09-21 11:01:46 [INFO] 🤖 AI 筛选 [[deepseek] 1/6 策略=仅标题+链接 retry=0]（90 条，20269 字符，temp=0.3）
2026-09-21 11:01:47 [ERROR] AI 调用异常 ([deepseek] 1/6 策略=仅标题+链接 retry=0): Error code: 401 - {'error': {'message': 'Authentication Fails, Your api key: ****df0d is invalid', 'type': 'authentication_error', 'param': None, 'code': 'invalid_request_error'}}
2026-09-21 11:01:47 [WARNING] [[deepseek] 1/6 策略=仅标题+链接 retry=0] AI 调用失败或解析失败，继续下一次尝试
2026-09-21 11:01:47 [INFO] 🤖 AI 筛选 [[deepseek] 2/6 策略=仅标题+链接 retry=1]（90 条，20269 字符，temp=0.3）
2026-09-21 11:01:47 [ERROR] AI 调用异常 ([deepseek] 2/6 策略=仅标题+链接 retry=1): Error code: 401 - {'error': {'message': 'Authentication Fails, Your api key: ****df0d is invalid', 'type': 'authentication_error', 'param': None, 'code': 'invalid_request_error'}}
2026-09-21 11:01:47 [WARNING] [[deepseek] 2/6 策略=仅标题+链接 retry=1] AI 调用失败或解析失败，继续下一次尝试
2026-09-21 11:01:47 [INFO] 🤖 AI 筛选 [[deepseek] 3/6 策略=仅标题+链接 retry=2]（90 条，20269 字符，temp=0.3）
2026-09-21 11:01:48 [ERROR] AI 调用异常 ([deepseek] 3/6 策略=仅标题+链接 retry=2): Error code: 401 - {'error': {'message': 'Authentication Fails, Your api key: ****df0d is invalid', 'type': 'authentication_error', 'param': None, 'code': 'invalid_request_error'}}
2026-09-21 11:01:48 [WARNING] [[deepseek] 3/6 策略=仅标题+链接 retry=2] AI 调用失败或解析失败，继续下一次尝试
2026-09-21 11:01:48 [INFO] 🤖 AI 筛选 [[deepseek] 4/6 策略=完整内容 retry=0]（90 条，30291 字符，temp=0.3）
2026-09-21 11:01:48 [ERROR] AI 调用异常 ([deepseek] 4/6 策略=完整内容 retry=0): Error code: 401 - {'error': {'message': 'Authentication Fails, Your api key: ****df0d is invalid', 'type': 'authentication_error', 'param': None, 'code': 'invalid_request_error'}}
2026-09-21 11:01:48 [WARNING] [[deepseek] 4/6 策略=完整内容 retry=0] AI 调用失败或解析失败，继续下一次尝试
2026-09-21 11:01:48 [INFO] 🤖 AI 筛选 [[deepseek] 5/6 策略=完整内容 retry=1]（90 条，30291 字符，temp=0.3）
2026-09-21 11:01:49 [ERROR] AI 调用异常 ([deepseek] 5/6 策略=完整内容 retry=1): Error code: 401 - {'error': {'message': 'Authentication Fails, Your api key: ****df0d is invalid', 'type': 'authentication_error', 'param': None, 'code': 'invalid_request_error'}}
2026-09-21 11:01:49 [WARNING] [[deepseek] 5/6 策略=完整内容 retry=1] AI 调用失败或解析失败，继续下一次尝试
2026-09-21 11:01:49 [INFO] 🤖 AI 筛选 [[deepseek] 6/6 策略=仅标题（无历史） retry=0]（90 条，20269 字符，temp=0.3）
2026-09-21 11:01:49 [ERROR] AI 调用异常 ([deepseek] 6/6 策略=仅标题（无历史） retry=0): Error code: 401 - {'error': {'message': 'Authentication Fails, Your api key: ****df0d is invalid', 'type': 'authentication_error', 'param': None, 'code': 'invalid_request_error'}}
2026-09-21 11:01:49 [WARNING] [[deepseek] 6/6 策略=仅标题（无历史） retry=0] AI 调用失败或解析失败，继续下一次尝试
2026-09-21 11:01:49 [WARNING] [deepseek] 已达最大尝试次数 6，停止
2026-09-21 11:01:49 [INFO] ⚠️ deepseek 未能产出满意结果，尝试下一个提供商
2026-09-21 11:01:49 [INFO] 🔄 尝试 AI 提供商: zhipu
2026-09-21 11:01:49 [ERROR] 未设置环境变量 ZHIPU_API_KEY，无法使用 zhipu
2026-09-21 11:01:49 [INFO] ⚠️ zhipu 未能产出满意结果，尝试下一个提供商
2026-09-21 11:01:49 [INFO] 🔄 尝试 AI 提供商: kimi
2026-09-21 11:01:49 [ERROR] 未设置环境变量 KIMI_API_KEY，无法使用 kimi
2026-09-21 11:01:49 [INFO] ⚠️ kimi 未能产出满意结果，尝试下一个提供商
2026-09-21 11:01:49 [INFO] 🔄 尝试 AI 提供商: huoshan
2026-09-21 11:01:49 [ERROR] 未设置环境变量 HUOSHAN_API_KEY，无法使用 huoshan
2026-09-21 11:01:49 [INFO] ⚠️ huoshan 未能产出满意结果，尝试下一个提供商
2026-09-21 11:01:49 [ERROR] ❌ 所有提供商均失败，返回空列表
2026-09-21 11:01:49 [INFO] 📦 JSON 已保存: reports/2026-09-21-19.json
2026-09-21 11:01:49 [INFO] ✅ AI 筛选完成，共 0 条交易相关消息
