2026-09-17 16:00:57 [INFO] 🚀 开始抓取 2026-09-18 00:00 币圈新闻
2026-09-17 16:00:57 [INFO] 📡 抓取 RSS 新闻源...
2026-09-17 16:00:57 [INFO] 📡 抓取交易所公告 & 链上数据...
2026-09-17 16:00:57 [INFO]   ⏭ Decrypt: 过滤掉 31 条非近期新闻
2026-09-17 16:00:57 [INFO]   ⏭ The Block: 过滤掉 18 条非近期新闻
2026-09-17 16:00:57 [INFO]   ⏭ CoinTelegraph: 过滤掉 30 条非近期新闻
2026-09-17 16:00:57 [INFO]   ⏭ Bitcoin Magazine: 过滤掉 9 条非近期新闻
2026-09-17 16:00:57 [INFO]   ⏭ CoinDesk: 过滤掉 21 条非近期新闻
2026-09-17 16:00:57 [INFO]   ⏭ Reuters Crypto: 过滤掉 49 条非近期新闻
2026-09-17 16:00:57 [INFO]   ⏭ 金色财经: 过滤掉 11 条非近期新闻
2026-09-17 16:00:57 [INFO]   ⏭ Blockworks: 过滤掉 50 条非近期新闻
2026-09-17 16:00:57 [WARNING] 解析失败 Bitget公告: 'NoneType' object is not subscriptable
2026-09-17 16:00:57 [INFO]   ⏭ Reddit r/cryptocurrency: 过滤掉 24 条非近期新闻
2026-09-17 16:00:58 [INFO]   ⏭ Bloomberg Crypto: 过滤掉 50 条非近期新闻
2026-09-17 16:00:58 [INFO]   ⏭ 宏观经济: 过滤掉 48 条非近期新闻
2026-09-17 16:00:58 [INFO]   ⏭ DL News: 过滤掉 50 条非近期新闻
2026-09-17 16:00:58 [INFO]   ⏭ CoinTelegraph: 过滤掉 23 条非近期新闻
2026-09-17 16:00:58 [INFO]   ⏭ CNBC Crypto: 过滤掉 49 条非近期新闻
2026-09-17 16:00:58 [INFO]   ⏭ Blockworks: 过滤掉 2 条非近期新闻
2026-09-17 16:00:58 [INFO]   ⏭ CoinTelegraph: 过滤掉 50 条非近期新闻
2026-09-17 16:00:58 [INFO]   ⏭ 雪球加密: 过滤掉 48 条非近期新闻
2026-09-17 16:00:58 [INFO]   ⏭ 吴说区块链: 过滤掉 50 条非近期新闻
2026-09-17 16:00:58 [INFO]   ⏭ DeFi Llama: 过滤掉 50 条非近期新闻
2026-09-17 16:00:58 [INFO]   ⏭ Crypto Twitter: 过滤掉 47 条非近期新闻
2026-09-17 16:01:12 [DEBUG] 请求失败 https://rsshub.rssforever.com/panewslab/news: 
2026-09-17 16:01:12 [DEBUG] 请求失败 https://rsshub.rssforever.com/theblockbeats/newsflash: 
2026-09-17 16:01:13 [DEBUG] 请求失败 https://rsshub.rssforever.com/bloomberg/crypto: 
2026-09-17 16:01:13 [INFO]   ⏭ PANews: 过滤掉 49 条非近期新闻
2026-09-17 16:01:13 [INFO]   ⏭ 律动BlockBeats: 过滤掉 50 条非近期新闻
2026-09-17 16:01:13 [INFO]   ✓ CoinDesk: 4 条
2026-09-17 16:01:13 [INFO]   ✓ The Block: 2 条
2026-09-17 16:01:13 [INFO]   ✓ Decrypt: 3 条
2026-09-17 16:01:13 [INFO]   ✓ CoinTelegraph: 0 条
2026-09-17 16:01:13 [INFO]   ✓ Bitcoin Magazine: 1 条
2026-09-17 16:01:13 [INFO]   ✓ Blockworks: 0 条
2026-09-17 16:01:13 [INFO]   ✓ DL News: 0 条
2026-09-17 16:01:13 [INFO]   ✓ 金色财经: 9 条
2026-09-17 16:01:13 [INFO]   ✓ PANews: 1 条
2026-09-17 16:01:13 [INFO]   ✓ 律动BlockBeats: 0 条
2026-09-17 16:01:13 [INFO]   ✓ 吴说区块链: 0 条
2026-09-17 16:01:13 [INFO]   ✓ Bloomberg Crypto: 0 条
2026-09-17 16:01:13 [INFO]   ✓ Reuters Crypto: 1 条
2026-09-17 16:01:13 [INFO]   ✓ CNBC Crypto: 1 条
2026-09-17 16:01:13 [INFO]   ✓ Reddit r/cryptocurrency: 1 条
2026-09-17 16:01:13 [INFO]   ✓ Reddit r/bitcoin: 0 条
2026-09-17 16:01:13 [INFO]   ✓ Crypto Twitter: 3 条
2026-09-17 16:01:13 [INFO]   ✓ 宏观经济: 2 条
2026-09-17 16:01:13 [INFO]   ✓ Binance公告: 20 条
2026-09-17 16:01:13 [INFO]   ✓ OKX公告: 0 条
2026-09-17 16:01:13 [INFO]   ✓ Bitget公告: 0 条
2026-09-17 16:01:13 [INFO]   ✓ Whale Alert: 0 条
2026-09-17 16:01:13 [INFO]   ✓ Fear & Greed Index: 1 条
2026-09-17 16:01:13 [INFO]   ✓ DeFi Llama: 0 条
2026-09-17 16:01:13 [INFO]   ✓ 雪球加密: 2 条
2026-09-17 16:01:13 [INFO] 📊 共抓取 51 条新闻
2026-09-17 16:01:13 [INFO] 📋 原始新闻已保存: reports/2026-09-18-00-raw.json (51 条)
2026-09-17 16:01:13 [INFO] 📋 标题摘要已保存: reports/2026-09-18-00-raw-titles.md
2026-09-17 16:01:13 [INFO] ✅ 抓取完成，共 51 条，已保存到 reports/2026-09-18-00-raw.json
2026-09-17 16:01:14 [INFO] 🤖 开始 AI 筛选 2026-09-18 00:00 币圈消息
2026-09-17 16:01:14 [INFO] 📋 已加载原始新闻: reports/2026-09-18-00-raw.json (51 条)
2026-09-17 16:01:14 [INFO] 📚 已加载历史新闻标题（24976 字符）
2026-09-17 16:01:14 [INFO] 📚 已加载历史筛选标题 0 条、URL 0 个，用于去重
2026-09-17 16:01:14 [INFO] 🔄 尝试 AI 提供商: deepseek
2026-09-17 16:01:14 [INFO] 🤖 使用 AI 提供商: deepseek (模型: deepseek-v4-flash)
2026-09-17 16:01:14 [INFO] 🤖 AI 筛选 [[deepseek] 1/6 策略=仅标题+链接 retry=0]（51 条，10336 字符，temp=0.3）
2026-09-17 16:01:15 [ERROR] AI 调用异常 ([deepseek] 1/6 策略=仅标题+链接 retry=0): Error code: 401 - {'error': {'message': 'Authentication Fails, Your api key: ****df0d is invalid', 'type': 'authentication_error', 'param': None, 'code': 'invalid_request_error'}}
2026-09-17 16:01:15 [WARNING] [[deepseek] 1/6 策略=仅标题+链接 retry=0] AI 调用失败或解析失败，继续下一次尝试
2026-09-17 16:01:15 [INFO] 🤖 AI 筛选 [[deepseek] 2/6 策略=仅标题+链接 retry=1]（51 条，10336 字符，temp=0.3）
2026-09-17 16:01:15 [ERROR] AI 调用异常 ([deepseek] 2/6 策略=仅标题+链接 retry=1): Error code: 401 - {'error': {'message': 'Authentication Fails, Your api key: ****df0d is invalid', 'type': 'authentication_error', 'param': None, 'code': 'invalid_request_error'}}
2026-09-17 16:01:15 [WARNING] [[deepseek] 2/6 策略=仅标题+链接 retry=1] AI 调用失败或解析失败，继续下一次尝试
2026-09-17 16:01:15 [INFO] 🤖 AI 筛选 [[deepseek] 3/6 策略=仅标题+链接 retry=2]（51 条，10336 字符，temp=0.3）
2026-09-17 16:01:16 [ERROR] AI 调用异常 ([deepseek] 3/6 策略=仅标题+链接 retry=2): Error code: 401 - {'error': {'message': 'Authentication Fails, Your api key: ****df0d is invalid', 'type': 'authentication_error', 'param': None, 'code': 'invalid_request_error'}}
2026-09-17 16:01:16 [WARNING] [[deepseek] 3/6 策略=仅标题+链接 retry=2] AI 调用失败或解析失败，继续下一次尝试
2026-09-17 16:01:16 [INFO] 🤖 AI 筛选 [[deepseek] 4/6 策略=完整内容 retry=0]（51 条，15739 字符，temp=0.3）
2026-09-17 16:01:16 [ERROR] AI 调用异常 ([deepseek] 4/6 策略=完整内容 retry=0): Error code: 401 - {'error': {'message': 'Authentication Fails, Your api key: ****df0d is invalid', 'type': 'authentication_error', 'param': None, 'code': 'invalid_request_error'}}
2026-09-17 16:01:16 [WARNING] [[deepseek] 4/6 策略=完整内容 retry=0] AI 调用失败或解析失败，继续下一次尝试
2026-09-17 16:01:16 [INFO] 🤖 AI 筛选 [[deepseek] 5/6 策略=完整内容 retry=1]（51 条，15739 字符，temp=0.3）
2026-09-17 16:01:17 [ERROR] AI 调用异常 ([deepseek] 5/6 策略=完整内容 retry=1): Error code: 401 - {'error': {'message': 'Authentication Fails, Your api key: ****df0d is invalid', 'type': 'authentication_error', 'param': None, 'code': 'invalid_request_error'}}
2026-09-17 16:01:17 [WARNING] [[deepseek] 5/6 策略=完整内容 retry=1] AI 调用失败或解析失败，继续下一次尝试
2026-09-17 16:01:17 [INFO] 🤖 AI 筛选 [[deepseek] 6/6 策略=仅标题（无历史） retry=0]（51 条，10336 字符，temp=0.3）
2026-09-17 16:01:17 [ERROR] AI 调用异常 ([deepseek] 6/6 策略=仅标题（无历史） retry=0): Error code: 401 - {'error': {'message': 'Authentication Fails, Your api key: ****df0d is invalid', 'type': 'authentication_error', 'param': None, 'code': 'invalid_request_error'}}
2026-09-17 16:01:17 [WARNING] [[deepseek] 6/6 策略=仅标题（无历史） retry=0] AI 调用失败或解析失败，继续下一次尝试
2026-09-17 16:01:17 [WARNING] [deepseek] 已达最大尝试次数 6，停止
2026-09-17 16:01:17 [INFO] ⚠️ deepseek 未能产出满意结果，尝试下一个提供商
2026-09-17 16:01:17 [INFO] 🔄 尝试 AI 提供商: zhipu
2026-09-17 16:01:17 [ERROR] 未设置环境变量 ZHIPU_API_KEY，无法使用 zhipu
2026-09-17 16:01:17 [INFO] ⚠️ zhipu 未能产出满意结果，尝试下一个提供商
2026-09-17 16:01:17 [INFO] 🔄 尝试 AI 提供商: kimi
2026-09-17 16:01:17 [ERROR] 未设置环境变量 KIMI_API_KEY，无法使用 kimi
2026-09-17 16:01:17 [INFO] ⚠️ kimi 未能产出满意结果，尝试下一个提供商
2026-09-17 16:01:17 [INFO] 🔄 尝试 AI 提供商: huoshan
2026-09-17 16:01:17 [ERROR] 未设置环境变量 HUOSHAN_API_KEY，无法使用 huoshan
2026-09-17 16:01:17 [INFO] ⚠️ huoshan 未能产出满意结果，尝试下一个提供商
2026-09-17 16:01:17 [ERROR] ❌ 所有提供商均失败，返回空列表
2026-09-17 16:01:17 [INFO] 📦 JSON 已保存: reports/2026-09-18-00.json
2026-09-17 16:01:17 [INFO] ✅ AI 筛选完成，共 0 条交易相关消息
2026-09-17 17:00:52 [INFO] 🚀 开始抓取 2026-09-18 01:00 币圈新闻
2026-09-17 17:00:52 [INFO] 📡 抓取 RSS 新闻源...
2026-09-17 17:00:52 [INFO] 📡 抓取交易所公告 & 链上数据...
2026-09-17 17:00:52 [INFO]   ⏭ Decrypt: 过滤掉 33 条非近期新闻
2026-09-17 17:00:52 [INFO]   ⏭ The Block: 过滤掉 17 条非近期新闻
2026-09-17 17:00:52 [INFO]   ⏭ CoinTelegraph: 过滤掉 28 条非近期新闻
2026-09-17 17:00:52 [INFO]   ⏭ Bitcoin Magazine: 过滤掉 9 条非近期新闻
2026-09-17 17:00:53 [INFO]   ⏭ CoinDesk: 过滤掉 23 条非近期新闻
2026-09-17 17:00:53 [INFO]   ⏭ Bloomberg Crypto: 过滤掉 50 条非近期新闻
2026-09-17 17:00:53 [WARNING] 解析失败 Bitget公告: 'NoneType' object is not subscriptable
2026-09-17 17:00:53 [INFO]   ⏭ Reuters Crypto: 过滤掉 50 条非近期新闻
2026-09-17 17:00:53 [INFO]   ⏭ 宏观经济: 过滤掉 47 条非近期新闻
2026-09-17 17:00:53 [INFO]   ⏭ CNBC Crypto: 过滤掉 50 条非近期新闻
2026-09-17 17:00:53 [INFO]   ⏭ Blockworks: 过滤掉 50 条非近期新闻
2026-09-17 17:00:53 [INFO]   ⏭ 雪球加密: 过滤掉 49 条非近期新闻
2026-09-17 17:00:53 [INFO]   ⏭ Reddit r/cryptocurrency: 过滤掉 24 条非近期新闻
2026-09-17 17:00:53 [INFO]   ⏭ DL News: 过滤掉 50 条非近期新闻
2026-09-17 17:00:53 [INFO]   ⏭ DeFi Llama: 过滤掉 50 条非近期新闻
2026-09-17 17:00:53 [INFO]   ⏭ Blockworks: 过滤掉 2 条非近期新闻
2026-09-17 17:00:53 [INFO]   ⏭ 吴说区块链: 过滤掉 50 条非近期新闻
2026-09-17 17:00:54 [INFO]   ⏭ Crypto Twitter: 过滤掉 44 条非近期新闻
2026-09-17 17:01:07 [DEBUG] 请求失败 https://rsshub.rssforever.com/theblockbeats/newsflash: 
2026-09-17 17:01:07 [DEBUG] 请求失败 https://rsshub.rssforever.com/panewslab/news: 
2026-09-17 17:01:07 [DEBUG] 请求失败 https://rsshub.rssforever.com/jinse/lives: 
2026-09-17 17:01:08 [DEBUG] 请求失败 https://rsshub.rssforever.com/bloomberg/crypto: 
2026-09-17 17:01:08 [INFO]   ⏭ PANews: 过滤掉 50 条非近期新闻
2026-09-17 17:01:08 [INFO]   ⏭ 律动BlockBeats: 过滤掉 50 条非近期新闻
2026-09-17 17:01:08 [INFO]   ✓ CoinDesk: 2 条
2026-09-17 17:01:08 [INFO]   ✓ The Block: 3 条
2026-09-17 17:01:08 [INFO]   ✓ Decrypt: 2 条
2026-09-17 17:01:08 [INFO]   ✓ CoinTelegraph: 2 条
2026-09-17 17:01:08 [INFO]   ✓ Bitcoin Magazine: 1 条
2026-09-17 17:01:08 [INFO]   ✓ Blockworks: 0 条
2026-09-17 17:01:08 [INFO]   ✓ DL News: 0 条
2026-09-17 17:01:08 [INFO]   ✓ 金色财经: 0 条
2026-09-17 17:01:08 [INFO]   ✓ PANews: 0 条
2026-09-17 17:01:08 [INFO]   ✓ 律动BlockBeats: 0 条
2026-09-17 17:01:08 [INFO]   ✓ 吴说区块链: 0 条
2026-09-17 17:01:08 [INFO]   ✓ Bloomberg Crypto: 0 条
2026-09-17 17:01:08 [INFO]   ✓ Reuters Crypto: 0 条
2026-09-17 17:01:08 [INFO]   ✓ CNBC Crypto: 0 条
2026-09-17 17:01:08 [INFO]   ✓ Reddit r/cryptocurrency: 1 条
2026-09-17 17:01:08 [INFO]   ✓ Reddit r/bitcoin: 0 条
2026-09-17 17:01:08 [INFO]   ✓ Crypto Twitter: 6 条
2026-09-17 17:01:08 [INFO]   ✓ 宏观经济: 3 条
2026-09-17 17:01:08 [INFO]   ✓ Binance公告: 20 条
2026-09-17 17:01:08 [INFO]   ✓ OKX公告: 0 条
2026-09-17 17:01:08 [INFO]   ✓ Bitget公告: 0 条
2026-09-17 17:01:08 [INFO]   ✓ Whale Alert: 0 条
2026-09-17 17:01:08 [INFO]   ✓ Fear & Greed Index: 1 条
2026-09-17 17:01:08 [INFO]   ✓ DeFi Llama: 0 条
2026-09-17 17:01:08 [INFO]   ✓ 雪球加密: 1 条
2026-09-17 17:01:08 [INFO] 📊 共抓取 42 条新闻
2026-09-17 17:01:08 [INFO] 📋 原始新闻已保存: reports/2026-09-18-01-raw.json (42 条)
2026-09-17 17:01:08 [INFO] 📋 标题摘要已保存: reports/2026-09-18-01-raw-titles.md
2026-09-17 17:01:08 [INFO] ✅ 抓取完成，共 42 条，已保存到 reports/2026-09-18-01-raw.json
2026-09-17 17:01:09 [INFO] 🤖 开始 AI 筛选 2026-09-18 01:00 币圈消息
2026-09-17 17:01:09 [INFO] 📋 已加载原始新闻: reports/2026-09-18-01-raw.json (42 条)
2026-09-17 17:01:09 [INFO] 📚 已加载历史新闻标题（24970 字符）
2026-09-17 17:01:09 [INFO] 📚 已加载历史筛选标题 0 条、URL 0 个，用于去重
2026-09-17 17:01:09 [INFO] 🔄 尝试 AI 提供商: deepseek
2026-09-17 17:01:09 [INFO] 🤖 使用 AI 提供商: deepseek (模型: deepseek-v4-flash)
2026-09-17 17:01:09 [INFO] 🤖 AI 筛选 [[deepseek] 1/6 策略=仅标题+链接 retry=0]（42 条，10515 字符，temp=0.3）
2026-09-17 17:01:10 [ERROR] AI 调用异常 ([deepseek] 1/6 策略=仅标题+链接 retry=0): Error code: 401 - {'error': {'message': 'Authentication Fails, Your api key: ****df0d is invalid', 'type': 'authentication_error', 'param': None, 'code': 'invalid_request_error'}}
2026-09-17 17:01:10 [WARNING] [[deepseek] 1/6 策略=仅标题+链接 retry=0] AI 调用失败或解析失败，继续下一次尝试
2026-09-17 17:01:10 [INFO] 🤖 AI 筛选 [[deepseek] 2/6 策略=仅标题+链接 retry=1]（42 条，10515 字符，temp=0.3）
2026-09-17 17:01:11 [ERROR] AI 调用异常 ([deepseek] 2/6 策略=仅标题+链接 retry=1): Error code: 401 - {'error': {'message': 'Authentication Fails, Your api key: ****df0d is invalid', 'type': 'authentication_error', 'param': None, 'code': 'invalid_request_error'}}
2026-09-17 17:01:11 [WARNING] [[deepseek] 2/6 策略=仅标题+链接 retry=1] AI 调用失败或解析失败，继续下一次尝试
2026-09-17 17:01:11 [INFO] 🤖 AI 筛选 [[deepseek] 3/6 策略=仅标题+链接 retry=2]（42 条，10515 字符，temp=0.3）
2026-09-17 17:01:11 [ERROR] AI 调用异常 ([deepseek] 3/6 策略=仅标题+链接 retry=2): Error code: 401 - {'error': {'message': 'Authentication Fails, Your api key: ****df0d is invalid', 'type': 'authentication_error', 'param': None, 'code': 'invalid_request_error'}}
2026-09-17 17:01:11 [WARNING] [[deepseek] 3/6 策略=仅标题+链接 retry=2] AI 调用失败或解析失败，继续下一次尝试
2026-09-17 17:01:11 [INFO] 🤖 AI 筛选 [[deepseek] 4/6 策略=完整内容 retry=0]（42 条，14763 字符，temp=0.3）
2026-09-17 17:01:12 [ERROR] AI 调用异常 ([deepseek] 4/6 策略=完整内容 retry=0): Error code: 401 - {'error': {'message': 'Authentication Fails, Your api key: ****df0d is invalid', 'type': 'authentication_error', 'param': None, 'code': 'invalid_request_error'}}
2026-09-17 17:01:12 [WARNING] [[deepseek] 4/6 策略=完整内容 retry=0] AI 调用失败或解析失败，继续下一次尝试
2026-09-17 17:01:12 [INFO] 🤖 AI 筛选 [[deepseek] 5/6 策略=完整内容 retry=1]（42 条，14763 字符，temp=0.3）
2026-09-17 17:01:12 [ERROR] AI 调用异常 ([deepseek] 5/6 策略=完整内容 retry=1): Error code: 401 - {'error': {'message': 'Authentication Fails, Your api key: ****df0d is invalid', 'type': 'authentication_error', 'param': None, 'code': 'invalid_request_error'}}
2026-09-17 17:01:12 [WARNING] [[deepseek] 5/6 策略=完整内容 retry=1] AI 调用失败或解析失败，继续下一次尝试
2026-09-17 17:01:12 [INFO] 🤖 AI 筛选 [[deepseek] 6/6 策略=仅标题（无历史） retry=0]（42 条，10515 字符，temp=0.3）
2026-09-17 17:01:13 [ERROR] AI 调用异常 ([deepseek] 6/6 策略=仅标题（无历史） retry=0): Error code: 401 - {'error': {'message': 'Authentication Fails, Your api key: ****df0d is invalid', 'type': 'authentication_error', 'param': None, 'code': 'invalid_request_error'}}
2026-09-17 17:01:13 [WARNING] [[deepseek] 6/6 策略=仅标题（无历史） retry=0] AI 调用失败或解析失败，继续下一次尝试
2026-09-17 17:01:13 [WARNING] [deepseek] 已达最大尝试次数 6，停止
2026-09-17 17:01:13 [INFO] ⚠️ deepseek 未能产出满意结果，尝试下一个提供商
2026-09-17 17:01:13 [INFO] 🔄 尝试 AI 提供商: zhipu
2026-09-17 17:01:13 [ERROR] 未设置环境变量 ZHIPU_API_KEY，无法使用 zhipu
2026-09-17 17:01:13 [INFO] ⚠️ zhipu 未能产出满意结果，尝试下一个提供商
2026-09-17 17:01:13 [INFO] 🔄 尝试 AI 提供商: kimi
2026-09-17 17:01:13 [ERROR] 未设置环境变量 KIMI_API_KEY，无法使用 kimi
2026-09-17 17:01:13 [INFO] ⚠️ kimi 未能产出满意结果，尝试下一个提供商
2026-09-17 17:01:13 [INFO] 🔄 尝试 AI 提供商: huoshan
2026-09-17 17:01:13 [ERROR] 未设置环境变量 HUOSHAN_API_KEY，无法使用 huoshan
2026-09-17 17:01:13 [INFO] ⚠️ huoshan 未能产出满意结果，尝试下一个提供商
2026-09-17 17:01:13 [ERROR] ❌ 所有提供商均失败，返回空列表
2026-09-17 17:01:13 [INFO] 📦 JSON 已保存: reports/2026-09-18-01.json
2026-09-17 17:01:13 [INFO] ✅ AI 筛选完成，共 0 条交易相关消息
2026-09-17 18:00:58 [INFO] 🚀 开始抓取 2026-09-18 02:00 币圈新闻
2026-09-17 18:00:58 [INFO] 📡 抓取 RSS 新闻源...
2026-09-17 18:00:58 [INFO] 📡 抓取交易所公告 & 链上数据...
2026-09-17 18:00:58 [INFO]   ⏭ CoinTelegraph: 过滤掉 27 条非近期新闻
2026-09-17 18:00:58 [INFO]   ⏭ The Block: 过滤掉 17 条非近期新闻
2026-09-17 18:00:58 [INFO]   ⏭ Decrypt: 过滤掉 32 条非近期新闻
2026-09-17 18:00:58 [WARNING] 解析失败 Bitget公告: 'NoneType' object is not subscriptable
2026-09-17 18:00:58 [INFO]   ⏭ Bloomberg Crypto: 过滤掉 50 条非近期新闻
2026-09-17 18:00:58 [INFO]   ⏭ Reuters Crypto: 过滤掉 49 条非近期新闻
2026-09-17 18:00:58 [INFO]   ⏭ 宏观经济: 过滤掉 43 条非近期新闻
2026-09-17 18:00:58 [INFO]   ⏭ CNBC Crypto: 过滤掉 50 条非近期新闻
2026-09-17 18:00:58 [INFO]   ⏭ Bitcoin Magazine: 过滤掉 9 条非近期新闻
2026-09-17 18:00:59 [INFO]   ⏭ Reddit r/cryptocurrency: 过滤掉 25 条非近期新闻
2026-09-17 18:00:59 [INFO]   ⏭ CoinDesk: 过滤掉 25 条非近期新闻
2026-09-17 18:00:59 [INFO]   ⏭ 律动BlockBeats: 过滤掉 15 条非近期新闻
2026-09-17 18:00:59 [INFO]   ⏭ Blockworks: 过滤掉 50 条非近期新闻
2026-09-17 18:00:59 [INFO]   ⏭ DL News: 过滤掉 50 条非近期新闻
2026-09-17 18:00:59 [INFO]   ⏭ 雪球加密: 过滤掉 50 条非近期新闻
2026-09-17 18:00:59 [INFO]   ⏭ Blockworks: 过滤掉 2 条非近期新闻
2026-09-17 18:00:59 [INFO]   ⏭ 吴说区块链: 过滤掉 50 条非近期新闻
2026-09-17 18:00:59 [INFO]   ⏭ DeFi Llama: 过滤掉 50 条非近期新闻
2026-09-17 18:00:59 [INFO]   ⏭ Crypto Twitter: 过滤掉 41 条非近期新闻
2026-09-17 18:00:59 [INFO]   ⏭ CoinDesk: 过滤掉 50 条非近期新闻
2026-09-17 18:01:13 [DEBUG] 请求失败 https://rsshub.rssforever.com/bloomberg/crypto: 
2026-09-17 18:01:13 [DEBUG] 请求失败 https://rsshub.rssforever.com/jinse/lives: 
2026-09-17 18:01:13 [DEBUG] 请求失败 https://rsshub.rssforever.com/panewslab/news: 
2026-09-17 18:01:14 [INFO]   ⏭ PANews: 过滤掉 50 条非近期新闻
2026-09-17 18:01:14 [INFO]   ✓ CoinDesk: 0 条
2026-09-17 18:01:14 [INFO]   ✓ The Block: 3 条
2026-09-17 18:01:14 [INFO]   ✓ Decrypt: 3 条
2026-09-17 18:01:14 [INFO]   ✓ CoinTelegraph: 3 条
2026-09-17 18:01:14 [INFO]   ✓ Bitcoin Magazine: 1 条
2026-09-17 18:01:14 [INFO]   ✓ Blockworks: 0 条
2026-09-17 18:01:14 [INFO]   ✓ DL News: 0 条
2026-09-17 18:01:14 [INFO]   ✓ 金色财经: 0 条
2026-09-17 18:01:14 [INFO]   ✓ PANews: 0 条
2026-09-17 18:01:14 [INFO]   ✓ 律动BlockBeats: 5 条
2026-09-17 18:01:14 [INFO]   ✓ 吴说区块链: 0 条
2026-09-17 18:01:14 [INFO]   ✓ Bloomberg Crypto: 0 条
2026-09-17 18:01:14 [INFO]   ✓ Reuters Crypto: 1 条
2026-09-17 18:01:14 [INFO]   ✓ CNBC Crypto: 0 条
2026-09-17 18:01:14 [INFO]   ✓ Reddit r/cryptocurrency: 0 条
2026-09-17 18:01:14 [INFO]   ✓ Reddit r/bitcoin: 0 条
2026-09-17 18:01:14 [INFO]   ✓ Crypto Twitter: 9 条
2026-09-17 18:01:14 [INFO]   ✓ 宏观经济: 7 条
2026-09-17 18:01:14 [INFO]   ✓ Binance公告: 20 条
2026-09-17 18:01:14 [INFO]   ✓ OKX公告: 0 条
2026-09-17 18:01:14 [INFO]   ✓ Bitget公告: 0 条
2026-09-17 18:01:14 [INFO]   ✓ Whale Alert: 0 条
2026-09-17 18:01:14 [INFO]   ✓ Fear & Greed Index: 1 条
2026-09-17 18:01:14 [INFO]   ✓ DeFi Llama: 0 条
2026-09-17 18:01:14 [INFO]   ✓ 雪球加密: 0 条
2026-09-17 18:01:14 [INFO] 📊 共抓取 53 条新闻
2026-09-17 18:01:14 [INFO] 📋 原始新闻已保存: reports/2026-09-18-02-raw.json (53 条)
2026-09-17 18:01:14 [INFO] 📋 标题摘要已保存: reports/2026-09-18-02-raw-titles.md
2026-09-17 18:01:14 [INFO] ✅ 抓取完成，共 53 条，已保存到 reports/2026-09-18-02-raw.json
2026-09-17 18:01:15 [INFO] 🤖 开始 AI 筛选 2026-09-18 02:00 币圈消息
2026-09-17 18:01:15 [INFO] 📋 已加载原始新闻: reports/2026-09-18-02-raw.json (53 条)
2026-09-17 18:01:15 [INFO] 📚 已加载历史新闻标题（25000 字符）
2026-09-17 18:01:15 [INFO] 📚 已加载历史筛选标题 0 条、URL 0 个，用于去重
2026-09-17 18:01:15 [INFO] 🔄 尝试 AI 提供商: deepseek
2026-09-17 18:01:15 [INFO] 🤖 使用 AI 提供商: deepseek (模型: deepseek-v4-flash)
2026-09-17 18:01:15 [INFO] 🤖 AI 筛选 [[deepseek] 1/6 策略=仅标题+链接 retry=0]（53 条，13571 字符，temp=0.3）
2026-09-17 18:01:16 [ERROR] AI 调用异常 ([deepseek] 1/6 策略=仅标题+链接 retry=0): Error code: 401 - {'error': {'message': 'Authentication Fails, Your api key: ****df0d is invalid', 'type': 'authentication_error', 'param': None, 'code': 'invalid_request_error'}}
2026-09-17 18:01:16 [WARNING] [[deepseek] 1/6 策略=仅标题+链接 retry=0] AI 调用失败或解析失败，继续下一次尝试
2026-09-17 18:01:16 [INFO] 🤖 AI 筛选 [[deepseek] 2/6 策略=仅标题+链接 retry=1]（53 条，13571 字符，temp=0.3）
2026-09-17 18:01:16 [ERROR] AI 调用异常 ([deepseek] 2/6 策略=仅标题+链接 retry=1): Error code: 401 - {'error': {'message': 'Authentication Fails, Your api key: ****df0d is invalid', 'type': 'authentication_error', 'param': None, 'code': 'invalid_request_error'}}
2026-09-17 18:01:16 [WARNING] [[deepseek] 2/6 策略=仅标题+链接 retry=1] AI 调用失败或解析失败，继续下一次尝试
2026-09-17 18:01:16 [INFO] 🤖 AI 筛选 [[deepseek] 3/6 策略=仅标题+链接 retry=2]（53 条，13571 字符，temp=0.3）
2026-09-17 18:01:17 [ERROR] AI 调用异常 ([deepseek] 3/6 策略=仅标题+链接 retry=2): Error code: 401 - {'error': {'message': 'Authentication Fails, Your api key: ****df0d is invalid', 'type': 'authentication_error', 'param': None, 'code': 'invalid_request_error'}}
2026-09-17 18:01:17 [WARNING] [[deepseek] 3/6 策略=仅标题+链接 retry=2] AI 调用失败或解析失败，继续下一次尝试
2026-09-17 18:01:17 [INFO] 🤖 AI 筛选 [[deepseek] 4/6 策略=完整内容 retry=0]（53 条，19579 字符，temp=0.3）
2026-09-17 18:01:17 [ERROR] AI 调用异常 ([deepseek] 4/6 策略=完整内容 retry=0): Error code: 401 - {'error': {'message': 'Authentication Fails, Your api key: ****df0d is invalid', 'type': 'authentication_error', 'param': None, 'code': 'invalid_request_error'}}
2026-09-17 18:01:17 [WARNING] [[deepseek] 4/6 策略=完整内容 retry=0] AI 调用失败或解析失败，继续下一次尝试
2026-09-17 18:01:17 [INFO] 🤖 AI 筛选 [[deepseek] 5/6 策略=完整内容 retry=1]（53 条，19579 字符，temp=0.3）
2026-09-17 18:01:18 [ERROR] AI 调用异常 ([deepseek] 5/6 策略=完整内容 retry=1): Error code: 401 - {'error': {'message': 'Authentication Fails, Your api key: ****df0d is invalid', 'type': 'authentication_error', 'param': None, 'code': 'invalid_request_error'}}
2026-09-17 18:01:18 [WARNING] [[deepseek] 5/6 策略=完整内容 retry=1] AI 调用失败或解析失败，继续下一次尝试
2026-09-17 18:01:18 [INFO] 🤖 AI 筛选 [[deepseek] 6/6 策略=仅标题（无历史） retry=0]（53 条，13571 字符，temp=0.3）
2026-09-17 18:01:18 [ERROR] AI 调用异常 ([deepseek] 6/6 策略=仅标题（无历史） retry=0): Error code: 401 - {'error': {'message': 'Authentication Fails, Your api key: ****df0d is invalid', 'type': 'authentication_error', 'param': None, 'code': 'invalid_request_error'}}
2026-09-17 18:01:18 [WARNING] [[deepseek] 6/6 策略=仅标题（无历史） retry=0] AI 调用失败或解析失败，继续下一次尝试
2026-09-17 18:01:18 [WARNING] [deepseek] 已达最大尝试次数 6，停止
2026-09-17 18:01:18 [INFO] ⚠️ deepseek 未能产出满意结果，尝试下一个提供商
2026-09-17 18:01:18 [INFO] 🔄 尝试 AI 提供商: zhipu
2026-09-17 18:01:18 [ERROR] 未设置环境变量 ZHIPU_API_KEY，无法使用 zhipu
2026-09-17 18:01:18 [INFO] ⚠️ zhipu 未能产出满意结果，尝试下一个提供商
2026-09-17 18:01:18 [INFO] 🔄 尝试 AI 提供商: kimi
2026-09-17 18:01:18 [ERROR] 未设置环境变量 KIMI_API_KEY，无法使用 kimi
2026-09-17 18:01:18 [INFO] ⚠️ kimi 未能产出满意结果，尝试下一个提供商
2026-09-17 18:01:18 [INFO] 🔄 尝试 AI 提供商: huoshan
2026-09-17 18:01:18 [ERROR] 未设置环境变量 HUOSHAN_API_KEY，无法使用 huoshan
2026-09-17 18:01:18 [INFO] ⚠️ huoshan 未能产出满意结果，尝试下一个提供商
2026-09-17 18:01:18 [ERROR] ❌ 所有提供商均失败，返回空列表
2026-09-17 18:01:18 [INFO] 📦 JSON 已保存: reports/2026-09-18-02.json
2026-09-17 18:01:18 [INFO] ✅ AI 筛选完成，共 0 条交易相关消息
2026-09-17 19:00:59 [INFO] 🚀 开始抓取 2026-09-18 03:00 币圈新闻
2026-09-17 19:00:59 [INFO] 📡 抓取 RSS 新闻源...
2026-09-17 19:00:59 [INFO] 📡 抓取交易所公告 & 链上数据...
2026-09-17 19:00:59 [INFO]   ⏭ Decrypt: 过滤掉 32 条非近期新闻
2026-09-17 19:00:59 [INFO]   ⏭ The Block: 过滤掉 18 条非近期新闻
2026-09-17 19:00:59 [INFO]   ⏭ CoinTelegraph: 过滤掉 29 条非近期新闻
2026-09-17 19:00:59 [INFO]   ⏭ CoinDesk: 过滤掉 23 条非近期新闻
2026-09-17 19:01:00 [INFO]   ⏭ Bitcoin Magazine: 过滤掉 9 条非近期新闻
2026-09-17 19:01:00 [INFO]   ⏭ Bloomberg Crypto: 过滤掉 49 条非近期新闻
2026-09-17 19:01:00 [INFO]   ⏭ CNBC Crypto: 过滤掉 49 条非近期新闻
2026-09-17 19:01:00 [WARNING] 解析失败 Bitget公告: 'NoneType' object is not subscriptable
2026-09-17 19:01:00 [INFO]   ⏭ Reddit r/cryptocurrency: 过滤掉 25 条非近期新闻
2026-09-17 19:01:00 [INFO]   ⏭ Reuters Crypto: 过滤掉 50 条非近期新闻
2026-09-17 19:01:00 [INFO]   ⏭ 宏观经济: 过滤掉 45 条非近期新闻
2026-09-17 19:01:00 [INFO]   ⏭ Blockworks: 过滤掉 50 条非近期新闻
2026-09-17 19:01:00 [INFO]   ⏭ 雪球加密: 过滤掉 50 条非近期新闻
2026-09-17 19:01:00 [INFO]   ⏭ DeFi Llama: 过滤掉 50 条非近期新闻
2026-09-17 19:01:00 [INFO]   ⏭ Blockworks: 过滤掉 2 条非近期新闻
2026-09-17 19:01:01 [INFO]   ⏭ 吴说区块链: 过滤掉 50 条非近期新闻
2026-09-17 19:01:01 [INFO]   ⏭ DL News: 过滤掉 50 条非近期新闻
2026-09-17 19:01:01 [INFO]   ⏭ Crypto Twitter: 过滤掉 45 条非近期新闻
2026-09-17 19:01:15 [DEBUG] 请求失败 https://rsshub.rssforever.com/theblockbeats/newsflash: 
2026-09-17 19:01:15 [DEBUG] 请求失败 https://rsshub.rssforever.com/panewslab/news: 
2026-09-17 19:01:15 [DEBUG] 请求失败 https://rsshub.rssforever.com/jinse/lives: 
2026-09-17 19:01:15 [INFO]   ⏭ PANews: 过滤掉 50 条非近期新闻
2026-09-17 19:01:15 [INFO]   ⏭ 律动BlockBeats: 过滤掉 50 条非近期新闻
2026-09-17 19:01:15 [INFO]   ✓ CoinDesk: 2 条
2026-09-17 19:01:15 [INFO]   ✓ The Block: 2 条
2026-09-17 19:01:15 [INFO]   ✓ Decrypt: 3 条
2026-09-17 19:01:15 [INFO]   ✓ CoinTelegraph: 1 条
2026-09-17 19:01:15 [INFO]   ✓ Bitcoin Magazine: 1 条
2026-09-17 19:01:15 [INFO]   ✓ Blockworks: 0 条
2026-09-17 19:01:15 [INFO]   ✓ DL News: 0 条
2026-09-17 19:01:15 [INFO]   ✓ 金色财经: 0 条
2026-09-17 19:01:15 [INFO]   ✓ PANews: 0 条
2026-09-17 19:01:15 [INFO]   ✓ 律动BlockBeats: 0 条
2026-09-17 19:01:15 [INFO]   ✓ 吴说区块链: 0 条
2026-09-17 19:01:15 [INFO]   ✓ Bloomberg Crypto: 1 条
2026-09-17 19:01:15 [INFO]   ✓ Reuters Crypto: 0 条
2026-09-17 19:01:15 [INFO]   ✓ CNBC Crypto: 1 条
2026-09-17 19:01:15 [INFO]   ✓ Reddit r/cryptocurrency: 0 条
2026-09-17 19:01:15 [INFO]   ✓ Reddit r/bitcoin: 0 条
2026-09-17 19:01:15 [INFO]   ✓ Crypto Twitter: 5 条
2026-09-17 19:01:15 [INFO]   ✓ 宏观经济: 5 条
2026-09-17 19:01:15 [INFO]   ✓ Binance公告: 20 条
2026-09-17 19:01:15 [INFO]   ✓ OKX公告: 0 条
2026-09-17 19:01:15 [INFO]   ✓ Bitget公告: 0 条
2026-09-17 19:01:15 [INFO]   ✓ Whale Alert: 0 条
2026-09-17 19:01:15 [INFO]   ✓ Fear & Greed Index: 1 条
2026-09-17 19:01:15 [INFO]   ✓ DeFi Llama: 0 条
2026-09-17 19:01:15 [INFO]   ✓ 雪球加密: 0 条
2026-09-17 19:01:15 [INFO] 📊 共抓取 42 条新闻
2026-09-17 19:01:15 [INFO] 📋 原始新闻已保存: reports/2026-09-18-03-raw.json (42 条)
2026-09-17 19:01:15 [INFO] 📋 标题摘要已保存: reports/2026-09-18-03-raw-titles.md
2026-09-17 19:01:15 [INFO] ✅ 抓取完成，共 42 条，已保存到 reports/2026-09-18-03-raw.json
2026-09-17 19:01:16 [INFO] 🤖 开始 AI 筛选 2026-09-18 03:00 币圈消息
2026-09-17 19:01:16 [INFO] 📋 已加载原始新闻: reports/2026-09-18-03-raw.json (42 条)
2026-09-17 19:01:16 [INFO] 📚 已加载历史新闻标题（25589 字符）
2026-09-17 19:01:16 [INFO] 📚 已加载历史筛选标题 0 条、URL 0 个，用于去重
2026-09-17 19:01:16 [INFO] 🔄 尝试 AI 提供商: deepseek
2026-09-17 19:01:16 [INFO] 🤖 使用 AI 提供商: deepseek (模型: deepseek-v4-flash)
2026-09-17 19:01:16 [INFO] 🤖 AI 筛选 [[deepseek] 1/6 策略=仅标题+链接 retry=0]（42 条，10799 字符，temp=0.3）
2026-09-17 19:01:17 [ERROR] AI 调用异常 ([deepseek] 1/6 策略=仅标题+链接 retry=0): Error code: 401 - {'error': {'message': 'Authentication Fails, Your api key: ****df0d is invalid', 'type': 'authentication_error', 'param': None, 'code': 'invalid_request_error'}}
2026-09-17 19:01:17 [WARNING] [[deepseek] 1/6 策略=仅标题+链接 retry=0] AI 调用失败或解析失败，继续下一次尝试
2026-09-17 19:01:17 [INFO] 🤖 AI 筛选 [[deepseek] 2/6 策略=仅标题+链接 retry=1]（42 条，10799 字符，temp=0.3）
2026-09-17 19:01:18 [ERROR] AI 调用异常 ([deepseek] 2/6 策略=仅标题+链接 retry=1): Error code: 401 - {'error': {'message': 'Authentication Fails, Your api key: ****df0d is invalid', 'type': 'authentication_error', 'param': None, 'code': 'invalid_request_error'}}
2026-09-17 19:01:18 [WARNING] [[deepseek] 2/6 策略=仅标题+链接 retry=1] AI 调用失败或解析失败，继续下一次尝试
2026-09-17 19:01:18 [INFO] 🤖 AI 筛选 [[deepseek] 3/6 策略=仅标题+链接 retry=2]（42 条，10799 字符，temp=0.3）
2026-09-17 19:01:18 [ERROR] AI 调用异常 ([deepseek] 3/6 策略=仅标题+链接 retry=2): Error code: 401 - {'error': {'message': 'Authentication Fails, Your api key: ****df0d is invalid', 'type': 'authentication_error', 'param': None, 'code': 'invalid_request_error'}}
2026-09-17 19:01:18 [WARNING] [[deepseek] 3/6 策略=仅标题+链接 retry=2] AI 调用失败或解析失败，继续下一次尝试
2026-09-17 19:01:18 [INFO] 🤖 AI 筛选 [[deepseek] 4/6 策略=完整内容 retry=0]（42 条，14801 字符，temp=0.3）
2026-09-17 19:01:19 [ERROR] AI 调用异常 ([deepseek] 4/6 策略=完整内容 retry=0): Error code: 401 - {'error': {'message': 'Authentication Fails, Your api key: ****df0d is invalid', 'type': 'authentication_error', 'param': None, 'code': 'invalid_request_error'}}
2026-09-17 19:01:19 [WARNING] [[deepseek] 4/6 策略=完整内容 retry=0] AI 调用失败或解析失败，继续下一次尝试
2026-09-17 19:01:19 [INFO] 🤖 AI 筛选 [[deepseek] 5/6 策略=完整内容 retry=1]（42 条，14801 字符，temp=0.3）
2026-09-17 19:01:19 [ERROR] AI 调用异常 ([deepseek] 5/6 策略=完整内容 retry=1): Error code: 401 - {'error': {'message': 'Authentication Fails, Your api key: ****df0d is invalid', 'type': 'authentication_error', 'param': None, 'code': 'invalid_request_error'}}
2026-09-17 19:01:19 [WARNING] [[deepseek] 5/6 策略=完整内容 retry=1] AI 调用失败或解析失败，继续下一次尝试
2026-09-17 19:01:19 [INFO] 🤖 AI 筛选 [[deepseek] 6/6 策略=仅标题（无历史） retry=0]（42 条，10799 字符，temp=0.3）
2026-09-17 19:01:20 [ERROR] AI 调用异常 ([deepseek] 6/6 策略=仅标题（无历史） retry=0): Error code: 401 - {'error': {'message': 'Authentication Fails, Your api key: ****df0d is invalid', 'type': 'authentication_error', 'param': None, 'code': 'invalid_request_error'}}
2026-09-17 19:01:20 [WARNING] [[deepseek] 6/6 策略=仅标题（无历史） retry=0] AI 调用失败或解析失败，继续下一次尝试
2026-09-17 19:01:20 [WARNING] [deepseek] 已达最大尝试次数 6，停止
2026-09-17 19:01:20 [INFO] ⚠️ deepseek 未能产出满意结果，尝试下一个提供商
2026-09-17 19:01:20 [INFO] 🔄 尝试 AI 提供商: zhipu
2026-09-17 19:01:20 [ERROR] 未设置环境变量 ZHIPU_API_KEY，无法使用 zhipu
2026-09-17 19:01:20 [INFO] ⚠️ zhipu 未能产出满意结果，尝试下一个提供商
2026-09-17 19:01:20 [INFO] 🔄 尝试 AI 提供商: kimi
2026-09-17 19:01:20 [ERROR] 未设置环境变量 KIMI_API_KEY，无法使用 kimi
2026-09-17 19:01:20 [INFO] ⚠️ kimi 未能产出满意结果，尝试下一个提供商
2026-09-17 19:01:20 [INFO] 🔄 尝试 AI 提供商: huoshan
2026-09-17 19:01:20 [ERROR] 未设置环境变量 HUOSHAN_API_KEY，无法使用 huoshan
2026-09-17 19:01:20 [INFO] ⚠️ huoshan 未能产出满意结果，尝试下一个提供商
2026-09-17 19:01:20 [ERROR] ❌ 所有提供商均失败，返回空列表
2026-09-17 19:01:20 [INFO] 📦 JSON 已保存: reports/2026-09-18-03.json
2026-09-17 19:01:20 [INFO] ✅ AI 筛选完成，共 0 条交易相关消息
2026-09-17 20:00:57 [INFO] 🚀 开始抓取 2026-09-18 04:00 币圈新闻
2026-09-17 20:00:57 [INFO] 📡 抓取 RSS 新闻源...
2026-09-17 20:00:57 [INFO] 📡 抓取交易所公告 & 链上数据...
2026-09-17 20:00:57 [INFO]   ⏭ The Block: 过滤掉 20 条非近期新闻
2026-09-17 20:00:57 [INFO]   ⏭ Decrypt: 过滤掉 32 条非近期新闻
2026-09-17 20:00:57 [INFO]   ⏭ CoinTelegraph: 过滤掉 29 条非近期新闻
2026-09-17 20:00:58 [INFO]   ⏭ Reuters Crypto: 过滤掉 48 条非近期新闻
2026-09-17 20:00:58 [INFO]   ⏭ CoinDesk: 过滤掉 23 条非近期新闻
2026-09-17 20:00:58 [INFO]   ⏭ Bitcoin Magazine: 过滤掉 9 条非近期新闻
2026-09-17 20:00:58 [WARNING] 解析失败 Bitget公告: 'NoneType' object is not subscriptable
2026-09-17 20:00:58 [INFO]   ⏭ 宏观经济: 过滤掉 50 条非近期新闻
2026-09-17 20:00:58 [INFO]   ⏭ Bloomberg Crypto: 过滤掉 50 条非近期新闻
2026-09-17 20:00:58 [INFO]   ⏭ CNBC Crypto: 过滤掉 48 条非近期新闻
2026-09-17 20:00:58 [INFO]   ⏭ Reddit r/bitcoin: 过滤掉 22 条非近期新闻
2026-09-17 20:00:58 [INFO]   ⏭ Blockworks: 过滤掉 50 条非近期新闻
2026-09-17 20:00:58 [INFO]   ⏭ 宏观经济: 过滤掉 50 条非近期新闻
2026-09-17 20:00:58 [INFO]   ⏭ DL News: 过滤掉 50 条非近期新闻
2026-09-17 20:00:58 [INFO]   ⏭ The Block: 过滤掉 50 条非近期新闻
2026-09-17 20:00:58 [INFO]   ⏭ DeFi Llama: 过滤掉 50 条非近期新闻
2026-09-17 20:00:59 [INFO]   ⏭ 吴说区块链: 过滤掉 50 条非近期新闻
2026-09-17 20:00:59 [INFO]   ⏭ 雪球加密: 过滤掉 50 条非近期新闻
2026-09-17 20:00:59 [INFO]   ⏭ Blockworks: 过滤掉 2 条非近期新闻
2026-09-17 20:00:59 [INFO]   ⏭ Crypto Twitter: 过滤掉 45 条非近期新闻
2026-09-17 20:01:13 [DEBUG] 请求失败 https://rsshub.rssforever.com/theblockbeats/newsflash: 
2026-09-17 20:01:13 [DEBUG] 请求失败 https://rsshub.rssforever.com/panewslab/news: 
2026-09-17 20:01:13 [DEBUG] 请求失败 https://rsshub.rssforever.com/bloomberg/crypto: 
2026-09-17 20:01:13 [INFO]   ⏭ PANews: 过滤掉 50 条非近期新闻
2026-09-17 20:01:13 [INFO]   ⏭ 律动BlockBeats: 过滤掉 50 条非近期新闻
2026-09-17 20:01:13 [INFO]   ✓ CoinDesk: 2 条
2026-09-17 20:01:13 [INFO]   ✓ The Block: 0 条
2026-09-17 20:01:13 [INFO]   ✓ Decrypt: 3 条
2026-09-17 20:01:13 [INFO]   ✓ CoinTelegraph: 1 条
2026-09-17 20:01:13 [INFO]   ✓ Bitcoin Magazine: 1 条
2026-09-17 20:01:13 [INFO]   ✓ Blockworks: 0 条
2026-09-17 20:01:13 [INFO]   ✓ DL News: 0 条
2026-09-17 20:01:13 [INFO]   ✓ 金色财经: 2 条
2026-09-17 20:01:13 [INFO]   ✓ PANews: 0 条
2026-09-17 20:01:13 [INFO]   ✓ 律动BlockBeats: 0 条
2026-09-17 20:01:13 [INFO]   ✓ 吴说区块链: 0 条
2026-09-17 20:01:13 [INFO]   ✓ Bloomberg Crypto: 0 条
2026-09-17 20:01:13 [INFO]   ✓ Reuters Crypto: 2 条
2026-09-17 20:01:13 [INFO]   ✓ CNBC Crypto: 2 条
2026-09-17 20:01:13 [INFO]   ✓ Reddit r/cryptocurrency: 0 条
2026-09-17 20:01:13 [INFO]   ✓ Reddit r/bitcoin: 3 条
2026-09-17 20:01:13 [INFO]   ✓ Crypto Twitter: 5 条
2026-09-17 20:01:13 [INFO]   ✓ 宏观经济: 0 条
2026-09-17 20:01:13 [INFO]   ✓ Binance公告: 20 条
2026-09-17 20:01:13 [INFO]   ✓ OKX公告: 0 条
2026-09-17 20:01:13 [INFO]   ✓ Bitget公告: 0 条
2026-09-17 20:01:13 [INFO]   ✓ Whale Alert: 0 条
2026-09-17 20:01:13 [INFO]   ✓ Fear & Greed Index: 1 条
2026-09-17 20:01:13 [INFO]   ✓ DeFi Llama: 0 条
2026-09-17 20:01:13 [INFO]   ✓ 雪球加密: 0 条
2026-09-17 20:01:13 [INFO] 📊 共抓取 42 条新闻
2026-09-17 20:01:13 [INFO] 📋 原始新闻已保存: reports/2026-09-18-04-raw.json (42 条)
2026-09-17 20:01:13 [INFO] 📋 标题摘要已保存: reports/2026-09-18-04-raw-titles.md
2026-09-17 20:01:13 [INFO] ✅ 抓取完成，共 42 条，已保存到 reports/2026-09-18-04-raw.json
2026-09-17 20:01:14 [INFO] 🤖 开始 AI 筛选 2026-09-18 04:00 币圈消息
2026-09-17 20:01:14 [INFO] 📋 已加载原始新闻: reports/2026-09-18-04-raw.json (42 条)
2026-09-17 20:01:14 [INFO] 📚 已加载历史新闻标题（24598 字符）
2026-09-17 20:01:14 [INFO] 📚 已加载历史筛选标题 0 条、URL 0 个，用于去重
2026-09-17 20:01:14 [INFO] 🔄 尝试 AI 提供商: deepseek
2026-09-17 20:01:14 [INFO] 🤖 使用 AI 提供商: deepseek (模型: deepseek-v4-flash)
2026-09-17 20:01:14 [INFO] 🤖 AI 筛选 [[deepseek] 1/6 策略=仅标题+链接 retry=0]（42 条，9586 字符，temp=0.3）
2026-09-17 20:01:15 [ERROR] AI 调用异常 ([deepseek] 1/6 策略=仅标题+链接 retry=0): Error code: 401 - {'error': {'message': 'Authentication Fails, Your api key: ****df0d is invalid', 'type': 'authentication_error', 'param': None, 'code': 'invalid_request_error'}}
2026-09-17 20:01:15 [WARNING] [[deepseek] 1/6 策略=仅标题+链接 retry=0] AI 调用失败或解析失败，继续下一次尝试
2026-09-17 20:01:15 [INFO] 🤖 AI 筛选 [[deepseek] 2/6 策略=仅标题+链接 retry=1]（42 条，9586 字符，temp=0.3）
2026-09-17 20:01:15 [ERROR] AI 调用异常 ([deepseek] 2/6 策略=仅标题+链接 retry=1): Error code: 401 - {'error': {'message': 'Authentication Fails, Your api key: ****df0d is invalid', 'type': 'authentication_error', 'param': None, 'code': 'invalid_request_error'}}
2026-09-17 20:01:15 [WARNING] [[deepseek] 2/6 策略=仅标题+链接 retry=1] AI 调用失败或解析失败，继续下一次尝试
2026-09-17 20:01:15 [INFO] 🤖 AI 筛选 [[deepseek] 3/6 策略=仅标题+链接 retry=2]（42 条，9586 字符，temp=0.3）
2026-09-17 20:01:16 [ERROR] AI 调用异常 ([deepseek] 3/6 策略=仅标题+链接 retry=2): Error code: 401 - {'error': {'message': 'Authentication Fails, Your api key: ****df0d is invalid', 'type': 'authentication_error', 'param': None, 'code': 'invalid_request_error'}}
2026-09-17 20:01:16 [WARNING] [[deepseek] 3/6 策略=仅标题+链接 retry=2] AI 调用失败或解析失败，继续下一次尝试
2026-09-17 20:01:16 [INFO] 🤖 AI 筛选 [[deepseek] 4/6 策略=完整内容 retry=0]（42 条，13884 字符，temp=0.3）
2026-09-17 20:01:16 [ERROR] AI 调用异常 ([deepseek] 4/6 策略=完整内容 retry=0): Error code: 401 - {'error': {'message': 'Authentication Fails, Your api key: ****df0d is invalid', 'type': 'authentication_error', 'param': None, 'code': 'invalid_request_error'}}
2026-09-17 20:01:16 [WARNING] [[deepseek] 4/6 策略=完整内容 retry=0] AI 调用失败或解析失败，继续下一次尝试
2026-09-17 20:01:16 [INFO] 🤖 AI 筛选 [[deepseek] 5/6 策略=完整内容 retry=1]（42 条，13884 字符，temp=0.3）
2026-09-17 20:01:16 [ERROR] AI 调用异常 ([deepseek] 5/6 策略=完整内容 retry=1): Error code: 401 - {'error': {'message': 'Authentication Fails, Your api key: ****df0d is invalid', 'type': 'authentication_error', 'param': None, 'code': 'invalid_request_error'}}
2026-09-17 20:01:16 [WARNING] [[deepseek] 5/6 策略=完整内容 retry=1] AI 调用失败或解析失败，继续下一次尝试
2026-09-17 20:01:16 [INFO] 🤖 AI 筛选 [[deepseek] 6/6 策略=仅标题（无历史） retry=0]（42 条，9586 字符，temp=0.3）
2026-09-17 20:01:17 [ERROR] AI 调用异常 ([deepseek] 6/6 策略=仅标题（无历史） retry=0): Error code: 401 - {'error': {'message': 'Authentication Fails, Your api key: ****df0d is invalid', 'type': 'authentication_error', 'param': None, 'code': 'invalid_request_error'}}
2026-09-17 20:01:17 [WARNING] [[deepseek] 6/6 策略=仅标题（无历史） retry=0] AI 调用失败或解析失败，继续下一次尝试
2026-09-17 20:01:17 [WARNING] [deepseek] 已达最大尝试次数 6，停止
2026-09-17 20:01:17 [INFO] ⚠️ deepseek 未能产出满意结果，尝试下一个提供商
2026-09-17 20:01:17 [INFO] 🔄 尝试 AI 提供商: zhipu
2026-09-17 20:01:17 [ERROR] 未设置环境变量 ZHIPU_API_KEY，无法使用 zhipu
2026-09-17 20:01:17 [INFO] ⚠️ zhipu 未能产出满意结果，尝试下一个提供商
2026-09-17 20:01:17 [INFO] 🔄 尝试 AI 提供商: kimi
2026-09-17 20:01:17 [ERROR] 未设置环境变量 KIMI_API_KEY，无法使用 kimi
2026-09-17 20:01:17 [INFO] ⚠️ kimi 未能产出满意结果，尝试下一个提供商
2026-09-17 20:01:17 [INFO] 🔄 尝试 AI 提供商: huoshan
2026-09-17 20:01:17 [ERROR] 未设置环境变量 HUOSHAN_API_KEY，无法使用 huoshan
2026-09-17 20:01:17 [INFO] ⚠️ huoshan 未能产出满意结果，尝试下一个提供商
2026-09-17 20:01:17 [ERROR] ❌ 所有提供商均失败，返回空列表
2026-09-17 20:01:17 [INFO] 📦 JSON 已保存: reports/2026-09-18-04.json
2026-09-17 20:01:17 [INFO] ✅ AI 筛选完成，共 0 条交易相关消息
2026-09-17 21:00:52 [INFO] 🚀 开始抓取 2026-09-18 05:00 币圈新闻
2026-09-17 21:00:52 [INFO] 📡 抓取 RSS 新闻源...
2026-09-17 21:00:52 [INFO] 📡 抓取交易所公告 & 链上数据...
2026-09-17 21:00:52 [INFO]   ⏭ CoinTelegraph: 过滤掉 28 条非近期新闻
2026-09-17 21:00:52 [INFO]   ⏭ Decrypt: 过滤掉 31 条非近期新闻
2026-09-17 21:00:52 [INFO]   ⏭ The Block: 过滤掉 19 条非近期新闻
2026-09-17 21:00:53 [INFO]   ⏭ CoinDesk: 过滤掉 25 条非近期新闻
2026-09-17 21:00:53 [INFO]   ⏭ Bitcoin Magazine: 过滤掉 9 条非近期新闻
2026-09-17 21:00:53 [INFO]   ⏭ Bloomberg Crypto: 过滤掉 50 条非近期新闻
2026-09-17 21:00:53 [INFO]   ⏭ Reuters Crypto: 过滤掉 50 条非近期新闻
2026-09-17 21:00:53 [INFO]   ⏭ Reddit r/cryptocurrency: 过滤掉 24 条非近期新闻
2026-09-17 21:00:53 [WARNING] 解析失败 Bitget公告: 'NoneType' object is not subscriptable
2026-09-17 21:00:53 [INFO]   ⏭ Blockworks: 过滤掉 50 条非近期新闻
2026-09-17 21:00:53 [INFO]   ⏭ CNBC Crypto: 过滤掉 48 条非近期新闻
2026-09-17 21:00:53 [INFO]   ⏭ 宏观经济: 过滤掉 50 条非近期新闻
2026-09-17 21:00:53 [INFO]   ⏭ DL News: 过滤掉 50 条非近期新闻
2026-09-17 21:00:53 [INFO]   ⏭ Blockworks: 过滤掉 2 条非近期新闻
2026-09-17 21:00:53 [INFO]   ⏭ 宏观经济: 过滤掉 50 条非近期新闻
2026-09-17 21:00:54 [INFO]   ⏭ 雪球加密: 过滤掉 50 条非近期新闻
2026-09-17 21:00:54 [INFO]   ⏭ DeFi Llama: 过滤掉 50 条非近期新闻
2026-09-17 21:00:54 [INFO]   ⏭ CoinDesk: 过滤掉 50 条非近期新闻
2026-09-17 21:00:54 [INFO]   ⏭ 吴说区块链: 过滤掉 50 条非近期新闻
2026-09-17 21:00:54 [INFO]   ⏭ Crypto Twitter: 过滤掉 48 条非近期新闻
2026-09-17 21:01:08 [DEBUG] 请求失败 https://rsshub.rssforever.com/panewslab/news: 
2026-09-17 21:01:08 [DEBUG] 请求失败 https://rsshub.rssforever.com/jinse/lives: 
2026-09-17 21:01:08 [DEBUG] 请求失败 https://rsshub.rssforever.com/theblockbeats/newsflash: 
2026-09-17 21:01:08 [DEBUG] 请求失败 https://rsshub.rssforever.com/bloomberg/crypto: 
2026-09-17 21:01:09 [INFO]   ⏭ 律动BlockBeats: 过滤掉 50 条非近期新闻
2026-09-17 21:01:09 [INFO]   ⏭ PANews: 过滤掉 50 条非近期新闻
2026-09-17 21:01:09 [INFO]   ✓ CoinDesk: 0 条
2026-09-17 21:01:09 [INFO]   ✓ The Block: 1 条
2026-09-17 21:01:09 [INFO]   ✓ Decrypt: 4 条
2026-09-17 21:01:09 [INFO]   ✓ CoinTelegraph: 2 条
2026-09-17 21:01:09 [INFO]   ✓ Bitcoin Magazine: 1 条
2026-09-17 21:01:09 [INFO]   ✓ Blockworks: 0 条
2026-09-17 21:01:09 [INFO]   ✓ DL News: 0 条
2026-09-17 21:01:09 [INFO]   ✓ 金色财经: 0 条
2026-09-17 21:01:09 [INFO]   ✓ PANews: 0 条
2026-09-17 21:01:09 [INFO]   ✓ 律动BlockBeats: 0 条
2026-09-17 21:01:09 [INFO]   ✓ 吴说区块链: 0 条
2026-09-17 21:01:09 [INFO]   ✓ Bloomberg Crypto: 0 条
2026-09-17 21:01:09 [INFO]   ✓ Reuters Crypto: 0 条
2026-09-17 21:01:09 [INFO]   ✓ CNBC Crypto: 2 条
2026-09-17 21:01:09 [INFO]   ✓ Reddit r/cryptocurrency: 1 条
2026-09-17 21:01:09 [INFO]   ✓ Reddit r/bitcoin: 0 条
2026-09-17 21:01:09 [INFO]   ✓ Crypto Twitter: 2 条
2026-09-17 21:01:09 [INFO]   ✓ 宏观经济: 0 条
2026-09-17 21:01:09 [INFO]   ✓ Binance公告: 20 条
2026-09-17 21:01:09 [INFO]   ✓ OKX公告: 0 条
2026-09-17 21:01:09 [INFO]   ✓ Bitget公告: 0 条
2026-09-17 21:01:09 [INFO]   ✓ Whale Alert: 0 条
2026-09-17 21:01:09 [INFO]   ✓ Fear & Greed Index: 1 条
2026-09-17 21:01:09 [INFO]   ✓ DeFi Llama: 0 条
2026-09-17 21:01:09 [INFO]   ✓ 雪球加密: 0 条
2026-09-17 21:01:09 [INFO] 📊 共抓取 34 条新闻
2026-09-17 21:01:09 [INFO] 📋 原始新闻已保存: reports/2026-09-18-05-raw.json (34 条)
2026-09-17 21:01:09 [INFO] 📋 标题摘要已保存: reports/2026-09-18-05-raw-titles.md
2026-09-17 21:01:09 [INFO] ✅ 抓取完成，共 34 条，已保存到 reports/2026-09-18-05-raw.json
2026-09-17 21:01:10 [INFO] 🤖 开始 AI 筛选 2026-09-18 05:00 币圈消息
2026-09-17 21:01:10 [INFO] 📋 已加载原始新闻: reports/2026-09-18-05-raw.json (34 条)
2026-09-17 21:01:10 [INFO] 📚 已加载历史新闻标题（23682 字符）
2026-09-17 21:01:10 [INFO] 📚 已加载历史筛选标题 0 条、URL 0 个，用于去重
2026-09-17 21:01:10 [INFO] 🔄 尝试 AI 提供商: deepseek
2026-09-17 21:01:10 [INFO] 🤖 使用 AI 提供商: deepseek (模型: deepseek-v4-flash)
2026-09-17 21:01:10 [INFO] 🤖 AI 筛选 [[deepseek] 1/6 策略=仅标题+链接 retry=0]（34 条，7590 字符，temp=0.3）
2026-09-17 21:01:11 [ERROR] AI 调用异常 ([deepseek] 1/6 策略=仅标题+链接 retry=0): Error code: 401 - {'error': {'message': 'Authentication Fails, Your api key: ****df0d is invalid', 'type': 'authentication_error', 'param': None, 'code': 'invalid_request_error'}}
2026-09-17 21:01:11 [WARNING] [[deepseek] 1/6 策略=仅标题+链接 retry=0] AI 调用失败或解析失败，继续下一次尝试
2026-09-17 21:01:11 [INFO] 🤖 AI 筛选 [[deepseek] 2/6 策略=仅标题+链接 retry=1]（34 条，7590 字符，temp=0.3）
2026-09-17 21:01:11 [ERROR] AI 调用异常 ([deepseek] 2/6 策略=仅标题+链接 retry=1): Error code: 401 - {'error': {'message': 'Authentication Fails, Your api key: ****df0d is invalid', 'type': 'authentication_error', 'param': None, 'code': 'invalid_request_error'}}
2026-09-17 21:01:11 [WARNING] [[deepseek] 2/6 策略=仅标题+链接 retry=1] AI 调用失败或解析失败，继续下一次尝试
2026-09-17 21:01:11 [INFO] 🤖 AI 筛选 [[deepseek] 3/6 策略=仅标题+链接 retry=2]（34 条，7590 字符，temp=0.3）
2026-09-17 21:01:12 [ERROR] AI 调用异常 ([deepseek] 3/6 策略=仅标题+链接 retry=2): Error code: 401 - {'error': {'message': 'Authentication Fails, Your api key: ****df0d is invalid', 'type': 'authentication_error', 'param': None, 'code': 'invalid_request_error'}}
2026-09-17 21:01:12 [WARNING] [[deepseek] 3/6 策略=仅标题+链接 retry=2] AI 调用失败或解析失败，继续下一次尝试
2026-09-17 21:01:12 [INFO] 🤖 AI 筛选 [[deepseek] 4/6 策略=完整内容 retry=0]（34 条，11474 字符，temp=0.3）
2026-09-17 21:01:12 [ERROR] AI 调用异常 ([deepseek] 4/6 策略=完整内容 retry=0): Error code: 401 - {'error': {'message': 'Authentication Fails, Your api key: ****df0d is invalid', 'type': 'authentication_error', 'param': None, 'code': 'invalid_request_error'}}
2026-09-17 21:01:12 [WARNING] [[deepseek] 4/6 策略=完整内容 retry=0] AI 调用失败或解析失败，继续下一次尝试
2026-09-17 21:01:12 [INFO] 🤖 AI 筛选 [[deepseek] 5/6 策略=完整内容 retry=1]（34 条，11474 字符，temp=0.3）
2026-09-17 21:01:13 [ERROR] AI 调用异常 ([deepseek] 5/6 策略=完整内容 retry=1): Error code: 401 - {'error': {'message': 'Authentication Fails, Your api key: ****df0d is invalid', 'type': 'authentication_error', 'param': None, 'code': 'invalid_request_error'}}
2026-09-17 21:01:13 [WARNING] [[deepseek] 5/6 策略=完整内容 retry=1] AI 调用失败或解析失败，继续下一次尝试
2026-09-17 21:01:13 [INFO] 🤖 AI 筛选 [[deepseek] 6/6 策略=仅标题（无历史） retry=0]（34 条，7590 字符，temp=0.3）
2026-09-17 21:01:13 [ERROR] AI 调用异常 ([deepseek] 6/6 策略=仅标题（无历史） retry=0): Error code: 401 - {'error': {'message': 'Authentication Fails, Your api key: ****df0d is invalid', 'type': 'authentication_error', 'param': None, 'code': 'invalid_request_error'}}
2026-09-17 21:01:13 [WARNING] [[deepseek] 6/6 策略=仅标题（无历史） retry=0] AI 调用失败或解析失败，继续下一次尝试
2026-09-17 21:01:13 [WARNING] [deepseek] 已达最大尝试次数 6，停止
2026-09-17 21:01:13 [INFO] ⚠️ deepseek 未能产出满意结果，尝试下一个提供商
2026-09-17 21:01:13 [INFO] 🔄 尝试 AI 提供商: zhipu
2026-09-17 21:01:13 [ERROR] 未设置环境变量 ZHIPU_API_KEY，无法使用 zhipu
2026-09-17 21:01:13 [INFO] ⚠️ zhipu 未能产出满意结果，尝试下一个提供商
2026-09-17 21:01:13 [INFO] 🔄 尝试 AI 提供商: kimi
2026-09-17 21:01:13 [ERROR] 未设置环境变量 KIMI_API_KEY，无法使用 kimi
2026-09-17 21:01:13 [INFO] ⚠️ kimi 未能产出满意结果，尝试下一个提供商
2026-09-17 21:01:13 [INFO] 🔄 尝试 AI 提供商: huoshan
2026-09-17 21:01:13 [ERROR] 未设置环境变量 HUOSHAN_API_KEY，无法使用 huoshan
2026-09-17 21:01:13 [INFO] ⚠️ huoshan 未能产出满意结果，尝试下一个提供商
2026-09-17 21:01:13 [ERROR] ❌ 所有提供商均失败，返回空列表
2026-09-17 21:01:13 [INFO] 📦 JSON 已保存: reports/2026-09-18-05.json
2026-09-17 21:01:13 [INFO] ✅ AI 筛选完成，共 0 条交易相关消息
2026-09-17 22:01:27 [INFO] 🚀 开始抓取 2026-09-18 06:00 币圈新闻
2026-09-17 22:01:27 [INFO] 📡 抓取 RSS 新闻源...
2026-09-17 22:01:27 [INFO] 📡 抓取交易所公告 & 链上数据...
2026-09-17 22:01:27 [INFO]   ⏭ Decrypt: 过滤掉 46 条非近期新闻
2026-09-17 22:01:27 [INFO]   ⏭ The Block: 过滤掉 19 条非近期新闻
2026-09-17 22:01:27 [INFO]   ⏭ CoinTelegraph: 过滤掉 29 条非近期新闻
2026-09-17 22:01:27 [INFO]   ⏭ CoinDesk: 过滤掉 23 条非近期新闻
2026-09-17 22:01:27 [INFO]   ⏭ Bitcoin Magazine: 过滤掉 8 条非近期新闻
2026-09-17 22:01:27 [WARNING] 解析失败 Bitget公告: 'NoneType' object is not subscriptable
2026-09-17 22:01:27 [INFO]   ⏭ Reddit r/cryptocurrency: 过滤掉 25 条非近期新闻
2026-09-17 22:01:28 [INFO]   ⏭ Bloomberg Crypto: 过滤掉 49 条非近期新闻
2026-09-17 22:01:28 [INFO]   ⏭ Reuters Crypto: 过滤掉 50 条非近期新闻
2026-09-17 22:01:28 [INFO]   ⏭ 宏观经济: 过滤掉 50 条非近期新闻
2026-09-17 22:01:28 [INFO]   ⏭ Blockworks: 过滤掉 50 条非近期新闻
2026-09-17 22:01:28 [INFO]   ⏭ CNBC Crypto: 过滤掉 49 条非近期新闻
2026-09-17 22:01:28 [INFO]   ⏭ DL News: 过滤掉 50 条非近期新闻
2026-09-17 22:01:28 [INFO]   ⏭ Blockworks: 过滤掉 2 条非近期新闻
2026-09-17 22:01:28 [INFO]   ⏭ 宏观经济: 过滤掉 50 条非近期新闻
2026-09-17 22:01:28 [INFO]   ⏭ 金色财经: 过滤掉 3 条非近期新闻
2026-09-17 22:01:28 [INFO]   ⏭ 律动BlockBeats: 过滤掉 20 条非近期新闻
2026-09-17 22:01:29 [INFO]   ⏭ DeFi Llama: 过滤掉 50 条非近期新闻
2026-09-17 22:01:29 [INFO]   ⏭ 吴说区块链: 过滤掉 50 条非近期新闻
2026-09-17 22:01:29 [INFO]   ⏭ Crypto Twitter: 过滤掉 43 条非近期新闻
2026-09-17 22:01:29 [INFO]   ⏭ 律动BlockBeats: 过滤掉 50 条非近期新闻
2026-09-17 22:01:30 [INFO]   ⏭ 雪球加密: 过滤掉 49 条非近期新闻
2026-09-17 22:01:43 [DEBUG] 请求失败 https://rsshub.rssforever.com/panewslab/news: 
2026-09-17 22:01:44 [INFO]   ⏭ PANews: 过滤掉 50 条非近期新闻
2026-09-17 22:01:44 [INFO]   ✓ CoinDesk: 2 条
2026-09-17 22:01:44 [INFO]   ✓ The Block: 1 条
2026-09-17 22:01:44 [INFO]   ✓ Decrypt: 4 条
2026-09-17 22:01:44 [INFO]   ✓ CoinTelegraph: 1 条
2026-09-17 22:01:44 [INFO]   ✓ Bitcoin Magazine: 2 条
2026-09-17 22:01:44 [INFO]   ✓ Blockworks: 0 条
2026-09-17 22:01:44 [INFO]   ✓ DL News: 0 条
2026-09-17 22:01:44 [INFO]   ✓ 金色财经: 7 条
2026-09-17 22:01:44 [INFO]   ✓ PANews: 0 条
2026-09-17 22:01:44 [INFO]   ✓ 律动BlockBeats: 0 条
2026-09-17 22:01:44 [INFO]   ✓ 吴说区块链: 0 条
2026-09-17 22:01:44 [INFO]   ✓ Bloomberg Crypto: 1 条
2026-09-17 22:01:44 [INFO]   ✓ Reuters Crypto: 0 条
2026-09-17 22:01:44 [INFO]   ✓ CNBC Crypto: 1 条
2026-09-17 22:01:44 [INFO]   ✓ Reddit r/cryptocurrency: 0 条
2026-09-17 22:01:44 [INFO]   ✓ Reddit r/bitcoin: 0 条
2026-09-17 22:01:44 [INFO]   ✓ Crypto Twitter: 7 条
2026-09-17 22:01:44 [INFO]   ✓ 宏观经济: 0 条
2026-09-17 22:01:44 [INFO]   ✓ Binance公告: 20 条
2026-09-17 22:01:44 [INFO]   ✓ OKX公告: 0 条
2026-09-17 22:01:44 [INFO]   ✓ Bitget公告: 0 条
2026-09-17 22:01:44 [INFO]   ✓ Whale Alert: 0 条
2026-09-17 22:01:44 [INFO]   ✓ Fear & Greed Index: 1 条
2026-09-17 22:01:44 [INFO]   ✓ DeFi Llama: 0 条
2026-09-17 22:01:44 [INFO]   ✓ 雪球加密: 1 条
2026-09-17 22:01:44 [INFO] 📊 共抓取 48 条新闻
2026-09-17 22:01:44 [INFO] 📋 原始新闻已保存: reports/2026-09-18-06-raw.json (48 条)
2026-09-17 22:01:44 [INFO] 📋 标题摘要已保存: reports/2026-09-18-06-raw-titles.md
2026-09-17 22:01:44 [INFO] ✅ 抓取完成，共 48 条，已保存到 reports/2026-09-18-06-raw.json
2026-09-17 22:01:45 [INFO] 🤖 开始 AI 筛选 2026-09-18 06:00 币圈消息
2026-09-17 22:01:45 [INFO] 📋 已加载原始新闻: reports/2026-09-18-06-raw.json (48 条)
2026-09-17 22:01:45 [INFO] 📚 已加载历史新闻标题（23469 字符）
2026-09-17 22:01:45 [INFO] 📚 已加载历史筛选标题 0 条、URL 0 个，用于去重
2026-09-17 22:01:45 [INFO] 🔄 尝试 AI 提供商: deepseek
2026-09-17 22:01:45 [INFO] 🤖 使用 AI 提供商: deepseek (模型: deepseek-v4-flash)
2026-09-17 22:01:45 [INFO] 🤖 AI 筛选 [[deepseek] 1/6 策略=仅标题+链接 retry=0]（48 条，10180 字符，temp=0.3）
2026-09-17 22:01:46 [ERROR] AI 调用异常 ([deepseek] 1/6 策略=仅标题+链接 retry=0): Error code: 401 - {'error': {'message': 'Authentication Fails, Your api key: ****df0d is invalid', 'type': 'authentication_error', 'param': None, 'code': 'invalid_request_error'}}
2026-09-17 22:01:46 [WARNING] [[deepseek] 1/6 策略=仅标题+链接 retry=0] AI 调用失败或解析失败，继续下一次尝试
2026-09-17 22:01:46 [INFO] 🤖 AI 筛选 [[deepseek] 2/6 策略=仅标题+链接 retry=1]（48 条，10180 字符，temp=0.3）
2026-09-17 22:01:46 [ERROR] AI 调用异常 ([deepseek] 2/6 策略=仅标题+链接 retry=1): Error code: 401 - {'error': {'message': 'Authentication Fails, Your api key: ****df0d is invalid', 'type': 'authentication_error', 'param': None, 'code': 'invalid_request_error'}}
2026-09-17 22:01:46 [WARNING] [[deepseek] 2/6 策略=仅标题+链接 retry=1] AI 调用失败或解析失败，继续下一次尝试
2026-09-17 22:01:46 [INFO] 🤖 AI 筛选 [[deepseek] 3/6 策略=仅标题+链接 retry=2]（48 条，10180 字符，temp=0.3）
2026-09-17 22:01:46 [ERROR] AI 调用异常 ([deepseek] 3/6 策略=仅标题+链接 retry=2): Error code: 401 - {'error': {'message': 'Authentication Fails, Your api key: ****df0d is invalid', 'type': 'authentication_error', 'param': None, 'code': 'invalid_request_error'}}
2026-09-17 22:01:46 [WARNING] [[deepseek] 3/6 策略=仅标题+链接 retry=2] AI 调用失败或解析失败，继续下一次尝试
2026-09-17 22:01:46 [INFO] 🤖 AI 筛选 [[deepseek] 4/6 策略=完整内容 retry=0]（48 条，15513 字符，temp=0.3）
2026-09-17 22:01:47 [ERROR] AI 调用异常 ([deepseek] 4/6 策略=完整内容 retry=0): Error code: 401 - {'error': {'message': 'Authentication Fails, Your api key: ****df0d is invalid', 'type': 'authentication_error', 'param': None, 'code': 'invalid_request_error'}}
2026-09-17 22:01:47 [WARNING] [[deepseek] 4/6 策略=完整内容 retry=0] AI 调用失败或解析失败，继续下一次尝试
2026-09-17 22:01:47 [INFO] 🤖 AI 筛选 [[deepseek] 5/6 策略=完整内容 retry=1]（48 条，15513 字符，temp=0.3）
2026-09-17 22:01:47 [ERROR] AI 调用异常 ([deepseek] 5/6 策略=完整内容 retry=1): Error code: 401 - {'error': {'message': 'Authentication Fails, Your api key: ****df0d is invalid', 'type': 'authentication_error', 'param': None, 'code': 'invalid_request_error'}}
2026-09-17 22:01:47 [WARNING] [[deepseek] 5/6 策略=完整内容 retry=1] AI 调用失败或解析失败，继续下一次尝试
2026-09-17 22:01:47 [INFO] 🤖 AI 筛选 [[deepseek] 6/6 策略=仅标题（无历史） retry=0]（48 条，10180 字符，temp=0.3）
2026-09-17 22:01:48 [ERROR] AI 调用异常 ([deepseek] 6/6 策略=仅标题（无历史） retry=0): Error code: 401 - {'error': {'message': 'Authentication Fails, Your api key: ****df0d is invalid', 'type': 'authentication_error', 'param': None, 'code': 'invalid_request_error'}}
2026-09-17 22:01:48 [WARNING] [[deepseek] 6/6 策略=仅标题（无历史） retry=0] AI 调用失败或解析失败，继续下一次尝试
2026-09-17 22:01:48 [WARNING] [deepseek] 已达最大尝试次数 6，停止
2026-09-17 22:01:48 [INFO] ⚠️ deepseek 未能产出满意结果，尝试下一个提供商
2026-09-17 22:01:48 [INFO] 🔄 尝试 AI 提供商: zhipu
2026-09-17 22:01:48 [ERROR] 未设置环境变量 ZHIPU_API_KEY，无法使用 zhipu
2026-09-17 22:01:48 [INFO] ⚠️ zhipu 未能产出满意结果，尝试下一个提供商
2026-09-17 22:01:48 [INFO] 🔄 尝试 AI 提供商: kimi
2026-09-17 22:01:48 [ERROR] 未设置环境变量 KIMI_API_KEY，无法使用 kimi
2026-09-17 22:01:48 [INFO] ⚠️ kimi 未能产出满意结果，尝试下一个提供商
2026-09-17 22:01:48 [INFO] 🔄 尝试 AI 提供商: huoshan
2026-09-17 22:01:48 [ERROR] 未设置环境变量 HUOSHAN_API_KEY，无法使用 huoshan
2026-09-17 22:01:48 [INFO] ⚠️ huoshan 未能产出满意结果，尝试下一个提供商
2026-09-17 22:01:48 [ERROR] ❌ 所有提供商均失败，返回空列表
2026-09-17 22:01:48 [INFO] 📦 JSON 已保存: reports/2026-09-18-06.json
2026-09-17 22:01:48 [INFO] ✅ AI 筛选完成，共 0 条交易相关消息
2026-09-17 23:00:51 [INFO] 🚀 开始抓取 2026-09-18 07:00 币圈新闻
2026-09-17 23:00:51 [INFO] 📡 抓取 RSS 新闻源...
2026-09-17 23:00:51 [INFO] 📡 抓取交易所公告 & 链上数据...
2026-09-17 23:00:51 [INFO]   ⏭ Decrypt: 过滤掉 33 条非近期新闻
2026-09-17 23:00:51 [INFO]   ⏭ The Block: 过滤掉 20 条非近期新闻
2026-09-17 23:00:51 [INFO]   ⏭ CoinTelegraph: 过滤掉 30 条非近期新闻
2026-09-17 23:00:52 [INFO]   ⏭ CoinDesk: 过滤掉 23 条非近期新闻
2026-09-17 23:00:52 [INFO]   ⏭ Bloomberg Crypto: 过滤掉 50 条非近期新闻
2026-09-17 23:00:52 [WARNING] 解析失败 Bitget公告: 'NoneType' object is not subscriptable
2026-09-17 23:00:52 [INFO]   ⏭ Reuters Crypto: 过滤掉 50 条非近期新闻
2026-09-17 23:00:52 [INFO]   ⏭ Bitcoin Magazine: 过滤掉 8 条非近期新闻
2026-09-17 23:00:52 [INFO]   ⏭ CNBC Crypto: 过滤掉 50 条非近期新闻
2026-09-17 23:00:52 [INFO]   ⏭ 宏观经济: 过滤掉 48 条非近期新闻
2026-09-17 23:00:52 [INFO]   ⏭ Reddit r/bitcoin: 过滤掉 23 条非近期新闻
2026-09-17 23:00:52 [INFO]   ⏭ DL News: 过滤掉 50 条非近期新闻
2026-09-17 23:00:52 [INFO]   ⏭ CoinTelegraph: 过滤掉 22 条非近期新闻
2026-09-17 23:00:52 [INFO]   ⏭ 律动BlockBeats: 过滤掉 20 条非近期新闻
2026-09-17 23:00:52 [INFO]   ⏭ Blockworks: 过滤掉 50 条非近期新闻
2026-09-17 23:00:53 [INFO]   ⏭ 雪球加密: 过滤掉 49 条非近期新闻
2026-09-17 23:00:53 [INFO]   ⏭ DeFi Llama: 过滤掉 50 条非近期新闻
2026-09-17 23:00:53 [INFO]   ⏭ Blockworks: 过滤掉 2 条非近期新闻
2026-09-17 23:00:53 [INFO]   ⏭ The Block: 过滤掉 50 条非近期新闻
2026-09-17 23:00:53 [INFO]   ⏭ CoinTelegraph: 过滤掉 50 条非近期新闻
2026-09-17 23:00:53 [INFO]   ⏭ 吴说区块链: 过滤掉 50 条非近期新闻
2026-09-17 23:00:53 [INFO]   ⏭ 律动BlockBeats: 过滤掉 50 条非近期新闻
2026-09-17 23:00:53 [INFO]   ⏭ Crypto Twitter: 过滤掉 42 条非近期新闻
2026-09-17 23:01:07 [DEBUG] 请求失败 https://rsshub.rssforever.com/jinse/lives: 
2026-09-17 23:01:07 [DEBUG] 请求失败 https://rsshub.rssforever.com/panewslab/news: 
2026-09-17 23:01:07 [DEBUG] 请求失败 https://rsshub.rssforever.com/bloomberg/crypto: 
2026-09-17 23:01:08 [INFO]   ⏭ PANews: 过滤掉 50 条非近期新闻
2026-09-17 23:01:08 [INFO]   ✓ CoinDesk: 2 条
2026-09-17 23:01:08 [INFO]   ✓ The Block: 0 条
2026-09-17 23:01:08 [INFO]   ✓ Decrypt: 3 条
2026-09-17 23:01:08 [INFO]   ✓ CoinTelegraph: 0 条
2026-09-17 23:01:08 [INFO]   ✓ Bitcoin Magazine: 2 条
2026-09-17 23:01:08 [INFO]   ✓ Blockworks: 0 条
2026-09-17 23:01:08 [INFO]   ✓ DL News: 0 条
2026-09-17 23:01:08 [INFO]   ✓ 金色财经: 0 条
2026-09-17 23:01:08 [INFO]   ✓ PANews: 0 条
2026-09-17 23:01:08 [INFO]   ✓ 律动BlockBeats: 0 条
2026-09-17 23:01:08 [INFO]   ✓ 吴说区块链: 0 条
2026-09-17 23:01:08 [INFO]   ✓ Bloomberg Crypto: 0 条
2026-09-17 23:01:08 [INFO]   ✓ Reuters Crypto: 0 条
2026-09-17 23:01:08 [INFO]   ✓ CNBC Crypto: 0 条
2026-09-17 23:01:08 [INFO]   ✓ Reddit r/cryptocurrency: 0 条
2026-09-17 23:01:08 [INFO]   ✓ Reddit r/bitcoin: 2 条
2026-09-17 23:01:08 [INFO]   ✓ Crypto Twitter: 8 条
2026-09-17 23:01:08 [INFO]   ✓ 宏观经济: 2 条
2026-09-17 23:01:08 [INFO]   ✓ Binance公告: 20 条
2026-09-17 23:01:08 [INFO]   ✓ OKX公告: 0 条
2026-09-17 23:01:08 [INFO]   ✓ Bitget公告: 0 条
2026-09-17 23:01:08 [INFO]   ✓ Whale Alert: 0 条
2026-09-17 23:01:08 [INFO]   ✓ Fear & Greed Index: 1 条
2026-09-17 23:01:08 [INFO]   ✓ DeFi Llama: 0 条
2026-09-17 23:01:08 [INFO]   ✓ 雪球加密: 1 条
2026-09-17 23:01:08 [INFO] 📊 共抓取 41 条新闻
2026-09-17 23:01:08 [INFO] 📋 原始新闻已保存: reports/2026-09-18-07-raw.json (41 条)
2026-09-17 23:01:08 [INFO] 📋 标题摘要已保存: reports/2026-09-18-07-raw-titles.md
2026-09-17 23:01:08 [INFO] ✅ 抓取完成，共 41 条，已保存到 reports/2026-09-18-07-raw.json
2026-09-17 23:01:09 [INFO] 🤖 开始 AI 筛选 2026-09-18 07:00 币圈消息
2026-09-17 23:01:09 [INFO] 📋 已加载原始新闻: reports/2026-09-18-07-raw.json (41 条)
2026-09-17 23:01:09 [INFO] 📚 已加载历史新闻标题（23291 字符）
2026-09-17 23:01:09 [INFO] 📚 已加载历史筛选标题 0 条、URL 0 个，用于去重
2026-09-17 23:01:09 [INFO] 🔄 尝试 AI 提供商: deepseek
2026-09-17 23:01:09 [INFO] 🤖 使用 AI 提供商: deepseek (模型: deepseek-v4-flash)
2026-09-17 23:01:09 [INFO] 🤖 AI 筛选 [[deepseek] 1/6 策略=仅标题+链接 retry=0]（41 条，10031 字符，temp=0.3）
2026-09-17 23:01:10 [ERROR] AI 调用异常 ([deepseek] 1/6 策略=仅标题+链接 retry=0): Error code: 401 - {'error': {'message': 'Authentication Fails, Your api key: ****df0d is invalid', 'type': 'authentication_error', 'param': None, 'code': 'invalid_request_error'}}
2026-09-17 23:01:10 [WARNING] [[deepseek] 1/6 策略=仅标题+链接 retry=0] AI 调用失败或解析失败，继续下一次尝试
2026-09-17 23:01:10 [INFO] 🤖 AI 筛选 [[deepseek] 2/6 策略=仅标题+链接 retry=1]（41 条，10031 字符，temp=0.3）
2026-09-17 23:01:10 [ERROR] AI 调用异常 ([deepseek] 2/6 策略=仅标题+链接 retry=1): Error code: 401 - {'error': {'message': 'Authentication Fails, Your api key: ****df0d is invalid', 'type': 'authentication_error', 'param': None, 'code': 'invalid_request_error'}}
2026-09-17 23:01:10 [WARNING] [[deepseek] 2/6 策略=仅标题+链接 retry=1] AI 调用失败或解析失败，继续下一次尝试
2026-09-17 23:01:10 [INFO] 🤖 AI 筛选 [[deepseek] 3/6 策略=仅标题+链接 retry=2]（41 条，10031 字符，temp=0.3）
2026-09-17 23:01:11 [ERROR] AI 调用异常 ([deepseek] 3/6 策略=仅标题+链接 retry=2): Error code: 401 - {'error': {'message': 'Authentication Fails, Your api key: ****df0d is invalid', 'type': 'authentication_error', 'param': None, 'code': 'invalid_request_error'}}
2026-09-17 23:01:11 [WARNING] [[deepseek] 3/6 策略=仅标题+链接 retry=2] AI 调用失败或解析失败，继续下一次尝试
2026-09-17 23:01:11 [INFO] 🤖 AI 筛选 [[deepseek] 4/6 策略=完整内容 retry=0]（41 条，13951 字符，temp=0.3）
2026-09-17 23:01:11 [ERROR] AI 调用异常 ([deepseek] 4/6 策略=完整内容 retry=0): Error code: 401 - {'error': {'message': 'Authentication Fails, Your api key: ****df0d is invalid', 'type': 'authentication_error', 'param': None, 'code': 'invalid_request_error'}}
2026-09-17 23:01:11 [WARNING] [[deepseek] 4/6 策略=完整内容 retry=0] AI 调用失败或解析失败，继续下一次尝试
2026-09-17 23:01:11 [INFO] 🤖 AI 筛选 [[deepseek] 5/6 策略=完整内容 retry=1]（41 条，13951 字符，temp=0.3）
2026-09-17 23:01:12 [ERROR] AI 调用异常 ([deepseek] 5/6 策略=完整内容 retry=1): Error code: 401 - {'error': {'message': 'Authentication Fails, Your api key: ****df0d is invalid', 'type': 'authentication_error', 'param': None, 'code': 'invalid_request_error'}}
2026-09-17 23:01:12 [WARNING] [[deepseek] 5/6 策略=完整内容 retry=1] AI 调用失败或解析失败，继续下一次尝试
2026-09-17 23:01:12 [INFO] 🤖 AI 筛选 [[deepseek] 6/6 策略=仅标题（无历史） retry=0]（41 条，10031 字符，temp=0.3）
2026-09-17 23:01:12 [ERROR] AI 调用异常 ([deepseek] 6/6 策略=仅标题（无历史） retry=0): Error code: 401 - {'error': {'message': 'Authentication Fails, Your api key: ****df0d is invalid', 'type': 'authentication_error', 'param': None, 'code': 'invalid_request_error'}}
2026-09-17 23:01:12 [WARNING] [[deepseek] 6/6 策略=仅标题（无历史） retry=0] AI 调用失败或解析失败，继续下一次尝试
2026-09-17 23:01:12 [WARNING] [deepseek] 已达最大尝试次数 6，停止
2026-09-17 23:01:12 [INFO] ⚠️ deepseek 未能产出满意结果，尝试下一个提供商
2026-09-17 23:01:12 [INFO] 🔄 尝试 AI 提供商: zhipu
2026-09-17 23:01:12 [ERROR] 未设置环境变量 ZHIPU_API_KEY，无法使用 zhipu
2026-09-17 23:01:12 [INFO] ⚠️ zhipu 未能产出满意结果，尝试下一个提供商
2026-09-17 23:01:12 [INFO] 🔄 尝试 AI 提供商: kimi
2026-09-17 23:01:12 [ERROR] 未设置环境变量 KIMI_API_KEY，无法使用 kimi
2026-09-17 23:01:12 [INFO] ⚠️ kimi 未能产出满意结果，尝试下一个提供商
2026-09-17 23:01:12 [INFO] 🔄 尝试 AI 提供商: huoshan
2026-09-17 23:01:12 [ERROR] 未设置环境变量 HUOSHAN_API_KEY，无法使用 huoshan
2026-09-17 23:01:12 [INFO] ⚠️ huoshan 未能产出满意结果，尝试下一个提供商
2026-09-17 23:01:12 [ERROR] ❌ 所有提供商均失败，返回空列表
2026-09-17 23:01:12 [INFO] 📦 JSON 已保存: reports/2026-09-18-07.json
2026-09-17 23:01:12 [INFO] ✅ AI 筛选完成，共 0 条交易相关消息
2026-09-18 00:00:58 [INFO] 🚀 开始抓取 2026-09-18 08:00 币圈新闻
2026-09-18 00:00:58 [INFO] 📡 抓取 RSS 新闻源...
2026-09-18 00:00:58 [INFO] 📡 抓取交易所公告 & 链上数据...
2026-09-18 00:00:58 [INFO]   ⏭ Decrypt: 过滤掉 35 条非近期新闻
2026-09-18 00:00:59 [INFO]   ⏭ The Block: 过滤掉 20 条非近期新闻
2026-09-18 00:00:59 [INFO]   ⏭ CoinTelegraph: 过滤掉 29 条非近期新闻
2026-09-18 00:00:59 [INFO]   ⏭ Reuters Crypto: 过滤掉 50 条非近期新闻
2026-09-18 00:00:59 [INFO]   ⏭ Bloomberg Crypto: 过滤掉 50 条非近期新闻
2026-09-18 00:00:59 [INFO]   ⏭ 宏观经济: 过滤掉 48 条非近期新闻
2026-09-18 00:00:59 [INFO]   ⏭ CNBC Crypto: 过滤掉 50 条非近期新闻
2026-09-18 00:00:59 [INFO]   ⏭ CoinDesk: 过滤掉 25 条非近期新闻
2026-09-18 00:00:59 [WARNING] 解析失败 Bitget公告: 'NoneType' object is not subscriptable
2026-09-18 00:00:59 [INFO]   ⏭ Reddit r/bitcoin: 过滤掉 25 条非近期新闻
2026-09-18 00:00:59 [INFO]   ⏭ Bitcoin Magazine: 过滤掉 10 条非近期新闻
2026-09-18 00:01:00 [INFO]   ⏭ DL News: 过滤掉 50 条非近期新闻
2026-09-18 00:01:00 [INFO]   ⏭ Blockworks: 过滤掉 50 条非近期新闻
2026-09-18 00:01:00 [INFO]   ⏭ 金色财经: 过滤掉 1 条非近期新闻
2026-09-18 00:01:00 [INFO]   ⏭ Bitcoin Magazine: 过滤掉 50 条非近期新闻
2026-09-18 00:01:00 [INFO]   ⏭ Blockworks: 过滤掉 2 条非近期新闻
2026-09-18 00:01:00 [INFO]   ⏭ Crypto Twitter: 过滤掉 44 条非近期新闻
2026-09-18 00:01:00 [INFO]   ⏭ 吴说区块链: 过滤掉 50 条非近期新闻
2026-09-18 00:01:00 [INFO]   ⏭ DeFi Llama: 过滤掉 50 条非近期新闻
2026-09-18 00:01:00 [INFO]   ⏭ The Block: 过滤掉 50 条非近期新闻
2026-09-18 00:01:00 [INFO]   ⏭ 雪球加密: 过滤掉 50 条非近期新闻
2026-09-18 00:01:00 [INFO]   ⏭ CoinDesk: 过滤掉 50 条非近期新闻
2026-09-18 00:01:14 [DEBUG] 请求失败 https://rsshub.rssforever.com/theblockbeats/newsflash: 
2026-09-18 00:01:14 [DEBUG] 请求失败 https://rsshub.rssforever.com/panewslab/news: 
2026-09-18 00:01:15 [INFO]   ⏭ PANews: 过滤掉 50 条非近期新闻
2026-09-18 00:01:15 [INFO]   ⏭ 律动BlockBeats: 过滤掉 49 条非近期新闻
2026-09-18 00:01:15 [INFO]   ✓ CoinDesk: 0 条
2026-09-18 00:01:15 [INFO]   ✓ The Block: 0 条
2026-09-18 00:01:15 [INFO]   ✓ Decrypt: 1 条
2026-09-18 00:01:15 [INFO]   ✓ CoinTelegraph: 1 条
2026-09-18 00:01:15 [INFO]   ✓ Bitcoin Magazine: 0 条
2026-09-18 00:01:15 [INFO]   ✓ Blockworks: 0 条
2026-09-18 00:01:15 [INFO]   ✓ DL News: 0 条
2026-09-18 00:01:15 [INFO]   ✓ 金色财经: 9 条
2026-09-18 00:01:15 [INFO]   ✓ PANews: 0 条
2026-09-18 00:01:15 [INFO]   ✓ 律动BlockBeats: 1 条
2026-09-18 00:01:15 [INFO]   ✓ 吴说区块链: 0 条
2026-09-18 00:01:15 [INFO]   ✓ Bloomberg Crypto: 0 条
2026-09-18 00:01:15 [INFO]   ✓ Reuters Crypto: 0 条
2026-09-18 00:01:15 [INFO]   ✓ CNBC Crypto: 0 条
2026-09-18 00:01:15 [INFO]   ✓ Reddit r/cryptocurrency: 0 条
2026-09-18 00:01:15 [INFO]   ✓ Reddit r/bitcoin: 0 条
2026-09-18 00:01:15 [INFO]   ✓ Crypto Twitter: 6 条
2026-09-18 00:01:15 [INFO]   ✓ 宏观经济: 2 条
2026-09-18 00:01:15 [INFO]   ✓ Binance公告: 20 条
2026-09-18 00:01:15 [INFO]   ✓ OKX公告: 0 条
2026-09-18 00:01:15 [INFO]   ✓ Bitget公告: 0 条
2026-09-18 00:01:15 [INFO]   ✓ Whale Alert: 0 条
2026-09-18 00:01:15 [INFO]   ✓ Fear & Greed Index: 1 条
2026-09-18 00:01:15 [INFO]   ✓ DeFi Llama: 0 条
2026-09-18 00:01:15 [INFO]   ✓ 雪球加密: 0 条
2026-09-18 00:01:15 [INFO] 📊 共抓取 41 条新闻
2026-09-18 00:01:15 [INFO] 📋 原始新闻已保存: reports/2026-09-18-08-raw.json (41 条)
2026-09-18 00:01:15 [INFO] 📋 标题摘要已保存: reports/2026-09-18-08-raw-titles.md
2026-09-18 00:01:15 [INFO] ✅ 抓取完成，共 41 条，已保存到 reports/2026-09-18-08-raw.json
2026-09-18 00:01:16 [INFO] 🤖 开始 AI 筛选 2026-09-18 08:00 币圈消息
2026-09-18 00:01:16 [INFO] 📋 已加载原始新闻: reports/2026-09-18-08-raw.json (41 条)
2026-09-18 00:01:16 [INFO] 📚 已加载历史新闻标题（23044 字符）
2026-09-18 00:01:16 [INFO] 📚 已加载历史筛选标题 0 条、URL 0 个，用于去重
2026-09-18 00:01:16 [INFO] 🔄 尝试 AI 提供商: deepseek
2026-09-18 00:01:16 [INFO] 🤖 使用 AI 提供商: deepseek (模型: deepseek-v4-flash)
2026-09-18 00:01:16 [INFO] 🤖 AI 筛选 [[deepseek] 1/6 策略=仅标题+链接 retry=0]（41 条，8138 字符，temp=0.3）
2026-09-18 00:01:17 [ERROR] AI 调用异常 ([deepseek] 1/6 策略=仅标题+链接 retry=0): Error code: 401 - {'error': {'message': 'Authentication Fails, Your api key: ****df0d is invalid', 'type': 'authentication_error', 'param': None, 'code': 'invalid_request_error'}}
2026-09-18 00:01:17 [WARNING] [[deepseek] 1/6 策略=仅标题+链接 retry=0] AI 调用失败或解析失败，继续下一次尝试
2026-09-18 00:01:17 [INFO] 🤖 AI 筛选 [[deepseek] 2/6 策略=仅标题+链接 retry=1]（41 条，8138 字符，temp=0.3）
2026-09-18 00:01:17 [ERROR] AI 调用异常 ([deepseek] 2/6 策略=仅标题+链接 retry=1): Error code: 401 - {'error': {'message': 'Authentication Fails, Your api key: ****df0d is invalid', 'type': 'authentication_error', 'param': None, 'code': 'invalid_request_error'}}
2026-09-18 00:01:17 [WARNING] [[deepseek] 2/6 策略=仅标题+链接 retry=1] AI 调用失败或解析失败，继续下一次尝试
2026-09-18 00:01:17 [INFO] 🤖 AI 筛选 [[deepseek] 3/6 策略=仅标题+链接 retry=2]（41 条，8138 字符，temp=0.3）
2026-09-18 00:01:18 [ERROR] AI 调用异常 ([deepseek] 3/6 策略=仅标题+链接 retry=2): Error code: 401 - {'error': {'message': 'Authentication Fails, Your api key: ****df0d is invalid', 'type': 'authentication_error', 'param': None, 'code': 'invalid_request_error'}}
2026-09-18 00:01:18 [WARNING] [[deepseek] 3/6 策略=仅标题+链接 retry=2] AI 调用失败或解析失败，继续下一次尝试
2026-09-18 00:01:18 [INFO] 🤖 AI 筛选 [[deepseek] 4/6 策略=完整内容 retry=0]（41 条，12793 字符，temp=0.3）
2026-09-18 00:01:18 [ERROR] AI 调用异常 ([deepseek] 4/6 策略=完整内容 retry=0): Error code: 401 - {'error': {'message': 'Authentication Fails, Your api key: ****df0d is invalid', 'type': 'authentication_error', 'param': None, 'code': 'invalid_request_error'}}
2026-09-18 00:01:18 [WARNING] [[deepseek] 4/6 策略=完整内容 retry=0] AI 调用失败或解析失败，继续下一次尝试
2026-09-18 00:01:18 [INFO] 🤖 AI 筛选 [[deepseek] 5/6 策略=完整内容 retry=1]（41 条，12793 字符，temp=0.3）
2026-09-18 00:01:19 [ERROR] AI 调用异常 ([deepseek] 5/6 策略=完整内容 retry=1): Error code: 401 - {'error': {'message': 'Authentication Fails, Your api key: ****df0d is invalid', 'type': 'authentication_error', 'param': None, 'code': 'invalid_request_error'}}
2026-09-18 00:01:19 [WARNING] [[deepseek] 5/6 策略=完整内容 retry=1] AI 调用失败或解析失败，继续下一次尝试
2026-09-18 00:01:19 [INFO] 🤖 AI 筛选 [[deepseek] 6/6 策略=仅标题（无历史） retry=0]（41 条，8138 字符，temp=0.3）
2026-09-18 00:01:19 [ERROR] AI 调用异常 ([deepseek] 6/6 策略=仅标题（无历史） retry=0): Error code: 401 - {'error': {'message': 'Authentication Fails, Your api key: ****df0d is invalid', 'type': 'authentication_error', 'param': None, 'code': 'invalid_request_error'}}
2026-09-18 00:01:19 [WARNING] [[deepseek] 6/6 策略=仅标题（无历史） retry=0] AI 调用失败或解析失败，继续下一次尝试
2026-09-18 00:01:19 [WARNING] [deepseek] 已达最大尝试次数 6，停止
2026-09-18 00:01:19 [INFO] ⚠️ deepseek 未能产出满意结果，尝试下一个提供商
2026-09-18 00:01:19 [INFO] 🔄 尝试 AI 提供商: zhipu
2026-09-18 00:01:19 [ERROR] 未设置环境变量 ZHIPU_API_KEY，无法使用 zhipu
2026-09-18 00:01:19 [INFO] ⚠️ zhipu 未能产出满意结果，尝试下一个提供商
2026-09-18 00:01:19 [INFO] 🔄 尝试 AI 提供商: kimi
2026-09-18 00:01:19 [ERROR] 未设置环境变量 KIMI_API_KEY，无法使用 kimi
2026-09-18 00:01:19 [INFO] ⚠️ kimi 未能产出满意结果，尝试下一个提供商
2026-09-18 00:01:19 [INFO] 🔄 尝试 AI 提供商: huoshan
2026-09-18 00:01:19 [ERROR] 未设置环境变量 HUOSHAN_API_KEY，无法使用 huoshan
2026-09-18 00:01:19 [INFO] ⚠️ huoshan 未能产出满意结果，尝试下一个提供商
2026-09-18 00:01:19 [ERROR] ❌ 所有提供商均失败，返回空列表
2026-09-18 00:01:19 [INFO] 📦 JSON 已保存: reports/2026-09-18-08.json
2026-09-18 00:01:19 [INFO] ✅ AI 筛选完成，共 0 条交易相关消息
2026-09-18 01:00:52 [INFO] 🚀 开始抓取 2026-09-18 09:00 币圈新闻
2026-09-18 01:00:52 [INFO] 📡 抓取 RSS 新闻源...
2026-09-18 01:00:52 [INFO] 📡 抓取交易所公告 & 链上数据...
2026-09-18 01:00:52 [INFO]   ⏭ The Block: 过滤掉 20 条非近期新闻
2026-09-18 01:00:52 [INFO]   ⏭ Decrypt: 过滤掉 36 条非近期新闻
2026-09-18 01:00:52 [INFO]   ⏭ CoinTelegraph: 过滤掉 29 条非近期新闻
2026-09-18 01:00:53 [WARNING] 解析失败 Bitget公告: 'NoneType' object is not subscriptable
2026-09-18 01:00:53 [INFO]   ⏭ Bloomberg Crypto: 过滤掉 50 条非近期新闻
2026-09-18 01:00:53 [INFO]   ⏭ Reuters Crypto: 过滤掉 50 条非近期新闻
2026-09-18 01:00:53 [INFO]   ⏭ CNBC Crypto: 过滤掉 50 条非近期新闻
2026-09-18 01:00:53 [INFO]   ⏭ 宏观经济: 过滤掉 49 条非近期新闻
2026-09-18 01:00:53 [INFO]   ⏭ CoinDesk: 过滤掉 25 条非近期新闻
2026-09-18 01:00:53 [INFO]   ⏭ Bitcoin Magazine: 过滤掉 9 条非近期新闻
2026-09-18 01:00:53 [INFO]   ⏭ 律动BlockBeats: 过滤掉 7 条非近期新闻
2026-09-18 01:00:53 [INFO]   ⏭ Blockworks: 过滤掉 50 条非近期新闻
2026-09-18 01:00:53 [INFO]   ⏭ Decrypt: 过滤掉 50 条非近期新闻
2026-09-18 01:00:53 [INFO]   ⏭ DeFi Llama: 过滤掉 50 条非近期新闻
2026-09-18 01:00:53 [INFO]   ⏭ DL News: 过滤掉 50 条非近期新闻
2026-09-18 01:00:53 [INFO]   ⏭ The Block: 过滤掉 50 条非近期新闻
2026-09-18 01:00:53 [INFO]   ⏭ Blockworks: 过滤掉 2 条非近期新闻
2026-09-18 01:00:53 [INFO]   ⏭ 吴说区块链: 过滤掉 50 条非近期新闻
2026-09-18 01:00:53 [INFO]   ⏭ 雪球加密: 过滤掉 50 条非近期新闻
2026-09-18 01:00:54 [INFO]   ⏭ CoinDesk: 过滤掉 50 条非近期新闻
2026-09-18 01:00:54 [INFO]   ⏭ Crypto Twitter: 过滤掉 49 条非近期新闻
2026-09-18 01:01:08 [DEBUG] 请求失败 https://rsshub.rssforever.com/jinse/lives: 
2026-09-18 01:01:08 [DEBUG] 请求失败 https://rsshub.rssforever.com/panewslab/news: 
2026-09-18 01:01:08 [DEBUG] 请求失败 https://rsshub.rssforever.com/bloomberg/crypto: 
2026-09-18 01:01:08 [INFO]   ⏭ PANews: 过滤掉 50 条非近期新闻
2026-09-18 01:01:08 [INFO]   ✓ CoinDesk: 0 条
2026-09-18 01:01:08 [INFO]   ✓ The Block: 0 条
2026-09-18 01:01:08 [INFO]   ✓ Decrypt: 0 条
2026-09-18 01:01:08 [INFO]   ✓ CoinTelegraph: 1 条
2026-09-18 01:01:08 [INFO]   ✓ Bitcoin Magazine: 1 条
2026-09-18 01:01:08 [INFO]   ✓ Blockworks: 0 条
2026-09-18 01:01:08 [INFO]   ✓ DL News: 0 条
2026-09-18 01:01:08 [INFO]   ✓ 金色财经: 0 条
2026-09-18 01:01:08 [INFO]   ✓ PANews: 0 条
2026-09-18 01:01:08 [INFO]   ✓ 律动BlockBeats: 13 条
2026-09-18 01:01:08 [INFO]   ✓ 吴说区块链: 0 条
2026-09-18 01:01:08 [INFO]   ✓ Bloomberg Crypto: 0 条
2026-09-18 01:01:08 [INFO]   ✓ Reuters Crypto: 0 条
2026-09-18 01:01:08 [INFO]   ✓ CNBC Crypto: 0 条
2026-09-18 01:01:08 [INFO]   ✓ Reddit r/cryptocurrency: 0 条
2026-09-18 01:01:08 [INFO]   ✓ Reddit r/bitcoin: 0 条
2026-09-18 01:01:08 [INFO]   ✓ Crypto Twitter: 1 条
2026-09-18 01:01:08 [INFO]   ✓ 宏观经济: 1 条
2026-09-18 01:01:08 [INFO]   ✓ Binance公告: 20 条
2026-09-18 01:01:08 [INFO]   ✓ OKX公告: 0 条
2026-09-18 01:01:08 [INFO]   ✓ Bitget公告: 0 条
2026-09-18 01:01:08 [INFO]   ✓ Whale Alert: 0 条
2026-09-18 01:01:08 [INFO]   ✓ Fear & Greed Index: 1 条
2026-09-18 01:01:08 [INFO]   ✓ DeFi Llama: 0 条
2026-09-18 01:01:08 [INFO]   ✓ 雪球加密: 0 条
2026-09-18 01:01:08 [INFO] 📊 共抓取 38 条新闻
2026-09-18 01:01:08 [INFO] 📋 原始新闻已保存: reports/2026-09-18-09-raw.json (38 条)
2026-09-18 01:01:08 [INFO] 📋 标题摘要已保存: reports/2026-09-18-09-raw-titles.md
2026-09-18 01:01:08 [INFO] ✅ 抓取完成，共 38 条，已保存到 reports/2026-09-18-09-raw.json
2026-09-18 01:01:09 [INFO] 🤖 开始 AI 筛选 2026-09-18 09:00 币圈消息
2026-09-18 01:01:09 [INFO] 📋 已加载原始新闻: reports/2026-09-18-09-raw.json (38 条)
2026-09-18 01:01:09 [INFO] 📚 已加载历史新闻标题（21408 字符）
2026-09-18 01:01:09 [INFO] 📚 已加载历史筛选标题 0 条、URL 0 个，用于去重
2026-09-18 01:01:09 [INFO] 🔄 尝试 AI 提供商: deepseek
2026-09-18 01:01:09 [INFO] 🤖 使用 AI 提供商: deepseek (模型: deepseek-v4-flash)
2026-09-18 01:01:09 [INFO] 🤖 AI 筛选 [[deepseek] 1/6 策略=仅标题+链接 retry=0]（38 条，6185 字符，temp=0.3）
2026-09-18 01:01:10 [ERROR] AI 调用异常 ([deepseek] 1/6 策略=仅标题+链接 retry=0): Error code: 401 - {'error': {'message': 'Authentication Fails, Your api key: ****df0d is invalid', 'type': 'authentication_error', 'param': None, 'code': 'invalid_request_error'}}
2026-09-18 01:01:10 [WARNING] [[deepseek] 1/6 策略=仅标题+链接 retry=0] AI 调用失败或解析失败，继续下一次尝试
2026-09-18 01:01:10 [INFO] 🤖 AI 筛选 [[deepseek] 2/6 策略=仅标题+链接 retry=1]（38 条，6185 字符，temp=0.3）
2026-09-18 01:01:11 [ERROR] AI 调用异常 ([deepseek] 2/6 策略=仅标题+链接 retry=1): Error code: 401 - {'error': {'message': 'Authentication Fails, Your api key: ****df0d is invalid', 'type': 'authentication_error', 'param': None, 'code': 'invalid_request_error'}}
2026-09-18 01:01:11 [WARNING] [[deepseek] 2/6 策略=仅标题+链接 retry=1] AI 调用失败或解析失败，继续下一次尝试
2026-09-18 01:01:11 [INFO] 🤖 AI 筛选 [[deepseek] 3/6 策略=仅标题+链接 retry=2]（38 条，6185 字符，temp=0.3）
2026-09-18 01:01:11 [ERROR] AI 调用异常 ([deepseek] 3/6 策略=仅标题+链接 retry=2): Error code: 401 - {'error': {'message': 'Authentication Fails, Your api key: ****df0d is invalid', 'type': 'authentication_error', 'param': None, 'code': 'invalid_request_error'}}
2026-09-18 01:01:11 [WARNING] [[deepseek] 3/6 策略=仅标题+链接 retry=2] AI 调用失败或解析失败，继续下一次尝试
2026-09-18 01:01:11 [INFO] 🤖 AI 筛选 [[deepseek] 4/6 策略=完整内容 retry=0]（38 条，10774 字符，temp=0.3）
2026-09-18 01:01:11 [ERROR] AI 调用异常 ([deepseek] 4/6 策略=完整内容 retry=0): Error code: 401 - {'error': {'message': 'Authentication Fails, Your api key: ****df0d is invalid', 'type': 'authentication_error', 'param': None, 'code': 'invalid_request_error'}}
2026-09-18 01:01:11 [WARNING] [[deepseek] 4/6 策略=完整内容 retry=0] AI 调用失败或解析失败，继续下一次尝试
2026-09-18 01:01:11 [INFO] 🤖 AI 筛选 [[deepseek] 5/6 策略=完整内容 retry=1]（38 条，10774 字符，temp=0.3）
2026-09-18 01:01:12 [ERROR] AI 调用异常 ([deepseek] 5/6 策略=完整内容 retry=1): Error code: 401 - {'error': {'message': 'Authentication Fails, Your api key: ****df0d is invalid', 'type': 'authentication_error', 'param': None, 'code': 'invalid_request_error'}}
2026-09-18 01:01:12 [WARNING] [[deepseek] 5/6 策略=完整内容 retry=1] AI 调用失败或解析失败，继续下一次尝试
2026-09-18 01:01:12 [INFO] 🤖 AI 筛选 [[deepseek] 6/6 策略=仅标题（无历史） retry=0]（38 条，6185 字符，temp=0.3）
2026-09-18 01:01:12 [ERROR] AI 调用异常 ([deepseek] 6/6 策略=仅标题（无历史） retry=0): Error code: 401 - {'error': {'message': 'Authentication Fails, Your api key: ****df0d is invalid', 'type': 'authentication_error', 'param': None, 'code': 'invalid_request_error'}}
2026-09-18 01:01:12 [WARNING] [[deepseek] 6/6 策略=仅标题（无历史） retry=0] AI 调用失败或解析失败，继续下一次尝试
2026-09-18 01:01:12 [WARNING] [deepseek] 已达最大尝试次数 6，停止
2026-09-18 01:01:12 [INFO] ⚠️ deepseek 未能产出满意结果，尝试下一个提供商
2026-09-18 01:01:12 [INFO] 🔄 尝试 AI 提供商: zhipu
2026-09-18 01:01:12 [ERROR] 未设置环境变量 ZHIPU_API_KEY，无法使用 zhipu
2026-09-18 01:01:12 [INFO] ⚠️ zhipu 未能产出满意结果，尝试下一个提供商
2026-09-18 01:01:12 [INFO] 🔄 尝试 AI 提供商: kimi
2026-09-18 01:01:12 [ERROR] 未设置环境变量 KIMI_API_KEY，无法使用 kimi
2026-09-18 01:01:12 [INFO] ⚠️ kimi 未能产出满意结果，尝试下一个提供商
2026-09-18 01:01:12 [INFO] 🔄 尝试 AI 提供商: huoshan
2026-09-18 01:01:12 [ERROR] 未设置环境变量 HUOSHAN_API_KEY，无法使用 huoshan
2026-09-18 01:01:12 [INFO] ⚠️ huoshan 未能产出满意结果，尝试下一个提供商
2026-09-18 01:01:12 [ERROR] ❌ 所有提供商均失败，返回空列表
2026-09-18 01:01:12 [INFO] 📦 JSON 已保存: reports/2026-09-18-09.json
2026-09-18 01:01:12 [INFO] ✅ AI 筛选完成，共 0 条交易相关消息
2026-09-18 02:00:55 [INFO] 🚀 开始抓取 2026-09-18 10:00 币圈新闻
2026-09-18 02:00:55 [INFO] 📡 抓取 RSS 新闻源...
2026-09-18 02:00:55 [INFO] 📡 抓取交易所公告 & 链上数据...
2026-09-18 02:00:55 [INFO]   ⏭ The Block: 过滤掉 20 条非近期新闻
2026-09-18 02:00:55 [INFO]   ⏭ CoinTelegraph: 过滤掉 29 条非近期新闻
2026-09-18 02:00:55 [INFO]   ⏭ Decrypt: 过滤掉 50 条非近期新闻
2026-09-18 02:00:55 [INFO]   ⏭ Bloomberg Crypto: 过滤掉 50 条非近期新闻
2026-09-18 02:00:55 [WARNING] 解析失败 Bitget公告: 'NoneType' object is not subscriptable
2026-09-18 02:00:55 [INFO]   ⏭ CoinDesk: 过滤掉 25 条非近期新闻
2026-09-18 02:00:56 [INFO]   ⏭ Reuters Crypto: 过滤掉 50 条非近期新闻
2026-09-18 02:00:56 [INFO]   ⏭ Bitcoin Magazine: 过滤掉 9 条非近期新闻
2026-09-18 02:00:56 [INFO]   ⏭ CNBC Crypto: 过滤掉 50 条非近期新闻
2026-09-18 02:00:56 [INFO]   ⏭ Reddit r/bitcoin: 过滤掉 25 条非近期新闻
2026-09-18 02:00:56 [INFO]   ⏭ 宏观经济: 过滤掉 49 条非近期新闻
2026-09-18 02:00:56 [INFO]   ⏭ DL News: 过滤掉 50 条非近期新闻
2026-09-18 02:00:56 [INFO]   ⏭ Decrypt: 过滤掉 50 条非近期新闻
2026-09-18 02:00:56 [INFO]   ⏭ Blockworks: 过滤掉 50 条非近期新闻
2026-09-18 02:00:56 [INFO]   ⏭ Blockworks: 过滤掉 2 条非近期新闻
2026-09-18 02:00:57 [INFO]   ⏭ 律动BlockBeats: 过滤掉 5 条非近期新闻
2026-09-18 02:00:57 [INFO]   ⏭ 金色财经: 过滤掉 13 条非近期新闻
2026-09-18 02:00:57 [INFO]   ⏭ The Block: 过滤掉 50 条非近期新闻
2026-09-18 02:00:57 [INFO]   ⏭ CoinDesk: 过滤掉 50 条非近期新闻
2026-09-18 02:00:57 [INFO]   ⏭ 吴说区块链: 过滤掉 50 条非近期新闻
2026-09-18 02:00:57 [INFO]   ⏭ DeFi Llama: 过滤掉 50 条非近期新闻
2026-09-18 02:00:57 [INFO]   ⏭ 雪球加密: 过滤掉 50 条非近期新闻
2026-09-18 02:00:57 [INFO]   ⏭ Crypto Twitter: 过滤掉 50 条非近期新闻
2026-09-18 02:01:11 [DEBUG] 请求失败 https://rsshub.rssforever.com/panewslab/news: 
2026-09-18 02:01:11 [DEBUG] 请求失败 https://rsshub.rssforever.com/bloomberg/crypto: 
2026-09-18 02:01:12 [INFO]   ⏭ PANews: 过滤掉 50 条非近期新闻
2026-09-18 02:01:12 [INFO]   ✓ CoinDesk: 0 条
2026-09-18 02:01:12 [INFO]   ✓ The Block: 0 条
2026-09-18 02:01:12 [INFO]   ✓ Decrypt: 0 条
2026-09-18 02:01:12 [INFO]   ✓ CoinTelegraph: 1 条
2026-09-18 02:01:12 [INFO]   ✓ Bitcoin Magazine: 1 条
2026-09-18 02:01:12 [INFO]   ✓ Blockworks: 0 条
2026-09-18 02:01:12 [INFO]   ✓ DL News: 0 条
2026-09-18 02:01:12 [INFO]   ✓ 金色财经: 7 条
2026-09-18 02:01:12 [INFO]   ✓ PANews: 0 条
2026-09-18 02:01:12 [INFO]   ✓ 律动BlockBeats: 15 条
2026-09-18 02:01:12 [INFO]   ✓ 吴说区块链: 0 条
2026-09-18 02:01:12 [INFO]   ✓ Bloomberg Crypto: 0 条
2026-09-18 02:01:12 [INFO]   ✓ Reuters Crypto: 0 条
2026-09-18 02:01:12 [INFO]   ✓ CNBC Crypto: 0 条
2026-09-18 02:01:12 [INFO]   ✓ Reddit r/cryptocurrency: 0 条
2026-09-18 02:01:12 [INFO]   ✓ Reddit r/bitcoin: 0 条
2026-09-18 02:01:12 [INFO]   ✓ Crypto Twitter: 0 条
2026-09-18 02:01:12 [INFO]   ✓ 宏观经济: 1 条
2026-09-18 02:01:12 [INFO]   ✓ Binance公告: 20 条
2026-09-18 02:01:12 [INFO]   ✓ OKX公告: 0 条
2026-09-18 02:01:12 [INFO]   ✓ Bitget公告: 0 条
2026-09-18 02:01:12 [INFO]   ✓ Whale Alert: 0 条
2026-09-18 02:01:12 [INFO]   ✓ Fear & Greed Index: 1 条
2026-09-18 02:01:12 [INFO]   ✓ DeFi Llama: 0 条
2026-09-18 02:01:12 [INFO]   ✓ 雪球加密: 0 条
2026-09-18 02:01:12 [INFO] 📊 共抓取 46 条新闻
2026-09-18 02:01:12 [INFO] 📋 原始新闻已保存: reports/2026-09-18-10-raw.json (46 条)
2026-09-18 02:01:12 [INFO] 📋 标题摘要已保存: reports/2026-09-18-10-raw-titles.md
2026-09-18 02:01:12 [INFO] ✅ 抓取完成，共 46 条，已保存到 reports/2026-09-18-10-raw.json
2026-09-18 02:01:13 [INFO] 🤖 开始 AI 筛选 2026-09-18 10:00 币圈消息
2026-09-18 02:01:13 [INFO] 📋 已加载原始新闻: reports/2026-09-18-10-raw.json (46 条)
2026-09-18 02:01:13 [INFO] 📚 已加载历史新闻标题（20286 字符）
2026-09-18 02:01:13 [INFO] 📚 已加载历史筛选标题 0 条、URL 0 个，用于去重
2026-09-18 02:01:13 [INFO] 🔄 尝试 AI 提供商: deepseek
2026-09-18 02:01:13 [INFO] 🤖 使用 AI 提供商: deepseek (模型: deepseek-v4-flash)
2026-09-18 02:01:13 [INFO] 🤖 AI 筛选 [[deepseek] 1/6 策略=仅标题+链接 retry=0]（46 条，6810 字符，temp=0.3）
2026-09-18 02:01:13 [ERROR] AI 调用异常 ([deepseek] 1/6 策略=仅标题+链接 retry=0): Error code: 401 - {'error': {'message': 'Authentication Fails, Your api key: ****df0d is invalid', 'type': 'authentication_error', 'param': None, 'code': 'invalid_request_error'}}
2026-09-18 02:01:13 [WARNING] [[deepseek] 1/6 策略=仅标题+链接 retry=0] AI 调用失败或解析失败，继续下一次尝试
2026-09-18 02:01:13 [INFO] 🤖 AI 筛选 [[deepseek] 2/6 策略=仅标题+链接 retry=1]（46 条，6810 字符，temp=0.3）
2026-09-18 02:01:14 [ERROR] AI 调用异常 ([deepseek] 2/6 策略=仅标题+链接 retry=1): Error code: 401 - {'error': {'message': 'Authentication Fails, Your api key: ****df0d is invalid', 'type': 'authentication_error', 'param': None, 'code': 'invalid_request_error'}}
2026-09-18 02:01:14 [WARNING] [[deepseek] 2/6 策略=仅标题+链接 retry=1] AI 调用失败或解析失败，继续下一次尝试
2026-09-18 02:01:14 [INFO] 🤖 AI 筛选 [[deepseek] 3/6 策略=仅标题+链接 retry=2]（46 条，6810 字符，temp=0.3）
2026-09-18 02:01:14 [ERROR] AI 调用异常 ([deepseek] 3/6 策略=仅标题+链接 retry=2): Error code: 401 - {'error': {'message': 'Authentication Fails, Your api key: ****df0d is invalid', 'type': 'authentication_error', 'param': None, 'code': 'invalid_request_error'}}
2026-09-18 02:01:14 [WARNING] [[deepseek] 3/6 策略=仅标题+链接 retry=2] AI 调用失败或解析失败，继续下一次尝试
2026-09-18 02:01:14 [INFO] 🤖 AI 筛选 [[deepseek] 4/6 策略=完整内容 retry=0]（46 条，13219 字符，temp=0.3）
2026-09-18 02:01:15 [ERROR] AI 调用异常 ([deepseek] 4/6 策略=完整内容 retry=0): Error code: 401 - {'error': {'message': 'Authentication Fails, Your api key: ****df0d is invalid', 'type': 'authentication_error', 'param': None, 'code': 'invalid_request_error'}}
2026-09-18 02:01:15 [WARNING] [[deepseek] 4/6 策略=完整内容 retry=0] AI 调用失败或解析失败，继续下一次尝试
2026-09-18 02:01:15 [INFO] 🤖 AI 筛选 [[deepseek] 5/6 策略=完整内容 retry=1]（46 条，13219 字符，temp=0.3）
2026-09-18 02:01:15 [ERROR] AI 调用异常 ([deepseek] 5/6 策略=完整内容 retry=1): Error code: 401 - {'error': {'message': 'Authentication Fails, Your api key: ****df0d is invalid', 'type': 'authentication_error', 'param': None, 'code': 'invalid_request_error'}}
2026-09-18 02:01:15 [WARNING] [[deepseek] 5/6 策略=完整内容 retry=1] AI 调用失败或解析失败，继续下一次尝试
2026-09-18 02:01:15 [INFO] 🤖 AI 筛选 [[deepseek] 6/6 策略=仅标题（无历史） retry=0]（46 条，6810 字符，temp=0.3）
2026-09-18 02:01:15 [ERROR] AI 调用异常 ([deepseek] 6/6 策略=仅标题（无历史） retry=0): Error code: 401 - {'error': {'message': 'Authentication Fails, Your api key: ****df0d is invalid', 'type': 'authentication_error', 'param': None, 'code': 'invalid_request_error'}}
2026-09-18 02:01:15 [WARNING] [[deepseek] 6/6 策略=仅标题（无历史） retry=0] AI 调用失败或解析失败，继续下一次尝试
2026-09-18 02:01:15 [WARNING] [deepseek] 已达最大尝试次数 6，停止
2026-09-18 02:01:15 [INFO] ⚠️ deepseek 未能产出满意结果，尝试下一个提供商
2026-09-18 02:01:15 [INFO] 🔄 尝试 AI 提供商: zhipu
2026-09-18 02:01:15 [ERROR] 未设置环境变量 ZHIPU_API_KEY，无法使用 zhipu
2026-09-18 02:01:15 [INFO] ⚠️ zhipu 未能产出满意结果，尝试下一个提供商
2026-09-18 02:01:15 [INFO] 🔄 尝试 AI 提供商: kimi
2026-09-18 02:01:15 [ERROR] 未设置环境变量 KIMI_API_KEY，无法使用 kimi
2026-09-18 02:01:15 [INFO] ⚠️ kimi 未能产出满意结果，尝试下一个提供商
2026-09-18 02:01:15 [INFO] 🔄 尝试 AI 提供商: huoshan
2026-09-18 02:01:15 [ERROR] 未设置环境变量 HUOSHAN_API_KEY，无法使用 huoshan
2026-09-18 02:01:15 [INFO] ⚠️ huoshan 未能产出满意结果，尝试下一个提供商
2026-09-18 02:01:15 [ERROR] ❌ 所有提供商均失败，返回空列表
2026-09-18 02:01:15 [INFO] 📦 JSON 已保存: reports/2026-09-18-10.json
2026-09-18 02:01:15 [INFO] ✅ AI 筛选完成，共 0 条交易相关消息
2026-09-18 03:00:54 [INFO] 🚀 开始抓取 2026-09-18 11:00 币圈新闻
2026-09-18 03:00:54 [INFO] 📡 抓取 RSS 新闻源...
2026-09-18 03:00:54 [INFO] 📡 抓取交易所公告 & 链上数据...
2026-09-18 03:00:54 [INFO]   ⏭ The Block: 过滤掉 20 条非近期新闻
2026-09-18 03:00:54 [INFO]   ⏭ Decrypt: 过滤掉 36 条非近期新闻
2026-09-18 03:00:54 [INFO]   ⏭ CoinTelegraph: 过滤掉 29 条非近期新闻
2026-09-18 03:00:54 [INFO]   ⏭ Bitcoin Magazine: 过滤掉 10 条非近期新闻
2026-09-18 03:00:54 [INFO]   ⏭ CoinDesk: 过滤掉 25 条非近期新闻
2026-09-18 03:00:54 [WARNING] 解析失败 Bitget公告: 'NoneType' object is not subscriptable
2026-09-18 03:00:54 [INFO]   ⏭ Bloomberg Crypto: 过滤掉 50 条非近期新闻
2026-09-18 03:00:54 [INFO]   ⏭ Reuters Crypto: 过滤掉 50 条非近期新闻
2026-09-18 03:00:55 [INFO]   ⏭ Reddit r/bitcoin: 过滤掉 25 条非近期新闻
2026-09-18 03:00:55 [INFO]   ⏭ 宏观经济: 过滤掉 47 条非近期新闻
2026-09-18 03:00:55 [INFO]   ⏭ CNBC Crypto: 过滤掉 49 条非近期新闻
2026-09-18 03:00:55 [INFO]   ⏭ 雪球加密: 过滤掉 50 条非近期新闻
2026-09-18 03:00:55 [INFO]   ⏭ DL News: 过滤掉 50 条非近期新闻
2026-09-18 03:00:55 [INFO]   ⏭ DeFi Llama: 过滤掉 50 条非近期新闻
2026-09-18 03:00:55 [INFO]   ⏭ Decrypt: 过滤掉 50 条非近期新闻
2026-09-18 03:00:55 [INFO]   ⏭ Blockworks: 过滤掉 50 条非近期新闻
2026-09-18 03:00:55 [INFO]   ⏭ 吴说区块链: 过滤掉 50 条非近期新闻
2026-09-18 03:00:55 [INFO]   ⏭ Bitcoin Magazine: 过滤掉 50 条非近期新闻
2026-09-18 03:00:55 [INFO]   ⏭ The Block: 过滤掉 50 条非近期新闻
2026-09-18 03:00:55 [INFO]   ⏭ CoinDesk: 过滤掉 50 条非近期新闻
2026-09-18 03:00:55 [INFO]   ⏭ Blockworks: 过滤掉 2 条非近期新闻
2026-09-18 03:00:56 [INFO]   ⏭ Crypto Twitter: 过滤掉 49 条非近期新闻
2026-09-18 03:01:05 [INFO]   ⏭ 律动BlockBeats: 过滤掉 7 条非近期新闻
2026-09-18 03:01:06 [INFO]   ⏭ PANews: 过滤掉 50 条非近期新闻
2026-09-18 03:01:09 [DEBUG] 请求失败 https://rsshub.rssforever.com/jinse/lives: 
2026-09-18 03:01:10 [INFO]   ✓ CoinDesk: 0 条
2026-09-18 03:01:10 [INFO]   ✓ The Block: 0 条
2026-09-18 03:01:10 [INFO]   ✓ Decrypt: 0 条
2026-09-18 03:01:10 [INFO]   ✓ CoinTelegraph: 1 条
2026-09-18 03:01:10 [INFO]   ✓ Bitcoin Magazine: 0 条
2026-09-18 03:01:10 [INFO]   ✓ Blockworks: 0 条
2026-09-18 03:01:10 [INFO]   ✓ DL News: 0 条
2026-09-18 03:01:10 [INFO]   ✓ 金色财经: 0 条
2026-09-18 03:01:10 [INFO]   ✓ PANews: 0 条
2026-09-18 03:01:10 [INFO]   ✓ 律动BlockBeats: 13 条
2026-09-18 03:01:10 [INFO]   ✓ 吴说区块链: 0 条
2026-09-18 03:01:10 [INFO]   ✓ Bloomberg Crypto: 0 条
2026-09-18 03:01:10 [INFO]   ✓ Reuters Crypto: 0 条
2026-09-18 03:01:10 [INFO]   ✓ CNBC Crypto: 1 条
2026-09-18 03:01:10 [INFO]   ✓ Reddit r/cryptocurrency: 0 条
2026-09-18 03:01:10 [INFO]   ✓ Reddit r/bitcoin: 0 条
2026-09-18 03:01:10 [INFO]   ✓ Crypto Twitter: 1 条
2026-09-18 03:01:10 [INFO]   ✓ 宏观经济: 3 条
2026-09-18 03:01:10 [INFO]   ✓ Binance公告: 20 条
2026-09-18 03:01:10 [INFO]   ✓ OKX公告: 0 条
2026-09-18 03:01:10 [INFO]   ✓ Bitget公告: 0 条
2026-09-18 03:01:10 [INFO]   ✓ Whale Alert: 0 条
2026-09-18 03:01:10 [INFO]   ✓ Fear & Greed Index: 1 条
2026-09-18 03:01:10 [INFO]   ✓ DeFi Llama: 0 条
2026-09-18 03:01:10 [INFO]   ✓ 雪球加密: 0 条
2026-09-18 03:01:10 [INFO] 📊 共抓取 40 条新闻
2026-09-18 03:01:10 [INFO] 📋 原始新闻已保存: reports/2026-09-18-11-raw.json (40 条)
2026-09-18 03:01:10 [INFO] 📋 标题摘要已保存: reports/2026-09-18-11-raw-titles.md
2026-09-18 03:01:10 [INFO] ✅ 抓取完成，共 40 条，已保存到 reports/2026-09-18-11-raw.json
2026-09-18 03:01:11 [INFO] 🤖 开始 AI 筛选 2026-09-18 11:00 币圈消息
2026-09-18 03:01:11 [INFO] 📋 已加载原始新闻: reports/2026-09-18-11-raw.json (40 条)
2026-09-18 03:01:11 [INFO] 📚 已加载历史新闻标题（19763 字符）
2026-09-18 03:01:11 [INFO] 📚 已加载历史筛选标题 0 条、URL 0 个，用于去重
2026-09-18 03:01:11 [INFO] 🔄 尝试 AI 提供商: deepseek
2026-09-18 03:01:11 [INFO] 🤖 使用 AI 提供商: deepseek (模型: deepseek-v4-flash)
2026-09-18 03:01:11 [INFO] 🤖 AI 筛选 [[deepseek] 1/6 策略=仅标题+链接 retry=0]（40 条，7346 字符，temp=0.3）
2026-09-18 03:01:11 [ERROR] AI 调用异常 ([deepseek] 1/6 策略=仅标题+链接 retry=0): Error code: 401 - {'error': {'message': 'Authentication Fails, Your api key: ****df0d is invalid', 'type': 'authentication_error', 'param': None, 'code': 'invalid_request_error'}}
2026-09-18 03:01:11 [WARNING] [[deepseek] 1/6 策略=仅标题+链接 retry=0] AI 调用失败或解析失败，继续下一次尝试
2026-09-18 03:01:11 [INFO] 🤖 AI 筛选 [[deepseek] 2/6 策略=仅标题+链接 retry=1]（40 条，7346 字符，temp=0.3）
2026-09-18 03:01:12 [ERROR] AI 调用异常 ([deepseek] 2/6 策略=仅标题+链接 retry=1): Error code: 401 - {'error': {'message': 'Authentication Fails, Your api key: ****df0d is invalid', 'type': 'authentication_error', 'param': None, 'code': 'invalid_request_error'}}
2026-09-18 03:01:12 [WARNING] [[deepseek] 2/6 策略=仅标题+链接 retry=1] AI 调用失败或解析失败，继续下一次尝试
2026-09-18 03:01:12 [INFO] 🤖 AI 筛选 [[deepseek] 3/6 策略=仅标题+链接 retry=2]（40 条，7346 字符，temp=0.3）
2026-09-18 03:01:12 [ERROR] AI 调用异常 ([deepseek] 3/6 策略=仅标题+链接 retry=2): Error code: 401 - {'error': {'message': 'Authentication Fails, Your api key: ****df0d is invalid', 'type': 'authentication_error', 'param': None, 'code': 'invalid_request_error'}}
2026-09-18 03:01:12 [WARNING] [[deepseek] 3/6 策略=仅标题+链接 retry=2] AI 调用失败或解析失败，继续下一次尝试
2026-09-18 03:01:12 [INFO] 🤖 AI 筛选 [[deepseek] 4/6 策略=完整内容 retry=0]（40 条，12294 字符，temp=0.3）
2026-09-18 03:01:13 [ERROR] AI 调用异常 ([deepseek] 4/6 策略=完整内容 retry=0): Error code: 401 - {'error': {'message': 'Authentication Fails, Your api key: ****df0d is invalid', 'type': 'authentication_error', 'param': None, 'code': 'invalid_request_error'}}
2026-09-18 03:01:13 [WARNING] [[deepseek] 4/6 策略=完整内容 retry=0] AI 调用失败或解析失败，继续下一次尝试
2026-09-18 03:01:13 [INFO] 🤖 AI 筛选 [[deepseek] 5/6 策略=完整内容 retry=1]（40 条，12294 字符，temp=0.3）
2026-09-18 03:01:13 [ERROR] AI 调用异常 ([deepseek] 5/6 策略=完整内容 retry=1): Error code: 401 - {'error': {'message': 'Authentication Fails, Your api key: ****df0d is invalid', 'type': 'authentication_error', 'param': None, 'code': 'invalid_request_error'}}
2026-09-18 03:01:13 [WARNING] [[deepseek] 5/6 策略=完整内容 retry=1] AI 调用失败或解析失败，继续下一次尝试
2026-09-18 03:01:13 [INFO] 🤖 AI 筛选 [[deepseek] 6/6 策略=仅标题（无历史） retry=0]（40 条，7346 字符，temp=0.3）
2026-09-18 03:01:14 [ERROR] AI 调用异常 ([deepseek] 6/6 策略=仅标题（无历史） retry=0): Error code: 401 - {'error': {'message': 'Authentication Fails, Your api key: ****df0d is invalid', 'type': 'authentication_error', 'param': None, 'code': 'invalid_request_error'}}
2026-09-18 03:01:14 [WARNING] [[deepseek] 6/6 策略=仅标题（无历史） retry=0] AI 调用失败或解析失败，继续下一次尝试
2026-09-18 03:01:14 [WARNING] [deepseek] 已达最大尝试次数 6，停止
2026-09-18 03:01:14 [INFO] ⚠️ deepseek 未能产出满意结果，尝试下一个提供商
2026-09-18 03:01:14 [INFO] 🔄 尝试 AI 提供商: zhipu
2026-09-18 03:01:14 [ERROR] 未设置环境变量 ZHIPU_API_KEY，无法使用 zhipu
2026-09-18 03:01:14 [INFO] ⚠️ zhipu 未能产出满意结果，尝试下一个提供商
2026-09-18 03:01:14 [INFO] 🔄 尝试 AI 提供商: kimi
2026-09-18 03:01:14 [ERROR] 未设置环境变量 KIMI_API_KEY，无法使用 kimi
2026-09-18 03:01:14 [INFO] ⚠️ kimi 未能产出满意结果，尝试下一个提供商
2026-09-18 03:01:14 [INFO] 🔄 尝试 AI 提供商: huoshan
2026-09-18 03:01:14 [ERROR] 未设置环境变量 HUOSHAN_API_KEY，无法使用 huoshan
2026-09-18 03:01:14 [INFO] ⚠️ huoshan 未能产出满意结果，尝试下一个提供商
2026-09-18 03:01:14 [ERROR] ❌ 所有提供商均失败，返回空列表
2026-09-18 03:01:14 [INFO] 📦 JSON 已保存: reports/2026-09-18-11.json
2026-09-18 03:01:14 [INFO] ✅ AI 筛选完成，共 0 条交易相关消息
2026-09-18 04:00:48 [INFO] 🚀 开始抓取 2026-09-18 12:00 币圈新闻
2026-09-18 04:00:48 [INFO] 📡 抓取 RSS 新闻源...
2026-09-18 04:00:48 [INFO] 📡 抓取交易所公告 & 链上数据...
2026-09-18 04:00:48 [INFO]   ⏭ CoinTelegraph: 过滤掉 29 条非近期新闻
2026-09-18 04:00:48 [INFO]   ⏭ The Block: 过滤掉 20 条非近期新闻
2026-09-18 04:00:48 [INFO]   ⏭ Decrypt: 过滤掉 36 条非近期新闻
2026-09-18 04:00:48 [WARNING] 解析失败 Bitget公告: 'NoneType' object is not subscriptable
2026-09-18 04:00:48 [INFO]   ⏭ CoinDesk: 过滤掉 24 条非近期新闻
2026-09-18 04:00:48 [INFO]   ⏭ Bitcoin Magazine: 过滤掉 10 条非近期新闻
2026-09-18 04:00:49 [INFO]   ⏭ Reddit r/bitcoin: 过滤掉 25 条非近期新闻
2026-09-18 04:00:49 [INFO]   ⏭ Blockworks: 过滤掉 50 条非近期新闻
2026-09-18 04:00:49 [INFO]   ⏭ 金色财经: 过滤掉 7 条非近期新闻
2026-09-18 04:00:54 [INFO]   ⏭ 律动BlockBeats: 过滤掉 3 条非近期新闻
2026-09-18 04:01:11 [DEBUG] 请求失败 https://rsshub.rssforever.com/bloomberg/crypto: 
2026-09-18 04:01:11 [INFO]   ✓ CoinDesk: 1 条
2026-09-18 04:01:11 [INFO]   ✓ The Block: 0 条
2026-09-18 04:01:11 [INFO]   ✓ Decrypt: 0 条
2026-09-18 04:01:11 [INFO]   ✓ CoinTelegraph: 1 条
2026-09-18 04:01:11 [INFO]   ✓ Bitcoin Magazine: 0 条
2026-09-18 04:01:11 [INFO]   ✓ Blockworks: 0 条
2026-09-18 04:01:11 [INFO]   ✓ DL News: 0 条
2026-09-18 04:01:11 [INFO]   ✓ 金色财经: 13 条
2026-09-18 04:01:11 [INFO]   ✓ PANews: 0 条
2026-09-18 04:01:11 [INFO]   ✓ 律动BlockBeats: 17 条
2026-09-18 04:01:11 [INFO]   ✓ 吴说区块链: 0 条
2026-09-18 04:01:11 [INFO]   ✓ Bloomberg Crypto: 0 条
2026-09-18 04:01:11 [INFO]   ✓ Reuters Crypto: 0 条
2026-09-18 04:01:11 [INFO]   ✓ CNBC Crypto: 0 条
2026-09-18 04:01:11 [INFO]   ✓ Reddit r/cryptocurrency: 0 条
2026-09-18 04:01:11 [INFO]   ✓ Reddit r/bitcoin: 0 条
2026-09-18 04:01:11 [INFO]   ✓ Crypto Twitter: 0 条
2026-09-18 04:01:11 [INFO]   ✓ 宏观经济: 0 条
2026-09-18 04:01:11 [INFO]   ✓ Binance公告: 20 条
2026-09-18 04:01:11 [INFO]   ✓ OKX公告: 0 条
2026-09-18 04:01:11 [INFO]   ✓ Bitget公告: 0 条
2026-09-18 04:01:11 [INFO]   ✓ Whale Alert: 0 条
2026-09-18 04:01:11 [INFO]   ✓ Fear & Greed Index: 1 条
2026-09-18 04:01:11 [INFO]   ✓ DeFi Llama: 0 条
2026-09-18 04:01:11 [INFO]   ✓ 雪球加密: 0 条
2026-09-18 04:01:11 [INFO] 📊 共抓取 53 条新闻
2026-09-18 04:01:11 [INFO] 📋 原始新闻已保存: reports/2026-09-18-12-raw.json (53 条)
2026-09-18 04:01:11 [INFO] 📋 标题摘要已保存: reports/2026-09-18-12-raw-titles.md
2026-09-18 04:01:11 [INFO] ✅ 抓取完成，共 53 条，已保存到 reports/2026-09-18-12-raw.json
2026-09-18 04:01:12 [INFO] 🤖 开始 AI 筛选 2026-09-18 12:00 币圈消息
2026-09-18 04:01:12 [INFO] 📋 已加载原始新闻: reports/2026-09-18-12-raw.json (53 条)
2026-09-18 04:01:12 [INFO] 📚 已加载历史新闻标题（19580 字符）
2026-09-18 04:01:12 [INFO] 📚 已加载历史筛选标题 0 条、URL 0 个，用于去重
2026-09-18 04:01:12 [INFO] 🔄 尝试 AI 提供商: deepseek
2026-09-18 04:01:12 [INFO] 🤖 使用 AI 提供商: deepseek (模型: deepseek-v4-flash)
2026-09-18 04:01:12 [INFO] 🤖 AI 筛选 [[deepseek] 1/6 策略=仅标题+链接 retry=0]（53 条，6980 字符，temp=0.3）
2026-09-18 04:01:12 [ERROR] AI 调用异常 ([deepseek] 1/6 策略=仅标题+链接 retry=0): Error code: 401 - {'error': {'message': 'Authentication Fails, Your api key: ****df0d is invalid', 'type': 'authentication_error', 'param': None, 'code': 'invalid_request_error'}}
2026-09-18 04:01:12 [WARNING] [[deepseek] 1/6 策略=仅标题+链接 retry=0] AI 调用失败或解析失败，继续下一次尝试
2026-09-18 04:01:12 [INFO] 🤖 AI 筛选 [[deepseek] 2/6 策略=仅标题+链接 retry=1]（53 条，6980 字符，temp=0.3）
2026-09-18 04:01:13 [ERROR] AI 调用异常 ([deepseek] 2/6 策略=仅标题+链接 retry=1): Error code: 401 - {'error': {'message': 'Authentication Fails, Your api key: ****df0d is invalid', 'type': 'authentication_error', 'param': None, 'code': 'invalid_request_error'}}
2026-09-18 04:01:13 [WARNING] [[deepseek] 2/6 策略=仅标题+链接 retry=1] AI 调用失败或解析失败，继续下一次尝试
2026-09-18 04:01:13 [INFO] 🤖 AI 筛选 [[deepseek] 3/6 策略=仅标题+链接 retry=2]（53 条，6980 字符，temp=0.3）
2026-09-18 04:01:13 [ERROR] AI 调用异常 ([deepseek] 3/6 策略=仅标题+链接 retry=2): Error code: 401 - {'error': {'message': 'Authentication Fails, Your api key: ****df0d is invalid', 'type': 'authentication_error', 'param': None, 'code': 'invalid_request_error'}}
2026-09-18 04:01:13 [WARNING] [[deepseek] 3/6 策略=仅标题+链接 retry=2] AI 调用失败或解析失败，继续下一次尝试
2026-09-18 04:01:13 [INFO] 🤖 AI 筛选 [[deepseek] 4/6 策略=完整内容 retry=0]（53 条，14330 字符，temp=0.3）
2026-09-18 04:01:14 [ERROR] AI 调用异常 ([deepseek] 4/6 策略=完整内容 retry=0): Error code: 401 - {'error': {'message': 'Authentication Fails, Your api key: ****df0d is invalid', 'type': 'authentication_error', 'param': None, 'code': 'invalid_request_error'}}
2026-09-18 04:01:14 [WARNING] [[deepseek] 4/6 策略=完整内容 retry=0] AI 调用失败或解析失败，继续下一次尝试
2026-09-18 04:01:14 [INFO] 🤖 AI 筛选 [[deepseek] 5/6 策略=完整内容 retry=1]（53 条，14330 字符，temp=0.3）
2026-09-18 04:01:14 [ERROR] AI 调用异常 ([deepseek] 5/6 策略=完整内容 retry=1): Error code: 401 - {'error': {'message': 'Authentication Fails, Your api key: ****df0d is invalid', 'type': 'authentication_error', 'param': None, 'code': 'invalid_request_error'}}
2026-09-18 04:01:14 [WARNING] [[deepseek] 5/6 策略=完整内容 retry=1] AI 调用失败或解析失败，继续下一次尝试
2026-09-18 04:01:14 [INFO] 🤖 AI 筛选 [[deepseek] 6/6 策略=仅标题（无历史） retry=0]（53 条，6980 字符，temp=0.3）
2026-09-18 04:01:15 [ERROR] AI 调用异常 ([deepseek] 6/6 策略=仅标题（无历史） retry=0): Error code: 401 - {'error': {'message': 'Authentication Fails, Your api key: ****df0d is invalid', 'type': 'authentication_error', 'param': None, 'code': 'invalid_request_error'}}
2026-09-18 04:01:15 [WARNING] [[deepseek] 6/6 策略=仅标题（无历史） retry=0] AI 调用失败或解析失败，继续下一次尝试
2026-09-18 04:01:15 [WARNING] [deepseek] 已达最大尝试次数 6，停止
2026-09-18 04:01:15 [INFO] ⚠️ deepseek 未能产出满意结果，尝试下一个提供商
2026-09-18 04:01:15 [INFO] 🔄 尝试 AI 提供商: zhipu
2026-09-18 04:01:15 [ERROR] 未设置环境变量 ZHIPU_API_KEY，无法使用 zhipu
2026-09-18 04:01:15 [INFO] ⚠️ zhipu 未能产出满意结果，尝试下一个提供商
2026-09-18 04:01:15 [INFO] 🔄 尝试 AI 提供商: kimi
2026-09-18 04:01:15 [ERROR] 未设置环境变量 KIMI_API_KEY，无法使用 kimi
2026-09-18 04:01:15 [INFO] ⚠️ kimi 未能产出满意结果，尝试下一个提供商
2026-09-18 04:01:15 [INFO] 🔄 尝试 AI 提供商: huoshan
2026-09-18 04:01:15 [ERROR] 未设置环境变量 HUOSHAN_API_KEY，无法使用 huoshan
2026-09-18 04:01:15 [INFO] ⚠️ huoshan 未能产出满意结果，尝试下一个提供商
2026-09-18 04:01:15 [ERROR] ❌ 所有提供商均失败，返回空列表
2026-09-18 04:01:15 [INFO] 📦 JSON 已保存: reports/2026-09-18-12.json
2026-09-18 04:01:15 [INFO] ✅ AI 筛选完成，共 0 条交易相关消息
2026-09-18 05:00:52 [INFO] 🚀 开始抓取 2026-09-18 13:00 币圈新闻
2026-09-18 05:00:52 [INFO] 📡 抓取 RSS 新闻源...
2026-09-18 05:00:52 [INFO] 📡 抓取交易所公告 & 链上数据...
2026-09-18 05:00:52 [INFO]   ⏭ The Block: 过滤掉 20 条非近期新闻
2026-09-18 05:00:52 [INFO]   ⏭ CoinTelegraph: 过滤掉 28 条非近期新闻
2026-09-18 05:00:53 [INFO]   ⏭ Decrypt: 过滤掉 36 条非近期新闻
2026-09-18 05:00:53 [INFO]   ⏭ Bitcoin Magazine: 过滤掉 10 条非近期新闻
2026-09-18 05:00:53 [INFO]   ⏭ CoinDesk: 过滤掉 23 条非近期新闻
2026-09-18 05:00:53 [INFO]   ⏭ Bloomberg Crypto: 过滤掉 50 条非近期新闻
2026-09-18 05:00:53 [INFO]   ⏭ 宏观经济: 过滤掉 48 条非近期新闻
2026-09-18 05:00:53 [WARNING] 解析失败 Bitget公告: 'NoneType' object is not subscriptable
2026-09-18 05:00:53 [INFO]   ⏭ Reuters Crypto: 过滤掉 50 条非近期新闻
2026-09-18 05:00:53 [INFO]   ⏭ CNBC Crypto: 过滤掉 49 条非近期新闻
2026-09-18 05:00:53 [INFO]   ⏭ Reddit r/bitcoin: 过滤掉 25 条非近期新闻
2026-09-18 05:00:53 [INFO]   ⏭ Blockworks: 过滤掉 50 条非近期新闻
2026-09-18 05:00:53 [INFO]   ⏭ Decrypt: 过滤掉 50 条非近期新闻
2026-09-18 05:00:53 [INFO]   ⏭ DeFi Llama: 过滤掉 50 条非近期新闻
2026-09-18 05:00:53 [INFO]   ⏭ 雪球加密: 过滤掉 48 条非近期新闻
2026-09-18 05:00:53 [INFO]   ⏭ The Block: 过滤掉 50 条非近期新闻
2026-09-18 05:00:53 [INFO]   ⏭ Bitcoin Magazine: 过滤掉 50 条非近期新闻
2026-09-18 05:00:53 [INFO]   ⏭ Blockworks: 过滤掉 2 条非近期新闻
2026-09-18 05:00:53 [INFO]   ⏭ DL News: 过滤掉 50 条非近期新闻
2026-09-18 05:00:54 [INFO]   ⏭ 吴说区块链: 过滤掉 50 条非近期新闻
2026-09-18 05:00:54 [INFO]   ⏭ Crypto Twitter: 过滤掉 46 条非近期新闻
2026-09-18 05:01:05 [INFO]   ⏭ 律动BlockBeats: 过滤掉 2 条非近期新闻
2026-09-18 05:01:05 [INFO]   ⏭ PANews: 过滤掉 50 条非近期新闻
2026-09-18 05:01:08 [DEBUG] 请求失败 https://rsshub.rssforever.com/jinse/lives: 
2026-09-18 05:01:08 [INFO]   ✓ CoinDesk: 2 条
2026-09-18 05:01:08 [INFO]   ✓ The Block: 0 条
2026-09-18 05:01:08 [INFO]   ✓ Decrypt: 0 条
2026-09-18 05:01:08 [INFO]   ✓ CoinTelegraph: 2 条
2026-09-18 05:01:08 [INFO]   ✓ Bitcoin Magazine: 0 条
2026-09-18 05:01:08 [INFO]   ✓ Blockworks: 0 条
2026-09-18 05:01:08 [INFO]   ✓ DL News: 0 条
2026-09-18 05:01:08 [INFO]   ✓ 金色财经: 0 条
2026-09-18 05:01:08 [INFO]   ✓ PANews: 0 条
2026-09-18 05:01:08 [INFO]   ✓ 律动BlockBeats: 18 条
2026-09-18 05:01:08 [INFO]   ✓ 吴说区块链: 0 条
2026-09-18 05:01:08 [INFO]   ✓ Bloomberg Crypto: 0 条
2026-09-18 05:01:08 [INFO]   ✓ Reuters Crypto: 0 条
2026-09-18 05:01:08 [INFO]   ✓ CNBC Crypto: 1 条
2026-09-18 05:01:08 [INFO]   ✓ Reddit r/cryptocurrency: 0 条
2026-09-18 05:01:08 [INFO]   ✓ Reddit r/bitcoin: 0 条
2026-09-18 05:01:08 [INFO]   ✓ Crypto Twitter: 4 条
2026-09-18 05:01:08 [INFO]   ✓ 宏观经济: 2 条
2026-09-18 05:01:08 [INFO]   ✓ Binance公告: 20 条
2026-09-18 05:01:08 [INFO]   ✓ OKX公告: 0 条
2026-09-18 05:01:08 [INFO]   ✓ Bitget公告: 0 条
2026-09-18 05:01:08 [INFO]   ✓ Whale Alert: 0 条
2026-09-18 05:01:08 [INFO]   ✓ Fear & Greed Index: 1 条
2026-09-18 05:01:08 [INFO]   ✓ DeFi Llama: 0 条
2026-09-18 05:01:08 [INFO]   ✓ 雪球加密: 2 条
2026-09-18 05:01:08 [INFO] 📊 共抓取 52 条新闻
2026-09-18 05:01:08 [INFO] 📋 原始新闻已保存: reports/2026-09-18-13-raw.json (52 条)
2026-09-18 05:01:08 [INFO] 📋 标题摘要已保存: reports/2026-09-18-13-raw-titles.md
2026-09-18 05:01:08 [INFO] ✅ 抓取完成，共 52 条，已保存到 reports/2026-09-18-13-raw.json
2026-09-18 05:01:09 [INFO] 🤖 开始 AI 筛选 2026-09-18 13:00 币圈消息
2026-09-18 05:01:09 [INFO] 📋 已加载原始新闻: reports/2026-09-18-13-raw.json (52 条)
2026-09-18 05:01:09 [INFO] 📚 已加载历史新闻标题（18821 字符）
2026-09-18 05:01:09 [INFO] 📚 已加载历史筛选标题 0 条、URL 0 个，用于去重
2026-09-18 05:01:09 [INFO] 🔄 尝试 AI 提供商: deepseek
2026-09-18 05:01:09 [INFO] 🤖 使用 AI 提供商: deepseek (模型: deepseek-v4-flash)
2026-09-18 05:01:09 [INFO] 🤖 AI 筛选 [[deepseek] 1/6 策略=仅标题+链接 retry=0]（52 条，10384 字符，temp=0.3）
2026-09-18 05:01:10 [ERROR] AI 调用异常 ([deepseek] 1/6 策略=仅标题+链接 retry=0): Error code: 401 - {'error': {'message': 'Authentication Fails, Your api key: ****df0d is invalid', 'type': 'authentication_error', 'param': None, 'code': 'invalid_request_error'}}
2026-09-18 05:01:10 [WARNING] [[deepseek] 1/6 策略=仅标题+链接 retry=0] AI 调用失败或解析失败，继续下一次尝试
2026-09-18 05:01:10 [INFO] 🤖 AI 筛选 [[deepseek] 2/6 策略=仅标题+链接 retry=1]（52 条，10384 字符，temp=0.3）
2026-09-18 05:01:10 [ERROR] AI 调用异常 ([deepseek] 2/6 策略=仅标题+链接 retry=1): Error code: 401 - {'error': {'message': 'Authentication Fails, Your api key: ****df0d is invalid', 'type': 'authentication_error', 'param': None, 'code': 'invalid_request_error'}}
2026-09-18 05:01:10 [WARNING] [[deepseek] 2/6 策略=仅标题+链接 retry=1] AI 调用失败或解析失败，继续下一次尝试
2026-09-18 05:01:10 [INFO] 🤖 AI 筛选 [[deepseek] 3/6 策略=仅标题+链接 retry=2]（52 条，10384 字符，temp=0.3）
2026-09-18 05:01:11 [ERROR] AI 调用异常 ([deepseek] 3/6 策略=仅标题+链接 retry=2): Error code: 401 - {'error': {'message': 'Authentication Fails, Your api key: ****df0d is invalid', 'type': 'authentication_error', 'param': None, 'code': 'invalid_request_error'}}
2026-09-18 05:01:11 [WARNING] [[deepseek] 3/6 策略=仅标题+链接 retry=2] AI 调用失败或解析失败，继续下一次尝试
2026-09-18 05:01:11 [INFO] 🤖 AI 筛选 [[deepseek] 4/6 策略=完整内容 retry=0]（52 条，16812 字符，temp=0.3）
2026-09-18 05:01:11 [ERROR] AI 调用异常 ([deepseek] 4/6 策略=完整内容 retry=0): Error code: 401 - {'error': {'message': 'Authentication Fails, Your api key: ****df0d is invalid', 'type': 'authentication_error', 'param': None, 'code': 'invalid_request_error'}}
2026-09-18 05:01:11 [WARNING] [[deepseek] 4/6 策略=完整内容 retry=0] AI 调用失败或解析失败，继续下一次尝试
2026-09-18 05:01:11 [INFO] 🤖 AI 筛选 [[deepseek] 5/6 策略=完整内容 retry=1]（52 条，16812 字符，temp=0.3）
2026-09-18 05:01:12 [ERROR] AI 调用异常 ([deepseek] 5/6 策略=完整内容 retry=1): Error code: 401 - {'error': {'message': 'Authentication Fails, Your api key: ****df0d is invalid', 'type': 'authentication_error', 'param': None, 'code': 'invalid_request_error'}}
2026-09-18 05:01:12 [WARNING] [[deepseek] 5/6 策略=完整内容 retry=1] AI 调用失败或解析失败，继续下一次尝试
2026-09-18 05:01:12 [INFO] 🤖 AI 筛选 [[deepseek] 6/6 策略=仅标题（无历史） retry=0]（52 条，10384 字符，temp=0.3）
2026-09-18 05:01:12 [ERROR] AI 调用异常 ([deepseek] 6/6 策略=仅标题（无历史） retry=0): Error code: 401 - {'error': {'message': 'Authentication Fails, Your api key: ****df0d is invalid', 'type': 'authentication_error', 'param': None, 'code': 'invalid_request_error'}}
2026-09-18 05:01:12 [WARNING] [[deepseek] 6/6 策略=仅标题（无历史） retry=0] AI 调用失败或解析失败，继续下一次尝试
2026-09-18 05:01:12 [WARNING] [deepseek] 已达最大尝试次数 6，停止
2026-09-18 05:01:12 [INFO] ⚠️ deepseek 未能产出满意结果，尝试下一个提供商
2026-09-18 05:01:12 [INFO] 🔄 尝试 AI 提供商: zhipu
2026-09-18 05:01:12 [ERROR] 未设置环境变量 ZHIPU_API_KEY，无法使用 zhipu
2026-09-18 05:01:12 [INFO] ⚠️ zhipu 未能产出满意结果，尝试下一个提供商
2026-09-18 05:01:12 [INFO] 🔄 尝试 AI 提供商: kimi
2026-09-18 05:01:12 [ERROR] 未设置环境变量 KIMI_API_KEY，无法使用 kimi
2026-09-18 05:01:12 [INFO] ⚠️ kimi 未能产出满意结果，尝试下一个提供商
2026-09-18 05:01:12 [INFO] 🔄 尝试 AI 提供商: huoshan
2026-09-18 05:01:12 [ERROR] 未设置环境变量 HUOSHAN_API_KEY，无法使用 huoshan
2026-09-18 05:01:12 [INFO] ⚠️ huoshan 未能产出满意结果，尝试下一个提供商
2026-09-18 05:01:12 [ERROR] ❌ 所有提供商均失败，返回空列表
2026-09-18 05:01:12 [INFO] 📦 JSON 已保存: reports/2026-09-18-13.json
2026-09-18 05:01:12 [INFO] ✅ AI 筛选完成，共 0 条交易相关消息
2026-09-18 06:00:54 [INFO] 🚀 开始抓取 2026-09-18 14:00 币圈新闻
2026-09-18 06:00:54 [INFO] 📡 抓取 RSS 新闻源...
2026-09-18 06:00:54 [INFO] 📡 抓取交易所公告 & 链上数据...
2026-09-18 06:00:54 [INFO]   ⏭ CoinTelegraph: 过滤掉 28 条非近期新闻
2026-09-18 06:00:54 [INFO]   ⏭ The Block: 过滤掉 19 条非近期新闻
2026-09-18 06:00:54 [INFO]   ⏭ Decrypt: 过滤掉 36 条非近期新闻
2026-09-18 06:00:55 [INFO]   ⏭ Bloomberg Crypto: 过滤掉 50 条非近期新闻
2026-09-18 06:00:55 [INFO]   ⏭ Bitcoin Magazine: 过滤掉 10 条非近期新闻
2026-09-18 06:00:55 [INFO]   ⏭ CoinDesk: 过滤掉 22 条非近期新闻
2026-09-18 06:00:55 [INFO]   ⏭ 律动BlockBeats: 过滤掉 9 条非近期新闻
2026-09-18 06:00:55 [INFO]   ⏭ Reddit r/bitcoin: 过滤掉 25 条非近期新闻
2026-09-18 06:00:55 [INFO]   ⏭ Reuters Crypto: 过滤掉 50 条非近期新闻
2026-09-18 06:00:55 [WARNING] 解析失败 Bitget公告: 'NoneType' object is not subscriptable
2026-09-18 06:00:55 [INFO]   ⏭ 宏观经济: 过滤掉 49 条非近期新闻
2026-09-18 06:00:55 [INFO]   ⏭ CNBC Crypto: 过滤掉 50 条非近期新闻
2026-09-18 06:00:55 [INFO]   ⏭ Blockworks: 过滤掉 50 条非近期新闻
2026-09-18 06:00:55 [INFO]   ⏭ Decrypt: 过滤掉 50 条非近期新闻
2026-09-18 06:00:55 [INFO]   ⏭ DL News: 过滤掉 50 条非近期新闻
2026-09-18 06:00:55 [INFO]   ⏭ Blockworks: 过滤掉 2 条非近期新闻
2026-09-18 06:00:55 [INFO]   ⏭ 吴说区块链: 过滤掉 50 条非近期新闻
2026-09-18 06:00:55 [INFO]   ⏭ Bitcoin Magazine: 过滤掉 50 条非近期新闻
2026-09-18 06:00:55 [INFO]   ⏭ DeFi Llama: 过滤掉 50 条非近期新闻
2026-09-18 06:00:55 [INFO]   ⏭ 雪球加密: 过滤掉 47 条非近期新闻
2026-09-18 06:00:56 [INFO]   ⏭ Crypto Twitter: 过滤掉 46 条非近期新闻
2026-09-18 06:01:10 [DEBUG] 请求失败 https://rsshub.rssforever.com/jinse/lives: 
2026-09-18 06:01:10 [DEBUG] 请求失败 https://rsshub.rssforever.com/panewslab/news: 
2026-09-18 06:01:10 [DEBUG] 请求失败 https://rsshub.rssforever.com/bloomberg/crypto: 
2026-09-18 06:01:10 [INFO]   ⏭ PANews: 过滤掉 50 条非近期新闻
2026-09-18 06:01:10 [INFO]   ✓ CoinDesk: 3 条
2026-09-18 06:01:10 [INFO]   ✓ The Block: 1 条
2026-09-18 06:01:10 [INFO]   ✓ Decrypt: 0 条
2026-09-18 06:01:10 [INFO]   ✓ CoinTelegraph: 2 条
2026-09-18 06:01:10 [INFO]   ✓ Bitcoin Magazine: 0 条
2026-09-18 06:01:10 [INFO]   ✓ Blockworks: 0 条
2026-09-18 06:01:10 [INFO]   ✓ DL News: 0 条
2026-09-18 06:01:10 [INFO]   ✓ 金色财经: 0 条
2026-09-18 06:01:10 [INFO]   ✓ PANews: 0 条
2026-09-18 06:01:10 [INFO]   ✓ 律动BlockBeats: 11 条
2026-09-18 06:01:10 [INFO]   ✓ 吴说区块链: 0 条
2026-09-18 06:01:10 [INFO]   ✓ Bloomberg Crypto: 0 条
2026-09-18 06:01:10 [INFO]   ✓ Reuters Crypto: 0 条
2026-09-18 06:01:10 [INFO]   ✓ CNBC Crypto: 0 条
2026-09-18 06:01:10 [INFO]   ✓ Reddit r/cryptocurrency: 0 条
2026-09-18 06:01:10 [INFO]   ✓ Reddit r/bitcoin: 0 条
2026-09-18 06:01:10 [INFO]   ✓ Crypto Twitter: 4 条
2026-09-18 06:01:10 [INFO]   ✓ 宏观经济: 1 条
2026-09-18 06:01:10 [INFO]   ✓ Binance公告: 20 条
2026-09-18 06:01:10 [INFO]   ✓ OKX公告: 0 条
2026-09-18 06:01:10 [INFO]   ✓ Bitget公告: 0 条
2026-09-18 06:01:10 [INFO]   ✓ Whale Alert: 0 条
2026-09-18 06:01:10 [INFO]   ✓ Fear & Greed Index: 1 条
2026-09-18 06:01:10 [INFO]   ✓ DeFi Llama: 0 条
2026-09-18 06:01:10 [INFO]   ✓ 雪球加密: 3 条
2026-09-18 06:01:10 [INFO] 📊 共抓取 46 条新闻
2026-09-18 06:01:10 [INFO] 📋 原始新闻已保存: reports/2026-09-18-14-raw.json (46 条)
2026-09-18 06:01:10 [INFO] 📋 标题摘要已保存: reports/2026-09-18-14-raw-titles.md
2026-09-18 06:01:10 [INFO] ✅ 抓取完成，共 46 条，已保存到 reports/2026-09-18-14-raw.json
2026-09-18 06:01:11 [INFO] 🤖 开始 AI 筛选 2026-09-18 14:00 币圈消息
2026-09-18 06:01:11 [INFO] 📋 已加载原始新闻: reports/2026-09-18-14-raw.json (46 条)
2026-09-18 06:01:11 [INFO] 📚 已加载历史新闻标题（18573 字符）
2026-09-18 06:01:11 [INFO] 📚 已加载历史筛选标题 0 条、URL 0 个，用于去重
2026-09-18 06:01:11 [INFO] 🔄 尝试 AI 提供商: deepseek
2026-09-18 06:01:11 [INFO] 🤖 使用 AI 提供商: deepseek (模型: deepseek-v4-flash)
2026-09-18 06:01:11 [INFO] 🤖 AI 筛选 [[deepseek] 1/6 策略=仅标题+链接 retry=0]（46 条，9807 字符，temp=0.3）
2026-09-18 06:01:12 [ERROR] AI 调用异常 ([deepseek] 1/6 策略=仅标题+链接 retry=0): Error code: 401 - {'error': {'message': 'Authentication Fails, Your api key: ****df0d is invalid', 'type': 'authentication_error', 'param': None, 'code': 'invalid_request_error'}}
2026-09-18 06:01:12 [WARNING] [[deepseek] 1/6 策略=仅标题+链接 retry=0] AI 调用失败或解析失败，继续下一次尝试
2026-09-18 06:01:12 [INFO] 🤖 AI 筛选 [[deepseek] 2/6 策略=仅标题+链接 retry=1]（46 条，9807 字符，temp=0.3）
2026-09-18 06:01:12 [ERROR] AI 调用异常 ([deepseek] 2/6 策略=仅标题+链接 retry=1): Error code: 401 - {'error': {'message': 'Authentication Fails, Your api key: ****df0d is invalid', 'type': 'authentication_error', 'param': None, 'code': 'invalid_request_error'}}
2026-09-18 06:01:12 [WARNING] [[deepseek] 2/6 策略=仅标题+链接 retry=1] AI 调用失败或解析失败，继续下一次尝试
2026-09-18 06:01:12 [INFO] 🤖 AI 筛选 [[deepseek] 3/6 策略=仅标题+链接 retry=2]（46 条，9807 字符，temp=0.3）
2026-09-18 06:01:13 [ERROR] AI 调用异常 ([deepseek] 3/6 策略=仅标题+链接 retry=2): Error code: 401 - {'error': {'message': 'Authentication Fails, Your api key: ****df0d is invalid', 'type': 'authentication_error', 'param': None, 'code': 'invalid_request_error'}}
2026-09-18 06:01:13 [WARNING] [[deepseek] 3/6 策略=仅标题+链接 retry=2] AI 调用失败或解析失败，继续下一次尝试
2026-09-18 06:01:13 [INFO] 🤖 AI 筛选 [[deepseek] 4/6 策略=完整内容 retry=0]（46 条，15089 字符，temp=0.3）
2026-09-18 06:01:13 [ERROR] AI 调用异常 ([deepseek] 4/6 策略=完整内容 retry=0): Error code: 401 - {'error': {'message': 'Authentication Fails, Your api key: ****df0d is invalid', 'type': 'authentication_error', 'param': None, 'code': 'invalid_request_error'}}
2026-09-18 06:01:13 [WARNING] [[deepseek] 4/6 策略=完整内容 retry=0] AI 调用失败或解析失败，继续下一次尝试
2026-09-18 06:01:13 [INFO] 🤖 AI 筛选 [[deepseek] 5/6 策略=完整内容 retry=1]（46 条，15089 字符，temp=0.3）
2026-09-18 06:01:14 [ERROR] AI 调用异常 ([deepseek] 5/6 策略=完整内容 retry=1): Error code: 401 - {'error': {'message': 'Authentication Fails, Your api key: ****df0d is invalid', 'type': 'authentication_error', 'param': None, 'code': 'invalid_request_error'}}
2026-09-18 06:01:14 [WARNING] [[deepseek] 5/6 策略=完整内容 retry=1] AI 调用失败或解析失败，继续下一次尝试
2026-09-18 06:01:14 [INFO] 🤖 AI 筛选 [[deepseek] 6/6 策略=仅标题（无历史） retry=0]（46 条，9807 字符，temp=0.3）
2026-09-18 06:01:14 [ERROR] AI 调用异常 ([deepseek] 6/6 策略=仅标题（无历史） retry=0): Error code: 401 - {'error': {'message': 'Authentication Fails, Your api key: ****df0d is invalid', 'type': 'authentication_error', 'param': None, 'code': 'invalid_request_error'}}
2026-09-18 06:01:14 [WARNING] [[deepseek] 6/6 策略=仅标题（无历史） retry=0] AI 调用失败或解析失败，继续下一次尝试
2026-09-18 06:01:14 [WARNING] [deepseek] 已达最大尝试次数 6，停止
2026-09-18 06:01:14 [INFO] ⚠️ deepseek 未能产出满意结果，尝试下一个提供商
2026-09-18 06:01:14 [INFO] 🔄 尝试 AI 提供商: zhipu
2026-09-18 06:01:14 [ERROR] 未设置环境变量 ZHIPU_API_KEY，无法使用 zhipu
2026-09-18 06:01:14 [INFO] ⚠️ zhipu 未能产出满意结果，尝试下一个提供商
2026-09-18 06:01:14 [INFO] 🔄 尝试 AI 提供商: kimi
2026-09-18 06:01:14 [ERROR] 未设置环境变量 KIMI_API_KEY，无法使用 kimi
2026-09-18 06:01:14 [INFO] ⚠️ kimi 未能产出满意结果，尝试下一个提供商
2026-09-18 06:01:14 [INFO] 🔄 尝试 AI 提供商: huoshan
2026-09-18 06:01:14 [ERROR] 未设置环境变量 HUOSHAN_API_KEY，无法使用 huoshan
2026-09-18 06:01:14 [INFO] ⚠️ huoshan 未能产出满意结果，尝试下一个提供商
2026-09-18 06:01:14 [ERROR] ❌ 所有提供商均失败，返回空列表
2026-09-18 06:01:14 [INFO] 📦 JSON 已保存: reports/2026-09-18-14.json
2026-09-18 06:01:14 [INFO] ✅ AI 筛选完成，共 0 条交易相关消息
2026-09-18 07:00:53 [INFO] 🚀 开始抓取 2026-09-18 15:00 币圈新闻
2026-09-18 07:00:53 [INFO] 📡 抓取 RSS 新闻源...
2026-09-18 07:00:53 [INFO] 📡 抓取交易所公告 & 链上数据...
2026-09-18 07:00:53 [INFO]   ⏭ The Block: 过滤掉 19 条非近期新闻
2026-09-18 07:00:53 [INFO]   ⏭ CoinTelegraph: 过滤掉 29 条非近期新闻
2026-09-18 07:00:53 [INFO]   ⏭ Decrypt: 过滤掉 36 条非近期新闻
2026-09-18 07:00:54 [INFO]   ⏭ 宏观经济: 过滤掉 47 条非近期新闻
2026-09-18 07:00:54 [INFO]   ⏭ Bitcoin Magazine: 过滤掉 10 条非近期新闻
2026-09-18 07:00:54 [INFO]   ⏭ Reuters Crypto: 过滤掉 50 条非近期新闻
2026-09-18 07:00:54 [INFO]   ⏭ Bloomberg Crypto: 过滤掉 50 条非近期新闻
2026-09-18 07:00:54 [INFO]   ⏭ Reddit r/cryptocurrency: 过滤掉 24 条非近期新闻
2026-09-18 07:00:54 [INFO]   ⏭ CoinDesk: 过滤掉 21 条非近期新闻
2026-09-18 07:00:54 [INFO]   ⏭ 律动BlockBeats: 过滤掉 6 条非近期新闻
2026-09-18 07:00:54 [INFO]   ⏭ CNBC Crypto: 过滤掉 50 条非近期新闻
2026-09-18 07:00:54 [WARNING] 解析失败 Bitget公告: 'NoneType' object is not subscriptable
2026-09-18 07:00:54 [INFO]   ⏭ Decrypt: 过滤掉 50 条非近期新闻
2026-09-18 07:00:54 [INFO]   ⏭ DL News: 过滤掉 50 条非近期新闻
2026-09-18 07:00:54 [INFO]   ⏭ Blockworks: 过滤掉 50 条非近期新闻
2026-09-18 07:00:54 [INFO]   ⏭ 吴说区块链: 过滤掉 50 条非近期新闻
2026-09-18 07:00:54 [INFO]   ⏭ DeFi Llama: 过滤掉 50 条非近期新闻
2026-09-18 07:00:54 [INFO]   ⏭ 雪球加密: 过滤掉 48 条非近期新闻
2026-09-18 07:00:55 [INFO]   ⏭ Bitcoin Magazine: 过滤掉 50 条非近期新闻
2026-09-18 07:00:55 [INFO]   ⏭ Blockworks: 过滤掉 2 条非近期新闻
2026-09-18 07:00:55 [INFO]   ⏭ Crypto Twitter: 过滤掉 45 条非近期新闻
2026-09-18 07:01:09 [DEBUG] 请求失败 https://rsshub.rssforever.com/jinse/lives: 
2026-09-18 07:01:09 [DEBUG] 请求失败 https://rsshub.rssforever.com/panewslab/news: 
2026-09-18 07:01:09 [DEBUG] 请求失败 https://rsshub.rssforever.com/bloomberg/crypto: 
2026-09-18 07:01:09 [INFO]   ⏭ PANews: 过滤掉 50 条非近期新闻
2026-09-18 07:01:09 [INFO]   ✓ CoinDesk: 4 条
2026-09-18 07:01:09 [INFO]   ✓ The Block: 1 条
2026-09-18 07:01:09 [INFO]   ✓ Decrypt: 0 条
2026-09-18 07:01:09 [INFO]   ✓ CoinTelegraph: 1 条
2026-09-18 07:01:09 [INFO]   ✓ Bitcoin Magazine: 0 条
2026-09-18 07:01:09 [INFO]   ✓ Blockworks: 0 条
2026-09-18 07:01:09 [INFO]   ✓ DL News: 0 条
2026-09-18 07:01:09 [INFO]   ✓ 金色财经: 0 条
2026-09-18 07:01:09 [INFO]   ✓ PANews: 0 条
2026-09-18 07:01:09 [INFO]   ✓ 律动BlockBeats: 14 条
2026-09-18 07:01:09 [INFO]   ✓ 吴说区块链: 0 条
2026-09-18 07:01:09 [INFO]   ✓ Bloomberg Crypto: 0 条
2026-09-18 07:01:09 [INFO]   ✓ Reuters Crypto: 0 条
2026-09-18 07:01:09 [INFO]   ✓ CNBC Crypto: 0 条
2026-09-18 07:01:09 [INFO]   ✓ Reddit r/cryptocurrency: 1 条
2026-09-18 07:01:09 [INFO]   ✓ Reddit r/bitcoin: 0 条
2026-09-18 07:01:09 [INFO]   ✓ Crypto Twitter: 5 条
2026-09-18 07:01:09 [INFO]   ✓ 宏观经济: 3 条
2026-09-18 07:01:09 [INFO]   ✓ Binance公告: 20 条
2026-09-18 07:01:09 [INFO]   ✓ OKX公告: 0 条
2026-09-18 07:01:09 [INFO]   ✓ Bitget公告: 0 条
2026-09-18 07:01:09 [INFO]   ✓ Whale Alert: 0 条
2026-09-18 07:01:09 [INFO]   ✓ Fear & Greed Index: 1 条
2026-09-18 07:01:09 [INFO]   ✓ DeFi Llama: 0 条
2026-09-18 07:01:09 [INFO]   ✓ 雪球加密: 2 条
2026-09-18 07:01:09 [INFO] 📊 共抓取 52 条新闻
2026-09-18 07:01:09 [INFO] 📋 原始新闻已保存: reports/2026-09-18-15-raw.json (52 条)
2026-09-18 07:01:09 [INFO] 📋 标题摘要已保存: reports/2026-09-18-15-raw-titles.md
2026-09-18 07:01:09 [INFO] ✅ 抓取完成，共 52 条，已保存到 reports/2026-09-18-15-raw.json
2026-09-18 07:01:10 [INFO] 🤖 开始 AI 筛选 2026-09-18 15:00 币圈消息
2026-09-18 07:01:10 [INFO] 📋 已加载原始新闻: reports/2026-09-18-15-raw.json (52 条)
2026-09-18 07:01:10 [INFO] 📚 已加载历史新闻标题（18954 字符）
2026-09-18 07:01:10 [INFO] 📚 已加载历史筛选标题 0 条、URL 0 个，用于去重
2026-09-18 07:01:10 [INFO] 🔄 尝试 AI 提供商: deepseek
2026-09-18 07:01:10 [INFO] 🤖 使用 AI 提供商: deepseek (模型: deepseek-v4-flash)
2026-09-18 07:01:10 [INFO] 🤖 AI 筛选 [[deepseek] 1/6 策略=仅标题+链接 retry=0]（52 条，10214 字符，temp=0.3）
2026-09-18 07:01:11 [ERROR] AI 调用异常 ([deepseek] 1/6 策略=仅标题+链接 retry=0): Error code: 401 - {'error': {'message': 'Authentication Fails, Your api key: ****df0d is invalid', 'type': 'authentication_error', 'param': None, 'code': 'invalid_request_error'}}
2026-09-18 07:01:11 [WARNING] [[deepseek] 1/6 策略=仅标题+链接 retry=0] AI 调用失败或解析失败，继续下一次尝试
2026-09-18 07:01:11 [INFO] 🤖 AI 筛选 [[deepseek] 2/6 策略=仅标题+链接 retry=1]（52 条，10214 字符，temp=0.3）
2026-09-18 07:01:11 [ERROR] AI 调用异常 ([deepseek] 2/6 策略=仅标题+链接 retry=1): Error code: 401 - {'error': {'message': 'Authentication Fails, Your api key: ****df0d is invalid', 'type': 'authentication_error', 'param': None, 'code': 'invalid_request_error'}}
2026-09-18 07:01:11 [WARNING] [[deepseek] 2/6 策略=仅标题+链接 retry=1] AI 调用失败或解析失败，继续下一次尝试
2026-09-18 07:01:11 [INFO] 🤖 AI 筛选 [[deepseek] 3/6 策略=仅标题+链接 retry=2]（52 条，10214 字符，temp=0.3）
2026-09-18 07:01:12 [ERROR] AI 调用异常 ([deepseek] 3/6 策略=仅标题+链接 retry=2): Error code: 401 - {'error': {'message': 'Authentication Fails, Your api key: ****df0d is invalid', 'type': 'authentication_error', 'param': None, 'code': 'invalid_request_error'}}
2026-09-18 07:01:12 [WARNING] [[deepseek] 3/6 策略=仅标题+链接 retry=2] AI 调用失败或解析失败，继续下一次尝试
2026-09-18 07:01:12 [INFO] 🤖 AI 筛选 [[deepseek] 4/6 策略=完整内容 retry=0]（52 条，15995 字符，temp=0.3）
2026-09-18 07:01:12 [ERROR] AI 调用异常 ([deepseek] 4/6 策略=完整内容 retry=0): Error code: 401 - {'error': {'message': 'Authentication Fails, Your api key: ****df0d is invalid', 'type': 'authentication_error', 'param': None, 'code': 'invalid_request_error'}}
2026-09-18 07:01:12 [WARNING] [[deepseek] 4/6 策略=完整内容 retry=0] AI 调用失败或解析失败，继续下一次尝试
2026-09-18 07:01:12 [INFO] 🤖 AI 筛选 [[deepseek] 5/6 策略=完整内容 retry=1]（52 条，15995 字符，temp=0.3）
2026-09-18 07:01:13 [ERROR] AI 调用异常 ([deepseek] 5/6 策略=完整内容 retry=1): Error code: 401 - {'error': {'message': 'Authentication Fails, Your api key: ****df0d is invalid', 'type': 'authentication_error', 'param': None, 'code': 'invalid_request_error'}}
2026-09-18 07:01:13 [WARNING] [[deepseek] 5/6 策略=完整内容 retry=1] AI 调用失败或解析失败，继续下一次尝试
2026-09-18 07:01:13 [INFO] 🤖 AI 筛选 [[deepseek] 6/6 策略=仅标题（无历史） retry=0]（52 条，10214 字符，temp=0.3）
2026-09-18 07:01:13 [ERROR] AI 调用异常 ([deepseek] 6/6 策略=仅标题（无历史） retry=0): Error code: 401 - {'error': {'message': 'Authentication Fails, Your api key: ****df0d is invalid', 'type': 'authentication_error', 'param': None, 'code': 'invalid_request_error'}}
2026-09-18 07:01:13 [WARNING] [[deepseek] 6/6 策略=仅标题（无历史） retry=0] AI 调用失败或解析失败，继续下一次尝试
2026-09-18 07:01:13 [WARNING] [deepseek] 已达最大尝试次数 6，停止
2026-09-18 07:01:13 [INFO] ⚠️ deepseek 未能产出满意结果，尝试下一个提供商
2026-09-18 07:01:13 [INFO] 🔄 尝试 AI 提供商: zhipu
2026-09-18 07:01:13 [ERROR] 未设置环境变量 ZHIPU_API_KEY，无法使用 zhipu
2026-09-18 07:01:13 [INFO] ⚠️ zhipu 未能产出满意结果，尝试下一个提供商
2026-09-18 07:01:13 [INFO] 🔄 尝试 AI 提供商: kimi
2026-09-18 07:01:13 [ERROR] 未设置环境变量 KIMI_API_KEY，无法使用 kimi
2026-09-18 07:01:13 [INFO] ⚠️ kimi 未能产出满意结果，尝试下一个提供商
2026-09-18 07:01:13 [INFO] 🔄 尝试 AI 提供商: huoshan
2026-09-18 07:01:13 [ERROR] 未设置环境变量 HUOSHAN_API_KEY，无法使用 huoshan
2026-09-18 07:01:13 [INFO] ⚠️ huoshan 未能产出满意结果，尝试下一个提供商
2026-09-18 07:01:13 [ERROR] ❌ 所有提供商均失败，返回空列表
2026-09-18 07:01:13 [INFO] 📦 JSON 已保存: reports/2026-09-18-15.json
2026-09-18 07:01:13 [INFO] ✅ AI 筛选完成，共 0 条交易相关消息
2026-09-18 08:00:56 [INFO] 🚀 开始抓取 2026-09-18 16:00 币圈新闻
2026-09-18 08:00:56 [INFO] 📡 抓取 RSS 新闻源...
2026-09-18 08:00:56 [INFO] 📡 抓取交易所公告 & 链上数据...
2026-09-18 08:00:56 [INFO]   ⏭ The Block: 过滤掉 20 条非近期新闻
2026-09-18 08:00:56 [INFO]   ⏭ Decrypt: 过滤掉 36 条非近期新闻
2026-09-18 08:00:56 [INFO]   ⏭ CoinTelegraph: 过滤掉 30 条非近期新闻
2026-09-18 08:00:56 [INFO]   ⏭ CoinDesk: 过滤掉 22 条非近期新闻
2026-09-18 08:00:56 [INFO]   ⏭ Bitcoin Magazine: 过滤掉 10 条非近期新闻
2026-09-18 08:00:56 [WARNING] 解析失败 Bitget公告: 'NoneType' object is not subscriptable
2026-09-18 08:00:56 [INFO]   ⏭ Bloomberg Crypto: 过滤掉 50 条非近期新闻
2026-09-18 08:00:56 [INFO]   ⏭ Reddit r/bitcoin: 过滤掉 24 条非近期新闻
2026-09-18 08:00:56 [INFO]   ⏭ 宏观经济: 过滤掉 49 条非近期新闻
2026-09-18 08:00:57 [INFO]   ⏭ CNBC Crypto: 过滤掉 48 条非近期新闻
2026-09-18 08:00:57 [INFO]   ⏭ Reuters Crypto: 过滤掉 50 条非近期新闻
2026-09-18 08:00:57 [INFO]   ⏭ Blockworks: 过滤掉 50 条非近期新闻
2026-09-18 08:00:57 [INFO]   ⏭ Decrypt: 过滤掉 50 条非近期新闻
2026-09-18 08:00:57 [INFO]   ⏭ DL News: 过滤掉 50 条非近期新闻
2026-09-18 08:00:57 [INFO]   ⏭ Blockworks: 过滤掉 2 条非近期新闻
2026-09-18 08:00:57 [INFO]   ⏭ Bitcoin Magazine: 过滤掉 50 条非近期新闻
2026-09-18 08:00:57 [INFO]   ⏭ DeFi Llama: 过滤掉 50 条非近期新闻
2026-09-18 08:00:57 [INFO]   ⏭ The Block: 过滤掉 50 条非近期新闻
2026-09-18 08:00:57 [INFO]   ⏭ 吴说区块链: 过滤掉 50 条非近期新闻
2026-09-18 08:00:57 [INFO]   ⏭ Crypto Twitter: 过滤掉 47 条非近期新闻
2026-09-18 08:00:57 [INFO]   ⏭ 雪球加密: 过滤掉 49 条非近期新闻
2026-09-18 08:01:12 [DEBUG] 请求失败 https://rsshub.rssforever.com/panewslab/news: 
2026-09-18 08:01:12 [DEBUG] 请求失败 https://rsshub.rssforever.com/theblockbeats/newsflash: 
2026-09-18 08:01:12 [DEBUG] 请求失败 https://rsshub.rssforever.com/jinse/lives: 
2026-09-18 08:01:12 [DEBUG] 请求失败 https://rsshub.rssforever.com/cointelegraph: 
2026-09-18 08:01:12 [DEBUG] 请求失败 https://rsshub.rssforever.com/bloomberg/crypto: 
2026-09-18 08:01:12 [INFO]   ⏭ 律动BlockBeats: 过滤掉 50 条非近期新闻
2026-09-18 08:01:12 [INFO]   ⏭ PANews: 过滤掉 50 条非近期新闻
2026-09-18 08:01:12 [INFO]   ⏭ CoinTelegraph: 过滤掉 50 条非近期新闻
2026-09-18 08:01:12 [INFO]   ✓ CoinDesk: 3 条
2026-09-18 08:01:12 [INFO]   ✓ The Block: 0 条
2026-09-18 08:01:12 [INFO]   ✓ Decrypt: 0 条
2026-09-18 08:01:12 [INFO]   ✓ CoinTelegraph: 0 条
2026-09-18 08:01:12 [INFO]   ✓ Bitcoin Magazine: 0 条
2026-09-18 08:01:12 [INFO]   ✓ Blockworks: 0 条
2026-09-18 08:01:12 [INFO]   ✓ DL News: 0 条
2026-09-18 08:01:12 [INFO]   ✓ 金色财经: 0 条
2026-09-18 08:01:12 [INFO]   ✓ PANews: 0 条
2026-09-18 08:01:12 [INFO]   ✓ 律动BlockBeats: 0 条
2026-09-18 08:01:12 [INFO]   ✓ 吴说区块链: 0 条
2026-09-18 08:01:12 [INFO]   ✓ Bloomberg Crypto: 0 条
2026-09-18 08:01:12 [INFO]   ✓ Reuters Crypto: 0 条
2026-09-18 08:01:12 [INFO]   ✓ CNBC Crypto: 2 条
2026-09-18 08:01:12 [INFO]   ✓ Reddit r/cryptocurrency: 0 条
2026-09-18 08:01:12 [INFO]   ✓ Reddit r/bitcoin: 1 条
2026-09-18 08:01:12 [INFO]   ✓ Crypto Twitter: 3 条
2026-09-18 08:01:12 [INFO]   ✓ 宏观经济: 1 条
2026-09-18 08:01:12 [INFO]   ✓ Binance公告: 20 条
2026-09-18 08:01:12 [INFO]   ✓ OKX公告: 0 条
2026-09-18 08:01:12 [INFO]   ✓ Bitget公告: 0 条
2026-09-18 08:01:12 [INFO]   ✓ Whale Alert: 0 条
2026-09-18 08:01:12 [INFO]   ✓ Fear & Greed Index: 1 条
2026-09-18 08:01:12 [INFO]   ✓ DeFi Llama: 0 条
2026-09-18 08:01:12 [INFO]   ✓ 雪球加密: 1 条
2026-09-18 08:01:12 [INFO] 📊 共抓取 32 条新闻
2026-09-18 08:01:12 [INFO] 📋 原始新闻已保存: reports/2026-09-18-16-raw.json (32 条)
2026-09-18 08:01:12 [INFO] 📋 标题摘要已保存: reports/2026-09-18-16-raw-titles.md
2026-09-18 08:01:12 [INFO] ✅ 抓取完成，共 32 条，已保存到 reports/2026-09-18-16-raw.json
2026-09-18 08:01:13 [INFO] 🤖 开始 AI 筛选 2026-09-18 16:00 币圈消息
2026-09-18 08:01:13 [INFO] 📋 已加载原始新闻: reports/2026-09-18-16-raw.json (32 条)
2026-09-18 08:01:13 [INFO] 📚 已加载历史新闻标题（20134 字符）
2026-09-18 08:01:13 [INFO] 📚 已加载历史筛选标题 0 条、URL 0 个，用于去重
2026-09-18 08:01:13 [INFO] 🔄 尝试 AI 提供商: deepseek
2026-09-18 08:01:13 [INFO] 🤖 使用 AI 提供商: deepseek (模型: deepseek-v4-flash)
2026-09-18 08:01:13 [INFO] 🤖 AI 筛选 [[deepseek] 1/6 策略=仅标题+链接 retry=0]（32 条，7309 字符，temp=0.3）
2026-09-18 08:01:14 [ERROR] AI 调用异常 ([deepseek] 1/6 策略=仅标题+链接 retry=0): Error code: 401 - {'error': {'message': 'Authentication Fails, Your api key: ****df0d is invalid', 'type': 'authentication_error', 'param': None, 'code': 'invalid_request_error'}}
2026-09-18 08:01:14 [WARNING] [[deepseek] 1/6 策略=仅标题+链接 retry=0] AI 调用失败或解析失败，继续下一次尝试
2026-09-18 08:01:14 [INFO] 🤖 AI 筛选 [[deepseek] 2/6 策略=仅标题+链接 retry=1]（32 条，7309 字符，temp=0.3）
2026-09-18 08:01:14 [ERROR] AI 调用异常 ([deepseek] 2/6 策略=仅标题+链接 retry=1): Error code: 401 - {'error': {'message': 'Authentication Fails, Your api key: ****df0d is invalid', 'type': 'authentication_error', 'param': None, 'code': 'invalid_request_error'}}
2026-09-18 08:01:14 [WARNING] [[deepseek] 2/6 策略=仅标题+链接 retry=1] AI 调用失败或解析失败，继续下一次尝试
2026-09-18 08:01:14 [INFO] 🤖 AI 筛选 [[deepseek] 3/6 策略=仅标题+链接 retry=2]（32 条，7309 字符，temp=0.3）
2026-09-18 08:01:15 [ERROR] AI 调用异常 ([deepseek] 3/6 策略=仅标题+链接 retry=2): Error code: 401 - {'error': {'message': 'Authentication Fails, Your api key: ****df0d is invalid', 'type': 'authentication_error', 'param': None, 'code': 'invalid_request_error'}}
2026-09-18 08:01:15 [WARNING] [[deepseek] 3/6 策略=仅标题+链接 retry=2] AI 调用失败或解析失败，继续下一次尝试
2026-09-18 08:01:15 [INFO] 🤖 AI 筛选 [[deepseek] 4/6 策略=完整内容 retry=0]（32 条，9975 字符，temp=0.3）
2026-09-18 08:01:15 [ERROR] AI 调用异常 ([deepseek] 4/6 策略=完整内容 retry=0): Error code: 401 - {'error': {'message': 'Authentication Fails, Your api key: ****df0d is invalid', 'type': 'authentication_error', 'param': None, 'code': 'invalid_request_error'}}
2026-09-18 08:01:15 [WARNING] [[deepseek] 4/6 策略=完整内容 retry=0] AI 调用失败或解析失败，继续下一次尝试
2026-09-18 08:01:15 [INFO] 🤖 AI 筛选 [[deepseek] 5/6 策略=完整内容 retry=1]（32 条，9975 字符，temp=0.3）
2026-09-18 08:01:15 [ERROR] AI 调用异常 ([deepseek] 5/6 策略=完整内容 retry=1): Error code: 401 - {'error': {'message': 'Authentication Fails, Your api key: ****df0d is invalid', 'type': 'authentication_error', 'param': None, 'code': 'invalid_request_error'}}
2026-09-18 08:01:15 [WARNING] [[deepseek] 5/6 策略=完整内容 retry=1] AI 调用失败或解析失败，继续下一次尝试
2026-09-18 08:01:15 [INFO] 🤖 AI 筛选 [[deepseek] 6/6 策略=仅标题（无历史） retry=0]（32 条，7309 字符，temp=0.3）
2026-09-18 08:01:16 [ERROR] AI 调用异常 ([deepseek] 6/6 策略=仅标题（无历史） retry=0): Error code: 401 - {'error': {'message': 'Authentication Fails, Your api key: ****df0d is invalid', 'type': 'authentication_error', 'param': None, 'code': 'invalid_request_error'}}
2026-09-18 08:01:16 [WARNING] [[deepseek] 6/6 策略=仅标题（无历史） retry=0] AI 调用失败或解析失败，继续下一次尝试
2026-09-18 08:01:16 [WARNING] [deepseek] 已达最大尝试次数 6，停止
2026-09-18 08:01:16 [INFO] ⚠️ deepseek 未能产出满意结果，尝试下一个提供商
2026-09-18 08:01:16 [INFO] 🔄 尝试 AI 提供商: zhipu
2026-09-18 08:01:16 [ERROR] 未设置环境变量 ZHIPU_API_KEY，无法使用 zhipu
2026-09-18 08:01:16 [INFO] ⚠️ zhipu 未能产出满意结果，尝试下一个提供商
2026-09-18 08:01:16 [INFO] 🔄 尝试 AI 提供商: kimi
2026-09-18 08:01:16 [ERROR] 未设置环境变量 KIMI_API_KEY，无法使用 kimi
2026-09-18 08:01:16 [INFO] ⚠️ kimi 未能产出满意结果，尝试下一个提供商
2026-09-18 08:01:16 [INFO] 🔄 尝试 AI 提供商: huoshan
2026-09-18 08:01:16 [ERROR] 未设置环境变量 HUOSHAN_API_KEY，无法使用 huoshan
2026-09-18 08:01:16 [INFO] ⚠️ huoshan 未能产出满意结果，尝试下一个提供商
2026-09-18 08:01:16 [ERROR] ❌ 所有提供商均失败，返回空列表
2026-09-18 08:01:16 [INFO] 📦 JSON 已保存: reports/2026-09-18-16.json
2026-09-18 08:01:16 [INFO] ✅ AI 筛选完成，共 0 条交易相关消息
2026-09-18 09:00:59 [INFO] 🚀 开始抓取 2026-09-18 17:00 币圈新闻
2026-09-18 09:00:59 [INFO] 📡 抓取 RSS 新闻源...
2026-09-18 09:00:59 [INFO] 📡 抓取交易所公告 & 链上数据...
2026-09-18 09:01:00 [INFO]   ⏭ The Block: 过滤掉 20 条非近期新闻
2026-09-18 09:01:00 [INFO]   ⏭ Decrypt: 过滤掉 50 条非近期新闻
2026-09-18 09:01:00 [INFO]   ⏭ CoinTelegraph: 过滤掉 28 条非近期新闻
2026-09-18 09:01:00 [INFO]   ⏭ Bitcoin Magazine: 过滤掉 10 条非近期新闻
2026-09-18 09:01:00 [INFO]   ⏭ CoinDesk: 过滤掉 24 条非近期新闻
2026-09-18 09:01:00 [WARNING] 解析失败 Bitget公告: 'NoneType' object is not subscriptable
2026-09-18 09:01:00 [INFO]   ⏭ Bloomberg Crypto: 过滤掉 50 条非近期新闻
2026-09-18 09:01:00 [INFO]   ⏭ Reuters Crypto: 过滤掉 50 条非近期新闻
2026-09-18 09:01:00 [INFO]   ⏭ CNBC Crypto: 过滤掉 49 条非近期新闻
2026-09-18 09:01:00 [INFO]   ⏭ 宏观经济: 过滤掉 49 条非近期新闻
2026-09-18 09:01:00 [INFO]   ⏭ Reddit r/cryptocurrency: 过滤掉 24 条非近期新闻
2026-09-18 09:01:01 [INFO]   ⏭ DL News: 过滤掉 50 条非近期新闻
2026-09-18 09:01:01 [INFO]   ⏭ Blockworks: 过滤掉 50 条非近期新闻
2026-09-18 09:01:01 [INFO]   ⏭ Decrypt: 过滤掉 50 条非近期新闻
2026-09-18 09:01:01 [INFO]   ⏭ Bitcoin Magazine: 过滤掉 50 条非近期新闻
2026-09-18 09:01:01 [INFO]   ⏭ Blockworks: 过滤掉 2 条非近期新闻
2026-09-18 09:01:01 [INFO]   ⏭ DeFi Llama: 过滤掉 50 条非近期新闻
2026-09-18 09:01:01 [INFO]   ⏭ 雪球加密: 过滤掉 48 条非近期新闻
2026-09-18 09:01:01 [INFO]   ⏭ 吴说区块链: 过滤掉 50 条非近期新闻
2026-09-18 09:01:01 [INFO]   ⏭ The Block: 过滤掉 50 条非近期新闻
2026-09-18 09:01:02 [INFO]   ⏭ Crypto Twitter: 过滤掉 49 条非近期新闻
2026-09-18 09:01:16 [DEBUG] 请求失败 https://rsshub.rssforever.com/panewslab/news: 
2026-09-18 09:01:16 [DEBUG] 请求失败 https://rsshub.rssforever.com/jinse/lives: 
2026-09-18 09:01:16 [DEBUG] 请求失败 https://rsshub.rssforever.com/theblockbeats/newsflash: 
2026-09-18 09:01:16 [DEBUG] 请求失败 https://rsshub.rssforever.com/bloomberg/crypto: 
2026-09-18 09:01:16 [INFO]   ⏭ 律动BlockBeats: 过滤掉 50 条非近期新闻
2026-09-18 09:01:16 [INFO]   ⏭ PANews: 过滤掉 50 条非近期新闻
2026-09-18 09:01:16 [INFO]   ✓ CoinDesk: 1 条
2026-09-18 09:01:16 [INFO]   ✓ The Block: 0 条
2026-09-18 09:01:16 [INFO]   ✓ Decrypt: 0 条
2026-09-18 09:01:16 [INFO]   ✓ CoinTelegraph: 2 条
2026-09-18 09:01:16 [INFO]   ✓ Bitcoin Magazine: 0 条
2026-09-18 09:01:16 [INFO]   ✓ Blockworks: 0 条
2026-09-18 09:01:16 [INFO]   ✓ DL News: 0 条
2026-09-18 09:01:16 [INFO]   ✓ 金色财经: 0 条
2026-09-18 09:01:16 [INFO]   ✓ PANews: 0 条
2026-09-18 09:01:16 [INFO]   ✓ 律动BlockBeats: 0 条
2026-09-18 09:01:16 [INFO]   ✓ 吴说区块链: 0 条
2026-09-18 09:01:16 [INFO]   ✓ Bloomberg Crypto: 0 条
2026-09-18 09:01:16 [INFO]   ✓ Reuters Crypto: 0 条
2026-09-18 09:01:16 [INFO]   ✓ CNBC Crypto: 1 条
2026-09-18 09:01:16 [INFO]   ✓ Reddit r/cryptocurrency: 1 条
2026-09-18 09:01:16 [INFO]   ✓ Reddit r/bitcoin: 0 条
2026-09-18 09:01:16 [INFO]   ✓ Crypto Twitter: 1 条
2026-09-18 09:01:16 [INFO]   ✓ 宏观经济: 1 条
2026-09-18 09:01:16 [INFO]   ✓ Binance公告: 20 条
2026-09-18 09:01:16 [INFO]   ✓ OKX公告: 0 条
2026-09-18 09:01:16 [INFO]   ✓ Bitget公告: 0 条
2026-09-18 09:01:16 [INFO]   ✓ Whale Alert: 0 条
2026-09-18 09:01:16 [INFO]   ✓ Fear & Greed Index: 1 条
2026-09-18 09:01:16 [INFO]   ✓ DeFi Llama: 0 条
2026-09-18 09:01:16 [INFO]   ✓ 雪球加密: 2 条
2026-09-18 09:01:16 [INFO] 📊 共抓取 30 条新闻
2026-09-18 09:01:16 [INFO] 📋 原始新闻已保存: reports/2026-09-18-17-raw.json (30 条)
2026-09-18 09:01:16 [INFO] 📋 标题摘要已保存: reports/2026-09-18-17-raw-titles.md
2026-09-18 09:01:16 [INFO] ✅ 抓取完成，共 30 条，已保存到 reports/2026-09-18-17-raw.json
2026-09-18 09:01:17 [INFO] 🤖 开始 AI 筛选 2026-09-18 17:00 币圈消息
2026-09-18 09:01:17 [INFO] 📋 已加载原始新闻: reports/2026-09-18-17-raw.json (30 条)
2026-09-18 09:01:17 [INFO] 📚 已加载历史新闻标题（19965 字符）
2026-09-18 09:01:17 [INFO] 📚 已加载历史筛选标题 0 条、URL 0 个，用于去重
2026-09-18 09:01:17 [INFO] 🔄 尝试 AI 提供商: deepseek
2026-09-18 09:01:17 [INFO] 🤖 使用 AI 提供商: deepseek (模型: deepseek-v4-flash)
2026-09-18 09:01:17 [INFO] 🤖 AI 筛选 [[deepseek] 1/6 策略=仅标题+链接 retry=0]（30 条，6701 字符，temp=0.3）
2026-09-18 09:01:18 [ERROR] AI 调用异常 ([deepseek] 1/6 策略=仅标题+链接 retry=0): Error code: 401 - {'error': {'message': 'Authentication Fails, Your api key: ****df0d is invalid', 'type': 'authentication_error', 'param': None, 'code': 'invalid_request_error'}}
2026-09-18 09:01:18 [WARNING] [[deepseek] 1/6 策略=仅标题+链接 retry=0] AI 调用失败或解析失败，继续下一次尝试
2026-09-18 09:01:18 [INFO] 🤖 AI 筛选 [[deepseek] 2/6 策略=仅标题+链接 retry=1]（30 条，6701 字符，temp=0.3）
2026-09-18 09:01:19 [ERROR] AI 调用异常 ([deepseek] 2/6 策略=仅标题+链接 retry=1): Error code: 401 - {'error': {'message': 'Authentication Fails, Your api key: ****df0d is invalid', 'type': 'authentication_error', 'param': None, 'code': 'invalid_request_error'}}
2026-09-18 09:01:19 [WARNING] [[deepseek] 2/6 策略=仅标题+链接 retry=1] AI 调用失败或解析失败，继续下一次尝试
2026-09-18 09:01:19 [INFO] 🤖 AI 筛选 [[deepseek] 3/6 策略=仅标题+链接 retry=2]（30 条，6701 字符，temp=0.3）
2026-09-18 09:01:19 [ERROR] AI 调用异常 ([deepseek] 3/6 策略=仅标题+链接 retry=2): Error code: 401 - {'error': {'message': 'Authentication Fails, Your api key: ****df0d is invalid', 'type': 'authentication_error', 'param': None, 'code': 'invalid_request_error'}}
2026-09-18 09:01:19 [WARNING] [[deepseek] 3/6 策略=仅标题+链接 retry=2] AI 调用失败或解析失败，继续下一次尝试
2026-09-18 09:01:19 [INFO] 🤖 AI 筛选 [[deepseek] 4/6 策略=完整内容 retry=0]（30 条，9233 字符，temp=0.3）
2026-09-18 09:01:19 [ERROR] AI 调用异常 ([deepseek] 4/6 策略=完整内容 retry=0): Error code: 401 - {'error': {'message': 'Authentication Fails, Your api key: ****df0d is invalid', 'type': 'authentication_error', 'param': None, 'code': 'invalid_request_error'}}
2026-09-18 09:01:19 [WARNING] [[deepseek] 4/6 策略=完整内容 retry=0] AI 调用失败或解析失败，继续下一次尝试
2026-09-18 09:01:19 [INFO] 🤖 AI 筛选 [[deepseek] 5/6 策略=完整内容 retry=1]（30 条，9233 字符，temp=0.3）
2026-09-18 09:01:20 [ERROR] AI 调用异常 ([deepseek] 5/6 策略=完整内容 retry=1): Error code: 401 - {'error': {'message': 'Authentication Fails, Your api key: ****df0d is invalid', 'type': 'authentication_error', 'param': None, 'code': 'invalid_request_error'}}
2026-09-18 09:01:20 [WARNING] [[deepseek] 5/6 策略=完整内容 retry=1] AI 调用失败或解析失败，继续下一次尝试
2026-09-18 09:01:20 [INFO] 🤖 AI 筛选 [[deepseek] 6/6 策略=仅标题（无历史） retry=0]（30 条，6701 字符，temp=0.3）
2026-09-18 09:01:20 [ERROR] AI 调用异常 ([deepseek] 6/6 策略=仅标题（无历史） retry=0): Error code: 401 - {'error': {'message': 'Authentication Fails, Your api key: ****df0d is invalid', 'type': 'authentication_error', 'param': None, 'code': 'invalid_request_error'}}
2026-09-18 09:01:20 [WARNING] [[deepseek] 6/6 策略=仅标题（无历史） retry=0] AI 调用失败或解析失败，继续下一次尝试
2026-09-18 09:01:20 [WARNING] [deepseek] 已达最大尝试次数 6，停止
2026-09-18 09:01:20 [INFO] ⚠️ deepseek 未能产出满意结果，尝试下一个提供商
2026-09-18 09:01:20 [INFO] 🔄 尝试 AI 提供商: zhipu
2026-09-18 09:01:20 [ERROR] 未设置环境变量 ZHIPU_API_KEY，无法使用 zhipu
2026-09-18 09:01:20 [INFO] ⚠️ zhipu 未能产出满意结果，尝试下一个提供商
2026-09-18 09:01:20 [INFO] 🔄 尝试 AI 提供商: kimi
2026-09-18 09:01:20 [ERROR] 未设置环境变量 KIMI_API_KEY，无法使用 kimi
2026-09-18 09:01:20 [INFO] ⚠️ kimi 未能产出满意结果，尝试下一个提供商
2026-09-18 09:01:20 [INFO] 🔄 尝试 AI 提供商: huoshan
2026-09-18 09:01:20 [ERROR] 未设置环境变量 HUOSHAN_API_KEY，无法使用 huoshan
2026-09-18 09:01:20 [INFO] ⚠️ huoshan 未能产出满意结果，尝试下一个提供商
2026-09-18 09:01:20 [ERROR] ❌ 所有提供商均失败，返回空列表
2026-09-18 09:01:20 [INFO] 📦 JSON 已保存: reports/2026-09-18-17.json
2026-09-18 09:01:20 [INFO] ✅ AI 筛选完成，共 0 条交易相关消息
2026-09-18 10:01:08 [INFO] 🚀 开始抓取 2026-09-18 18:00 币圈新闻
2026-09-18 10:01:08 [INFO] 📡 抓取 RSS 新闻源...
2026-09-18 10:01:08 [INFO] 📡 抓取交易所公告 & 链上数据...
2026-09-18 10:01:09 [INFO]   ⏭ The Block: 过滤掉 20 条非近期新闻
2026-09-18 10:01:09 [INFO]   ⏭ Decrypt: 过滤掉 48 条非近期新闻
2026-09-18 10:01:09 [INFO]   ⏭ CoinTelegraph: 过滤掉 27 条非近期新闻
2026-09-18 10:01:09 [INFO]   ⏭ Reuters Crypto: 过滤掉 50 条非近期新闻
2026-09-18 10:01:09 [INFO]   ⏭ Bloomberg Crypto: 过滤掉 50 条非近期新闻
2026-09-18 10:01:09 [WARNING] 解析失败 Bitget公告: 'NoneType' object is not subscriptable
2026-09-18 10:01:09 [INFO]   ⏭ CNBC Crypto: 过滤掉 49 条非近期新闻
2026-09-18 10:01:09 [INFO]   ⏭ 宏观经济: 过滤掉 48 条非近期新闻
2026-09-18 10:01:09 [INFO]   ⏭ CoinDesk: 过滤掉 24 条非近期新闻
2026-09-18 10:01:09 [INFO]   ⏭ Bitcoin Magazine: 过滤掉 10 条非近期新闻
2026-09-18 10:01:10 [INFO]   ⏭ Blockworks: 过滤掉 50 条非近期新闻
2026-09-18 10:01:10 [INFO]   ⏭ DL News: 过滤掉 50 条非近期新闻
2026-09-18 10:01:10 [INFO]   ⏭ Bitcoin Magazine: 过滤掉 49 条非近期新闻
2026-09-18 10:01:10 [INFO]   ⏭ Blockworks: 过滤掉 2 条非近期新闻
2026-09-18 10:01:10 [INFO]   ⏭ 律动BlockBeats: 过滤掉 10 条非近期新闻
2026-09-18 10:01:10 [INFO]   ⏭ DeFi Llama: 过滤掉 50 条非近期新闻
2026-09-18 10:01:10 [INFO]   ⏭ The Block: 过滤掉 50 条非近期新闻
2026-09-18 10:01:10 [INFO]   ⏭ 吴说区块链: 过滤掉 50 条非近期新闻
2026-09-18 10:01:11 [INFO]   ⏭ Crypto Twitter: 过滤掉 46 条非近期新闻
2026-09-18 10:01:11 [INFO]   ⏭ 雪球加密: 过滤掉 49 条非近期新闻
2026-09-18 10:01:25 [DEBUG] 请求失败 https://rsshub.rssforever.com/panewslab/news: 
2026-09-18 10:01:25 [DEBUG] 请求失败 https://rsshub.rssforever.com/jinse/lives: 
2026-09-18 10:01:25 [INFO]   ⏭ PANews: 过滤掉 50 条非近期新闻
2026-09-18 10:01:25 [INFO]   ✓ CoinDesk: 1 条
2026-09-18 10:01:25 [INFO]   ✓ The Block: 0 条
2026-09-18 10:01:25 [INFO]   ✓ Decrypt: 2 条
2026-09-18 10:01:25 [INFO]   ✓ CoinTelegraph: 3 条
2026-09-18 10:01:25 [INFO]   ✓ Bitcoin Magazine: 1 条
2026-09-18 10:01:25 [INFO]   ✓ Blockworks: 0 条
2026-09-18 10:01:25 [INFO]   ✓ DL News: 0 条
2026-09-18 10:01:25 [INFO]   ✓ 金色财经: 0 条
2026-09-18 10:01:25 [INFO]   ✓ PANews: 0 条
2026-09-18 10:01:25 [INFO]   ✓ 律动BlockBeats: 10 条
2026-09-18 10:01:25 [INFO]   ✓ 吴说区块链: 0 条
2026-09-18 10:01:25 [INFO]   ✓ Bloomberg Crypto: 0 条
2026-09-18 10:01:25 [INFO]   ✓ Reuters Crypto: 0 条
2026-09-18 10:01:25 [INFO]   ✓ CNBC Crypto: 1 条
2026-09-18 10:01:25 [INFO]   ✓ Reddit r/cryptocurrency: 0 条
2026-09-18 10:01:25 [INFO]   ✓ Reddit r/bitcoin: 0 条
2026-09-18 10:01:25 [INFO]   ✓ Crypto Twitter: 4 条
2026-09-18 10:01:25 [INFO]   ✓ 宏观经济: 2 条
2026-09-18 10:01:25 [INFO]   ✓ Binance公告: 20 条
2026-09-18 10:01:25 [INFO]   ✓ OKX公告: 0 条
2026-09-18 10:01:25 [INFO]   ✓ Bitget公告: 0 条
2026-09-18 10:01:25 [INFO]   ✓ Whale Alert: 0 条
2026-09-18 10:01:25 [INFO]   ✓ Fear & Greed Index: 1 条
2026-09-18 10:01:25 [INFO]   ✓ DeFi Llama: 0 条
2026-09-18 10:01:25 [INFO]   ✓ 雪球加密: 1 条
2026-09-18 10:01:25 [INFO] 📊 共抓取 46 条新闻
2026-09-18 10:01:25 [INFO] 📋 原始新闻已保存: reports/2026-09-18-18-raw.json (46 条)
2026-09-18 10:01:25 [INFO] 📋 标题摘要已保存: reports/2026-09-18-18-raw-titles.md
2026-09-18 10:01:25 [INFO] ✅ 抓取完成，共 46 条，已保存到 reports/2026-09-18-18-raw.json
2026-09-18 10:01:26 [INFO] 🤖 开始 AI 筛选 2026-09-18 18:00 币圈消息
2026-09-18 10:01:26 [INFO] 📋 已加载原始新闻: reports/2026-09-18-18-raw.json (46 条)
2026-09-18 10:01:26 [INFO] 📚 已加载历史新闻标题（19732 字符）
2026-09-18 10:01:26 [INFO] 📚 已加载历史筛选标题 0 条、URL 0 个，用于去重
2026-09-18 10:01:26 [INFO] 🔄 尝试 AI 提供商: deepseek
2026-09-18 10:01:26 [INFO] 🤖 使用 AI 提供商: deepseek (模型: deepseek-v4-flash)
2026-09-18 10:01:26 [INFO] 🤖 AI 筛选 [[deepseek] 1/6 策略=仅标题+链接 retry=0]（46 条，9632 字符，temp=0.3）
2026-09-18 10:01:27 [ERROR] AI 调用异常 ([deepseek] 1/6 策略=仅标题+链接 retry=0): Error code: 401 - {'error': {'message': 'Authentication Fails, Your api key: ****df0d is invalid', 'type': 'authentication_error', 'param': None, 'code': 'invalid_request_error'}}
2026-09-18 10:01:27 [WARNING] [[deepseek] 1/6 策略=仅标题+链接 retry=0] AI 调用失败或解析失败，继续下一次尝试
2026-09-18 10:01:27 [INFO] 🤖 AI 筛选 [[deepseek] 2/6 策略=仅标题+链接 retry=1]（46 条，9632 字符，temp=0.3）
2026-09-18 10:01:28 [ERROR] AI 调用异常 ([deepseek] 2/6 策略=仅标题+链接 retry=1): Error code: 401 - {'error': {'message': 'Authentication Fails, Your api key: ****df0d is invalid', 'type': 'authentication_error', 'param': None, 'code': 'invalid_request_error'}}
2026-09-18 10:01:28 [WARNING] [[deepseek] 2/6 策略=仅标题+链接 retry=1] AI 调用失败或解析失败，继续下一次尝试
2026-09-18 10:01:28 [INFO] 🤖 AI 筛选 [[deepseek] 3/6 策略=仅标题+链接 retry=2]（46 条，9632 字符，temp=0.3）
2026-09-18 10:01:28 [ERROR] AI 调用异常 ([deepseek] 3/6 策略=仅标题+链接 retry=2): Error code: 401 - {'error': {'message': 'Authentication Fails, Your api key: ****df0d is invalid', 'type': 'authentication_error', 'param': None, 'code': 'invalid_request_error'}}
2026-09-18 10:01:28 [WARNING] [[deepseek] 3/6 策略=仅标题+链接 retry=2] AI 调用失败或解析失败，继续下一次尝试
2026-09-18 10:01:28 [INFO] 🤖 AI 筛选 [[deepseek] 4/6 策略=完整内容 retry=0]（46 条，14910 字符，temp=0.3）
2026-09-18 10:01:28 [ERROR] AI 调用异常 ([deepseek] 4/6 策略=完整内容 retry=0): Error code: 401 - {'error': {'message': 'Authentication Fails, Your api key: ****df0d is invalid', 'type': 'authentication_error', 'param': None, 'code': 'invalid_request_error'}}
2026-09-18 10:01:28 [WARNING] [[deepseek] 4/6 策略=完整内容 retry=0] AI 调用失败或解析失败，继续下一次尝试
2026-09-18 10:01:28 [INFO] 🤖 AI 筛选 [[deepseek] 5/6 策略=完整内容 retry=1]（46 条，14910 字符，temp=0.3）
2026-09-18 10:01:29 [ERROR] AI 调用异常 ([deepseek] 5/6 策略=完整内容 retry=1): Error code: 401 - {'error': {'message': 'Authentication Fails, Your api key: ****df0d is invalid', 'type': 'authentication_error', 'param': None, 'code': 'invalid_request_error'}}
2026-09-18 10:01:29 [WARNING] [[deepseek] 5/6 策略=完整内容 retry=1] AI 调用失败或解析失败，继续下一次尝试
2026-09-18 10:01:29 [INFO] 🤖 AI 筛选 [[deepseek] 6/6 策略=仅标题（无历史） retry=0]（46 条，9632 字符，temp=0.3）
2026-09-18 10:01:29 [ERROR] AI 调用异常 ([deepseek] 6/6 策略=仅标题（无历史） retry=0): Error code: 401 - {'error': {'message': 'Authentication Fails, Your api key: ****df0d is invalid', 'type': 'authentication_error', 'param': None, 'code': 'invalid_request_error'}}
2026-09-18 10:01:29 [WARNING] [[deepseek] 6/6 策略=仅标题（无历史） retry=0] AI 调用失败或解析失败，继续下一次尝试
2026-09-18 10:01:29 [WARNING] [deepseek] 已达最大尝试次数 6，停止
2026-09-18 10:01:29 [INFO] ⚠️ deepseek 未能产出满意结果，尝试下一个提供商
2026-09-18 10:01:29 [INFO] 🔄 尝试 AI 提供商: zhipu
2026-09-18 10:01:29 [ERROR] 未设置环境变量 ZHIPU_API_KEY，无法使用 zhipu
2026-09-18 10:01:29 [INFO] ⚠️ zhipu 未能产出满意结果，尝试下一个提供商
2026-09-18 10:01:29 [INFO] 🔄 尝试 AI 提供商: kimi
2026-09-18 10:01:29 [ERROR] 未设置环境变量 KIMI_API_KEY，无法使用 kimi
2026-09-18 10:01:29 [INFO] ⚠️ kimi 未能产出满意结果，尝试下一个提供商
2026-09-18 10:01:29 [INFO] 🔄 尝试 AI 提供商: huoshan
2026-09-18 10:01:29 [ERROR] 未设置环境变量 HUOSHAN_API_KEY，无法使用 huoshan
2026-09-18 10:01:29 [INFO] ⚠️ huoshan 未能产出满意结果，尝试下一个提供商
2026-09-18 10:01:29 [ERROR] ❌ 所有提供商均失败，返回空列表
2026-09-18 10:01:29 [INFO] 📦 JSON 已保存: reports/2026-09-18-18.json
2026-09-18 10:01:29 [INFO] ✅ AI 筛选完成，共 0 条交易相关消息
2026-09-18 11:01:05 [INFO] 🚀 开始抓取 2026-09-18 19:00 币圈新闻
2026-09-18 11:01:05 [INFO] 📡 抓取 RSS 新闻源...
2026-09-18 11:01:05 [INFO] 📡 抓取交易所公告 & 链上数据...
2026-09-18 11:01:05 [INFO]   ⏭ The Block: 过滤掉 19 条非近期新闻
2026-09-18 11:01:05 [INFO]   ⏭ CoinTelegraph: 过滤掉 28 条非近期新闻
2026-09-18 11:01:05 [INFO]   ⏭ Decrypt: 过滤掉 34 条非近期新闻
2026-09-18 11:01:06 [INFO]   ⏭ Bitcoin Magazine: 过滤掉 10 条非近期新闻
2026-09-18 11:01:06 [INFO]   ⏭ CoinDesk: 过滤掉 22 条非近期新闻
2026-09-18 11:01:06 [INFO]   ⏭ 律动BlockBeats: 过滤掉 7 条非近期新闻
2026-09-18 11:01:06 [INFO]   ⏭ Reuters Crypto: 过滤掉 50 条非近期新闻
2026-09-18 11:01:06 [INFO]   ⏭ CNBC Crypto: 过滤掉 48 条非近期新闻
2026-09-18 11:01:06 [INFO]   ⏭ 宏观经济: 过滤掉 46 条非近期新闻
2026-09-18 11:01:06 [INFO]   ⏭ Reddit r/bitcoin: 过滤掉 22 条非近期新闻
2026-09-18 11:01:06 [INFO]   ⏭ Bloomberg Crypto: 过滤掉 50 条非近期新闻
2026-09-18 11:01:06 [INFO]   ⏭ DL News: 过滤掉 50 条非近期新闻
2026-09-18 11:01:06 [WARNING] 解析失败 Bitget公告: 'NoneType' object is not subscriptable
2026-09-18 11:01:06 [INFO]   ⏭ 雪球加密: 过滤掉 50 条非近期新闻
2026-09-18 11:01:06 [INFO]   ⏭ DeFi Llama: 过滤掉 50 条非近期新闻
2026-09-18 11:01:06 [INFO]   ⏭ 吴说区块链: 过滤掉 50 条非近期新闻
2026-09-18 11:01:06 [INFO]   ⏭ Bitcoin Magazine: 过滤掉 47 条非近期新闻
2026-09-18 11:01:07 [INFO]   ⏭ Crypto Twitter: 过滤掉 43 条非近期新闻
2026-09-18 11:01:13 [INFO]   ⏭ Blockworks: 过滤掉 50 条非近期新闻
2026-09-18 11:01:13 [INFO]   ⏭ Blockworks: 过滤掉 2 条非近期新闻
2026-09-18 11:01:21 [DEBUG] 请求失败 https://rsshub.rssforever.com/jinse/lives: 
2026-09-18 11:01:21 [DEBUG] 请求失败 https://rsshub.rssforever.com/panewslab/news: 
2026-09-18 11:01:21 [DEBUG] 请求失败 https://rsshub.rssforever.com/bloomberg/crypto: 
2026-09-18 11:01:21 [INFO]   ⏭ PANews: 过滤掉 50 条非近期新闻
2026-09-18 11:01:21 [INFO]   ✓ CoinDesk: 3 条
2026-09-18 11:01:21 [INFO]   ✓ The Block: 1 条
2026-09-18 11:01:21 [INFO]   ✓ Decrypt: 2 条
2026-09-18 11:01:21 [INFO]   ✓ CoinTelegraph: 2 条
2026-09-18 11:01:21 [INFO]   ✓ Bitcoin Magazine: 3 条
2026-09-18 11:01:21 [INFO]   ✓ Blockworks: 0 条
2026-09-18 11:01:21 [INFO]   ✓ DL News: 0 条
2026-09-18 11:01:21 [INFO]   ✓ 金色财经: 0 条
2026-09-18 11:01:21 [INFO]   ✓ PANews: 0 条
2026-09-18 11:01:21 [INFO]   ✓ 律动BlockBeats: 13 条
2026-09-18 11:01:21 [INFO]   ✓ 吴说区块链: 0 条
2026-09-18 11:01:21 [INFO]   ✓ Bloomberg Crypto: 0 条
2026-09-18 11:01:21 [INFO]   ✓ Reuters Crypto: 0 条
2026-09-18 11:01:21 [INFO]   ✓ CNBC Crypto: 2 条
2026-09-18 11:01:21 [INFO]   ✓ Reddit r/cryptocurrency: 0 条
2026-09-18 11:01:21 [INFO]   ✓ Reddit r/bitcoin: 3 条
2026-09-18 11:01:21 [INFO]   ✓ Crypto Twitter: 7 条
2026-09-18 11:01:21 [INFO]   ✓ 宏观经济: 4 条
2026-09-18 11:01:21 [INFO]   ✓ Binance公告: 20 条
2026-09-18 11:01:21 [INFO]   ✓ OKX公告: 0 条
2026-09-18 11:01:21 [INFO]   ✓ Bitget公告: 0 条
2026-09-18 11:01:21 [INFO]   ✓ Whale Alert: 0 条
2026-09-18 11:01:21 [INFO]   ✓ Fear & Greed Index: 1 条
2026-09-18 11:01:21 [INFO]   ✓ DeFi Llama: 0 条
2026-09-18 11:01:21 [INFO]   ✓ 雪球加密: 0 条
2026-09-18 11:01:21 [INFO] 📊 共抓取 61 条新闻
2026-09-18 11:01:21 [INFO] 📋 原始新闻已保存: reports/2026-09-18-19-raw.json (61 条)
2026-09-18 11:01:21 [INFO] 📋 标题摘要已保存: reports/2026-09-18-19-raw-titles.md
2026-09-18 11:01:21 [INFO] ✅ 抓取完成，共 61 条，已保存到 reports/2026-09-18-19-raw.json
2026-09-18 11:01:22 [INFO] 🤖 开始 AI 筛选 2026-09-18 19:00 币圈消息
2026-09-18 11:01:22 [INFO] 📋 已加载原始新闻: reports/2026-09-18-19-raw.json (61 条)
2026-09-18 11:01:22 [INFO] 📚 已加载历史新闻标题（20413 字符）
2026-09-18 11:01:22 [INFO] 📚 已加载历史筛选标题 0 条、URL 0 个，用于去重
2026-09-18 11:01:22 [INFO] 🔄 尝试 AI 提供商: deepseek
2026-09-18 11:01:22 [INFO] 🤖 使用 AI 提供商: deepseek (模型: deepseek-v4-flash)
2026-09-18 11:01:22 [INFO] 🤖 AI 筛选 [[deepseek] 1/6 策略=仅标题+链接 retry=0]（61 条，14124 字符，temp=0.3）
2026-09-18 11:01:23 [ERROR] AI 调用异常 ([deepseek] 1/6 策略=仅标题+链接 retry=0): Error code: 401 - {'error': {'message': 'Authentication Fails, Your api key: ****df0d is invalid', 'type': 'authentication_error', 'param': None, 'code': 'invalid_request_error'}}
2026-09-18 11:01:23 [WARNING] [[deepseek] 1/6 策略=仅标题+链接 retry=0] AI 调用失败或解析失败，继续下一次尝试
2026-09-18 11:01:23 [INFO] 🤖 AI 筛选 [[deepseek] 2/6 策略=仅标题+链接 retry=1]（61 条，14124 字符，temp=0.3）
2026-09-18 11:01:24 [ERROR] AI 调用异常 ([deepseek] 2/6 策略=仅标题+链接 retry=1): Error code: 401 - {'error': {'message': 'Authentication Fails, Your api key: ****df0d is invalid', 'type': 'authentication_error', 'param': None, 'code': 'invalid_request_error'}}
2026-09-18 11:01:24 [WARNING] [[deepseek] 2/6 策略=仅标题+链接 retry=1] AI 调用失败或解析失败，继续下一次尝试
2026-09-18 11:01:24 [INFO] 🤖 AI 筛选 [[deepseek] 3/6 策略=仅标题+链接 retry=2]（61 条，14124 字符，temp=0.3）
2026-09-18 11:01:24 [ERROR] AI 调用异常 ([deepseek] 3/6 策略=仅标题+链接 retry=2): Error code: 401 - {'error': {'message': 'Authentication Fails, Your api key: ****df0d is invalid', 'type': 'authentication_error', 'param': None, 'code': 'invalid_request_error'}}
2026-09-18 11:01:24 [WARNING] [[deepseek] 3/6 策略=仅标题+链接 retry=2] AI 调用失败或解析失败，继续下一次尝试
2026-09-18 11:01:24 [INFO] 🤖 AI 筛选 [[deepseek] 4/6 策略=完整内容 retry=0]（61 条，21074 字符，temp=0.3）
2026-09-18 11:01:25 [ERROR] AI 调用异常 ([deepseek] 4/6 策略=完整内容 retry=0): Error code: 401 - {'error': {'message': 'Authentication Fails, Your api key: ****df0d is invalid', 'type': 'authentication_error', 'param': None, 'code': 'invalid_request_error'}}
2026-09-18 11:01:25 [WARNING] [[deepseek] 4/6 策略=完整内容 retry=0] AI 调用失败或解析失败，继续下一次尝试
2026-09-18 11:01:25 [INFO] 🤖 AI 筛选 [[deepseek] 5/6 策略=完整内容 retry=1]（61 条，21074 字符，temp=0.3）
2026-09-18 11:01:25 [ERROR] AI 调用异常 ([deepseek] 5/6 策略=完整内容 retry=1): Error code: 401 - {'error': {'message': 'Authentication Fails, Your api key: ****df0d is invalid', 'type': 'authentication_error', 'param': None, 'code': 'invalid_request_error'}}
2026-09-18 11:01:25 [WARNING] [[deepseek] 5/6 策略=完整内容 retry=1] AI 调用失败或解析失败，继续下一次尝试
2026-09-18 11:01:25 [INFO] 🤖 AI 筛选 [[deepseek] 6/6 策略=仅标题（无历史） retry=0]（61 条，14124 字符，temp=0.3）
2026-09-18 11:01:26 [ERROR] AI 调用异常 ([deepseek] 6/6 策略=仅标题（无历史） retry=0): Error code: 401 - {'error': {'message': 'Authentication Fails, Your api key: ****df0d is invalid', 'type': 'authentication_error', 'param': None, 'code': 'invalid_request_error'}}
2026-09-18 11:01:26 [WARNING] [[deepseek] 6/6 策略=仅标题（无历史） retry=0] AI 调用失败或解析失败，继续下一次尝试
2026-09-18 11:01:26 [WARNING] [deepseek] 已达最大尝试次数 6，停止
2026-09-18 11:01:26 [INFO] ⚠️ deepseek 未能产出满意结果，尝试下一个提供商
2026-09-18 11:01:26 [INFO] 🔄 尝试 AI 提供商: zhipu
2026-09-18 11:01:26 [ERROR] 未设置环境变量 ZHIPU_API_KEY，无法使用 zhipu
2026-09-18 11:01:26 [INFO] ⚠️ zhipu 未能产出满意结果，尝试下一个提供商
2026-09-18 11:01:26 [INFO] 🔄 尝试 AI 提供商: kimi
2026-09-18 11:01:26 [ERROR] 未设置环境变量 KIMI_API_KEY，无法使用 kimi
2026-09-18 11:01:26 [INFO] ⚠️ kimi 未能产出满意结果，尝试下一个提供商
2026-09-18 11:01:26 [INFO] 🔄 尝试 AI 提供商: huoshan
2026-09-18 11:01:26 [ERROR] 未设置环境变量 HUOSHAN_API_KEY，无法使用 huoshan
2026-09-18 11:01:26 [INFO] ⚠️ huoshan 未能产出满意结果，尝试下一个提供商
2026-09-18 11:01:26 [ERROR] ❌ 所有提供商均失败，返回空列表
2026-09-18 11:01:26 [INFO] 📦 JSON 已保存: reports/2026-09-18-19.json
2026-09-18 11:01:26 [INFO] ✅ AI 筛选完成，共 0 条交易相关消息
2026-09-18 12:00:55 [INFO] 🚀 开始抓取 2026-09-18 20:00 币圈新闻
2026-09-18 12:00:56 [INFO] 📡 抓取 RSS 新闻源...
2026-09-18 12:00:56 [INFO] 📡 抓取交易所公告 & 链上数据...
2026-09-18 12:00:56 [INFO]   ⏭ CoinTelegraph: 过滤掉 28 条非近期新闻
2026-09-18 12:00:56 [INFO]   ⏭ Decrypt: 过滤掉 36 条非近期新闻
2026-09-18 12:00:56 [INFO]   ⏭ The Block: 过滤掉 19 条非近期新闻
2026-09-18 12:00:56 [INFO]   ⏭ Reuters Crypto: 过滤掉 50 条非近期新闻
2026-09-18 12:00:56 [INFO]   ⏭ Bloomberg Crypto: 过滤掉 50 条非近期新闻
2026-09-18 12:00:56 [INFO]   ⏭ 宏观经济: 过滤掉 47 条非近期新闻
2026-09-18 12:00:56 [INFO]   ⏭ CNBC Crypto: 过滤掉 50 条非近期新闻
2026-09-18 12:00:56 [INFO]   ⏭ CoinDesk: 过滤掉 22 条非近期新闻
2026-09-18 12:00:56 [INFO]   ⏭ Reddit r/cryptocurrency: 过滤掉 24 条非近期新闻
2026-09-18 12:00:56 [INFO]   ⏭ Bitcoin Magazine: 过滤掉 10 条非近期新闻
2026-09-18 12:00:57 [WARNING] 解析失败 Bitget公告: 'NoneType' object is not subscriptable
2026-09-18 12:00:57 [INFO]   ⏭ 律动BlockBeats: 过滤掉 9 条非近期新闻
2026-09-18 12:00:57 [INFO]   ⏭ Blockworks: 过滤掉 50 条非近期新闻
2026-09-18 12:00:57 [INFO]   ⏭ Decrypt: 过滤掉 50 条非近期新闻
2026-09-18 12:00:57 [INFO]   ⏭ Crypto Twitter: 过滤掉 44 条非近期新闻
2026-09-18 12:00:57 [INFO]   ⏭ 雪球加密: 过滤掉 49 条非近期新闻
2026-09-18 12:00:57 [INFO]   ⏭ Blockworks: 过滤掉 2 条非近期新闻
2026-09-18 12:00:57 [INFO]   ⏭ DL News: 过滤掉 50 条非近期新闻
2026-09-18 12:00:57 [INFO]   ⏭ DeFi Llama: 过滤掉 50 条非近期新闻
2026-09-18 12:00:57 [INFO]   ⏭ 吴说区块链: 过滤掉 50 条非近期新闻
2026-09-18 12:00:57 [INFO]   ⏭ Bitcoin Magazine: 过滤掉 48 条非近期新闻
2026-09-18 12:01:11 [DEBUG] 请求失败 https://rsshub.rssforever.com/panewslab/news: 
2026-09-18 12:01:11 [DEBUG] 请求失败 https://rsshub.rssforever.com/jinse/lives: 
2026-09-18 12:01:12 [DEBUG] 请求失败 https://rsshub.rssforever.com/bloomberg/crypto: 
2026-09-18 12:01:16 [INFO]   ⏭ PANews: 过滤掉 50 条非近期新闻
2026-09-18 12:01:16 [INFO]   ✓ CoinDesk: 3 条
2026-09-18 12:01:16 [INFO]   ✓ The Block: 1 条
2026-09-18 12:01:16 [INFO]   ✓ Decrypt: 0 条
2026-09-18 12:01:16 [INFO]   ✓ CoinTelegraph: 2 条
2026-09-18 12:01:16 [INFO]   ✓ Bitcoin Magazine: 2 条
2026-09-18 12:01:16 [INFO]   ✓ Blockworks: 0 条
2026-09-18 12:01:16 [INFO]   ✓ DL News: 0 条
2026-09-18 12:01:16 [INFO]   ✓ 金色财经: 0 条
2026-09-18 12:01:16 [INFO]   ✓ PANews: 0 条
2026-09-18 12:01:16 [INFO]   ✓ 律动BlockBeats: 11 条
2026-09-18 12:01:16 [INFO]   ✓ 吴说区块链: 0 条
2026-09-18 12:01:16 [INFO]   ✓ Bloomberg Crypto: 0 条
2026-09-18 12:01:16 [INFO]   ✓ Reuters Crypto: 0 条
2026-09-18 12:01:16 [INFO]   ✓ CNBC Crypto: 0 条
2026-09-18 12:01:16 [INFO]   ✓ Reddit r/cryptocurrency: 1 条
2026-09-18 12:01:16 [INFO]   ✓ Reddit r/bitcoin: 0 条
2026-09-18 12:01:16 [INFO]   ✓ Crypto Twitter: 6 条
2026-09-18 12:01:16 [INFO]   ✓ 宏观经济: 3 条
2026-09-18 12:01:16 [INFO]   ✓ Binance公告: 20 条
2026-09-18 12:01:16 [INFO]   ✓ OKX公告: 0 条
2026-09-18 12:01:16 [INFO]   ✓ Bitget公告: 0 条
2026-09-18 12:01:16 [INFO]   ✓ Whale Alert: 0 条
2026-09-18 12:01:16 [INFO]   ✓ Fear & Greed Index: 1 条
2026-09-18 12:01:16 [INFO]   ✓ DeFi Llama: 0 条
2026-09-18 12:01:16 [INFO]   ✓ 雪球加密: 1 条
2026-09-18 12:01:16 [INFO] 📊 共抓取 51 条新闻
2026-09-18 12:01:16 [INFO] 📋 原始新闻已保存: reports/2026-09-18-20-raw.json (51 条)
2026-09-18 12:01:16 [INFO] 📋 标题摘要已保存: reports/2026-09-18-20-raw-titles.md
2026-09-18 12:01:16 [INFO] ✅ 抓取完成，共 51 条，已保存到 reports/2026-09-18-20-raw.json
2026-09-18 12:01:17 [INFO] 🤖 开始 AI 筛选 2026-09-18 20:00 币圈消息
2026-09-18 12:01:17 [INFO] 📋 已加载原始新闻: reports/2026-09-18-20-raw.json (51 条)
2026-09-18 12:01:17 [INFO] 📚 已加载历史新闻标题（21707 字符）
2026-09-18 12:01:17 [INFO] 📚 已加载历史筛选标题 0 条、URL 0 个，用于去重
2026-09-18 12:01:17 [INFO] 🔄 尝试 AI 提供商: deepseek
2026-09-18 12:01:17 [INFO] 🤖 使用 AI 提供商: deepseek (模型: deepseek-v4-flash)
2026-09-18 12:01:17 [INFO] 🤖 AI 筛选 [[deepseek] 1/6 策略=仅标题+链接 retry=0]（51 条，11531 字符，temp=0.3）
2026-09-18 12:01:18 [ERROR] AI 调用异常 ([deepseek] 1/6 策略=仅标题+链接 retry=0): Error code: 401 - {'error': {'message': 'Authentication Fails, Your api key: ****df0d is invalid', 'type': 'authentication_error', 'param': None, 'code': 'invalid_request_error'}}
2026-09-18 12:01:18 [WARNING] [[deepseek] 1/6 策略=仅标题+链接 retry=0] AI 调用失败或解析失败，继续下一次尝试
2026-09-18 12:01:18 [INFO] 🤖 AI 筛选 [[deepseek] 2/6 策略=仅标题+链接 retry=1]（51 条，11531 字符，temp=0.3）
2026-09-18 12:01:18 [ERROR] AI 调用异常 ([deepseek] 2/6 策略=仅标题+链接 retry=1): Error code: 401 - {'error': {'message': 'Authentication Fails, Your api key: ****df0d is invalid', 'type': 'authentication_error', 'param': None, 'code': 'invalid_request_error'}}
2026-09-18 12:01:18 [WARNING] [[deepseek] 2/6 策略=仅标题+链接 retry=1] AI 调用失败或解析失败，继续下一次尝试
2026-09-18 12:01:18 [INFO] 🤖 AI 筛选 [[deepseek] 3/6 策略=仅标题+链接 retry=2]（51 条，11531 字符，temp=0.3）
2026-09-18 12:01:19 [ERROR] AI 调用异常 ([deepseek] 3/6 策略=仅标题+链接 retry=2): Error code: 401 - {'error': {'message': 'Authentication Fails, Your api key: ****df0d is invalid', 'type': 'authentication_error', 'param': None, 'code': 'invalid_request_error'}}
2026-09-18 12:01:19 [WARNING] [[deepseek] 3/6 策略=仅标题+链接 retry=2] AI 调用失败或解析失败，继续下一次尝试
2026-09-18 12:01:19 [INFO] 🤖 AI 筛选 [[deepseek] 4/6 策略=完整内容 retry=0]（51 条，17145 字符，temp=0.3）
2026-09-18 12:01:19 [ERROR] AI 调用异常 ([deepseek] 4/6 策略=完整内容 retry=0): Error code: 401 - {'error': {'message': 'Authentication Fails, Your api key: ****df0d is invalid', 'type': 'authentication_error', 'param': None, 'code': 'invalid_request_error'}}
2026-09-18 12:01:19 [WARNING] [[deepseek] 4/6 策略=完整内容 retry=0] AI 调用失败或解析失败，继续下一次尝试
2026-09-18 12:01:19 [INFO] 🤖 AI 筛选 [[deepseek] 5/6 策略=完整内容 retry=1]（51 条，17145 字符，temp=0.3）
2026-09-18 12:01:20 [ERROR] AI 调用异常 ([deepseek] 5/6 策略=完整内容 retry=1): Error code: 401 - {'error': {'message': 'Authentication Fails, Your api key: ****df0d is invalid', 'type': 'authentication_error', 'param': None, 'code': 'invalid_request_error'}}
2026-09-18 12:01:20 [WARNING] [[deepseek] 5/6 策略=完整内容 retry=1] AI 调用失败或解析失败，继续下一次尝试
2026-09-18 12:01:20 [INFO] 🤖 AI 筛选 [[deepseek] 6/6 策略=仅标题（无历史） retry=0]（51 条，11531 字符，temp=0.3）
2026-09-18 12:01:20 [ERROR] AI 调用异常 ([deepseek] 6/6 策略=仅标题（无历史） retry=0): Error code: 401 - {'error': {'message': 'Authentication Fails, Your api key: ****df0d is invalid', 'type': 'authentication_error', 'param': None, 'code': 'invalid_request_error'}}
2026-09-18 12:01:20 [WARNING] [[deepseek] 6/6 策略=仅标题（无历史） retry=0] AI 调用失败或解析失败，继续下一次尝试
2026-09-18 12:01:20 [WARNING] [deepseek] 已达最大尝试次数 6，停止
2026-09-18 12:01:20 [INFO] ⚠️ deepseek 未能产出满意结果，尝试下一个提供商
2026-09-18 12:01:20 [INFO] 🔄 尝试 AI 提供商: zhipu
2026-09-18 12:01:20 [ERROR] 未设置环境变量 ZHIPU_API_KEY，无法使用 zhipu
2026-09-18 12:01:20 [INFO] ⚠️ zhipu 未能产出满意结果，尝试下一个提供商
2026-09-18 12:01:20 [INFO] 🔄 尝试 AI 提供商: kimi
2026-09-18 12:01:20 [ERROR] 未设置环境变量 KIMI_API_KEY，无法使用 kimi
2026-09-18 12:01:20 [INFO] ⚠️ kimi 未能产出满意结果，尝试下一个提供商
2026-09-18 12:01:20 [INFO] 🔄 尝试 AI 提供商: huoshan
2026-09-18 12:01:20 [ERROR] 未设置环境变量 HUOSHAN_API_KEY，无法使用 huoshan
2026-09-18 12:01:20 [INFO] ⚠️ huoshan 未能产出满意结果，尝试下一个提供商
2026-09-18 12:01:20 [ERROR] ❌ 所有提供商均失败，返回空列表
2026-09-18 12:01:20 [INFO] 📦 JSON 已保存: reports/2026-09-18-20.json
2026-09-18 12:01:20 [INFO] ✅ AI 筛选完成，共 0 条交易相关消息
2026-09-18 13:00:55 [INFO] 🚀 开始抓取 2026-09-18 21:00 币圈新闻
2026-09-18 13:00:55 [INFO] 📡 抓取 RSS 新闻源...
2026-09-18 13:00:55 [INFO] 📡 抓取交易所公告 & 链上数据...
2026-09-18 13:00:55 [INFO]   ⏭ The Block: 过滤掉 20 条非近期新闻
2026-09-18 13:00:55 [INFO]   ⏭ CoinTelegraph: 过滤掉 27 条非近期新闻
2026-09-18 13:00:55 [INFO]   ⏭ Decrypt: 过滤掉 35 条非近期新闻
2026-09-18 13:00:55 [INFO]   ⏭ Reuters Crypto: 过滤掉 50 条非近期新闻
2026-09-18 13:00:55 [INFO]   ⏭ Bitcoin Magazine: 过滤掉 10 条非近期新闻
2026-09-18 13:00:55 [INFO]   ⏭ CoinDesk: 过滤掉 22 条非近期新闻
2026-09-18 13:00:56 [INFO]   ⏭ Bloomberg Crypto: 过滤掉 50 条非近期新闻
2026-09-18 13:00:56 [WARNING] 解析失败 Bitget公告: 'NoneType' object is not subscriptable
2026-09-18 13:00:56 [INFO]   ⏭ CNBC Crypto: 过滤掉 48 条非近期新闻
2026-09-18 13:00:56 [INFO]   ⏭ 宏观经济: 过滤掉 50 条非近期新闻
2026-09-18 13:00:56 [INFO]   ⏭ Blockworks: 过滤掉 50 条非近期新闻
2026-09-18 13:00:56 [INFO]   ⏭ DL News: 过滤掉 50 条非近期新闻
2026-09-18 13:00:56 [INFO]   ⏭ Reddit r/bitcoin: 过滤掉 23 条非近期新闻
2026-09-18 13:00:56 [INFO]   ⏭ 金色财经: 过滤掉 15 条非近期新闻
2026-09-18 13:00:56 [INFO]   ⏭ 宏观经济: 过滤掉 50 条非近期新闻
2026-09-18 13:00:56 [INFO]   ⏭ Blockworks: 过滤掉 2 条非近期新闻
2026-09-18 13:00:56 [INFO]   ⏭ Bitcoin Magazine: 过滤掉 50 条非近期新闻
2026-09-18 13:00:56 [INFO]   ⏭ DeFi Llama: 过滤掉 50 条非近期新闻
2026-09-18 13:00:56 [INFO]   ⏭ The Block: 过滤掉 50 条非近期新闻
2026-09-18 13:00:57 [INFO]   ⏭ 雪球加密: 过滤掉 49 条非近期新闻
2026-09-18 13:00:57 [INFO]   ⏭ 吴说区块链: 过滤掉 50 条非近期新闻
2026-09-18 13:00:57 [INFO]   ⏭ Crypto Twitter: 过滤掉 46 条非近期新闻
2026-09-18 13:01:11 [DEBUG] 请求失败 https://rsshub.rssforever.com/theblockbeats/newsflash: 
2026-09-18 13:01:11 [DEBUG] 请求失败 https://rsshub.rssforever.com/panewslab/news: 
2026-09-18 13:01:11 [DEBUG] 请求失败 https://rsshub.rssforever.com/bloomberg/crypto: 
2026-09-18 13:01:11 [INFO]   ⏭ 律动BlockBeats: 过滤掉 50 条非近期新闻
2026-09-18 13:01:11 [INFO]   ⏭ PANews: 过滤掉 50 条非近期新闻
2026-09-18 13:01:11 [INFO]   ✓ CoinDesk: 3 条
2026-09-18 13:01:11 [INFO]   ✓ The Block: 0 条
2026-09-18 13:01:11 [INFO]   ✓ Decrypt: 2 条
2026-09-18 13:01:11 [INFO]   ✓ CoinTelegraph: 3 条
2026-09-18 13:01:11 [INFO]   ✓ Bitcoin Magazine: 0 条
2026-09-18 13:01:11 [INFO]   ✓ Blockworks: 0 条
2026-09-18 13:01:11 [INFO]   ✓ DL News: 0 条
2026-09-18 13:01:11 [INFO]   ✓ 金色财经: 5 条
2026-09-18 13:01:11 [INFO]   ✓ PANews: 0 条
2026-09-18 13:01:11 [INFO]   ✓ 律动BlockBeats: 0 条
2026-09-18 13:01:11 [INFO]   ✓ 吴说区块链: 0 条
2026-09-18 13:01:11 [INFO]   ✓ Bloomberg Crypto: 0 条
2026-09-18 13:01:11 [INFO]   ✓ Reuters Crypto: 0 条
2026-09-18 13:01:11 [INFO]   ✓ CNBC Crypto: 2 条
2026-09-18 13:01:11 [INFO]   ✓ Reddit r/cryptocurrency: 0 条
2026-09-18 13:01:11 [INFO]   ✓ Reddit r/bitcoin: 2 条
2026-09-18 13:01:11 [INFO]   ✓ Crypto Twitter: 4 条
2026-09-18 13:01:11 [INFO]   ✓ 宏观经济: 0 条
2026-09-18 13:01:11 [INFO]   ✓ Binance公告: 20 条
2026-09-18 13:01:11 [INFO]   ✓ OKX公告: 0 条
2026-09-18 13:01:11 [INFO]   ✓ Bitget公告: 0 条
2026-09-18 13:01:11 [INFO]   ✓ Whale Alert: 0 条
2026-09-18 13:01:11 [INFO]   ✓ Fear & Greed Index: 1 条
2026-09-18 13:01:11 [INFO]   ✓ DeFi Llama: 0 条
2026-09-18 13:01:11 [INFO]   ✓ 雪球加密: 1 条
2026-09-18 13:01:11 [INFO] 📊 共抓取 43 条新闻
2026-09-18 13:01:11 [INFO] 📋 原始新闻已保存: reports/2026-09-18-21-raw.json (43 条)
2026-09-18 13:01:11 [INFO] 📋 标题摘要已保存: reports/2026-09-18-21-raw-titles.md
2026-09-18 13:01:11 [INFO] ✅ 抓取完成，共 43 条，已保存到 reports/2026-09-18-21-raw.json
2026-09-18 13:01:12 [INFO] 🤖 开始 AI 筛选 2026-09-18 21:00 币圈消息
2026-09-18 13:01:12 [INFO] 📋 已加载原始新闻: reports/2026-09-18-21-raw.json (43 条)
2026-09-18 13:01:12 [INFO] 📚 已加载历史新闻标题（22254 字符）
2026-09-18 13:01:12 [INFO] 📚 已加载历史筛选标题 0 条、URL 0 个，用于去重
2026-09-18 13:01:12 [INFO] 🔄 尝试 AI 提供商: deepseek
2026-09-18 13:01:12 [INFO] 🤖 使用 AI 提供商: deepseek (模型: deepseek-v4-flash)
2026-09-18 13:01:12 [INFO] 🤖 AI 筛选 [[deepseek] 1/6 策略=仅标题+链接 retry=0]（43 条，9191 字符，temp=0.3）
2026-09-18 13:01:13 [ERROR] AI 调用异常 ([deepseek] 1/6 策略=仅标题+链接 retry=0): Error code: 401 - {'error': {'message': 'Authentication Fails, Your api key: ****df0d is invalid', 'type': 'authentication_error', 'param': None, 'code': 'invalid_request_error'}}
2026-09-18 13:01:13 [WARNING] [[deepseek] 1/6 策略=仅标题+链接 retry=0] AI 调用失败或解析失败，继续下一次尝试
2026-09-18 13:01:13 [INFO] 🤖 AI 筛选 [[deepseek] 2/6 策略=仅标题+链接 retry=1]（43 条，9191 字符，temp=0.3）
2026-09-18 13:01:14 [ERROR] AI 调用异常 ([deepseek] 2/6 策略=仅标题+链接 retry=1): Error code: 401 - {'error': {'message': 'Authentication Fails, Your api key: ****df0d is invalid', 'type': 'authentication_error', 'param': None, 'code': 'invalid_request_error'}}
2026-09-18 13:01:14 [WARNING] [[deepseek] 2/6 策略=仅标题+链接 retry=1] AI 调用失败或解析失败，继续下一次尝试
2026-09-18 13:01:14 [INFO] 🤖 AI 筛选 [[deepseek] 3/6 策略=仅标题+链接 retry=2]（43 条，9191 字符，temp=0.3）
2026-09-18 13:01:14 [ERROR] AI 调用异常 ([deepseek] 3/6 策略=仅标题+链接 retry=2): Error code: 401 - {'error': {'message': 'Authentication Fails, Your api key: ****df0d is invalid', 'type': 'authentication_error', 'param': None, 'code': 'invalid_request_error'}}
2026-09-18 13:01:14 [WARNING] [[deepseek] 3/6 策略=仅标题+链接 retry=2] AI 调用失败或解析失败，继续下一次尝试
2026-09-18 13:01:14 [INFO] 🤖 AI 筛选 [[deepseek] 4/6 策略=完整内容 retry=0]（43 条，13519 字符，temp=0.3）
2026-09-18 13:01:14 [ERROR] AI 调用异常 ([deepseek] 4/6 策略=完整内容 retry=0): Error code: 401 - {'error': {'message': 'Authentication Fails, Your api key: ****df0d is invalid', 'type': 'authentication_error', 'param': None, 'code': 'invalid_request_error'}}
2026-09-18 13:01:14 [WARNING] [[deepseek] 4/6 策略=完整内容 retry=0] AI 调用失败或解析失败，继续下一次尝试
2026-09-18 13:01:14 [INFO] 🤖 AI 筛选 [[deepseek] 5/6 策略=完整内容 retry=1]（43 条，13519 字符，temp=0.3）
2026-09-18 13:01:15 [ERROR] AI 调用异常 ([deepseek] 5/6 策略=完整内容 retry=1): Error code: 401 - {'error': {'message': 'Authentication Fails, Your api key: ****df0d is invalid', 'type': 'authentication_error', 'param': None, 'code': 'invalid_request_error'}}
2026-09-18 13:01:15 [WARNING] [[deepseek] 5/6 策略=完整内容 retry=1] AI 调用失败或解析失败，继续下一次尝试
2026-09-18 13:01:15 [INFO] 🤖 AI 筛选 [[deepseek] 6/6 策略=仅标题（无历史） retry=0]（43 条，9191 字符，temp=0.3）
2026-09-18 13:01:15 [ERROR] AI 调用异常 ([deepseek] 6/6 策略=仅标题（无历史） retry=0): Error code: 401 - {'error': {'message': 'Authentication Fails, Your api key: ****df0d is invalid', 'type': 'authentication_error', 'param': None, 'code': 'invalid_request_error'}}
2026-09-18 13:01:15 [WARNING] [[deepseek] 6/6 策略=仅标题（无历史） retry=0] AI 调用失败或解析失败，继续下一次尝试
2026-09-18 13:01:15 [WARNING] [deepseek] 已达最大尝试次数 6，停止
2026-09-18 13:01:15 [INFO] ⚠️ deepseek 未能产出满意结果，尝试下一个提供商
2026-09-18 13:01:15 [INFO] 🔄 尝试 AI 提供商: zhipu
2026-09-18 13:01:15 [ERROR] 未设置环境变量 ZHIPU_API_KEY，无法使用 zhipu
2026-09-18 13:01:15 [INFO] ⚠️ zhipu 未能产出满意结果，尝试下一个提供商
2026-09-18 13:01:15 [INFO] 🔄 尝试 AI 提供商: kimi
2026-09-18 13:01:15 [ERROR] 未设置环境变量 KIMI_API_KEY，无法使用 kimi
2026-09-18 13:01:15 [INFO] ⚠️ kimi 未能产出满意结果，尝试下一个提供商
2026-09-18 13:01:15 [INFO] 🔄 尝试 AI 提供商: huoshan
2026-09-18 13:01:15 [ERROR] 未设置环境变量 HUOSHAN_API_KEY，无法使用 huoshan
2026-09-18 13:01:15 [INFO] ⚠️ huoshan 未能产出满意结果，尝试下一个提供商
2026-09-18 13:01:15 [ERROR] ❌ 所有提供商均失败，返回空列表
2026-09-18 13:01:15 [INFO] 📦 JSON 已保存: reports/2026-09-18-21.json
2026-09-18 13:01:15 [INFO] ✅ AI 筛选完成，共 0 条交易相关消息
