2026-08-17 16:00:48 [INFO] 🚀 开始抓取 2026-08-18 00:00 币圈新闻
2026-08-17 16:00:48 [INFO] 📡 抓取 RSS 新闻源...
2026-08-17 16:00:48 [INFO] 📡 抓取交易所公告 & 链上数据...
2026-08-17 16:00:48 [INFO]   ⏭ Decrypt: 过滤掉 32 条非近期新闻
2026-08-17 16:00:48 [INFO]   ⏭ The Block: 过滤掉 19 条非近期新闻
2026-08-17 16:00:48 [INFO]   ⏭ CoinTelegraph: 过滤掉 30 条非近期新闻
2026-08-17 16:00:48 [WARNING] 解析失败 Bitget公告: 'NoneType' object is not subscriptable
2026-08-17 16:00:48 [INFO]   ⏭ Reuters Crypto: 过滤掉 48 条非近期新闻
2026-08-17 16:00:48 [INFO]   ⏭ 宏观经济: 过滤掉 49 条非近期新闻
2026-08-17 16:00:48 [INFO]   ⏭ CNBC Crypto: 过滤掉 47 条非近期新闻
2026-08-17 16:00:48 [INFO]   ⏭ Bloomberg Crypto: 过滤掉 49 条非近期新闻
2026-08-17 16:00:49 [INFO]   ⏭ Bitcoin Magazine: 过滤掉 9 条非近期新闻
2026-08-17 16:00:49 [INFO]   ⏭ CoinDesk: 过滤掉 21 条非近期新闻
2026-08-17 16:00:49 [INFO]   ⏭ Blockworks: 过滤掉 50 条非近期新闻
2026-08-17 16:00:49 [INFO]   ⏭ DL News: 过滤掉 50 条非近期新闻
2026-08-17 16:00:49 [INFO]   ⏭ 吴说区块链: 过滤掉 35 条非近期新闻
2026-08-17 16:00:49 [INFO]   ⏭ Blockworks: 过滤掉 8 条非近期新闻
2026-08-17 16:00:49 [INFO]   ⏭ DeFi Llama: 过滤掉 50 条非近期新闻
2026-08-17 16:00:49 [INFO]   ⏭ 雪球加密: 过滤掉 48 条非近期新闻
2026-08-17 16:00:49 [INFO]   ⏭ Crypto Twitter: 过滤掉 35 条非近期新闻
2026-08-17 16:00:52 [INFO]   ⏭ PANews: 过滤掉 50 条非近期新闻
2026-08-17 16:00:52 [INFO]   ⏭ 律动BlockBeats: 过滤掉 50 条非近期新闻
2026-08-17 16:00:53 [INFO]   ⏭ 金色财经: 过滤掉 5 条非近期新闻
2026-08-17 16:01:04 [DEBUG] 请求失败 https://rsshub.rssforever.com/cointelegraph: 
2026-08-17 16:01:04 [INFO]   ⏭ CoinTelegraph: 过滤掉 50 条非近期新闻
2026-08-17 16:01:04 [INFO]   ✓ CoinDesk: 4 条
2026-08-17 16:01:04 [INFO]   ✓ The Block: 1 条
2026-08-17 16:01:04 [INFO]   ✓ Decrypt: 2 条
2026-08-17 16:01:04 [INFO]   ✓ CoinTelegraph: 0 条
2026-08-17 16:01:04 [INFO]   ✓ Bitcoin Magazine: 1 条
2026-08-17 16:01:04 [INFO]   ✓ Blockworks: 0 条
2026-08-17 16:01:04 [INFO]   ✓ DL News: 0 条
2026-08-17 16:01:04 [INFO]   ✓ 金色财经: 15 条
2026-08-17 16:01:04 [INFO]   ✓ PANews: 0 条
2026-08-17 16:01:04 [INFO]   ✓ 律动BlockBeats: 0 条
2026-08-17 16:01:04 [INFO]   ✓ 吴说区块链: 0 条
2026-08-17 16:01:04 [INFO]   ✓ Bloomberg Crypto: 1 条
2026-08-17 16:01:04 [INFO]   ✓ Reuters Crypto: 2 条
2026-08-17 16:01:04 [INFO]   ✓ CNBC Crypto: 3 条
2026-08-17 16:01:04 [INFO]   ✓ Reddit r/cryptocurrency: 0 条
2026-08-17 16:01:04 [INFO]   ✓ Reddit r/bitcoin: 0 条
2026-08-17 16:01:04 [INFO]   ✓ Crypto Twitter: 15 条
2026-08-17 16:01:04 [INFO]   ✓ 宏观经济: 1 条
2026-08-17 16:01:04 [INFO]   ✓ Binance公告: 20 条
2026-08-17 16:01:04 [INFO]   ✓ OKX公告: 0 条
2026-08-17 16:01:04 [INFO]   ✓ Bitget公告: 0 条
2026-08-17 16:01:04 [INFO]   ✓ Whale Alert: 0 条
2026-08-17 16:01:04 [INFO]   ✓ Fear & Greed Index: 1 条
2026-08-17 16:01:04 [INFO]   ✓ DeFi Llama: 0 条
2026-08-17 16:01:04 [INFO]   ✓ 雪球加密: 2 条
2026-08-17 16:01:04 [INFO] 📊 共抓取 68 条新闻
2026-08-17 16:01:04 [INFO] 📋 原始新闻已保存: reports/2026-08-18-00-raw.json (68 条)
2026-08-17 16:01:04 [INFO] 📋 标题摘要已保存: reports/2026-08-18-00-raw-titles.md
2026-08-17 16:01:04 [INFO] ✅ 抓取完成，共 68 条，已保存到 reports/2026-08-18-00-raw.json
2026-08-17 16:01:05 [INFO] 🤖 开始 AI 筛选 2026-08-18 00:00 币圈消息
2026-08-17 16:01:05 [INFO] 📋 已加载原始新闻: reports/2026-08-18-00-raw.json (68 条)
2026-08-17 16:01:05 [INFO] 📚 已加载历史新闻标题（33397 字符）
2026-08-17 16:01:05 [INFO] 📚 已加载历史筛选标题 0 条、URL 0 个，用于去重
2026-08-17 16:01:05 [INFO] 🔄 尝试 AI 提供商: deepseek
2026-08-17 16:01:05 [INFO] 🤖 使用 AI 提供商: deepseek (模型: deepseek-v4-flash)
2026-08-17 16:01:05 [INFO] 🤖 AI 筛选 [[deepseek] 1/6 策略=仅标题+链接 retry=0]（68 条，16397 字符，temp=0.3）
2026-08-17 16:01:06 [ERROR] AI 调用异常 ([deepseek] 1/6 策略=仅标题+链接 retry=0): Error code: 401 - {'error': {'message': 'Authentication Fails, Your api key: ****df0d is invalid', 'type': 'authentication_error', 'param': None, 'code': 'invalid_request_error'}}
2026-08-17 16:01:06 [WARNING] [[deepseek] 1/6 策略=仅标题+链接 retry=0] AI 调用失败或解析失败，继续下一次尝试
2026-08-17 16:01:06 [INFO] 🤖 AI 筛选 [[deepseek] 2/6 策略=仅标题+链接 retry=1]（68 条，16397 字符，temp=0.3）
2026-08-17 16:01:06 [ERROR] AI 调用异常 ([deepseek] 2/6 策略=仅标题+链接 retry=1): Error code: 401 - {'error': {'message': 'Authentication Fails, Your api key: ****df0d is invalid', 'type': 'authentication_error', 'param': None, 'code': 'invalid_request_error'}}
2026-08-17 16:01:06 [WARNING] [[deepseek] 2/6 策略=仅标题+链接 retry=1] AI 调用失败或解析失败，继续下一次尝试
2026-08-17 16:01:06 [INFO] 🤖 AI 筛选 [[deepseek] 3/6 策略=仅标题+链接 retry=2]（68 条，16397 字符，temp=0.3）
2026-08-17 16:01:07 [ERROR] AI 调用异常 ([deepseek] 3/6 策略=仅标题+链接 retry=2): Error code: 401 - {'error': {'message': 'Authentication Fails, Your api key: ****df0d is invalid', 'type': 'authentication_error', 'param': None, 'code': 'invalid_request_error'}}
2026-08-17 16:01:07 [WARNING] [[deepseek] 3/6 策略=仅标题+链接 retry=2] AI 调用失败或解析失败，继续下一次尝试
2026-08-17 16:01:07 [INFO] 🤖 AI 筛选 [[deepseek] 4/6 策略=完整内容 retry=0]（68 条，23581 字符，temp=0.3）
2026-08-17 16:01:08 [ERROR] AI 调用异常 ([deepseek] 4/6 策略=完整内容 retry=0): Error code: 401 - {'error': {'message': 'Authentication Fails, Your api key: ****df0d is invalid', 'type': 'authentication_error', 'param': None, 'code': 'invalid_request_error'}}
2026-08-17 16:01:08 [WARNING] [[deepseek] 4/6 策略=完整内容 retry=0] AI 调用失败或解析失败，继续下一次尝试
2026-08-17 16:01:08 [INFO] 🤖 AI 筛选 [[deepseek] 5/6 策略=完整内容 retry=1]（68 条，23581 字符，temp=0.3）
2026-08-17 16:01:08 [ERROR] AI 调用异常 ([deepseek] 5/6 策略=完整内容 retry=1): Error code: 401 - {'error': {'message': 'Authentication Fails, Your api key: ****df0d is invalid', 'type': 'authentication_error', 'param': None, 'code': 'invalid_request_error'}}
2026-08-17 16:01:08 [WARNING] [[deepseek] 5/6 策略=完整内容 retry=1] AI 调用失败或解析失败，继续下一次尝试
2026-08-17 16:01:08 [INFO] 🤖 AI 筛选 [[deepseek] 6/6 策略=仅标题（无历史） retry=0]（68 条，16397 字符，temp=0.3）
2026-08-17 16:01:08 [ERROR] AI 调用异常 ([deepseek] 6/6 策略=仅标题（无历史） retry=0): Error code: 401 - {'error': {'message': 'Authentication Fails, Your api key: ****df0d is invalid', 'type': 'authentication_error', 'param': None, 'code': 'invalid_request_error'}}
2026-08-17 16:01:08 [WARNING] [[deepseek] 6/6 策略=仅标题（无历史） retry=0] AI 调用失败或解析失败，继续下一次尝试
2026-08-17 16:01:08 [WARNING] [deepseek] 已达最大尝试次数 6，停止
2026-08-17 16:01:08 [INFO] ⚠️ deepseek 未能产出满意结果，尝试下一个提供商
2026-08-17 16:01:08 [INFO] 🔄 尝试 AI 提供商: zhipu
2026-08-17 16:01:08 [ERROR] 未设置环境变量 ZHIPU_API_KEY，无法使用 zhipu
2026-08-17 16:01:08 [INFO] ⚠️ zhipu 未能产出满意结果，尝试下一个提供商
2026-08-17 16:01:08 [INFO] 🔄 尝试 AI 提供商: kimi
2026-08-17 16:01:08 [ERROR] 未设置环境变量 KIMI_API_KEY，无法使用 kimi
2026-08-17 16:01:08 [INFO] ⚠️ kimi 未能产出满意结果，尝试下一个提供商
2026-08-17 16:01:08 [INFO] 🔄 尝试 AI 提供商: huoshan
2026-08-17 16:01:08 [ERROR] 未设置环境变量 HUOSHAN_API_KEY，无法使用 huoshan
2026-08-17 16:01:08 [INFO] ⚠️ huoshan 未能产出满意结果，尝试下一个提供商
2026-08-17 16:01:08 [ERROR] ❌ 所有提供商均失败，返回空列表
2026-08-17 16:01:08 [INFO] 📦 JSON 已保存: reports/2026-08-18-00.json
2026-08-17 16:01:08 [INFO] ✅ AI 筛选完成，共 0 条交易相关消息
2026-08-17 17:00:53 [INFO] 🚀 开始抓取 2026-08-18 01:00 币圈新闻
2026-08-17 17:00:53 [INFO] 📡 抓取 RSS 新闻源...
2026-08-17 17:00:53 [INFO] 📡 抓取交易所公告 & 链上数据...
2026-08-17 17:00:53 [INFO]   ⏭ Decrypt: 过滤掉 31 条非近期新闻
2026-08-17 17:00:53 [INFO]   ⏭ The Block: 过滤掉 18 条非近期新闻
2026-08-17 17:00:53 [INFO]   ⏭ CoinTelegraph: 过滤掉 27 条非近期新闻
2026-08-17 17:00:54 [INFO]   ⏭ CoinDesk: 过滤掉 23 条非近期新闻
2026-08-17 17:00:54 [INFO]   ⏭ Bitcoin Magazine: 过滤掉 9 条非近期新闻
2026-08-17 17:00:54 [WARNING] 解析失败 Bitget公告: 'NoneType' object is not subscriptable
2026-08-17 17:00:54 [INFO]   ⏭ Bloomberg Crypto: 过滤掉 50 条非近期新闻
2026-08-17 17:00:54 [INFO]   ⏭ Reuters Crypto: 过滤掉 49 条非近期新闻
2026-08-17 17:00:54 [INFO]   ⏭ 宏观经济: 过滤掉 50 条非近期新闻
2026-08-17 17:00:54 [INFO]   ⏭ CNBC Crypto: 过滤掉 48 条非近期新闻
2026-08-17 17:00:54 [INFO]   ⏭ DL News: 过滤掉 50 条非近期新闻
2026-08-17 17:00:54 [INFO]   ⏭ Reddit r/bitcoin: 过滤掉 20 条非近期新闻
2026-08-17 17:00:54 [INFO]   ⏭ Blockworks: 过滤掉 50 条非近期新闻
2026-08-17 17:00:54 [INFO]   ⏭ Crypto Twitter: 过滤掉 39 条非近期新闻
2026-08-17 17:00:54 [INFO]   ⏭ DeFi Llama: 过滤掉 50 条非近期新闻
2026-08-17 17:00:54 [INFO]   ⏭ 吴说区块链: 过滤掉 35 条非近期新闻
2026-08-17 17:00:54 [INFO]   ⏭ 雪球加密: 过滤掉 50 条非近期新闻
2026-08-17 17:00:54 [INFO]   ⏭ 宏观经济: 过滤掉 46 条非近期新闻
2026-08-17 17:00:54 [INFO]   ⏭ Blockworks: 过滤掉 8 条非近期新闻
2026-08-17 17:00:57 [INFO]   ⏭ PANews: 过滤掉 50 条非近期新闻
2026-08-17 17:00:58 [INFO]   ⏭ 律动BlockBeats: 过滤掉 50 条非近期新闻
2026-08-17 17:01:09 [DEBUG] 请求失败 https://rsshub.rssforever.com/jinse/lives: 
2026-08-17 17:01:09 [INFO]   ✓ CoinDesk: 2 条
2026-08-17 17:01:09 [INFO]   ✓ The Block: 2 条
2026-08-17 17:01:09 [INFO]   ✓ Decrypt: 3 条
2026-08-17 17:01:09 [INFO]   ✓ CoinTelegraph: 3 条
2026-08-17 17:01:09 [INFO]   ✓ Bitcoin Magazine: 1 条
2026-08-17 17:01:09 [INFO]   ✓ Blockworks: 0 条
2026-08-17 17:01:09 [INFO]   ✓ DL News: 0 条
2026-08-17 17:01:09 [INFO]   ✓ 金色财经: 0 条
2026-08-17 17:01:09 [INFO]   ✓ PANews: 0 条
2026-08-17 17:01:09 [INFO]   ✓ 律动BlockBeats: 0 条
2026-08-17 17:01:09 [INFO]   ✓ 吴说区块链: 0 条
2026-08-17 17:01:09 [INFO]   ✓ Bloomberg Crypto: 0 条
2026-08-17 17:01:09 [INFO]   ✓ Reuters Crypto: 1 条
2026-08-17 17:01:09 [INFO]   ✓ CNBC Crypto: 2 条
2026-08-17 17:01:09 [INFO]   ✓ Reddit r/cryptocurrency: 0 条
2026-08-17 17:01:09 [INFO]   ✓ Reddit r/bitcoin: 5 条
2026-08-17 17:01:09 [INFO]   ✓ Crypto Twitter: 11 条
2026-08-17 17:01:09 [INFO]   ✓ 宏观经济: 0 条
2026-08-17 17:01:09 [INFO]   ✓ Binance公告: 20 条
2026-08-17 17:01:09 [INFO]   ✓ OKX公告: 0 条
2026-08-17 17:01:09 [INFO]   ✓ Bitget公告: 0 条
2026-08-17 17:01:09 [INFO]   ✓ Whale Alert: 0 条
2026-08-17 17:01:09 [INFO]   ✓ Fear & Greed Index: 1 条
2026-08-17 17:01:09 [INFO]   ✓ DeFi Llama: 0 条
2026-08-17 17:01:09 [INFO]   ✓ 雪球加密: 0 条
2026-08-17 17:01:09 [INFO] 📊 共抓取 51 条新闻
2026-08-17 17:01:09 [INFO] 📋 原始新闻已保存: reports/2026-08-18-01-raw.json (51 条)
2026-08-17 17:01:09 [INFO] 📋 标题摘要已保存: reports/2026-08-18-01-raw-titles.md
2026-08-17 17:01:09 [INFO] ✅ 抓取完成，共 51 条，已保存到 reports/2026-08-18-01-raw.json
2026-08-17 17:01:10 [INFO] 🤖 开始 AI 筛选 2026-08-18 01:00 币圈消息
2026-08-17 17:01:10 [INFO] 📋 已加载原始新闻: reports/2026-08-18-01-raw.json (51 条)
2026-08-17 17:01:10 [INFO] 📚 已加载历史新闻标题（32962 字符）
2026-08-17 17:01:10 [INFO] 📚 已加载历史筛选标题 0 条、URL 0 个，用于去重
2026-08-17 17:01:10 [INFO] 🔄 尝试 AI 提供商: deepseek
2026-08-17 17:01:10 [INFO] 🤖 使用 AI 提供商: deepseek (模型: deepseek-v4-flash)
2026-08-17 17:01:10 [INFO] 🤖 AI 筛选 [[deepseek] 1/6 策略=仅标题+链接 retry=0]（51 条，13133 字符，temp=0.3）
2026-08-17 17:01:11 [ERROR] AI 调用异常 ([deepseek] 1/6 策略=仅标题+链接 retry=0): Error code: 401 - {'error': {'message': 'Authentication Fails, Your api key: ****df0d is invalid', 'type': 'authentication_error', 'param': None, 'code': 'invalid_request_error'}}
2026-08-17 17:01:11 [WARNING] [[deepseek] 1/6 策略=仅标题+链接 retry=0] AI 调用失败或解析失败，继续下一次尝试
2026-08-17 17:01:11 [INFO] 🤖 AI 筛选 [[deepseek] 2/6 策略=仅标题+链接 retry=1]（51 条，13133 字符，temp=0.3）
2026-08-17 17:01:11 [ERROR] AI 调用异常 ([deepseek] 2/6 策略=仅标题+链接 retry=1): Error code: 401 - {'error': {'message': 'Authentication Fails, Your api key: ****df0d is invalid', 'type': 'authentication_error', 'param': None, 'code': 'invalid_request_error'}}
2026-08-17 17:01:11 [WARNING] [[deepseek] 2/6 策略=仅标题+链接 retry=1] AI 调用失败或解析失败，继续下一次尝试
2026-08-17 17:01:11 [INFO] 🤖 AI 筛选 [[deepseek] 3/6 策略=仅标题+链接 retry=2]（51 条，13133 字符，temp=0.3）
2026-08-17 17:01:12 [ERROR] AI 调用异常 ([deepseek] 3/6 策略=仅标题+链接 retry=2): Error code: 401 - {'error': {'message': 'Authentication Fails, Your api key: ****df0d is invalid', 'type': 'authentication_error', 'param': None, 'code': 'invalid_request_error'}}
2026-08-17 17:01:12 [WARNING] [[deepseek] 3/6 策略=仅标题+链接 retry=2] AI 调用失败或解析失败，继续下一次尝试
2026-08-17 17:01:12 [INFO] 🤖 AI 筛选 [[deepseek] 4/6 策略=完整内容 retry=0]（51 条，18697 字符，temp=0.3）
2026-08-17 17:01:12 [ERROR] AI 调用异常 ([deepseek] 4/6 策略=完整内容 retry=0): Error code: 401 - {'error': {'message': 'Authentication Fails, Your api key: ****df0d is invalid', 'type': 'authentication_error', 'param': None, 'code': 'invalid_request_error'}}
2026-08-17 17:01:12 [WARNING] [[deepseek] 4/6 策略=完整内容 retry=0] AI 调用失败或解析失败，继续下一次尝试
2026-08-17 17:01:12 [INFO] 🤖 AI 筛选 [[deepseek] 5/6 策略=完整内容 retry=1]（51 条，18697 字符，temp=0.3）
2026-08-17 17:01:12 [ERROR] AI 调用异常 ([deepseek] 5/6 策略=完整内容 retry=1): Error code: 401 - {'error': {'message': 'Authentication Fails, Your api key: ****df0d is invalid', 'type': 'authentication_error', 'param': None, 'code': 'invalid_request_error'}}
2026-08-17 17:01:12 [WARNING] [[deepseek] 5/6 策略=完整内容 retry=1] AI 调用失败或解析失败，继续下一次尝试
2026-08-17 17:01:12 [INFO] 🤖 AI 筛选 [[deepseek] 6/6 策略=仅标题（无历史） retry=0]（51 条，13133 字符，temp=0.3）
2026-08-17 17:01:13 [ERROR] AI 调用异常 ([deepseek] 6/6 策略=仅标题（无历史） retry=0): Error code: 401 - {'error': {'message': 'Authentication Fails, Your api key: ****df0d is invalid', 'type': 'authentication_error', 'param': None, 'code': 'invalid_request_error'}}
2026-08-17 17:01:13 [WARNING] [[deepseek] 6/6 策略=仅标题（无历史） retry=0] AI 调用失败或解析失败，继续下一次尝试
2026-08-17 17:01:13 [WARNING] [deepseek] 已达最大尝试次数 6，停止
2026-08-17 17:01:13 [INFO] ⚠️ deepseek 未能产出满意结果，尝试下一个提供商
2026-08-17 17:01:13 [INFO] 🔄 尝试 AI 提供商: zhipu
2026-08-17 17:01:13 [ERROR] 未设置环境变量 ZHIPU_API_KEY，无法使用 zhipu
2026-08-17 17:01:13 [INFO] ⚠️ zhipu 未能产出满意结果，尝试下一个提供商
2026-08-17 17:01:13 [INFO] 🔄 尝试 AI 提供商: kimi
2026-08-17 17:01:13 [ERROR] 未设置环境变量 KIMI_API_KEY，无法使用 kimi
2026-08-17 17:01:13 [INFO] ⚠️ kimi 未能产出满意结果，尝试下一个提供商
2026-08-17 17:01:13 [INFO] 🔄 尝试 AI 提供商: huoshan
2026-08-17 17:01:13 [ERROR] 未设置环境变量 HUOSHAN_API_KEY，无法使用 huoshan
2026-08-17 17:01:13 [INFO] ⚠️ huoshan 未能产出满意结果，尝试下一个提供商
2026-08-17 17:01:13 [ERROR] ❌ 所有提供商均失败，返回空列表
2026-08-17 17:01:13 [INFO] 📦 JSON 已保存: reports/2026-08-18-01.json
2026-08-17 17:01:13 [INFO] ✅ AI 筛选完成，共 0 条交易相关消息
2026-08-17 18:00:52 [INFO] 🚀 开始抓取 2026-08-18 02:00 币圈新闻
2026-08-17 18:00:52 [INFO] 📡 抓取 RSS 新闻源...
2026-08-17 18:00:52 [INFO] 📡 抓取交易所公告 & 链上数据...
2026-08-17 18:00:52 [INFO]   ⏭ CoinTelegraph: 过滤掉 26 条非近期新闻
2026-08-17 18:00:52 [INFO]   ⏭ Decrypt: 过滤掉 33 条非近期新闻
2026-08-17 18:00:52 [INFO]   ⏭ The Block: 过滤掉 18 条非近期新闻
2026-08-17 18:00:52 [INFO]   ⏭ CoinDesk: 过滤掉 24 条非近期新闻
2026-08-17 18:00:52 [INFO]   ⏭ Bitcoin Magazine: 过滤掉 9 条非近期新闻
2026-08-17 18:00:53 [WARNING] 解析失败 Bitget公告: 'NoneType' object is not subscriptable
2026-08-17 18:00:53 [INFO]   ⏭ Bloomberg Crypto: 过滤掉 50 条非近期新闻
2026-08-17 18:00:53 [INFO]   ⏭ Reuters Crypto: 过滤掉 50 条非近期新闻
2026-08-17 18:00:53 [INFO]   ⏭ 宏观经济: 过滤掉 50 条非近期新闻
2026-08-17 18:00:53 [INFO]   ⏭ Blockworks: 过滤掉 50 条非近期新闻
2026-08-17 18:00:53 [INFO]   ⏭ CNBC Crypto: 过滤掉 50 条非近期新闻
2026-08-17 18:00:53 [INFO]   ⏭ 吴说区块链: 过滤掉 35 条非近期新闻
2026-08-17 18:00:53 [INFO]   ⏭ Reddit r/bitcoin: 过滤掉 20 条非近期新闻
2026-08-17 18:00:53 [INFO]   ⏭ DeFi Llama: 过滤掉 50 条非近期新闻
2026-08-17 18:00:53 [INFO]   ⏭ DL News: 过滤掉 50 条非近期新闻
2026-08-17 18:00:53 [INFO]   ⏭ 雪球加密: 过滤掉 50 条非近期新闻
2026-08-17 18:00:53 [INFO]   ⏭ 宏观经济: 过滤掉 46 条非近期新闻
2026-08-17 18:00:53 [INFO]   ⏭ Blockworks: 过滤掉 8 条非近期新闻
2026-08-17 18:00:54 [INFO]   ⏭ Crypto Twitter: 过滤掉 45 条非近期新闻
2026-08-17 18:01:07 [DEBUG] 请求失败 https://rsshub.rssforever.com/theblockbeats/newsflash: 
2026-08-17 18:01:07 [DEBUG] 请求失败 https://rsshub.rssforever.com/jinse/lives: 
2026-08-17 18:01:07 [DEBUG] 请求失败 https://rsshub.rssforever.com/panewslab/news: 
2026-08-17 18:01:08 [INFO]   ⏭ 律动BlockBeats: 过滤掉 50 条非近期新闻
2026-08-17 18:01:08 [DEBUG] 请求失败 https://rsshub.rssforever.com/bloomberg/crypto: 
2026-08-17 18:01:08 [INFO]   ⏭ PANews: 过滤掉 50 条非近期新闻
2026-08-17 18:01:08 [INFO]   ✓ CoinDesk: 1 条
2026-08-17 18:01:08 [INFO]   ✓ The Block: 2 条
2026-08-17 18:01:08 [INFO]   ✓ Decrypt: 1 条
2026-08-17 18:01:08 [INFO]   ✓ CoinTelegraph: 4 条
2026-08-17 18:01:08 [INFO]   ✓ Bitcoin Magazine: 1 条
2026-08-17 18:01:08 [INFO]   ✓ Blockworks: 0 条
2026-08-17 18:01:08 [INFO]   ✓ DL News: 0 条
2026-08-17 18:01:08 [INFO]   ✓ 金色财经: 0 条
2026-08-17 18:01:08 [INFO]   ✓ PANews: 0 条
2026-08-17 18:01:08 [INFO]   ✓ 律动BlockBeats: 0 条
2026-08-17 18:01:08 [INFO]   ✓ 吴说区块链: 0 条
2026-08-17 18:01:08 [INFO]   ✓ Bloomberg Crypto: 0 条
2026-08-17 18:01:08 [INFO]   ✓ Reuters Crypto: 0 条
2026-08-17 18:01:08 [INFO]   ✓ CNBC Crypto: 0 条
2026-08-17 18:01:08 [INFO]   ✓ Reddit r/cryptocurrency: 0 条
2026-08-17 18:01:08 [INFO]   ✓ Reddit r/bitcoin: 5 条
2026-08-17 18:01:08 [INFO]   ✓ Crypto Twitter: 5 条
2026-08-17 18:01:08 [INFO]   ✓ 宏观经济: 0 条
2026-08-17 18:01:08 [INFO]   ✓ Binance公告: 20 条
2026-08-17 18:01:08 [INFO]   ✓ OKX公告: 0 条
2026-08-17 18:01:08 [INFO]   ✓ Bitget公告: 0 条
2026-08-17 18:01:08 [INFO]   ✓ Whale Alert: 0 条
2026-08-17 18:01:08 [INFO]   ✓ Fear & Greed Index: 1 条
2026-08-17 18:01:08 [INFO]   ✓ DeFi Llama: 0 条
2026-08-17 18:01:08 [INFO]   ✓ 雪球加密: 0 条
2026-08-17 18:01:08 [INFO] 📊 共抓取 40 条新闻
2026-08-17 18:01:08 [INFO] 📋 原始新闻已保存: reports/2026-08-18-02-raw.json (40 条)
2026-08-17 18:01:08 [INFO] 📋 标题摘要已保存: reports/2026-08-18-02-raw-titles.md
2026-08-17 18:01:08 [INFO] ✅ 抓取完成，共 40 条，已保存到 reports/2026-08-18-02-raw.json
2026-08-17 18:01:09 [INFO] 🤖 开始 AI 筛选 2026-08-18 02:00 币圈消息
2026-08-17 18:01:09 [INFO] 📋 已加载原始新闻: reports/2026-08-18-02-raw.json (40 条)
2026-08-17 18:01:09 [INFO] 📚 已加载历史新闻标题（32311 字符）
2026-08-17 18:01:09 [INFO] 📚 已加载历史筛选标题 0 条、URL 0 个，用于去重
2026-08-17 18:01:09 [INFO] 🔄 尝试 AI 提供商: deepseek
2026-08-17 18:01:09 [INFO] 🤖 使用 AI 提供商: deepseek (模型: deepseek-v4-flash)
2026-08-17 18:01:09 [INFO] 🤖 AI 筛选 [[deepseek] 1/6 策略=仅标题+链接 retry=0]（40 条，8985 字符，temp=0.3）
2026-08-17 18:01:10 [ERROR] AI 调用异常 ([deepseek] 1/6 策略=仅标题+链接 retry=0): Error code: 401 - {'error': {'message': 'Authentication Fails, Your api key: ****df0d is invalid', 'type': 'authentication_error', 'param': None, 'code': 'invalid_request_error'}}
2026-08-17 18:01:10 [WARNING] [[deepseek] 1/6 策略=仅标题+链接 retry=0] AI 调用失败或解析失败，继续下一次尝试
2026-08-17 18:01:10 [INFO] 🤖 AI 筛选 [[deepseek] 2/6 策略=仅标题+链接 retry=1]（40 条，8985 字符，temp=0.3）
2026-08-17 18:01:10 [ERROR] AI 调用异常 ([deepseek] 2/6 策略=仅标题+链接 retry=1): Error code: 401 - {'error': {'message': 'Authentication Fails, Your api key: ****df0d is invalid', 'type': 'authentication_error', 'param': None, 'code': 'invalid_request_error'}}
2026-08-17 18:01:10 [WARNING] [[deepseek] 2/6 策略=仅标题+链接 retry=1] AI 调用失败或解析失败，继续下一次尝试
2026-08-17 18:01:10 [INFO] 🤖 AI 筛选 [[deepseek] 3/6 策略=仅标题+链接 retry=2]（40 条，8985 字符，temp=0.3）
2026-08-17 18:01:11 [ERROR] AI 调用异常 ([deepseek] 3/6 策略=仅标题+链接 retry=2): Error code: 401 - {'error': {'message': 'Authentication Fails, Your api key: ****df0d is invalid', 'type': 'authentication_error', 'param': None, 'code': 'invalid_request_error'}}
2026-08-17 18:01:11 [WARNING] [[deepseek] 3/6 策略=仅标题+链接 retry=2] AI 调用失败或解析失败，继续下一次尝试
2026-08-17 18:01:11 [INFO] 🤖 AI 筛选 [[deepseek] 4/6 策略=完整内容 retry=0]（40 条，13198 字符，temp=0.3）
2026-08-17 18:01:11 [ERROR] AI 调用异常 ([deepseek] 4/6 策略=完整内容 retry=0): Error code: 401 - {'error': {'message': 'Authentication Fails, Your api key: ****df0d is invalid', 'type': 'authentication_error', 'param': None, 'code': 'invalid_request_error'}}
2026-08-17 18:01:11 [WARNING] [[deepseek] 4/6 策略=完整内容 retry=0] AI 调用失败或解析失败，继续下一次尝试
2026-08-17 18:01:11 [INFO] 🤖 AI 筛选 [[deepseek] 5/6 策略=完整内容 retry=1]（40 条，13198 字符，temp=0.3）
2026-08-17 18:01:11 [ERROR] AI 调用异常 ([deepseek] 5/6 策略=完整内容 retry=1): Error code: 401 - {'error': {'message': 'Authentication Fails, Your api key: ****df0d is invalid', 'type': 'authentication_error', 'param': None, 'code': 'invalid_request_error'}}
2026-08-17 18:01:11 [WARNING] [[deepseek] 5/6 策略=完整内容 retry=1] AI 调用失败或解析失败，继续下一次尝试
2026-08-17 18:01:11 [INFO] 🤖 AI 筛选 [[deepseek] 6/6 策略=仅标题（无历史） retry=0]（40 条，8985 字符，temp=0.3）
2026-08-17 18:01:12 [ERROR] AI 调用异常 ([deepseek] 6/6 策略=仅标题（无历史） retry=0): Error code: 401 - {'error': {'message': 'Authentication Fails, Your api key: ****df0d is invalid', 'type': 'authentication_error', 'param': None, 'code': 'invalid_request_error'}}
2026-08-17 18:01:12 [WARNING] [[deepseek] 6/6 策略=仅标题（无历史） retry=0] AI 调用失败或解析失败，继续下一次尝试
2026-08-17 18:01:12 [WARNING] [deepseek] 已达最大尝试次数 6，停止
2026-08-17 18:01:12 [INFO] ⚠️ deepseek 未能产出满意结果，尝试下一个提供商
2026-08-17 18:01:12 [INFO] 🔄 尝试 AI 提供商: zhipu
2026-08-17 18:01:12 [ERROR] 未设置环境变量 ZHIPU_API_KEY，无法使用 zhipu
2026-08-17 18:01:12 [INFO] ⚠️ zhipu 未能产出满意结果，尝试下一个提供商
2026-08-17 18:01:12 [INFO] 🔄 尝试 AI 提供商: kimi
2026-08-17 18:01:12 [ERROR] 未设置环境变量 KIMI_API_KEY，无法使用 kimi
2026-08-17 18:01:12 [INFO] ⚠️ kimi 未能产出满意结果，尝试下一个提供商
2026-08-17 18:01:12 [INFO] 🔄 尝试 AI 提供商: huoshan
2026-08-17 18:01:12 [ERROR] 未设置环境变量 HUOSHAN_API_KEY，无法使用 huoshan
2026-08-17 18:01:12 [INFO] ⚠️ huoshan 未能产出满意结果，尝试下一个提供商
2026-08-17 18:01:12 [ERROR] ❌ 所有提供商均失败，返回空列表
2026-08-17 18:01:12 [INFO] 📦 JSON 已保存: reports/2026-08-18-02.json
2026-08-17 18:01:12 [INFO] ✅ AI 筛选完成，共 0 条交易相关消息
2026-08-17 19:00:54 [INFO] 🚀 开始抓取 2026-08-18 03:00 币圈新闻
2026-08-17 19:00:54 [INFO] 📡 抓取 RSS 新闻源...
2026-08-17 19:00:54 [INFO] 📡 抓取交易所公告 & 链上数据...
2026-08-17 19:00:54 [INFO]   ⏭ The Block: 过滤掉 19 条非近期新闻
2026-08-17 19:00:54 [INFO]   ⏭ Decrypt: 过滤掉 32 条非近期新闻
2026-08-17 19:00:54 [INFO]   ⏭ CoinTelegraph: 过滤掉 28 条非近期新闻
2026-08-17 19:00:54 [WARNING] 解析失败 Bitget公告: 'NoneType' object is not subscriptable
2026-08-17 19:00:55 [INFO]   ⏭ Bloomberg Crypto: 过滤掉 50 条非近期新闻
2026-08-17 19:00:55 [INFO]   ⏭ Reuters Crypto: 过滤掉 50 条非近期新闻
2026-08-17 19:00:55 [INFO]   ⏭ 宏观经济: 过滤掉 49 条非近期新闻
2026-08-17 19:00:55 [INFO]   ⏭ CoinDesk: 过滤掉 24 条非近期新闻
2026-08-17 19:00:55 [INFO]   ⏭ Reddit r/cryptocurrency: 过滤掉 21 条非近期新闻
2026-08-17 19:00:55 [INFO]   ⏭ CNBC Crypto: 过滤掉 48 条非近期新闻
2026-08-17 19:00:55 [INFO]   ⏭ Bitcoin Magazine: 过滤掉 9 条非近期新闻
2026-08-17 19:00:55 [INFO]   ⏭ Blockworks: 过滤掉 50 条非近期新闻
2026-08-17 19:00:55 [INFO]   ⏭ DL News: 过滤掉 50 条非近期新闻
2026-08-17 19:00:55 [INFO]   ⏭ Blockworks: 过滤掉 8 条非近期新闻
2026-08-17 19:00:55 [INFO]   ⏭ 雪球加密: 过滤掉 50 条非近期新闻
2026-08-17 19:00:55 [INFO]   ⏭ 吴说区块链: 过滤掉 37 条非近期新闻
2026-08-17 19:00:56 [INFO]   ⏭ DeFi Llama: 过滤掉 50 条非近期新闻
2026-08-17 19:00:56 [INFO]   ⏭ Crypto Twitter: 过滤掉 40 条非近期新闻
2026-08-17 19:00:58 [INFO]   ⏭ 律动BlockBeats: 过滤掉 18 条非近期新闻
2026-08-17 19:01:00 [INFO]   ⏭ PANews: 过滤掉 50 条非近期新闻
2026-08-17 19:01:10 [DEBUG] 请求失败 https://rsshub.rssforever.com/jinse/lives: 
2026-08-17 19:01:10 [DEBUG] 请求失败 https://rsshub.rssforever.com/bloomberg/crypto: 
2026-08-17 19:01:10 [INFO]   ✓ CoinDesk: 1 条
2026-08-17 19:01:10 [INFO]   ✓ The Block: 1 条
2026-08-17 19:01:10 [INFO]   ✓ Decrypt: 2 条
2026-08-17 19:01:10 [INFO]   ✓ CoinTelegraph: 2 条
2026-08-17 19:01:10 [INFO]   ✓ Bitcoin Magazine: 1 条
2026-08-17 19:01:10 [INFO]   ✓ Blockworks: 0 条
2026-08-17 19:01:10 [INFO]   ✓ DL News: 0 条
2026-08-17 19:01:10 [INFO]   ✓ 金色财经: 0 条
2026-08-17 19:01:10 [INFO]   ✓ PANews: 0 条
2026-08-17 19:01:10 [INFO]   ✓ 律动BlockBeats: 2 条
2026-08-17 19:01:10 [INFO]   ✓ 吴说区块链: 0 条
2026-08-17 19:01:10 [INFO]   ✓ Bloomberg Crypto: 0 条
2026-08-17 19:01:10 [INFO]   ✓ Reuters Crypto: 0 条
2026-08-17 19:01:10 [INFO]   ✓ CNBC Crypto: 2 条
2026-08-17 19:01:10 [INFO]   ✓ Reddit r/cryptocurrency: 4 条
2026-08-17 19:01:10 [INFO]   ✓ Reddit r/bitcoin: 0 条
2026-08-17 19:01:10 [INFO]   ✓ Crypto Twitter: 10 条
2026-08-17 19:01:10 [INFO]   ✓ 宏观经济: 1 条
2026-08-17 19:01:10 [INFO]   ✓ Binance公告: 20 条
2026-08-17 19:01:10 [INFO]   ✓ OKX公告: 0 条
2026-08-17 19:01:10 [INFO]   ✓ Bitget公告: 0 条
2026-08-17 19:01:10 [INFO]   ✓ Whale Alert: 0 条
2026-08-17 19:01:10 [INFO]   ✓ Fear & Greed Index: 1 条
2026-08-17 19:01:10 [INFO]   ✓ DeFi Llama: 0 条
2026-08-17 19:01:10 [INFO]   ✓ 雪球加密: 0 条
2026-08-17 19:01:10 [INFO] 📊 共抓取 47 条新闻
2026-08-17 19:01:10 [INFO] 📋 原始新闻已保存: reports/2026-08-18-03-raw.json (47 条)
2026-08-17 19:01:10 [INFO] 📋 标题摘要已保存: reports/2026-08-18-03-raw-titles.md
2026-08-17 19:01:10 [INFO] ✅ 抓取完成，共 47 条，已保存到 reports/2026-08-18-03-raw.json
2026-08-17 19:01:11 [INFO] 🤖 开始 AI 筛选 2026-08-18 03:00 币圈消息
2026-08-17 19:01:11 [INFO] 📋 已加载原始新闻: reports/2026-08-18-03-raw.json (47 条)
2026-08-17 19:01:11 [INFO] 📚 已加载历史新闻标题（30473 字符）
2026-08-17 19:01:11 [INFO] 📚 已加载历史筛选标题 0 条、URL 0 个，用于去重
2026-08-17 19:01:11 [INFO] 🔄 尝试 AI 提供商: deepseek
2026-08-17 19:01:11 [INFO] 🤖 使用 AI 提供商: deepseek (模型: deepseek-v4-flash)
2026-08-17 19:01:11 [INFO] 🤖 AI 筛选 [[deepseek] 1/6 策略=仅标题+链接 retry=0]（47 条，11801 字符，temp=0.3）
2026-08-17 19:01:12 [ERROR] AI 调用异常 ([deepseek] 1/6 策略=仅标题+链接 retry=0): Error code: 401 - {'error': {'message': 'Authentication Fails, Your api key: ****df0d is invalid', 'type': 'authentication_error', 'param': None, 'code': 'invalid_request_error'}}
2026-08-17 19:01:12 [WARNING] [[deepseek] 1/6 策略=仅标题+链接 retry=0] AI 调用失败或解析失败，继续下一次尝试
2026-08-17 19:01:12 [INFO] 🤖 AI 筛选 [[deepseek] 2/6 策略=仅标题+链接 retry=1]（47 条，11801 字符，temp=0.3）
2026-08-17 19:01:12 [ERROR] AI 调用异常 ([deepseek] 2/6 策略=仅标题+链接 retry=1): Error code: 401 - {'error': {'message': 'Authentication Fails, Your api key: ****df0d is invalid', 'type': 'authentication_error', 'param': None, 'code': 'invalid_request_error'}}
2026-08-17 19:01:12 [WARNING] [[deepseek] 2/6 策略=仅标题+链接 retry=1] AI 调用失败或解析失败，继续下一次尝试
2026-08-17 19:01:12 [INFO] 🤖 AI 筛选 [[deepseek] 3/6 策略=仅标题+链接 retry=2]（47 条，11801 字符，temp=0.3）
2026-08-17 19:01:13 [ERROR] AI 调用异常 ([deepseek] 3/6 策略=仅标题+链接 retry=2): Error code: 401 - {'error': {'message': 'Authentication Fails, Your api key: ****df0d is invalid', 'type': 'authentication_error', 'param': None, 'code': 'invalid_request_error'}}
2026-08-17 19:01:13 [WARNING] [[deepseek] 3/6 策略=仅标题+链接 retry=2] AI 调用失败或解析失败，继续下一次尝试
2026-08-17 19:01:13 [INFO] 🤖 AI 筛选 [[deepseek] 4/6 策略=完整内容 retry=0]（47 条，16613 字符，temp=0.3）
2026-08-17 19:01:13 [ERROR] AI 调用异常 ([deepseek] 4/6 策略=完整内容 retry=0): Error code: 401 - {'error': {'message': 'Authentication Fails, Your api key: ****df0d is invalid', 'type': 'authentication_error', 'param': None, 'code': 'invalid_request_error'}}
2026-08-17 19:01:13 [WARNING] [[deepseek] 4/6 策略=完整内容 retry=0] AI 调用失败或解析失败，继续下一次尝试
2026-08-17 19:01:13 [INFO] 🤖 AI 筛选 [[deepseek] 5/6 策略=完整内容 retry=1]（47 条，16613 字符，temp=0.3）
2026-08-17 19:01:14 [ERROR] AI 调用异常 ([deepseek] 5/6 策略=完整内容 retry=1): Error code: 401 - {'error': {'message': 'Authentication Fails, Your api key: ****df0d is invalid', 'type': 'authentication_error', 'param': None, 'code': 'invalid_request_error'}}
2026-08-17 19:01:14 [WARNING] [[deepseek] 5/6 策略=完整内容 retry=1] AI 调用失败或解析失败，继续下一次尝试
2026-08-17 19:01:14 [INFO] 🤖 AI 筛选 [[deepseek] 6/6 策略=仅标题（无历史） retry=0]（47 条，11801 字符，temp=0.3）
2026-08-17 19:01:14 [ERROR] AI 调用异常 ([deepseek] 6/6 策略=仅标题（无历史） retry=0): Error code: 401 - {'error': {'message': 'Authentication Fails, Your api key: ****df0d is invalid', 'type': 'authentication_error', 'param': None, 'code': 'invalid_request_error'}}
2026-08-17 19:01:14 [WARNING] [[deepseek] 6/6 策略=仅标题（无历史） retry=0] AI 调用失败或解析失败，继续下一次尝试
2026-08-17 19:01:14 [WARNING] [deepseek] 已达最大尝试次数 6，停止
2026-08-17 19:01:14 [INFO] ⚠️ deepseek 未能产出满意结果，尝试下一个提供商
2026-08-17 19:01:14 [INFO] 🔄 尝试 AI 提供商: zhipu
2026-08-17 19:01:14 [ERROR] 未设置环境变量 ZHIPU_API_KEY，无法使用 zhipu
2026-08-17 19:01:14 [INFO] ⚠️ zhipu 未能产出满意结果，尝试下一个提供商
2026-08-17 19:01:14 [INFO] 🔄 尝试 AI 提供商: kimi
2026-08-17 19:01:14 [ERROR] 未设置环境变量 KIMI_API_KEY，无法使用 kimi
2026-08-17 19:01:14 [INFO] ⚠️ kimi 未能产出满意结果，尝试下一个提供商
2026-08-17 19:01:14 [INFO] 🔄 尝试 AI 提供商: huoshan
2026-08-17 19:01:14 [ERROR] 未设置环境变量 HUOSHAN_API_KEY，无法使用 huoshan
2026-08-17 19:01:14 [INFO] ⚠️ huoshan 未能产出满意结果，尝试下一个提供商
2026-08-17 19:01:14 [ERROR] ❌ 所有提供商均失败，返回空列表
2026-08-17 19:01:14 [INFO] 📦 JSON 已保存: reports/2026-08-18-03.json
2026-08-17 19:01:14 [INFO] ✅ AI 筛选完成，共 0 条交易相关消息
2026-08-17 20:00:47 [INFO] 🚀 开始抓取 2026-08-18 04:00 币圈新闻
2026-08-17 20:00:47 [INFO] 📡 抓取 RSS 新闻源...
2026-08-17 20:00:47 [INFO] 📡 抓取交易所公告 & 链上数据...
2026-08-17 20:00:47 [INFO]   ⏭ Decrypt: 过滤掉 46 条非近期新闻
2026-08-17 20:00:47 [INFO]   ⏭ The Block: 过滤掉 19 条非近期新闻
2026-08-17 20:00:47 [INFO]   ⏭ CoinTelegraph: 过滤掉 29 条非近期新闻
2026-08-17 20:00:48 [INFO]   ⏭ CoinDesk: 过滤掉 24 条非近期新闻
2026-08-17 20:00:48 [INFO]   ⏭ Bitcoin Magazine: 过滤掉 9 条非近期新闻
2026-08-17 20:00:48 [WARNING] 解析失败 Bitget公告: 'NoneType' object is not subscriptable
2026-08-17 20:00:48 [INFO]   ⏭ Reuters Crypto: 过滤掉 50 条非近期新闻
2026-08-17 20:00:48 [INFO]   ⏭ Bloomberg Crypto: 过滤掉 50 条非近期新闻
2026-08-17 20:00:48 [INFO]   ⏭ 宏观经济: 过滤掉 49 条非近期新闻
2026-08-17 20:00:48 [INFO]   ⏭ Reddit r/cryptocurrency: 过滤掉 21 条非近期新闻
2026-08-17 20:00:48 [INFO]   ⏭ CNBC Crypto: 过滤掉 48 条非近期新闻
2026-08-17 20:00:48 [INFO]   ⏭ DL News: 过滤掉 50 条非近期新闻
2026-08-17 20:00:48 [INFO]   ⏭ Blockworks: 过滤掉 50 条非近期新闻
2026-08-17 20:00:48 [INFO]   ⏭ DeFi Llama: 过滤掉 50 条非近期新闻
2026-08-17 20:00:49 [INFO]   ⏭ 雪球加密: 过滤掉 50 条非近期新闻
2026-08-17 20:00:49 [INFO]   ⏭ Blockworks: 过滤掉 8 条非近期新闻
2026-08-17 20:00:49 [INFO]   ⏭ 吴说区块链: 过滤掉 37 条非近期新闻
2026-08-17 20:00:49 [INFO]   ⏭ Crypto Twitter: 过滤掉 41 条非近期新闻
2026-08-17 20:01:03 [DEBUG] 请求失败 https://rsshub.rssforever.com/theblockbeats/newsflash: 
2026-08-17 20:01:03 [DEBUG] 请求失败 https://rsshub.rssforever.com/panewslab/news: 
2026-08-17 20:01:03 [DEBUG] 请求失败 https://rsshub.rssforever.com/jinse/lives: 
2026-08-17 20:01:03 [DEBUG] 请求失败 https://rsshub.rssforever.com/bloomberg/crypto: 
2026-08-17 20:01:03 [INFO]   ⏭ 律动BlockBeats: 过滤掉 50 条非近期新闻
2026-08-17 20:01:03 [INFO]   ⏭ PANews: 过滤掉 50 条非近期新闻
2026-08-17 20:01:03 [INFO]   ✓ CoinDesk: 1 条
2026-08-17 20:01:03 [INFO]   ✓ The Block: 1 条
2026-08-17 20:01:03 [INFO]   ✓ Decrypt: 4 条
2026-08-17 20:01:03 [INFO]   ✓ CoinTelegraph: 1 条
2026-08-17 20:01:03 [INFO]   ✓ Bitcoin Magazine: 1 条
2026-08-17 20:01:03 [INFO]   ✓ Blockworks: 0 条
2026-08-17 20:01:03 [INFO]   ✓ DL News: 0 条
2026-08-17 20:01:03 [INFO]   ✓ 金色财经: 0 条
2026-08-17 20:01:03 [INFO]   ✓ PANews: 0 条
2026-08-17 20:01:03 [INFO]   ✓ 律动BlockBeats: 0 条
2026-08-17 20:01:03 [INFO]   ✓ 吴说区块链: 0 条
2026-08-17 20:01:03 [INFO]   ✓ Bloomberg Crypto: 0 条
2026-08-17 20:01:03 [INFO]   ✓ Reuters Crypto: 0 条
2026-08-17 20:01:03 [INFO]   ✓ CNBC Crypto: 2 条
2026-08-17 20:01:03 [INFO]   ✓ Reddit r/cryptocurrency: 4 条
2026-08-17 20:01:03 [INFO]   ✓ Reddit r/bitcoin: 0 条
2026-08-17 20:01:03 [INFO]   ✓ Crypto Twitter: 9 条
2026-08-17 20:01:03 [INFO]   ✓ 宏观经济: 1 条
2026-08-17 20:01:03 [INFO]   ✓ Binance公告: 20 条
2026-08-17 20:01:03 [INFO]   ✓ OKX公告: 0 条
2026-08-17 20:01:03 [INFO]   ✓ Bitget公告: 0 条
2026-08-17 20:01:03 [INFO]   ✓ Whale Alert: 0 条
2026-08-17 20:01:03 [INFO]   ✓ Fear & Greed Index: 1 条
2026-08-17 20:01:03 [INFO]   ✓ DeFi Llama: 0 条
2026-08-17 20:01:03 [INFO]   ✓ 雪球加密: 0 条
2026-08-17 20:01:03 [INFO] 📊 共抓取 45 条新闻
2026-08-17 20:01:03 [INFO] 📋 原始新闻已保存: reports/2026-08-18-04-raw.json (45 条)
2026-08-17 20:01:03 [INFO] 📋 标题摘要已保存: reports/2026-08-18-04-raw-titles.md
2026-08-17 20:01:03 [INFO] ✅ 抓取完成，共 45 条，已保存到 reports/2026-08-18-04-raw.json
2026-08-17 20:01:04 [INFO] 🤖 开始 AI 筛选 2026-08-18 04:00 币圈消息
2026-08-17 20:01:04 [INFO] 📋 已加载原始新闻: reports/2026-08-18-04-raw.json (45 条)
2026-08-17 20:01:04 [INFO] 📚 已加载历史新闻标题（29449 字符）
2026-08-17 20:01:04 [INFO] 📚 已加载历史筛选标题 0 条、URL 0 个，用于去重
2026-08-17 20:01:04 [INFO] 🔄 尝试 AI 提供商: deepseek
2026-08-17 20:01:04 [INFO] 🤖 使用 AI 提供商: deepseek (模型: deepseek-v4-flash)
2026-08-17 20:01:04 [INFO] 🤖 AI 筛选 [[deepseek] 1/6 策略=仅标题+链接 retry=0]（45 条，11309 字符，temp=0.3）
2026-08-17 20:01:05 [ERROR] AI 调用异常 ([deepseek] 1/6 策略=仅标题+链接 retry=0): Error code: 401 - {'error': {'message': 'Authentication Fails, Your api key: ****df0d is invalid', 'type': 'authentication_error', 'param': None, 'code': 'invalid_request_error'}}
2026-08-17 20:01:05 [WARNING] [[deepseek] 1/6 策略=仅标题+链接 retry=0] AI 调用失败或解析失败，继续下一次尝试
2026-08-17 20:01:05 [INFO] 🤖 AI 筛选 [[deepseek] 2/6 策略=仅标题+链接 retry=1]（45 条，11309 字符，temp=0.3）
2026-08-17 20:01:06 [ERROR] AI 调用异常 ([deepseek] 2/6 策略=仅标题+链接 retry=1): Error code: 401 - {'error': {'message': 'Authentication Fails, Your api key: ****df0d is invalid', 'type': 'authentication_error', 'param': None, 'code': 'invalid_request_error'}}
2026-08-17 20:01:06 [WARNING] [[deepseek] 2/6 策略=仅标题+链接 retry=1] AI 调用失败或解析失败，继续下一次尝试
2026-08-17 20:01:06 [INFO] 🤖 AI 筛选 [[deepseek] 3/6 策略=仅标题+链接 retry=2]（45 条，11309 字符，temp=0.3）
2026-08-17 20:01:06 [ERROR] AI 调用异常 ([deepseek] 3/6 策略=仅标题+链接 retry=2): Error code: 401 - {'error': {'message': 'Authentication Fails, Your api key: ****df0d is invalid', 'type': 'authentication_error', 'param': None, 'code': 'invalid_request_error'}}
2026-08-17 20:01:06 [WARNING] [[deepseek] 3/6 策略=仅标题+链接 retry=2] AI 调用失败或解析失败，继续下一次尝试
2026-08-17 20:01:06 [INFO] 🤖 AI 筛选 [[deepseek] 4/6 策略=完整内容 retry=0]（45 条，15981 字符，temp=0.3）
2026-08-17 20:01:07 [ERROR] AI 调用异常 ([deepseek] 4/6 策略=完整内容 retry=0): Error code: 401 - {'error': {'message': 'Authentication Fails, Your api key: ****df0d is invalid', 'type': 'authentication_error', 'param': None, 'code': 'invalid_request_error'}}
2026-08-17 20:01:07 [WARNING] [[deepseek] 4/6 策略=完整内容 retry=0] AI 调用失败或解析失败，继续下一次尝试
2026-08-17 20:01:07 [INFO] 🤖 AI 筛选 [[deepseek] 5/6 策略=完整内容 retry=1]（45 条，15981 字符，temp=0.3）
2026-08-17 20:01:07 [ERROR] AI 调用异常 ([deepseek] 5/6 策略=完整内容 retry=1): Error code: 401 - {'error': {'message': 'Authentication Fails, Your api key: ****df0d is invalid', 'type': 'authentication_error', 'param': None, 'code': 'invalid_request_error'}}
2026-08-17 20:01:07 [WARNING] [[deepseek] 5/6 策略=完整内容 retry=1] AI 调用失败或解析失败，继续下一次尝试
2026-08-17 20:01:07 [INFO] 🤖 AI 筛选 [[deepseek] 6/6 策略=仅标题（无历史） retry=0]（45 条，11309 字符，temp=0.3）
2026-08-17 20:01:07 [ERROR] AI 调用异常 ([deepseek] 6/6 策略=仅标题（无历史） retry=0): Error code: 401 - {'error': {'message': 'Authentication Fails, Your api key: ****df0d is invalid', 'type': 'authentication_error', 'param': None, 'code': 'invalid_request_error'}}
2026-08-17 20:01:07 [WARNING] [[deepseek] 6/6 策略=仅标题（无历史） retry=0] AI 调用失败或解析失败，继续下一次尝试
2026-08-17 20:01:07 [WARNING] [deepseek] 已达最大尝试次数 6，停止
2026-08-17 20:01:07 [INFO] ⚠️ deepseek 未能产出满意结果，尝试下一个提供商
2026-08-17 20:01:07 [INFO] 🔄 尝试 AI 提供商: zhipu
2026-08-17 20:01:07 [ERROR] 未设置环境变量 ZHIPU_API_KEY，无法使用 zhipu
2026-08-17 20:01:07 [INFO] ⚠️ zhipu 未能产出满意结果，尝试下一个提供商
2026-08-17 20:01:07 [INFO] 🔄 尝试 AI 提供商: kimi
2026-08-17 20:01:07 [ERROR] 未设置环境变量 KIMI_API_KEY，无法使用 kimi
2026-08-17 20:01:07 [INFO] ⚠️ kimi 未能产出满意结果，尝试下一个提供商
2026-08-17 20:01:07 [INFO] 🔄 尝试 AI 提供商: huoshan
2026-08-17 20:01:07 [ERROR] 未设置环境变量 HUOSHAN_API_KEY，无法使用 huoshan
2026-08-17 20:01:07 [INFO] ⚠️ huoshan 未能产出满意结果，尝试下一个提供商
2026-08-17 20:01:07 [ERROR] ❌ 所有提供商均失败，返回空列表
2026-08-17 20:01:07 [INFO] 📦 JSON 已保存: reports/2026-08-18-04.json
2026-08-17 20:01:07 [INFO] ✅ AI 筛选完成，共 0 条交易相关消息
2026-08-17 21:00:48 [INFO] 🚀 开始抓取 2026-08-18 05:00 币圈新闻
2026-08-17 21:00:48 [INFO] 📡 抓取 RSS 新闻源...
2026-08-17 21:00:48 [INFO] 📡 抓取交易所公告 & 链上数据...
2026-08-17 21:00:48 [INFO]   ⏭ Decrypt: 过滤掉 31 条非近期新闻
2026-08-17 21:00:48 [INFO]   ⏭ The Block: 过滤掉 18 条非近期新闻
2026-08-17 21:00:48 [INFO]   ⏭ CoinTelegraph: 过滤掉 30 条非近期新闻
2026-08-17 21:00:48 [INFO]   ⏭ CoinDesk: 过滤掉 25 条非近期新闻
2026-08-17 21:00:49 [INFO]   ⏭ Bitcoin Magazine: 过滤掉 9 条非近期新闻
2026-08-17 21:00:49 [INFO]   ⏭ Blockworks: 过滤掉 50 条非近期新闻
2026-08-17 21:00:49 [WARNING] 解析失败 Bitget公告: 'NoneType' object is not subscriptable
2026-08-17 21:00:49 [INFO]   ⏭ Reuters Crypto: 过滤掉 50 条非近期新闻
2026-08-17 21:00:49 [INFO]   ⏭ Bloomberg Crypto: 过滤掉 50 条非近期新闻
2026-08-17 21:00:49 [INFO]   ⏭ 宏观经济: 过滤掉 49 条非近期新闻
2026-08-17 21:00:49 [INFO]   ⏭ CNBC Crypto: 过滤掉 49 条非近期新闻
2026-08-17 21:00:49 [INFO]   ⏭ Reddit r/cryptocurrency: 过滤掉 22 条非近期新闻
2026-08-17 21:00:49 [INFO]   ⏭ Blockworks: 过滤掉 8 条非近期新闻
2026-08-17 21:00:49 [INFO]   ⏭ DL News: 过滤掉 50 条非近期新闻
2026-08-17 21:00:49 [INFO]   ⏭ DeFi Llama: 过滤掉 50 条非近期新闻
2026-08-17 21:00:49 [INFO]   ⏭ 吴说区块链: 过滤掉 37 条非近期新闻
2026-08-17 21:00:49 [INFO]   ⏭ 雪球加密: 过滤掉 50 条非近期新闻
2026-08-17 21:00:49 [INFO]   ⏭ Crypto Twitter: 过滤掉 48 条非近期新闻
2026-08-17 21:00:50 [INFO]   ⏭ CoinDesk: 过滤掉 50 条非近期新闻
2026-08-17 21:01:00 [INFO]   ⏭ PANews: 过滤掉 50 条非近期新闻
2026-08-17 21:01:01 [INFO]   ⏭ 律动BlockBeats: 过滤掉 50 条非近期新闻
2026-08-17 21:01:04 [DEBUG] 请求失败 https://rsshub.rssforever.com/jinse/lives: 
2026-08-17 21:01:04 [DEBUG] 请求失败 https://rsshub.rssforever.com/cointelegraph: 
2026-08-17 21:01:04 [DEBUG] 请求失败 https://rsshub.rssforever.com/bloomberg/crypto: 
2026-08-17 21:01:04 [INFO]   ⏭ CoinTelegraph: 过滤掉 50 条非近期新闻
2026-08-17 21:01:04 [INFO]   ✓ CoinDesk: 0 条
2026-08-17 21:01:04 [INFO]   ✓ The Block: 2 条
2026-08-17 21:01:04 [INFO]   ✓ Decrypt: 3 条
2026-08-17 21:01:04 [INFO]   ✓ CoinTelegraph: 0 条
2026-08-17 21:01:04 [INFO]   ✓ Bitcoin Magazine: 1 条
2026-08-17 21:01:04 [INFO]   ✓ Blockworks: 0 条
2026-08-17 21:01:04 [INFO]   ✓ DL News: 0 条
2026-08-17 21:01:04 [INFO]   ✓ 金色财经: 0 条
2026-08-17 21:01:04 [INFO]   ✓ PANews: 0 条
2026-08-17 21:01:04 [INFO]   ✓ 律动BlockBeats: 0 条
2026-08-17 21:01:04 [INFO]   ✓ 吴说区块链: 0 条
2026-08-17 21:01:04 [INFO]   ✓ Bloomberg Crypto: 0 条
2026-08-17 21:01:04 [INFO]   ✓ Reuters Crypto: 0 条
2026-08-17 21:01:04 [INFO]   ✓ CNBC Crypto: 1 条
2026-08-17 21:01:04 [INFO]   ✓ Reddit r/cryptocurrency: 3 条
2026-08-17 21:01:04 [INFO]   ✓ Reddit r/bitcoin: 0 条
2026-08-17 21:01:04 [INFO]   ✓ Crypto Twitter: 2 条
2026-08-17 21:01:04 [INFO]   ✓ 宏观经济: 1 条
2026-08-17 21:01:04 [INFO]   ✓ Binance公告: 20 条
2026-08-17 21:01:04 [INFO]   ✓ OKX公告: 0 条
2026-08-17 21:01:04 [INFO]   ✓ Bitget公告: 0 条
2026-08-17 21:01:04 [INFO]   ✓ Whale Alert: 0 条
2026-08-17 21:01:04 [INFO]   ✓ Fear & Greed Index: 1 条
2026-08-17 21:01:04 [INFO]   ✓ DeFi Llama: 0 条
2026-08-17 21:01:04 [INFO]   ✓ 雪球加密: 0 条
2026-08-17 21:01:04 [INFO] 📊 共抓取 34 条新闻
2026-08-17 21:01:04 [INFO] 📋 原始新闻已保存: reports/2026-08-18-05-raw.json (34 条)
2026-08-17 21:01:04 [INFO] 📋 标题摘要已保存: reports/2026-08-18-05-raw-titles.md
2026-08-17 21:01:04 [INFO] ✅ 抓取完成，共 34 条，已保存到 reports/2026-08-18-05-raw.json
2026-08-17 21:01:05 [INFO] 🤖 开始 AI 筛选 2026-08-18 05:00 币圈消息
2026-08-17 21:01:05 [INFO] 📋 已加载原始新闻: reports/2026-08-18-05-raw.json (34 条)
2026-08-17 21:01:05 [INFO] 📚 已加载历史新闻标题（26897 字符）
2026-08-17 21:01:05 [INFO] 📚 已加载历史筛选标题 0 条、URL 0 个，用于去重
2026-08-17 21:01:05 [INFO] 🔄 尝试 AI 提供商: deepseek
2026-08-17 21:01:05 [INFO] 🤖 使用 AI 提供商: deepseek (模型: deepseek-v4-flash)
2026-08-17 21:01:05 [INFO] 🤖 AI 筛选 [[deepseek] 1/6 策略=仅标题+链接 retry=0]（34 条，7134 字符，temp=0.3）
2026-08-17 21:01:06 [ERROR] AI 调用异常 ([deepseek] 1/6 策略=仅标题+链接 retry=0): Error code: 401 - {'error': {'message': 'Authentication Fails, Your api key: ****df0d is invalid', 'type': 'authentication_error', 'param': None, 'code': 'invalid_request_error'}}
2026-08-17 21:01:06 [WARNING] [[deepseek] 1/6 策略=仅标题+链接 retry=0] AI 调用失败或解析失败，继续下一次尝试
2026-08-17 21:01:06 [INFO] 🤖 AI 筛选 [[deepseek] 2/6 策略=仅标题+链接 retry=1]（34 条，7134 字符，temp=0.3）
2026-08-17 21:01:07 [ERROR] AI 调用异常 ([deepseek] 2/6 策略=仅标题+链接 retry=1): Error code: 401 - {'error': {'message': 'Authentication Fails, Your api key: ****df0d is invalid', 'type': 'authentication_error', 'param': None, 'code': 'invalid_request_error'}}
2026-08-17 21:01:07 [WARNING] [[deepseek] 2/6 策略=仅标题+链接 retry=1] AI 调用失败或解析失败，继续下一次尝试
2026-08-17 21:01:07 [INFO] 🤖 AI 筛选 [[deepseek] 3/6 策略=仅标题+链接 retry=2]（34 条，7134 字符，temp=0.3）
2026-08-17 21:01:07 [ERROR] AI 调用异常 ([deepseek] 3/6 策略=仅标题+链接 retry=2): Error code: 401 - {'error': {'message': 'Authentication Fails, Your api key: ****df0d is invalid', 'type': 'authentication_error', 'param': None, 'code': 'invalid_request_error'}}
2026-08-17 21:01:07 [WARNING] [[deepseek] 3/6 策略=仅标题+链接 retry=2] AI 调用失败或解析失败，继续下一次尝试
2026-08-17 21:01:07 [INFO] 🤖 AI 筛选 [[deepseek] 4/6 策略=完整内容 retry=0]（34 条，10668 字符，temp=0.3）
2026-08-17 21:01:08 [ERROR] AI 调用异常 ([deepseek] 4/6 策略=完整内容 retry=0): Error code: 401 - {'error': {'message': 'Authentication Fails, Your api key: ****df0d is invalid', 'type': 'authentication_error', 'param': None, 'code': 'invalid_request_error'}}
2026-08-17 21:01:08 [WARNING] [[deepseek] 4/6 策略=完整内容 retry=0] AI 调用失败或解析失败，继续下一次尝试
2026-08-17 21:01:08 [INFO] 🤖 AI 筛选 [[deepseek] 5/6 策略=完整内容 retry=1]（34 条，10668 字符，temp=0.3）
2026-08-17 21:01:08 [ERROR] AI 调用异常 ([deepseek] 5/6 策略=完整内容 retry=1): Error code: 401 - {'error': {'message': 'Authentication Fails, Your api key: ****df0d is invalid', 'type': 'authentication_error', 'param': None, 'code': 'invalid_request_error'}}
2026-08-17 21:01:08 [WARNING] [[deepseek] 5/6 策略=完整内容 retry=1] AI 调用失败或解析失败，继续下一次尝试
2026-08-17 21:01:08 [INFO] 🤖 AI 筛选 [[deepseek] 6/6 策略=仅标题（无历史） retry=0]（34 条，7134 字符，temp=0.3）
2026-08-17 21:01:08 [ERROR] AI 调用异常 ([deepseek] 6/6 策略=仅标题（无历史） retry=0): Error code: 401 - {'error': {'message': 'Authentication Fails, Your api key: ****df0d is invalid', 'type': 'authentication_error', 'param': None, 'code': 'invalid_request_error'}}
2026-08-17 21:01:08 [WARNING] [[deepseek] 6/6 策略=仅标题（无历史） retry=0] AI 调用失败或解析失败，继续下一次尝试
2026-08-17 21:01:08 [WARNING] [deepseek] 已达最大尝试次数 6，停止
2026-08-17 21:01:08 [INFO] ⚠️ deepseek 未能产出满意结果，尝试下一个提供商
2026-08-17 21:01:08 [INFO] 🔄 尝试 AI 提供商: zhipu
2026-08-17 21:01:08 [ERROR] 未设置环境变量 ZHIPU_API_KEY，无法使用 zhipu
2026-08-17 21:01:08 [INFO] ⚠️ zhipu 未能产出满意结果，尝试下一个提供商
2026-08-17 21:01:08 [INFO] 🔄 尝试 AI 提供商: kimi
2026-08-17 21:01:08 [ERROR] 未设置环境变量 KIMI_API_KEY，无法使用 kimi
2026-08-17 21:01:08 [INFO] ⚠️ kimi 未能产出满意结果，尝试下一个提供商
2026-08-17 21:01:08 [INFO] 🔄 尝试 AI 提供商: huoshan
2026-08-17 21:01:08 [ERROR] 未设置环境变量 HUOSHAN_API_KEY，无法使用 huoshan
2026-08-17 21:01:08 [INFO] ⚠️ huoshan 未能产出满意结果，尝试下一个提供商
2026-08-17 21:01:08 [ERROR] ❌ 所有提供商均失败，返回空列表
2026-08-17 21:01:08 [INFO] 📦 JSON 已保存: reports/2026-08-18-05.json
2026-08-17 21:01:08 [INFO] ✅ AI 筛选完成，共 0 条交易相关消息
2026-08-17 22:00:50 [INFO] 🚀 开始抓取 2026-08-18 06:00 币圈新闻
2026-08-17 22:00:50 [INFO] 📡 抓取 RSS 新闻源...
2026-08-17 22:00:50 [INFO] 📡 抓取交易所公告 & 链上数据...
2026-08-17 22:00:50 [INFO]   ⏭ Decrypt: 过滤掉 32 条非近期新闻
2026-08-17 22:00:50 [INFO]   ⏭ The Block: 过滤掉 19 条非近期新闻
2026-08-17 22:00:50 [INFO]   ⏭ CoinTelegraph: 过滤掉 29 条非近期新闻
2026-08-17 22:00:50 [INFO]   ⏭ CoinDesk: 过滤掉 25 条非近期新闻
2026-08-17 22:00:50 [WARNING] 解析失败 Bitget公告: 'NoneType' object is not subscriptable
2026-08-17 22:00:50 [INFO]   ⏭ Bitcoin Magazine: 过滤掉 8 条非近期新闻
2026-08-17 22:00:50 [INFO]   ⏭ Blockworks: 过滤掉 50 条非近期新闻
2026-08-17 22:00:50 [INFO]   ⏭ 宏观经济: 过滤掉 50 条非近期新闻
2026-08-17 22:00:50 [INFO]   ⏭ Bloomberg Crypto: 过滤掉 50 条非近期新闻
2026-08-17 22:00:50 [INFO]   ⏭ Reuters Crypto: 过滤掉 48 条非近期新闻
2026-08-17 22:00:50 [INFO]   ⏭ CNBC Crypto: 过滤掉 46 条非近期新闻
2026-08-17 22:00:50 [INFO]   ⏭ DeFi Llama: 过滤掉 50 条非近期新闻
2026-08-17 22:00:50 [INFO]   ⏭ Reddit r/cryptocurrency: 过滤掉 24 条非近期新闻
2026-08-17 22:00:50 [INFO]   ⏭ 雪球加密: 过滤掉 50 条非近期新闻
2026-08-17 22:00:50 [INFO]   ⏭ Crypto Twitter: 过滤掉 40 条非近期新闻
2026-08-17 22:00:51 [INFO]   ⏭ DL News: 过滤掉 50 条非近期新闻
2026-08-17 22:00:51 [INFO]   ⏭ 吴说区块链: 过滤掉 37 条非近期新闻
2026-08-17 22:00:51 [INFO]   ⏭ 宏观经济: 过滤掉 47 条非近期新闻
2026-08-17 22:00:51 [INFO]   ⏭ Blockworks: 过滤掉 8 条非近期新闻
2026-08-17 22:00:51 [INFO]   ⏭ CoinDesk: 过滤掉 50 条非近期新闻
2026-08-17 22:00:51 [INFO]   ⏭ PANews: 过滤掉 50 条非近期新闻
2026-08-17 22:00:51 [INFO]   ⏭ 律动BlockBeats: 过滤掉 20 条非近期新闻
2026-08-17 22:00:51 [INFO]   ⏭ 律动BlockBeats: 过滤掉 50 条非近期新闻
2026-08-17 22:00:53 [INFO]   ⏭ 金色财经: 过滤掉 2 条非近期新闻
2026-08-17 22:00:53 [INFO]   ✓ CoinDesk: 0 条
2026-08-17 22:00:53 [INFO]   ✓ The Block: 1 条
2026-08-17 22:00:53 [INFO]   ✓ Decrypt: 2 条
2026-08-17 22:00:53 [INFO]   ✓ CoinTelegraph: 1 条
2026-08-17 22:00:53 [INFO]   ✓ Bitcoin Magazine: 2 条
2026-08-17 22:00:53 [INFO]   ✓ Blockworks: 0 条
2026-08-17 22:00:53 [INFO]   ✓ DL News: 0 条
2026-08-17 22:00:53 [INFO]   ✓ 金色财经: 8 条
2026-08-17 22:00:53 [INFO]   ✓ PANews: 0 条
2026-08-17 22:00:53 [INFO]   ✓ 律动BlockBeats: 0 条
2026-08-17 22:00:53 [INFO]   ✓ 吴说区块链: 0 条
2026-08-17 22:00:53 [INFO]   ✓ Bloomberg Crypto: 0 条
2026-08-17 22:00:53 [INFO]   ✓ Reuters Crypto: 2 条
2026-08-17 22:00:53 [INFO]   ✓ CNBC Crypto: 4 条
2026-08-17 22:00:53 [INFO]   ✓ Reddit r/cryptocurrency: 1 条
2026-08-17 22:00:53 [INFO]   ✓ Reddit r/bitcoin: 0 条
2026-08-17 22:00:53 [INFO]   ✓ Crypto Twitter: 10 条
2026-08-17 22:00:53 [INFO]   ✓ 宏观经济: 0 条
2026-08-17 22:00:53 [INFO]   ✓ Binance公告: 20 条
2026-08-17 22:00:53 [INFO]   ✓ OKX公告: 0 条
2026-08-17 22:00:53 [INFO]   ✓ Bitget公告: 0 条
2026-08-17 22:00:53 [INFO]   ✓ Whale Alert: 0 条
2026-08-17 22:00:53 [INFO]   ✓ Fear & Greed Index: 1 条
2026-08-17 22:00:53 [INFO]   ✓ DeFi Llama: 0 条
2026-08-17 22:00:53 [INFO]   ✓ 雪球加密: 0 条
2026-08-17 22:00:53 [INFO] 📊 共抓取 52 条新闻
2026-08-17 22:00:53 [INFO] 📋 原始新闻已保存: reports/2026-08-18-06-raw.json (52 条)
2026-08-17 22:00:53 [INFO] 📋 标题摘要已保存: reports/2026-08-18-06-raw-titles.md
2026-08-17 22:00:53 [INFO] ✅ 抓取完成，共 52 条，已保存到 reports/2026-08-18-06-raw.json
2026-08-17 22:00:53 [INFO] 🤖 开始 AI 筛选 2026-08-18 06:00 币圈消息
2026-08-17 22:00:53 [INFO] 📋 已加载原始新闻: reports/2026-08-18-06-raw.json (52 条)
2026-08-17 22:00:53 [INFO] 📚 已加载历史新闻标题（24553 字符）
2026-08-17 22:00:53 [INFO] 📚 已加载历史筛选标题 0 条、URL 0 个，用于去重
2026-08-17 22:00:53 [INFO] 🔄 尝试 AI 提供商: deepseek
2026-08-17 22:00:53 [INFO] 🤖 使用 AI 提供商: deepseek (模型: deepseek-v4-flash)
2026-08-17 22:00:53 [INFO] 🤖 AI 筛选 [[deepseek] 1/6 策略=仅标题+链接 retry=0]（52 条，12555 字符，temp=0.3）
2026-08-17 22:00:54 [ERROR] AI 调用异常 ([deepseek] 1/6 策略=仅标题+链接 retry=0): Error code: 401 - {'error': {'message': 'Authentication Fails, Your api key: ****df0d is invalid', 'type': 'authentication_error', 'param': None, 'code': 'invalid_request_error'}}
2026-08-17 22:00:54 [WARNING] [[deepseek] 1/6 策略=仅标题+链接 retry=0] AI 调用失败或解析失败，继续下一次尝试
2026-08-17 22:00:54 [INFO] 🤖 AI 筛选 [[deepseek] 2/6 策略=仅标题+链接 retry=1]（52 条，12555 字符，temp=0.3）
2026-08-17 22:00:55 [ERROR] AI 调用异常 ([deepseek] 2/6 策略=仅标题+链接 retry=1): Error code: 401 - {'error': {'message': 'Authentication Fails, Your api key: ****df0d is invalid', 'type': 'authentication_error', 'param': None, 'code': 'invalid_request_error'}}
2026-08-17 22:00:55 [WARNING] [[deepseek] 2/6 策略=仅标题+链接 retry=1] AI 调用失败或解析失败，继续下一次尝试
2026-08-17 22:00:55 [INFO] 🤖 AI 筛选 [[deepseek] 3/6 策略=仅标题+链接 retry=2]（52 条，12555 字符，temp=0.3）
2026-08-17 22:00:55 [ERROR] AI 调用异常 ([deepseek] 3/6 策略=仅标题+链接 retry=2): Error code: 401 - {'error': {'message': 'Authentication Fails, Your api key: ****df0d is invalid', 'type': 'authentication_error', 'param': None, 'code': 'invalid_request_error'}}
2026-08-17 22:00:55 [WARNING] [[deepseek] 3/6 策略=仅标题+链接 retry=2] AI 调用失败或解析失败，继续下一次尝试
2026-08-17 22:00:55 [INFO] 🤖 AI 筛选 [[deepseek] 4/6 策略=完整内容 retry=0]（52 条，18363 字符，temp=0.3）
2026-08-17 22:00:55 [ERROR] AI 调用异常 ([deepseek] 4/6 策略=完整内容 retry=0): Error code: 401 - {'error': {'message': 'Authentication Fails, Your api key: ****df0d is invalid', 'type': 'authentication_error', 'param': None, 'code': 'invalid_request_error'}}
2026-08-17 22:00:55 [WARNING] [[deepseek] 4/6 策略=完整内容 retry=0] AI 调用失败或解析失败，继续下一次尝试
2026-08-17 22:00:55 [INFO] 🤖 AI 筛选 [[deepseek] 5/6 策略=完整内容 retry=1]（52 条，18363 字符，temp=0.3）
2026-08-17 22:00:56 [ERROR] AI 调用异常 ([deepseek] 5/6 策略=完整内容 retry=1): Error code: 401 - {'error': {'message': 'Authentication Fails, Your api key: ****df0d is invalid', 'type': 'authentication_error', 'param': None, 'code': 'invalid_request_error'}}
2026-08-17 22:00:56 [WARNING] [[deepseek] 5/6 策略=完整内容 retry=1] AI 调用失败或解析失败，继续下一次尝试
2026-08-17 22:00:56 [INFO] 🤖 AI 筛选 [[deepseek] 6/6 策略=仅标题（无历史） retry=0]（52 条，12555 字符，temp=0.3）
2026-08-17 22:00:56 [ERROR] AI 调用异常 ([deepseek] 6/6 策略=仅标题（无历史） retry=0): Error code: 401 - {'error': {'message': 'Authentication Fails, Your api key: ****df0d is invalid', 'type': 'authentication_error', 'param': None, 'code': 'invalid_request_error'}}
2026-08-17 22:00:56 [WARNING] [[deepseek] 6/6 策略=仅标题（无历史） retry=0] AI 调用失败或解析失败，继续下一次尝试
2026-08-17 22:00:56 [WARNING] [deepseek] 已达最大尝试次数 6，停止
2026-08-17 22:00:56 [INFO] ⚠️ deepseek 未能产出满意结果，尝试下一个提供商
2026-08-17 22:00:56 [INFO] 🔄 尝试 AI 提供商: zhipu
2026-08-17 22:00:56 [ERROR] 未设置环境变量 ZHIPU_API_KEY，无法使用 zhipu
2026-08-17 22:00:56 [INFO] ⚠️ zhipu 未能产出满意结果，尝试下一个提供商
2026-08-17 22:00:56 [INFO] 🔄 尝试 AI 提供商: kimi
2026-08-17 22:00:56 [ERROR] 未设置环境变量 KIMI_API_KEY，无法使用 kimi
2026-08-17 22:00:56 [INFO] ⚠️ kimi 未能产出满意结果，尝试下一个提供商
2026-08-17 22:00:56 [INFO] 🔄 尝试 AI 提供商: huoshan
2026-08-17 22:00:56 [ERROR] 未设置环境变量 HUOSHAN_API_KEY，无法使用 huoshan
2026-08-17 22:00:56 [INFO] ⚠️ huoshan 未能产出满意结果，尝试下一个提供商
2026-08-17 22:00:56 [ERROR] ❌ 所有提供商均失败，返回空列表
2026-08-17 22:00:56 [INFO] 📦 JSON 已保存: reports/2026-08-18-06.json
2026-08-17 22:00:56 [INFO] ✅ AI 筛选完成，共 0 条交易相关消息
2026-08-17 23:00:52 [INFO] 🚀 开始抓取 2026-08-18 07:00 币圈新闻
2026-08-17 23:00:52 [INFO] 📡 抓取 RSS 新闻源...
2026-08-17 23:00:52 [INFO] 📡 抓取交易所公告 & 链上数据...
2026-08-17 23:00:52 [INFO]   ⏭ Decrypt: 过滤掉 32 条非近期新闻
2026-08-17 23:00:52 [INFO]   ⏭ The Block: 过滤掉 19 条非近期新闻
2026-08-17 23:00:52 [INFO]   ⏭ CoinTelegraph: 过滤掉 29 条非近期新闻
2026-08-17 23:00:52 [WARNING] 解析失败 Bitget公告: 'NoneType' object is not subscriptable
2026-08-17 23:00:52 [INFO]   ⏭ CoinDesk: 过滤掉 24 条非近期新闻
2026-08-17 23:00:52 [INFO]   ⏭ Reuters Crypto: 过滤掉 47 条非近期新闻
2026-08-17 23:00:53 [INFO]   ⏭ Bloomberg Crypto: 过滤掉 50 条非近期新闻
2026-08-17 23:00:53 [INFO]   ⏭ Bitcoin Magazine: 过滤掉 9 条非近期新闻
2026-08-17 23:00:53 [INFO]   ⏭ Blockworks: 过滤掉 50 条非近期新闻
2026-08-17 23:00:53 [INFO]   ⏭ CNBC Crypto: 过滤掉 49 条非近期新闻
2026-08-17 23:00:53 [INFO]   ⏭ Reddit r/bitcoin: 过滤掉 22 条非近期新闻
2026-08-17 23:00:53 [INFO]   ⏭ 宏观经济: 过滤掉 50 条非近期新闻
2026-08-17 23:00:53 [INFO]   ⏭ DL News: 过滤掉 50 条非近期新闻
2026-08-17 23:00:53 [INFO]   ⏭ DeFi Llama: 过滤掉 50 条非近期新闻
2026-08-17 23:00:53 [INFO]   ⏭ 雪球加密: 过滤掉 50 条非近期新闻
2026-08-17 23:00:53 [INFO]   ⏭ Blockworks: 过滤掉 8 条非近期新闻
2026-08-17 23:00:53 [INFO]   ⏭ 宏观经济: 过滤掉 46 条非近期新闻
2026-08-17 23:00:53 [INFO]   ⏭ 吴说区块链: 过滤掉 37 条非近期新闻
2026-08-17 23:00:53 [INFO]   ⏭ Crypto Twitter: 过滤掉 43 条非近期新闻
2026-08-17 23:00:59 [INFO]   ⏭ PANews: 过滤掉 50 条非近期新闻
2026-08-17 23:01:00 [INFO]   ⏭ 律动BlockBeats: 过滤掉 50 条非近期新闻
2026-08-17 23:01:07 [INFO]   ⏭ 金色财经: 过滤掉 41 条非近期新闻
2026-08-17 23:01:07 [INFO]   ✓ CoinDesk: 1 条
2026-08-17 23:01:07 [INFO]   ✓ The Block: 1 条
2026-08-17 23:01:07 [INFO]   ✓ Decrypt: 3 条
2026-08-17 23:01:07 [INFO]   ✓ CoinTelegraph: 1 条
2026-08-17 23:01:07 [INFO]   ✓ Bitcoin Magazine: 1 条
2026-08-17 23:01:07 [INFO]   ✓ Blockworks: 0 条
2026-08-17 23:01:07 [INFO]   ✓ DL News: 0 条
2026-08-17 23:01:07 [INFO]   ✓ 金色财经: 9 条
2026-08-17 23:01:07 [INFO]   ✓ PANews: 0 条
2026-08-17 23:01:07 [INFO]   ✓ 律动BlockBeats: 0 条
2026-08-17 23:01:07 [INFO]   ✓ 吴说区块链: 0 条
2026-08-17 23:01:07 [INFO]   ✓ Bloomberg Crypto: 0 条
2026-08-17 23:01:07 [INFO]   ✓ Reuters Crypto: 3 条
2026-08-17 23:01:07 [INFO]   ✓ CNBC Crypto: 1 条
2026-08-17 23:01:07 [INFO]   ✓ Reddit r/cryptocurrency: 0 条
2026-08-17 23:01:07 [INFO]   ✓ Reddit r/bitcoin: 3 条
2026-08-17 23:01:07 [INFO]   ✓ Crypto Twitter: 7 条
2026-08-17 23:01:07 [INFO]   ✓ 宏观经济: 0 条
2026-08-17 23:01:07 [INFO]   ✓ Binance公告: 20 条
2026-08-17 23:01:07 [INFO]   ✓ OKX公告: 0 条
2026-08-17 23:01:07 [INFO]   ✓ Bitget公告: 0 条
2026-08-17 23:01:07 [INFO]   ✓ Whale Alert: 0 条
2026-08-17 23:01:07 [INFO]   ✓ Fear & Greed Index: 1 条
2026-08-17 23:01:07 [INFO]   ✓ DeFi Llama: 0 条
2026-08-17 23:01:07 [INFO]   ✓ 雪球加密: 0 条
2026-08-17 23:01:07 [INFO] 📊 共抓取 51 条新闻
2026-08-17 23:01:07 [INFO] 📋 原始新闻已保存: reports/2026-08-18-07-raw.json (51 条)
2026-08-17 23:01:07 [INFO] 📋 标题摘要已保存: reports/2026-08-18-07-raw-titles.md
2026-08-17 23:01:07 [INFO] ✅ 抓取完成，共 51 条，已保存到 reports/2026-08-18-07-raw.json
2026-08-17 23:01:08 [INFO] 🤖 开始 AI 筛选 2026-08-18 07:00 币圈消息
2026-08-17 23:01:08 [INFO] 📋 已加载原始新闻: reports/2026-08-18-07-raw.json (51 条)
2026-08-17 23:01:08 [INFO] 📚 已加载历史新闻标题（23493 字符）
2026-08-17 23:01:08 [INFO] 📚 已加载历史筛选标题 0 条、URL 0 个，用于去重
2026-08-17 23:01:08 [INFO] 🔄 尝试 AI 提供商: deepseek
2026-08-17 23:01:08 [INFO] 🤖 使用 AI 提供商: deepseek (模型: deepseek-v4-flash)
2026-08-17 23:01:08 [INFO] 🤖 AI 筛选 [[deepseek] 1/6 策略=仅标题+链接 retry=0]（51 条，10768 字符，temp=0.3）
2026-08-17 23:01:09 [ERROR] AI 调用异常 ([deepseek] 1/6 策略=仅标题+链接 retry=0): Error code: 401 - {'error': {'message': 'Authentication Fails, Your api key: ****df0d is invalid', 'type': 'authentication_error', 'param': None, 'code': 'invalid_request_error'}}
2026-08-17 23:01:09 [WARNING] [[deepseek] 1/6 策略=仅标题+链接 retry=0] AI 调用失败或解析失败，继续下一次尝试
2026-08-17 23:01:09 [INFO] 🤖 AI 筛选 [[deepseek] 2/6 策略=仅标题+链接 retry=1]（51 条，10768 字符，temp=0.3）
2026-08-17 23:01:09 [ERROR] AI 调用异常 ([deepseek] 2/6 策略=仅标题+链接 retry=1): Error code: 401 - {'error': {'message': 'Authentication Fails, Your api key: ****df0d is invalid', 'type': 'authentication_error', 'param': None, 'code': 'invalid_request_error'}}
2026-08-17 23:01:09 [WARNING] [[deepseek] 2/6 策略=仅标题+链接 retry=1] AI 调用失败或解析失败，继续下一次尝试
2026-08-17 23:01:09 [INFO] 🤖 AI 筛选 [[deepseek] 3/6 策略=仅标题+链接 retry=2]（51 条，10768 字符，temp=0.3）
2026-08-17 23:01:10 [ERROR] AI 调用异常 ([deepseek] 3/6 策略=仅标题+链接 retry=2): Error code: 401 - {'error': {'message': 'Authentication Fails, Your api key: ****df0d is invalid', 'type': 'authentication_error', 'param': None, 'code': 'invalid_request_error'}}
2026-08-17 23:01:10 [WARNING] [[deepseek] 3/6 策略=仅标题+链接 retry=2] AI 调用失败或解析失败，继续下一次尝试
2026-08-17 23:01:10 [INFO] 🤖 AI 筛选 [[deepseek] 4/6 策略=完整内容 retry=0]（51 条，16479 字符，temp=0.3）
2026-08-17 23:01:10 [ERROR] AI 调用异常 ([deepseek] 4/6 策略=完整内容 retry=0): Error code: 401 - {'error': {'message': 'Authentication Fails, Your api key: ****df0d is invalid', 'type': 'authentication_error', 'param': None, 'code': 'invalid_request_error'}}
2026-08-17 23:01:10 [WARNING] [[deepseek] 4/6 策略=完整内容 retry=0] AI 调用失败或解析失败，继续下一次尝试
2026-08-17 23:01:10 [INFO] 🤖 AI 筛选 [[deepseek] 5/6 策略=完整内容 retry=1]（51 条，16479 字符，temp=0.3）
2026-08-17 23:01:10 [ERROR] AI 调用异常 ([deepseek] 5/6 策略=完整内容 retry=1): Error code: 401 - {'error': {'message': 'Authentication Fails, Your api key: ****df0d is invalid', 'type': 'authentication_error', 'param': None, 'code': 'invalid_request_error'}}
2026-08-17 23:01:10 [WARNING] [[deepseek] 5/6 策略=完整内容 retry=1] AI 调用失败或解析失败，继续下一次尝试
2026-08-17 23:01:10 [INFO] 🤖 AI 筛选 [[deepseek] 6/6 策略=仅标题（无历史） retry=0]（51 条，10768 字符，temp=0.3）
2026-08-17 23:01:11 [ERROR] AI 调用异常 ([deepseek] 6/6 策略=仅标题（无历史） retry=0): Error code: 401 - {'error': {'message': 'Authentication Fails, Your api key: ****df0d is invalid', 'type': 'authentication_error', 'param': None, 'code': 'invalid_request_error'}}
2026-08-17 23:01:11 [WARNING] [[deepseek] 6/6 策略=仅标题（无历史） retry=0] AI 调用失败或解析失败，继续下一次尝试
2026-08-17 23:01:11 [WARNING] [deepseek] 已达最大尝试次数 6，停止
2026-08-17 23:01:11 [INFO] ⚠️ deepseek 未能产出满意结果，尝试下一个提供商
2026-08-17 23:01:11 [INFO] 🔄 尝试 AI 提供商: zhipu
2026-08-17 23:01:11 [ERROR] 未设置环境变量 ZHIPU_API_KEY，无法使用 zhipu
2026-08-17 23:01:11 [INFO] ⚠️ zhipu 未能产出满意结果，尝试下一个提供商
2026-08-17 23:01:11 [INFO] 🔄 尝试 AI 提供商: kimi
2026-08-17 23:01:11 [ERROR] 未设置环境变量 KIMI_API_KEY，无法使用 kimi
2026-08-17 23:01:11 [INFO] ⚠️ kimi 未能产出满意结果，尝试下一个提供商
2026-08-17 23:01:11 [INFO] 🔄 尝试 AI 提供商: huoshan
2026-08-17 23:01:11 [ERROR] 未设置环境变量 HUOSHAN_API_KEY，无法使用 huoshan
2026-08-17 23:01:11 [INFO] ⚠️ huoshan 未能产出满意结果，尝试下一个提供商
2026-08-17 23:01:11 [ERROR] ❌ 所有提供商均失败，返回空列表
2026-08-17 23:01:11 [INFO] 📦 JSON 已保存: reports/2026-08-18-07.json
2026-08-17 23:01:11 [INFO] ✅ AI 筛选完成，共 0 条交易相关消息
2026-08-18 00:00:49 [INFO] 🚀 开始抓取 2026-08-18 08:00 币圈新闻
2026-08-18 00:00:49 [INFO] 📡 抓取 RSS 新闻源...
2026-08-18 00:00:49 [INFO] 📡 抓取交易所公告 & 链上数据...
2026-08-18 00:00:49 [INFO]   ⏭ CoinTelegraph: 过滤掉 30 条非近期新闻
2026-08-18 00:00:49 [INFO]   ⏭ Decrypt: 过滤掉 33 条非近期新闻
2026-08-18 00:00:49 [INFO]   ⏭ The Block: 过滤掉 19 条非近期新闻
2026-08-18 00:00:49 [WARNING] 解析失败 Bitget公告: 'NoneType' object is not subscriptable
2026-08-18 00:00:49 [INFO]   ⏭ Bitcoin Magazine: 过滤掉 10 条非近期新闻
2026-08-18 00:00:49 [INFO]   ⏭ Bloomberg Crypto: 过滤掉 50 条非近期新闻
2026-08-18 00:00:49 [INFO]   ⏭ CoinDesk: 过滤掉 24 条非近期新闻
2026-08-18 00:00:50 [INFO]   ⏭ Reuters Crypto: 过滤掉 49 条非近期新闻
2026-08-18 00:00:50 [INFO]   ⏭ CNBC Crypto: 过滤掉 50 条非近期新闻
2026-08-18 00:00:50 [INFO]   ⏭ 宏观经济: 过滤掉 50 条非近期新闻
2026-08-18 00:00:50 [INFO]   ⏭ Reddit r/bitcoin: 过滤掉 21 条非近期新闻
2026-08-18 00:00:50 [INFO]   ⏭ Blockworks: 过滤掉 50 条非近期新闻
2026-08-18 00:00:50 [INFO]   ⏭ DL News: 过滤掉 50 条非近期新闻
2026-08-18 00:00:50 [INFO]   ⏭ 宏观经济: 过滤掉 47 条非近期新闻
2026-08-18 00:00:50 [INFO]   ⏭ Bitcoin Magazine: 过滤掉 50 条非近期新闻
2026-08-18 00:00:50 [INFO]   ⏭ Blockworks: 过滤掉 9 条非近期新闻
2026-08-18 00:00:50 [INFO]   ⏭ DeFi Llama: 过滤掉 50 条非近期新闻
2026-08-18 00:00:50 [INFO]   ⏭ 吴说区块链: 过滤掉 37 条非近期新闻
2026-08-18 00:00:50 [INFO]   ⏭ 雪球加密: 过滤掉 50 条非近期新闻
2026-08-18 00:00:50 [INFO]   ⏭ Crypto Twitter: 过滤掉 47 条非近期新闻
2026-08-18 00:00:51 [INFO]   ⏭ PANews: 过滤掉 50 条非近期新闻
2026-08-18 00:00:52 [INFO]   ⏭ 律动BlockBeats: 过滤掉 50 条非近期新闻
2026-08-18 00:00:54 [INFO]   ⏭ CoinTelegraph: 过滤掉 25 条非近期新闻
2026-08-18 00:00:55 [INFO]   ⏭ 金色财经: 过滤掉 12 条非近期新闻
2026-08-18 00:00:55 [INFO]   ⏭ CoinTelegraph: 过滤掉 50 条非近期新闻
2026-08-18 00:00:55 [INFO]   ✓ CoinDesk: 1 条
2026-08-18 00:00:55 [INFO]   ✓ The Block: 1 条
2026-08-18 00:00:55 [INFO]   ✓ Decrypt: 2 条
2026-08-18 00:00:55 [INFO]   ✓ CoinTelegraph: 0 条
2026-08-18 00:00:55 [INFO]   ✓ Bitcoin Magazine: 0 条
2026-08-18 00:00:55 [INFO]   ✓ Blockworks: 0 条
2026-08-18 00:00:55 [INFO]   ✓ DL News: 0 条
2026-08-18 00:00:55 [INFO]   ✓ 金色财经: 8 条
2026-08-18 00:00:55 [INFO]   ✓ PANews: 0 条
2026-08-18 00:00:55 [INFO]   ✓ 律动BlockBeats: 0 条
2026-08-18 00:00:55 [INFO]   ✓ 吴说区块链: 0 条
2026-08-18 00:00:55 [INFO]   ✓ Bloomberg Crypto: 0 条
2026-08-18 00:00:55 [INFO]   ✓ Reuters Crypto: 1 条
2026-08-18 00:00:55 [INFO]   ✓ CNBC Crypto: 0 条
2026-08-18 00:00:55 [INFO]   ✓ Reddit r/cryptocurrency: 0 条
2026-08-18 00:00:55 [INFO]   ✓ Reddit r/bitcoin: 4 条
2026-08-18 00:00:55 [INFO]   ✓ Crypto Twitter: 3 条
2026-08-18 00:00:55 [INFO]   ✓ 宏观经济: 0 条
2026-08-18 00:00:55 [INFO]   ✓ Binance公告: 20 条
2026-08-18 00:00:55 [INFO]   ✓ OKX公告: 0 条
2026-08-18 00:00:55 [INFO]   ✓ Bitget公告: 0 条
2026-08-18 00:00:55 [INFO]   ✓ Whale Alert: 0 条
2026-08-18 00:00:55 [INFO]   ✓ Fear & Greed Index: 1 条
2026-08-18 00:00:55 [INFO]   ✓ DeFi Llama: 0 条
2026-08-18 00:00:55 [INFO]   ✓ 雪球加密: 0 条
2026-08-18 00:00:55 [INFO] 📊 共抓取 41 条新闻
2026-08-18 00:00:55 [INFO] 📋 原始新闻已保存: reports/2026-08-18-08-raw.json (41 条)
2026-08-18 00:00:55 [INFO] 📋 标题摘要已保存: reports/2026-08-18-08-raw-titles.md
2026-08-18 00:00:55 [INFO] ✅ 抓取完成，共 41 条，已保存到 reports/2026-08-18-08-raw.json
2026-08-18 00:00:56 [INFO] 🤖 开始 AI 筛选 2026-08-18 08:00 币圈消息
2026-08-18 00:00:56 [INFO] 📋 已加载原始新闻: reports/2026-08-18-08-raw.json (41 条)
2026-08-18 00:00:56 [INFO] 📚 已加载历史新闻标题（22926 字符）
2026-08-18 00:00:56 [INFO] 📚 已加载历史筛选标题 0 条、URL 0 个，用于去重
2026-08-18 00:00:56 [INFO] 🔄 尝试 AI 提供商: deepseek
2026-08-18 00:00:56 [INFO] 🤖 使用 AI 提供商: deepseek (模型: deepseek-v4-flash)
2026-08-18 00:00:56 [INFO] 🤖 AI 筛选 [[deepseek] 1/6 策略=仅标题+链接 retry=0]（41 条，7590 字符，temp=0.3）
2026-08-18 00:00:57 [ERROR] AI 调用异常 ([deepseek] 1/6 策略=仅标题+链接 retry=0): Error code: 401 - {'error': {'message': 'Authentication Fails, Your api key: ****df0d is invalid', 'type': 'authentication_error', 'param': None, 'code': 'invalid_request_error'}}
2026-08-18 00:00:57 [WARNING] [[deepseek] 1/6 策略=仅标题+链接 retry=0] AI 调用失败或解析失败，继续下一次尝试
2026-08-18 00:00:57 [INFO] 🤖 AI 筛选 [[deepseek] 2/6 策略=仅标题+链接 retry=1]（41 条，7590 字符，temp=0.3）
2026-08-18 00:00:57 [ERROR] AI 调用异常 ([deepseek] 2/6 策略=仅标题+链接 retry=1): Error code: 401 - {'error': {'message': 'Authentication Fails, Your api key: ****df0d is invalid', 'type': 'authentication_error', 'param': None, 'code': 'invalid_request_error'}}
2026-08-18 00:00:57 [WARNING] [[deepseek] 2/6 策略=仅标题+链接 retry=1] AI 调用失败或解析失败，继续下一次尝试
2026-08-18 00:00:57 [INFO] 🤖 AI 筛选 [[deepseek] 3/6 策略=仅标题+链接 retry=2]（41 条，7590 字符，temp=0.3）
2026-08-18 00:00:58 [ERROR] AI 调用异常 ([deepseek] 3/6 策略=仅标题+链接 retry=2): Error code: 401 - {'error': {'message': 'Authentication Fails, Your api key: ****df0d is invalid', 'type': 'authentication_error', 'param': None, 'code': 'invalid_request_error'}}
2026-08-18 00:00:58 [WARNING] [[deepseek] 3/6 策略=仅标题+链接 retry=2] AI 调用失败或解析失败，继续下一次尝试
2026-08-18 00:00:58 [INFO] 🤖 AI 筛选 [[deepseek] 4/6 策略=完整内容 retry=0]（41 条，12345 字符，temp=0.3）
2026-08-18 00:00:58 [ERROR] AI 调用异常 ([deepseek] 4/6 策略=完整内容 retry=0): Error code: 401 - {'error': {'message': 'Authentication Fails, Your api key: ****df0d is invalid', 'type': 'authentication_error', 'param': None, 'code': 'invalid_request_error'}}
2026-08-18 00:00:58 [WARNING] [[deepseek] 4/6 策略=完整内容 retry=0] AI 调用失败或解析失败，继续下一次尝试
2026-08-18 00:00:58 [INFO] 🤖 AI 筛选 [[deepseek] 5/6 策略=完整内容 retry=1]（41 条，12345 字符，temp=0.3）
2026-08-18 00:00:59 [ERROR] AI 调用异常 ([deepseek] 5/6 策略=完整内容 retry=1): Error code: 401 - {'error': {'message': 'Authentication Fails, Your api key: ****df0d is invalid', 'type': 'authentication_error', 'param': None, 'code': 'invalid_request_error'}}
2026-08-18 00:00:59 [WARNING] [[deepseek] 5/6 策略=完整内容 retry=1] AI 调用失败或解析失败，继续下一次尝试
2026-08-18 00:00:59 [INFO] 🤖 AI 筛选 [[deepseek] 6/6 策略=仅标题（无历史） retry=0]（41 条，7590 字符，temp=0.3）
2026-08-18 00:00:59 [ERROR] AI 调用异常 ([deepseek] 6/6 策略=仅标题（无历史） retry=0): Error code: 401 - {'error': {'message': 'Authentication Fails, Your api key: ****df0d is invalid', 'type': 'authentication_error', 'param': None, 'code': 'invalid_request_error'}}
2026-08-18 00:00:59 [WARNING] [[deepseek] 6/6 策略=仅标题（无历史） retry=0] AI 调用失败或解析失败，继续下一次尝试
2026-08-18 00:00:59 [WARNING] [deepseek] 已达最大尝试次数 6，停止
2026-08-18 00:00:59 [INFO] ⚠️ deepseek 未能产出满意结果，尝试下一个提供商
2026-08-18 00:00:59 [INFO] 🔄 尝试 AI 提供商: zhipu
2026-08-18 00:00:59 [ERROR] 未设置环境变量 ZHIPU_API_KEY，无法使用 zhipu
2026-08-18 00:00:59 [INFO] ⚠️ zhipu 未能产出满意结果，尝试下一个提供商
2026-08-18 00:00:59 [INFO] 🔄 尝试 AI 提供商: kimi
2026-08-18 00:00:59 [ERROR] 未设置环境变量 KIMI_API_KEY，无法使用 kimi
2026-08-18 00:00:59 [INFO] ⚠️ kimi 未能产出满意结果，尝试下一个提供商
2026-08-18 00:00:59 [INFO] 🔄 尝试 AI 提供商: huoshan
2026-08-18 00:00:59 [ERROR] 未设置环境变量 HUOSHAN_API_KEY，无法使用 huoshan
2026-08-18 00:00:59 [INFO] ⚠️ huoshan 未能产出满意结果，尝试下一个提供商
2026-08-18 00:00:59 [ERROR] ❌ 所有提供商均失败，返回空列表
2026-08-18 00:00:59 [INFO] 📦 JSON 已保存: reports/2026-08-18-08.json
2026-08-18 00:00:59 [INFO] ✅ AI 筛选完成，共 0 条交易相关消息
2026-08-18 01:00:48 [INFO] 🚀 开始抓取 2026-08-18 09:00 币圈新闻
2026-08-18 01:00:48 [INFO] 📡 抓取 RSS 新闻源...
2026-08-18 01:00:48 [INFO] 📡 抓取交易所公告 & 链上数据...
2026-08-18 01:00:48 [INFO]   ⏭ Decrypt: 过滤掉 35 条非近期新闻
2026-08-18 01:00:48 [INFO]   ⏭ The Block: 过滤掉 20 条非近期新闻
2026-08-18 01:00:48 [INFO]   ⏭ CoinTelegraph: 过滤掉 30 条非近期新闻
2026-08-18 01:00:48 [WARNING] 解析失败 Bitget公告: 'NoneType' object is not subscriptable
2026-08-18 01:00:48 [INFO]   ⏭ Bitcoin Magazine: 过滤掉 10 条非近期新闻
2026-08-18 01:00:48 [INFO]   ⏭ CoinDesk: 过滤掉 25 条非近期新闻
2026-08-18 01:00:48 [INFO]   ⏭ Blockworks: 过滤掉 50 条非近期新闻
2026-08-18 01:00:48 [INFO]   ⏭ Reddit r/bitcoin: 过滤掉 23 条非近期新闻
2026-08-18 01:00:58 [INFO]   ⏭ CoinTelegraph: 过滤掉 25 条非近期新闻
2026-08-18 01:01:06 [INFO]   ✓ CoinDesk: 0 条
2026-08-18 01:01:06 [INFO]   ✓ The Block: 0 条
2026-08-18 01:01:06 [INFO]   ✓ Decrypt: 0 条
2026-08-18 01:01:06 [INFO]   ✓ CoinTelegraph: 0 条
2026-08-18 01:01:06 [INFO]   ✓ Bitcoin Magazine: 0 条
2026-08-18 01:01:06 [INFO]   ✓ Blockworks: 0 条
2026-08-18 01:01:06 [INFO]   ✓ DL News: 0 条
2026-08-18 01:01:06 [INFO]   ✓ 金色财经: 7 条
2026-08-18 01:01:06 [INFO]   ✓ PANews: 0 条
2026-08-18 01:01:06 [INFO]   ✓ 律动BlockBeats: 0 条
2026-08-18 01:01:06 [INFO]   ✓ 吴说区块链: 0 条
2026-08-18 01:01:06 [INFO]   ✓ Bloomberg Crypto: 0 条
2026-08-18 01:01:06 [INFO]   ✓ Reuters Crypto: 0 条
2026-08-18 01:01:06 [INFO]   ✓ CNBC Crypto: 0 条
2026-08-18 01:01:06 [INFO]   ✓ Reddit r/cryptocurrency: 0 条
2026-08-18 01:01:06 [INFO]   ✓ Reddit r/bitcoin: 2 条
2026-08-18 01:01:06 [INFO]   ✓ Crypto Twitter: 0 条
2026-08-18 01:01:06 [INFO]   ✓ 宏观经济: 0 条
2026-08-18 01:01:06 [INFO]   ✓ Binance公告: 20 条
2026-08-18 01:01:06 [INFO]   ✓ OKX公告: 0 条
2026-08-18 01:01:06 [INFO]   ✓ Bitget公告: 0 条
2026-08-18 01:01:06 [INFO]   ✓ Whale Alert: 0 条
2026-08-18 01:01:06 [INFO]   ✓ Fear & Greed Index: 1 条
2026-08-18 01:01:06 [INFO]   ✓ DeFi Llama: 0 条
2026-08-18 01:01:06 [INFO]   ✓ 雪球加密: 0 条
2026-08-18 01:01:06 [INFO] 📊 共抓取 30 条新闻
2026-08-18 01:01:06 [INFO] 📋 原始新闻已保存: reports/2026-08-18-09-raw.json (30 条)
2026-08-18 01:01:06 [INFO] 📋 标题摘要已保存: reports/2026-08-18-09-raw-titles.md
2026-08-18 01:01:06 [INFO] ✅ 抓取完成，共 30 条，已保存到 reports/2026-08-18-09-raw.json
2026-08-18 01:01:07 [INFO] 🤖 开始 AI 筛选 2026-08-18 09:00 币圈消息
2026-08-18 01:01:07 [INFO] 📋 已加载原始新闻: reports/2026-08-18-09-raw.json (30 条)
2026-08-18 01:01:07 [INFO] 📚 已加载历史新闻标题（22668 字符）
2026-08-18 01:01:07 [INFO] 📚 已加载历史筛选标题 0 条、URL 0 个，用于去重
2026-08-18 01:01:07 [INFO] 🔄 尝试 AI 提供商: deepseek
2026-08-18 01:01:07 [INFO] 🤖 使用 AI 提供商: deepseek (模型: deepseek-v4-flash)
2026-08-18 01:01:07 [INFO] 🤖 AI 筛选 [[deepseek] 1/6 策略=仅标题+链接 retry=0]（30 条，4824 字符，temp=0.3）
2026-08-18 01:01:08 [ERROR] AI 调用异常 ([deepseek] 1/6 策略=仅标题+链接 retry=0): Error code: 401 - {'error': {'message': 'Authentication Fails, Your api key: ****df0d is invalid', 'type': 'authentication_error', 'param': None, 'code': 'invalid_request_error'}}
2026-08-18 01:01:08 [WARNING] [[deepseek] 1/6 策略=仅标题+链接 retry=0] AI 调用失败或解析失败，继续下一次尝试
2026-08-18 01:01:08 [INFO] 🤖 AI 筛选 [[deepseek] 2/6 策略=仅标题+链接 retry=1]（30 条，4824 字符，temp=0.3）
2026-08-18 01:01:08 [ERROR] AI 调用异常 ([deepseek] 2/6 策略=仅标题+链接 retry=1): Error code: 401 - {'error': {'message': 'Authentication Fails, Your api key: ****df0d is invalid', 'type': 'authentication_error', 'param': None, 'code': 'invalid_request_error'}}
2026-08-18 01:01:08 [WARNING] [[deepseek] 2/6 策略=仅标题+链接 retry=1] AI 调用失败或解析失败，继续下一次尝试
2026-08-18 01:01:08 [INFO] 🤖 AI 筛选 [[deepseek] 3/6 策略=仅标题+链接 retry=2]（30 条，4824 字符，temp=0.3）
2026-08-18 01:01:09 [ERROR] AI 调用异常 ([deepseek] 3/6 策略=仅标题+链接 retry=2): Error code: 401 - {'error': {'message': 'Authentication Fails, Your api key: ****df0d is invalid', 'type': 'authentication_error', 'param': None, 'code': 'invalid_request_error'}}
2026-08-18 01:01:09 [WARNING] [[deepseek] 3/6 策略=仅标题+链接 retry=2] AI 调用失败或解析失败，继续下一次尝试
2026-08-18 01:01:09 [INFO] 🤖 AI 筛选 [[deepseek] 4/6 策略=完整内容 retry=0]（30 条，8424 字符，temp=0.3）
2026-08-18 01:01:09 [ERROR] AI 调用异常 ([deepseek] 4/6 策略=完整内容 retry=0): Error code: 401 - {'error': {'message': 'Authentication Fails, Your api key: ****df0d is invalid', 'type': 'authentication_error', 'param': None, 'code': 'invalid_request_error'}}
2026-08-18 01:01:09 [WARNING] [[deepseek] 4/6 策略=完整内容 retry=0] AI 调用失败或解析失败，继续下一次尝试
2026-08-18 01:01:09 [INFO] 🤖 AI 筛选 [[deepseek] 5/6 策略=完整内容 retry=1]（30 条，8424 字符，temp=0.3）
2026-08-18 01:01:10 [ERROR] AI 调用异常 ([deepseek] 5/6 策略=完整内容 retry=1): Error code: 401 - {'error': {'message': 'Authentication Fails, Your api key: ****df0d is invalid', 'type': 'authentication_error', 'param': None, 'code': 'invalid_request_error'}}
2026-08-18 01:01:10 [WARNING] [[deepseek] 5/6 策略=完整内容 retry=1] AI 调用失败或解析失败，继续下一次尝试
2026-08-18 01:01:10 [INFO] 🤖 AI 筛选 [[deepseek] 6/6 策略=仅标题（无历史） retry=0]（30 条，4824 字符，temp=0.3）
2026-08-18 01:01:10 [ERROR] AI 调用异常 ([deepseek] 6/6 策略=仅标题（无历史） retry=0): Error code: 401 - {'error': {'message': 'Authentication Fails, Your api key: ****df0d is invalid', 'type': 'authentication_error', 'param': None, 'code': 'invalid_request_error'}}
2026-08-18 01:01:10 [WARNING] [[deepseek] 6/6 策略=仅标题（无历史） retry=0] AI 调用失败或解析失败，继续下一次尝试
2026-08-18 01:01:10 [WARNING] [deepseek] 已达最大尝试次数 6，停止
2026-08-18 01:01:10 [INFO] ⚠️ deepseek 未能产出满意结果，尝试下一个提供商
2026-08-18 01:01:10 [INFO] 🔄 尝试 AI 提供商: zhipu
2026-08-18 01:01:10 [ERROR] 未设置环境变量 ZHIPU_API_KEY，无法使用 zhipu
2026-08-18 01:01:10 [INFO] ⚠️ zhipu 未能产出满意结果，尝试下一个提供商
2026-08-18 01:01:10 [INFO] 🔄 尝试 AI 提供商: kimi
2026-08-18 01:01:10 [ERROR] 未设置环境变量 KIMI_API_KEY，无法使用 kimi
2026-08-18 01:01:10 [INFO] ⚠️ kimi 未能产出满意结果，尝试下一个提供商
2026-08-18 01:01:10 [INFO] 🔄 尝试 AI 提供商: huoshan
2026-08-18 01:01:10 [ERROR] 未设置环境变量 HUOSHAN_API_KEY，无法使用 huoshan
2026-08-18 01:01:10 [INFO] ⚠️ huoshan 未能产出满意结果，尝试下一个提供商
2026-08-18 01:01:10 [ERROR] ❌ 所有提供商均失败，返回空列表
2026-08-18 01:01:10 [INFO] 📦 JSON 已保存: reports/2026-08-18-09.json
2026-08-18 01:01:10 [INFO] ✅ AI 筛选完成，共 0 条交易相关消息
2026-08-18 02:00:53 [INFO] 🚀 开始抓取 2026-08-18 10:00 币圈新闻
2026-08-18 02:00:54 [INFO] 📡 抓取 RSS 新闻源...
2026-08-18 02:00:54 [INFO] 📡 抓取交易所公告 & 链上数据...
2026-08-18 02:00:54 [INFO]   ⏭ CoinTelegraph: 过滤掉 29 条非近期新闻
2026-08-18 02:00:54 [INFO]   ⏭ Decrypt: 过滤掉 50 条非近期新闻
2026-08-18 02:00:54 [INFO]   ⏭ The Block: 过滤掉 20 条非近期新闻
2026-08-18 02:00:54 [WARNING] 解析失败 Bitget公告: 'NoneType' object is not subscriptable
2026-08-18 02:00:54 [INFO]   ⏭ Bloomberg Crypto: 过滤掉 50 条非近期新闻
2026-08-18 02:00:54 [INFO]   ⏭ Reuters Crypto: 过滤掉 50 条非近期新闻
2026-08-18 02:00:54 [INFO]   ⏭ CNBC Crypto: 过滤掉 49 条非近期新闻
2026-08-18 02:00:54 [INFO]   ⏭ 宏观经济: 过滤掉 49 条非近期新闻
2026-08-18 02:00:54 [INFO]   ⏭ Reddit r/cryptocurrency: 过滤掉 25 条非近期新闻
2026-08-18 02:00:54 [INFO]   ⏭ CoinDesk: 过滤掉 25 条非近期新闻
2026-08-18 02:00:54 [INFO]   ⏭ Bitcoin Magazine: 过滤掉 10 条非近期新闻
2026-08-18 02:00:55 [INFO]   ⏭ Blockworks: 过滤掉 50 条非近期新闻
2026-08-18 02:00:55 [INFO]   ⏭ Decrypt: 过滤掉 50 条非近期新闻
2026-08-18 02:00:55 [INFO]   ⏭ DL News: 过滤掉 50 条非近期新闻
2026-08-18 02:00:55 [INFO]   ⏭ DeFi Llama: 过滤掉 50 条非近期新闻
2026-08-18 02:00:55 [INFO]   ⏭ 吴说区块链: 过滤掉 37 条非近期新闻
2026-08-18 02:00:55 [INFO]   ⏭ 雪球加密: 过滤掉 50 条非近期新闻
2026-08-18 02:00:55 [INFO]   ⏭ Bitcoin Magazine: 过滤掉 50 条非近期新闻
2026-08-18 02:00:55 [INFO]   ⏭ CoinDesk: 过滤掉 50 条非近期新闻
2026-08-18 02:00:55 [INFO]   ⏭ Blockworks: 过滤掉 8 条非近期新闻
2026-08-18 02:00:55 [INFO]   ⏭ The Block: 过滤掉 50 条非近期新闻
2026-08-18 02:00:55 [INFO]   ⏭ Crypto Twitter: 过滤掉 50 条非近期新闻
2026-08-18 02:00:57 [INFO]   ⏭ PANews: 过滤掉 50 条非近期新闻
2026-08-18 02:00:58 [INFO]   ⏭ 律动BlockBeats: 过滤掉 50 条非近期新闻
2026-08-18 02:01:04 [INFO]   ⏭ 金色财经: 过滤掉 10 条非近期新闻
2026-08-18 02:01:09 [DEBUG] 请求失败 https://rsshub.rssforever.com/bloomberg/crypto: 
2026-08-18 02:01:09 [INFO]   ✓ CoinDesk: 0 条
2026-08-18 02:01:09 [INFO]   ✓ The Block: 0 条
2026-08-18 02:01:09 [INFO]   ✓ Decrypt: 0 条
2026-08-18 02:01:09 [INFO]   ✓ CoinTelegraph: 1 条
2026-08-18 02:01:09 [INFO]   ✓ Bitcoin Magazine: 0 条
2026-08-18 02:01:09 [INFO]   ✓ Blockworks: 0 条
2026-08-18 02:01:09 [INFO]   ✓ DL News: 0 条
2026-08-18 02:01:09 [INFO]   ✓ 金色财经: 10 条
2026-08-18 02:01:09 [INFO]   ✓ PANews: 0 条
2026-08-18 02:01:09 [INFO]   ✓ 律动BlockBeats: 0 条
2026-08-18 02:01:09 [INFO]   ✓ 吴说区块链: 0 条
2026-08-18 02:01:09 [INFO]   ✓ Bloomberg Crypto: 0 条
2026-08-18 02:01:09 [INFO]   ✓ Reuters Crypto: 0 条
2026-08-18 02:01:09 [INFO]   ✓ CNBC Crypto: 1 条
2026-08-18 02:01:09 [INFO]   ✓ Reddit r/cryptocurrency: 0 条
2026-08-18 02:01:09 [INFO]   ✓ Reddit r/bitcoin: 0 条
2026-08-18 02:01:09 [INFO]   ✓ Crypto Twitter: 0 条
2026-08-18 02:01:09 [INFO]   ✓ 宏观经济: 1 条
2026-08-18 02:01:09 [INFO]   ✓ Binance公告: 20 条
2026-08-18 02:01:09 [INFO]   ✓ OKX公告: 0 条
2026-08-18 02:01:09 [INFO]   ✓ Bitget公告: 0 条
2026-08-18 02:01:09 [INFO]   ✓ Whale Alert: 0 条
2026-08-18 02:01:09 [INFO]   ✓ Fear & Greed Index: 1 条
2026-08-18 02:01:09 [INFO]   ✓ DeFi Llama: 0 条
2026-08-18 02:01:09 [INFO]   ✓ 雪球加密: 0 条
2026-08-18 02:01:09 [INFO] 📊 共抓取 34 条新闻
2026-08-18 02:01:09 [INFO] 📋 原始新闻已保存: reports/2026-08-18-10-raw.json (34 条)
2026-08-18 02:01:09 [INFO] 📋 标题摘要已保存: reports/2026-08-18-10-raw-titles.md
2026-08-18 02:01:09 [INFO] ✅ 抓取完成，共 34 条，已保存到 reports/2026-08-18-10-raw.json
2026-08-18 02:01:10 [INFO] 🤖 开始 AI 筛选 2026-08-18 10:00 币圈消息
2026-08-18 02:01:10 [INFO] 📋 已加载原始新闻: reports/2026-08-18-10-raw.json (34 条)
2026-08-18 02:01:10 [INFO] 📚 已加载历史新闻标题（20689 字符）
2026-08-18 02:01:10 [INFO] 📚 已加载历史筛选标题 0 条、URL 0 个，用于去重
2026-08-18 02:01:10 [INFO] 🔄 尝试 AI 提供商: deepseek
2026-08-18 02:01:10 [INFO] 🤖 使用 AI 提供商: deepseek (模型: deepseek-v4-flash)
2026-08-18 02:01:10 [INFO] 🤖 AI 筛选 [[deepseek] 1/6 策略=仅标题+链接 retry=0]（34 条，5820 字符，temp=0.3）
2026-08-18 02:01:11 [ERROR] AI 调用异常 ([deepseek] 1/6 策略=仅标题+链接 retry=0): Error code: 401 - {'error': {'message': 'Authentication Fails, Your api key: ****df0d is invalid', 'type': 'authentication_error', 'param': None, 'code': 'invalid_request_error'}}
2026-08-18 02:01:11 [WARNING] [[deepseek] 1/6 策略=仅标题+链接 retry=0] AI 调用失败或解析失败，继续下一次尝试
2026-08-18 02:01:11 [INFO] 🤖 AI 筛选 [[deepseek] 2/6 策略=仅标题+链接 retry=1]（34 条，5820 字符，temp=0.3）
2026-08-18 02:01:12 [ERROR] AI 调用异常 ([deepseek] 2/6 策略=仅标题+链接 retry=1): Error code: 401 - {'error': {'message': 'Authentication Fails, Your api key: ****df0d is invalid', 'type': 'authentication_error', 'param': None, 'code': 'invalid_request_error'}}
2026-08-18 02:01:12 [WARNING] [[deepseek] 2/6 策略=仅标题+链接 retry=1] AI 调用失败或解析失败，继续下一次尝试
2026-08-18 02:01:12 [INFO] 🤖 AI 筛选 [[deepseek] 3/6 策略=仅标题+链接 retry=2]（34 条，5820 字符，temp=0.3）
2026-08-18 02:01:12 [ERROR] AI 调用异常 ([deepseek] 3/6 策略=仅标题+链接 retry=2): Error code: 401 - {'error': {'message': 'Authentication Fails, Your api key: ****df0d is invalid', 'type': 'authentication_error', 'param': None, 'code': 'invalid_request_error'}}
2026-08-18 02:01:12 [WARNING] [[deepseek] 3/6 策略=仅标题+链接 retry=2] AI 调用失败或解析失败，继续下一次尝试
2026-08-18 02:01:12 [INFO] 🤖 AI 筛选 [[deepseek] 4/6 策略=完整内容 retry=0]（34 条，9830 字符，temp=0.3）
2026-08-18 02:01:13 [ERROR] AI 调用异常 ([deepseek] 4/6 策略=完整内容 retry=0): Error code: 401 - {'error': {'message': 'Authentication Fails, Your api key: ****df0d is invalid', 'type': 'authentication_error', 'param': None, 'code': 'invalid_request_error'}}
2026-08-18 02:01:13 [WARNING] [[deepseek] 4/6 策略=完整内容 retry=0] AI 调用失败或解析失败，继续下一次尝试
2026-08-18 02:01:13 [INFO] 🤖 AI 筛选 [[deepseek] 5/6 策略=完整内容 retry=1]（34 条，9830 字符，temp=0.3）
2026-08-18 02:01:13 [ERROR] AI 调用异常 ([deepseek] 5/6 策略=完整内容 retry=1): Error code: 401 - {'error': {'message': 'Authentication Fails, Your api key: ****df0d is invalid', 'type': 'authentication_error', 'param': None, 'code': 'invalid_request_error'}}
2026-08-18 02:01:13 [WARNING] [[deepseek] 5/6 策略=完整内容 retry=1] AI 调用失败或解析失败，继续下一次尝试
2026-08-18 02:01:13 [INFO] 🤖 AI 筛选 [[deepseek] 6/6 策略=仅标题（无历史） retry=0]（34 条，5820 字符，temp=0.3）
2026-08-18 02:01:13 [ERROR] AI 调用异常 ([deepseek] 6/6 策略=仅标题（无历史） retry=0): Error code: 401 - {'error': {'message': 'Authentication Fails, Your api key: ****df0d is invalid', 'type': 'authentication_error', 'param': None, 'code': 'invalid_request_error'}}
2026-08-18 02:01:13 [WARNING] [[deepseek] 6/6 策略=仅标题（无历史） retry=0] AI 调用失败或解析失败，继续下一次尝试
2026-08-18 02:01:13 [WARNING] [deepseek] 已达最大尝试次数 6，停止
2026-08-18 02:01:13 [INFO] ⚠️ deepseek 未能产出满意结果，尝试下一个提供商
2026-08-18 02:01:13 [INFO] 🔄 尝试 AI 提供商: zhipu
2026-08-18 02:01:13 [ERROR] 未设置环境变量 ZHIPU_API_KEY，无法使用 zhipu
2026-08-18 02:01:13 [INFO] ⚠️ zhipu 未能产出满意结果，尝试下一个提供商
2026-08-18 02:01:13 [INFO] 🔄 尝试 AI 提供商: kimi
2026-08-18 02:01:13 [ERROR] 未设置环境变量 KIMI_API_KEY，无法使用 kimi
2026-08-18 02:01:13 [INFO] ⚠️ kimi 未能产出满意结果，尝试下一个提供商
2026-08-18 02:01:13 [INFO] 🔄 尝试 AI 提供商: huoshan
2026-08-18 02:01:13 [ERROR] 未设置环境变量 HUOSHAN_API_KEY，无法使用 huoshan
2026-08-18 02:01:13 [INFO] ⚠️ huoshan 未能产出满意结果，尝试下一个提供商
2026-08-18 02:01:13 [ERROR] ❌ 所有提供商均失败，返回空列表
2026-08-18 02:01:13 [INFO] 📦 JSON 已保存: reports/2026-08-18-10.json
2026-08-18 02:01:13 [INFO] ✅ AI 筛选完成，共 0 条交易相关消息
2026-08-18 03:00:55 [INFO] 🚀 开始抓取 2026-08-18 11:00 币圈新闻
2026-08-18 03:00:55 [INFO] 📡 抓取 RSS 新闻源...
2026-08-18 03:00:55 [INFO] 📡 抓取交易所公告 & 链上数据...
2026-08-18 03:00:55 [INFO]   ⏭ CoinTelegraph: 过滤掉 29 条非近期新闻
2026-08-18 03:00:55 [INFO]   ⏭ Decrypt: 过滤掉 50 条非近期新闻
2026-08-18 03:00:55 [INFO]   ⏭ The Block: 过滤掉 20 条非近期新闻
2026-08-18 03:00:55 [INFO]   ⏭ Bitcoin Magazine: 过滤掉 10 条非近期新闻
2026-08-18 03:00:55 [INFO]   ⏭ CoinDesk: 过滤掉 25 条非近期新闻
2026-08-18 03:00:55 [WARNING] 解析失败 Bitget公告: 'NoneType' object is not subscriptable
2026-08-18 03:00:55 [INFO]   ⏭ Blockworks: 过滤掉 50 条非近期新闻
2026-08-18 03:00:55 [INFO]   ⏭ Reuters Crypto: 过滤掉 50 条非近期新闻
2026-08-18 03:00:55 [INFO]   ⏭ 宏观经济: 过滤掉 49 条非近期新闻
2026-08-18 03:00:55 [INFO]   ⏭ Bloomberg Crypto: 过滤掉 50 条非近期新闻
2026-08-18 03:00:56 [INFO]   ⏭ CNBC Crypto: 过滤掉 48 条非近期新闻
2026-08-18 03:00:56 [INFO]   ⏭ Decrypt: 过滤掉 50 条非近期新闻
2026-08-18 03:00:56 [INFO]   ⏭ Reddit r/cryptocurrency: 过滤掉 25 条非近期新闻
2026-08-18 03:00:56 [INFO]   ⏭ Blockworks: 过滤掉 8 条非近期新闻
2026-08-18 03:00:56 [INFO]   ⏭ 吴说区块链: 过滤掉 39 条非近期新闻
2026-08-18 03:00:56 [INFO]   ⏭ Bitcoin Magazine: 过滤掉 50 条非近期新闻
2026-08-18 03:00:56 [INFO]   ⏭ DL News: 过滤掉 50 条非近期新闻
2026-08-18 03:00:56 [INFO]   ⏭ DeFi Llama: 过滤掉 50 条非近期新闻
2026-08-18 03:00:56 [INFO]   ⏭ 雪球加密: 过滤掉 50 条非近期新闻
2026-08-18 03:00:56 [INFO]   ⏭ The Block: 过滤掉 50 条非近期新闻
2026-08-18 03:00:56 [INFO]   ⏭ Crypto Twitter: 过滤掉 46 条非近期新闻
2026-08-18 03:00:56 [INFO]   ⏭ CoinDesk: 过滤掉 50 条非近期新闻
2026-08-18 03:00:56 [INFO]   ⏭ 律动BlockBeats: 过滤掉 50 条非近期新闻
2026-08-18 03:00:57 [INFO]   ⏭ PANews: 过滤掉 50 条非近期新闻
2026-08-18 03:00:57 [INFO]   ✓ CoinDesk: 0 条
2026-08-18 03:00:57 [INFO]   ✓ The Block: 0 条
2026-08-18 03:00:57 [INFO]   ✓ Decrypt: 0 条
2026-08-18 03:00:57 [INFO]   ✓ CoinTelegraph: 1 条
2026-08-18 03:00:57 [INFO]   ✓ Bitcoin Magazine: 0 条
2026-08-18 03:00:57 [INFO]   ✓ Blockworks: 0 条
2026-08-18 03:00:57 [INFO]   ✓ DL News: 0 条
2026-08-18 03:00:57 [INFO]   ✓ 金色财经: 3 条
2026-08-18 03:00:57 [INFO]   ✓ PANews: 0 条
2026-08-18 03:00:57 [INFO]   ✓ 律动BlockBeats: 0 条
2026-08-18 03:00:57 [INFO]   ✓ 吴说区块链: 0 条
2026-08-18 03:00:57 [INFO]   ✓ Bloomberg Crypto: 0 条
2026-08-18 03:00:57 [INFO]   ✓ Reuters Crypto: 0 条
2026-08-18 03:00:57 [INFO]   ✓ CNBC Crypto: 2 条
2026-08-18 03:00:57 [INFO]   ✓ Reddit r/cryptocurrency: 0 条
2026-08-18 03:00:57 [INFO]   ✓ Reddit r/bitcoin: 0 条
2026-08-18 03:00:57 [INFO]   ✓ Crypto Twitter: 4 条
2026-08-18 03:00:57 [INFO]   ✓ 宏观经济: 1 条
2026-08-18 03:00:57 [INFO]   ✓ Binance公告: 20 条
2026-08-18 03:00:57 [INFO]   ✓ OKX公告: 0 条
2026-08-18 03:00:57 [INFO]   ✓ Bitget公告: 0 条
2026-08-18 03:00:57 [INFO]   ✓ Whale Alert: 0 条
2026-08-18 03:00:57 [INFO]   ✓ Fear & Greed Index: 1 条
2026-08-18 03:00:57 [INFO]   ✓ DeFi Llama: 0 条
2026-08-18 03:00:57 [INFO]   ✓ 雪球加密: 0 条
2026-08-18 03:00:57 [INFO] 📊 共抓取 32 条新闻
2026-08-18 03:00:57 [INFO] 📋 原始新闻已保存: reports/2026-08-18-11-raw.json (32 条)
2026-08-18 03:00:57 [INFO] 📋 标题摘要已保存: reports/2026-08-18-11-raw-titles.md
2026-08-18 03:00:57 [INFO] ✅ 抓取完成，共 32 条，已保存到 reports/2026-08-18-11-raw.json
2026-08-18 03:00:57 [INFO] 🤖 开始 AI 筛选 2026-08-18 11:00 币圈消息
2026-08-18 03:00:57 [INFO] 📋 已加载原始新闻: reports/2026-08-18-11-raw.json (32 条)
2026-08-18 03:00:57 [INFO] 📚 已加载历史新闻标题（19087 字符）
2026-08-18 03:00:57 [INFO] 📚 已加载历史筛选标题 0 条、URL 0 个，用于去重
2026-08-18 03:00:57 [INFO] 🔄 尝试 AI 提供商: deepseek
2026-08-18 03:00:57 [INFO] 🤖 使用 AI 提供商: deepseek (模型: deepseek-v4-flash)
2026-08-18 03:00:57 [INFO] 🤖 AI 筛选 [[deepseek] 1/6 策略=仅标题+链接 retry=0]（32 条，7211 字符，temp=0.3）
2026-08-18 03:00:58 [ERROR] AI 调用异常 ([deepseek] 1/6 策略=仅标题+链接 retry=0): Error code: 401 - {'error': {'message': 'Authentication Fails, Your api key: ****df0d is invalid', 'type': 'authentication_error', 'param': None, 'code': 'invalid_request_error'}}
2026-08-18 03:00:58 [WARNING] [[deepseek] 1/6 策略=仅标题+链接 retry=0] AI 调用失败或解析失败，继续下一次尝试
2026-08-18 03:00:58 [INFO] 🤖 AI 筛选 [[deepseek] 2/6 策略=仅标题+链接 retry=1]（32 条，7211 字符，temp=0.3）
2026-08-18 03:00:59 [ERROR] AI 调用异常 ([deepseek] 2/6 策略=仅标题+链接 retry=1): Error code: 401 - {'error': {'message': 'Authentication Fails, Your api key: ****df0d is invalid', 'type': 'authentication_error', 'param': None, 'code': 'invalid_request_error'}}
2026-08-18 03:00:59 [WARNING] [[deepseek] 2/6 策略=仅标题+链接 retry=1] AI 调用失败或解析失败，继续下一次尝试
2026-08-18 03:00:59 [INFO] 🤖 AI 筛选 [[deepseek] 3/6 策略=仅标题+链接 retry=2]（32 条，7211 字符，temp=0.3）
2026-08-18 03:00:59 [ERROR] AI 调用异常 ([deepseek] 3/6 策略=仅标题+链接 retry=2): Error code: 401 - {'error': {'message': 'Authentication Fails, Your api key: ****df0d is invalid', 'type': 'authentication_error', 'param': None, 'code': 'invalid_request_error'}}
2026-08-18 03:00:59 [WARNING] [[deepseek] 3/6 策略=仅标题+链接 retry=2] AI 调用失败或解析失败，继续下一次尝试
2026-08-18 03:00:59 [INFO] 🤖 AI 筛选 [[deepseek] 4/6 策略=完整内容 retry=0]（32 条，10328 字符，temp=0.3）
2026-08-18 03:00:59 [ERROR] AI 调用异常 ([deepseek] 4/6 策略=完整内容 retry=0): Error code: 401 - {'error': {'message': 'Authentication Fails, Your api key: ****df0d is invalid', 'type': 'authentication_error', 'param': None, 'code': 'invalid_request_error'}}
2026-08-18 03:00:59 [WARNING] [[deepseek] 4/6 策略=完整内容 retry=0] AI 调用失败或解析失败，继续下一次尝试
2026-08-18 03:00:59 [INFO] 🤖 AI 筛选 [[deepseek] 5/6 策略=完整内容 retry=1]（32 条，10328 字符，temp=0.3）
2026-08-18 03:01:00 [ERROR] AI 调用异常 ([deepseek] 5/6 策略=完整内容 retry=1): Error code: 401 - {'error': {'message': 'Authentication Fails, Your api key: ****df0d is invalid', 'type': 'authentication_error', 'param': None, 'code': 'invalid_request_error'}}
2026-08-18 03:01:00 [WARNING] [[deepseek] 5/6 策略=完整内容 retry=1] AI 调用失败或解析失败，继续下一次尝试
2026-08-18 03:01:00 [INFO] 🤖 AI 筛选 [[deepseek] 6/6 策略=仅标题（无历史） retry=0]（32 条，7211 字符，temp=0.3）
2026-08-18 03:01:00 [ERROR] AI 调用异常 ([deepseek] 6/6 策略=仅标题（无历史） retry=0): Error code: 401 - {'error': {'message': 'Authentication Fails, Your api key: ****df0d is invalid', 'type': 'authentication_error', 'param': None, 'code': 'invalid_request_error'}}
2026-08-18 03:01:00 [WARNING] [[deepseek] 6/6 策略=仅标题（无历史） retry=0] AI 调用失败或解析失败，继续下一次尝试
2026-08-18 03:01:00 [WARNING] [deepseek] 已达最大尝试次数 6，停止
2026-08-18 03:01:00 [INFO] ⚠️ deepseek 未能产出满意结果，尝试下一个提供商
2026-08-18 03:01:00 [INFO] 🔄 尝试 AI 提供商: zhipu
2026-08-18 03:01:00 [ERROR] 未设置环境变量 ZHIPU_API_KEY，无法使用 zhipu
2026-08-18 03:01:00 [INFO] ⚠️ zhipu 未能产出满意结果，尝试下一个提供商
2026-08-18 03:01:00 [INFO] 🔄 尝试 AI 提供商: kimi
2026-08-18 03:01:00 [ERROR] 未设置环境变量 KIMI_API_KEY，无法使用 kimi
2026-08-18 03:01:00 [INFO] ⚠️ kimi 未能产出满意结果，尝试下一个提供商
2026-08-18 03:01:00 [INFO] 🔄 尝试 AI 提供商: huoshan
2026-08-18 03:01:00 [ERROR] 未设置环境变量 HUOSHAN_API_KEY，无法使用 huoshan
2026-08-18 03:01:00 [INFO] ⚠️ huoshan 未能产出满意结果，尝试下一个提供商
2026-08-18 03:01:00 [ERROR] ❌ 所有提供商均失败，返回空列表
2026-08-18 03:01:00 [INFO] 📦 JSON 已保存: reports/2026-08-18-11.json
2026-08-18 03:01:00 [INFO] ✅ AI 筛选完成，共 0 条交易相关消息
2026-08-18 04:00:59 [INFO] 🚀 开始抓取 2026-08-18 12:00 币圈新闻
2026-08-18 04:00:59 [INFO] 📡 抓取 RSS 新闻源...
2026-08-18 04:00:59 [INFO] 📡 抓取交易所公告 & 链上数据...
2026-08-18 04:00:59 [INFO]   ⏭ CoinTelegraph: 过滤掉 29 条非近期新闻
2026-08-18 04:00:59 [INFO]   ⏭ Decrypt: 过滤掉 35 条非近期新闻
2026-08-18 04:00:59 [INFO]   ⏭ The Block: 过滤掉 20 条非近期新闻
2026-08-18 04:01:00 [INFO]   ⏭ CoinDesk: 过滤掉 25 条非近期新闻
2026-08-18 04:01:00 [INFO]   ⏭ Bitcoin Magazine: 过滤掉 10 条非近期新闻
2026-08-18 04:01:00 [INFO]   ⏭ Reuters Crypto: 过滤掉 50 条非近期新闻
2026-08-18 04:01:00 [INFO]   ⏭ Bloomberg Crypto: 过滤掉 50 条非近期新闻
2026-08-18 04:01:00 [INFO]   ⏭ 宏观经济: 过滤掉 49 条非近期新闻
2026-08-18 04:01:00 [WARNING] 解析失败 Bitget公告: 'NoneType' object is not subscriptable
2026-08-18 04:01:00 [INFO]   ⏭ Reddit r/bitcoin: 过滤掉 25 条非近期新闻
2026-08-18 04:01:00 [INFO]   ⏭ DL News: 过滤掉 50 条非近期新闻
2026-08-18 04:01:00 [INFO]   ⏭ Decrypt: 过滤掉 50 条非近期新闻
2026-08-18 04:01:00 [INFO]   ⏭ CNBC Crypto: 过滤掉 50 条非近期新闻
2026-08-18 04:01:00 [INFO]   ⏭ Bitcoin Magazine: 过滤掉 50 条非近期新闻
2026-08-18 04:01:00 [INFO]   ⏭ Blockworks: 过滤掉 50 条非近期新闻
2026-08-18 04:01:00 [INFO]   ⏭ DeFi Llama: 过滤掉 50 条非近期新闻
2026-08-18 04:01:00 [INFO]   ⏭ 雪球加密: 过滤掉 50 条非近期新闻
2026-08-18 04:01:00 [INFO]   ⏭ 吴说区块链: 过滤掉 38 条非近期新闻
2026-08-18 04:01:01 [INFO]   ⏭ CoinDesk: 过滤掉 50 条非近期新闻
2026-08-18 04:01:01 [INFO]   ⏭ Crypto Twitter: 过滤掉 43 条非近期新闻
2026-08-18 04:01:01 [INFO]   ⏭ 律动BlockBeats: 过滤掉 50 条非近期新闻
2026-08-18 04:01:01 [INFO]   ⏭ Blockworks: 过滤掉 8 条非近期新闻
2026-08-18 04:01:01 [INFO]   ⏭ The Block: 过滤掉 50 条非近期新闻
2026-08-18 04:01:01 [INFO]   ⏭ PANews: 过滤掉 50 条非近期新闻
2026-08-18 04:01:09 [INFO]   ✓ CoinDesk: 0 条
2026-08-18 04:01:09 [INFO]   ✓ The Block: 0 条
2026-08-18 04:01:09 [INFO]   ✓ Decrypt: 0 条
2026-08-18 04:01:09 [INFO]   ✓ CoinTelegraph: 1 条
2026-08-18 04:01:09 [INFO]   ✓ Bitcoin Magazine: 0 条
2026-08-18 04:01:09 [INFO]   ✓ Blockworks: 0 条
2026-08-18 04:01:09 [INFO]   ✓ DL News: 0 条
2026-08-18 04:01:09 [INFO]   ✓ 金色财经: 9 条
2026-08-18 04:01:09 [INFO]   ✓ PANews: 0 条
2026-08-18 04:01:09 [INFO]   ✓ 律动BlockBeats: 0 条
2026-08-18 04:01:09 [INFO]   ✓ 吴说区块链: 0 条
2026-08-18 04:01:09 [INFO]   ✓ Bloomberg Crypto: 0 条
2026-08-18 04:01:09 [INFO]   ✓ Reuters Crypto: 0 条
2026-08-18 04:01:09 [INFO]   ✓ CNBC Crypto: 0 条
2026-08-18 04:01:09 [INFO]   ✓ Reddit r/cryptocurrency: 0 条
2026-08-18 04:01:09 [INFO]   ✓ Reddit r/bitcoin: 0 条
2026-08-18 04:01:09 [INFO]   ✓ Crypto Twitter: 7 条
2026-08-18 04:01:09 [INFO]   ✓ 宏观经济: 1 条
2026-08-18 04:01:09 [INFO]   ✓ Binance公告: 20 条
2026-08-18 04:01:09 [INFO]   ✓ OKX公告: 0 条
2026-08-18 04:01:09 [INFO]   ✓ Bitget公告: 0 条
2026-08-18 04:01:09 [INFO]   ✓ Whale Alert: 0 条
2026-08-18 04:01:09 [INFO]   ✓ Fear & Greed Index: 1 条
2026-08-18 04:01:09 [INFO]   ✓ DeFi Llama: 0 条
2026-08-18 04:01:09 [INFO]   ✓ 雪球加密: 0 条
2026-08-18 04:01:09 [INFO] 📊 共抓取 39 条新闻
2026-08-18 04:01:09 [INFO] 📋 原始新闻已保存: reports/2026-08-18-12-raw.json (39 条)
2026-08-18 04:01:09 [INFO] 📋 标题摘要已保存: reports/2026-08-18-12-raw-titles.md
2026-08-18 04:01:09 [INFO] ✅ 抓取完成，共 39 条，已保存到 reports/2026-08-18-12-raw.json
2026-08-18 04:01:10 [INFO] 🤖 开始 AI 筛选 2026-08-18 12:00 币圈消息
2026-08-18 04:01:10 [INFO] 📋 已加载原始新闻: reports/2026-08-18-12-raw.json (39 条)
2026-08-18 04:01:10 [INFO] 📚 已加载历史新闻标题（18846 字符）
2026-08-18 04:01:10 [INFO] 📚 已加载历史筛选标题 0 条、URL 0 个，用于去重
2026-08-18 04:01:10 [INFO] 🔄 尝试 AI 提供商: deepseek
2026-08-18 04:01:10 [INFO] 🤖 使用 AI 提供商: deepseek (模型: deepseek-v4-flash)
2026-08-18 04:01:10 [INFO] 🤖 AI 筛选 [[deepseek] 1/6 策略=仅标题+链接 retry=0]（39 条，7928 字符，temp=0.3）
2026-08-18 04:01:10 [ERROR] AI 调用异常 ([deepseek] 1/6 策略=仅标题+链接 retry=0): Error code: 401 - {'error': {'message': 'Authentication Fails, Your api key: ****df0d is invalid', 'type': 'authentication_error', 'param': None, 'code': 'invalid_request_error'}}
2026-08-18 04:01:10 [WARNING] [[deepseek] 1/6 策略=仅标题+链接 retry=0] AI 调用失败或解析失败，继续下一次尝试
2026-08-18 04:01:10 [INFO] 🤖 AI 筛选 [[deepseek] 2/6 策略=仅标题+链接 retry=1]（39 条，7928 字符，temp=0.3）
2026-08-18 04:01:11 [ERROR] AI 调用异常 ([deepseek] 2/6 策略=仅标题+链接 retry=1): Error code: 401 - {'error': {'message': 'Authentication Fails, Your api key: ****df0d is invalid', 'type': 'authentication_error', 'param': None, 'code': 'invalid_request_error'}}
2026-08-18 04:01:11 [WARNING] [[deepseek] 2/6 策略=仅标题+链接 retry=1] AI 调用失败或解析失败，继续下一次尝试
2026-08-18 04:01:11 [INFO] 🤖 AI 筛选 [[deepseek] 3/6 策略=仅标题+链接 retry=2]（39 条，7928 字符，temp=0.3）
2026-08-18 04:01:11 [ERROR] AI 调用异常 ([deepseek] 3/6 策略=仅标题+链接 retry=2): Error code: 401 - {'error': {'message': 'Authentication Fails, Your api key: ****df0d is invalid', 'type': 'authentication_error', 'param': None, 'code': 'invalid_request_error'}}
2026-08-18 04:01:11 [WARNING] [[deepseek] 3/6 策略=仅标题+链接 retry=2] AI 调用失败或解析失败，继续下一次尝试
2026-08-18 04:01:11 [INFO] 🤖 AI 筛选 [[deepseek] 4/6 策略=完整内容 retry=0]（39 条，12274 字符，temp=0.3）
2026-08-18 04:01:12 [ERROR] AI 调用异常 ([deepseek] 4/6 策略=完整内容 retry=0): Error code: 401 - {'error': {'message': 'Authentication Fails, Your api key: ****df0d is invalid', 'type': 'authentication_error', 'param': None, 'code': 'invalid_request_error'}}
2026-08-18 04:01:12 [WARNING] [[deepseek] 4/6 策略=完整内容 retry=0] AI 调用失败或解析失败，继续下一次尝试
2026-08-18 04:01:12 [INFO] 🤖 AI 筛选 [[deepseek] 5/6 策略=完整内容 retry=1]（39 条，12274 字符，temp=0.3）
2026-08-18 04:01:12 [ERROR] AI 调用异常 ([deepseek] 5/6 策略=完整内容 retry=1): Error code: 401 - {'error': {'message': 'Authentication Fails, Your api key: ****df0d is invalid', 'type': 'authentication_error', 'param': None, 'code': 'invalid_request_error'}}
2026-08-18 04:01:12 [WARNING] [[deepseek] 5/6 策略=完整内容 retry=1] AI 调用失败或解析失败，继续下一次尝试
2026-08-18 04:01:12 [INFO] 🤖 AI 筛选 [[deepseek] 6/6 策略=仅标题（无历史） retry=0]（39 条，7928 字符，temp=0.3）
2026-08-18 04:01:13 [ERROR] AI 调用异常 ([deepseek] 6/6 策略=仅标题（无历史） retry=0): Error code: 401 - {'error': {'message': 'Authentication Fails, Your api key: ****df0d is invalid', 'type': 'authentication_error', 'param': None, 'code': 'invalid_request_error'}}
2026-08-18 04:01:13 [WARNING] [[deepseek] 6/6 策略=仅标题（无历史） retry=0] AI 调用失败或解析失败，继续下一次尝试
2026-08-18 04:01:13 [WARNING] [deepseek] 已达最大尝试次数 6，停止
2026-08-18 04:01:13 [INFO] ⚠️ deepseek 未能产出满意结果，尝试下一个提供商
2026-08-18 04:01:13 [INFO] 🔄 尝试 AI 提供商: zhipu
2026-08-18 04:01:13 [ERROR] 未设置环境变量 ZHIPU_API_KEY，无法使用 zhipu
2026-08-18 04:01:13 [INFO] ⚠️ zhipu 未能产出满意结果，尝试下一个提供商
2026-08-18 04:01:13 [INFO] 🔄 尝试 AI 提供商: kimi
2026-08-18 04:01:13 [ERROR] 未设置环境变量 KIMI_API_KEY，无法使用 kimi
2026-08-18 04:01:13 [INFO] ⚠️ kimi 未能产出满意结果，尝试下一个提供商
2026-08-18 04:01:13 [INFO] 🔄 尝试 AI 提供商: huoshan
2026-08-18 04:01:13 [ERROR] 未设置环境变量 HUOSHAN_API_KEY，无法使用 huoshan
2026-08-18 04:01:13 [INFO] ⚠️ huoshan 未能产出满意结果，尝试下一个提供商
2026-08-18 04:01:13 [ERROR] ❌ 所有提供商均失败，返回空列表
2026-08-18 04:01:13 [INFO] 📦 JSON 已保存: reports/2026-08-18-12.json
2026-08-18 04:01:13 [INFO] ✅ AI 筛选完成，共 0 条交易相关消息
2026-08-18 05:00:53 [INFO] 🚀 开始抓取 2026-08-18 13:00 币圈新闻
2026-08-18 05:00:53 [INFO] 📡 抓取 RSS 新闻源...
2026-08-18 05:00:53 [INFO] 📡 抓取交易所公告 & 链上数据...
2026-08-18 05:00:54 [INFO]   ⏭ Decrypt: 过滤掉 35 条非近期新闻
2026-08-18 05:00:54 [INFO]   ⏭ The Block: 过滤掉 20 条非近期新闻
2026-08-18 05:00:54 [INFO]   ⏭ CoinTelegraph: 过滤掉 28 条非近期新闻
2026-08-18 05:00:54 [WARNING] 解析失败 Bitget公告: 'NoneType' object is not subscriptable
2026-08-18 05:00:54 [INFO]   ⏭ Bloomberg Crypto: 过滤掉 50 条非近期新闻
2026-08-18 05:00:54 [INFO]   ⏭ Reuters Crypto: 过滤掉 50 条非近期新闻
2026-08-18 05:00:54 [INFO]   ⏭ 宏观经济: 过滤掉 49 条非近期新闻
2026-08-18 05:00:54 [INFO]   ⏭ Bitcoin Magazine: 过滤掉 10 条非近期新闻
2026-08-18 05:00:54 [INFO]   ⏭ Blockworks: 过滤掉 50 条非近期新闻
2026-08-18 05:00:54 [INFO]   ⏭ CoinDesk: 过滤掉 24 条非近期新闻
2026-08-18 05:00:54 [INFO]   ⏭ CNBC Crypto: 过滤掉 48 条非近期新闻
2026-08-18 05:00:54 [INFO]   ⏭ Reddit r/bitcoin: 过滤掉 24 条非近期新闻
2026-08-18 05:00:54 [INFO]   ⏭ DL News: 过滤掉 50 条非近期新闻
2026-08-18 05:00:55 [INFO]   ⏭ Decrypt: 过滤掉 50 条非近期新闻
2026-08-18 05:00:55 [INFO]   ⏭ Blockworks: 过滤掉 9 条非近期新闻
2026-08-18 05:00:55 [INFO]   ⏭ Bitcoin Magazine: 过滤掉 50 条非近期新闻
2026-08-18 05:00:55 [INFO]   ⏭ 雪球加密: 过滤掉 49 条非近期新闻
2026-08-18 05:00:55 [INFO]   ⏭ 吴说区块链: 过滤掉 38 条非近期新闻
2026-08-18 05:00:55 [INFO]   ⏭ DeFi Llama: 过滤掉 50 条非近期新闻
2026-08-18 05:00:55 [INFO]   ⏭ The Block: 过滤掉 50 条非近期新闻
2026-08-18 05:00:55 [INFO]   ⏭ Crypto Twitter: 过滤掉 42 条非近期新闻
2026-08-18 05:01:07 [INFO]   ⏭ PANews: 过滤掉 50 条非近期新闻
2026-08-18 05:01:07 [INFO]   ⏭ 律动BlockBeats: 过滤掉 50 条非近期新闻
2026-08-18 05:01:09 [DEBUG] 请求失败 https://rsshub.rssforever.com/jinse/lives: 
2026-08-18 05:01:10 [INFO]   ✓ CoinDesk: 1 条
2026-08-18 05:01:10 [INFO]   ✓ The Block: 0 条
2026-08-18 05:01:10 [INFO]   ✓ Decrypt: 0 条
2026-08-18 05:01:10 [INFO]   ✓ CoinTelegraph: 2 条
2026-08-18 05:01:10 [INFO]   ✓ Bitcoin Magazine: 0 条
2026-08-18 05:01:10 [INFO]   ✓ Blockworks: 0 条
2026-08-18 05:01:10 [INFO]   ✓ DL News: 0 条
2026-08-18 05:01:10 [INFO]   ✓ 金色财经: 0 条
2026-08-18 05:01:10 [INFO]   ✓ PANews: 0 条
2026-08-18 05:01:10 [INFO]   ✓ 律动BlockBeats: 0 条
2026-08-18 05:01:10 [INFO]   ✓ 吴说区块链: 1 条
2026-08-18 05:01:10 [INFO]   ✓ Bloomberg Crypto: 0 条
2026-08-18 05:01:10 [INFO]   ✓ Reuters Crypto: 0 条
2026-08-18 05:01:10 [INFO]   ✓ CNBC Crypto: 2 条
2026-08-18 05:01:10 [INFO]   ✓ Reddit r/cryptocurrency: 0 条
2026-08-18 05:01:10 [INFO]   ✓ Reddit r/bitcoin: 1 条
2026-08-18 05:01:10 [INFO]   ✓ Crypto Twitter: 8 条
2026-08-18 05:01:10 [INFO]   ✓ 宏观经济: 1 条
2026-08-18 05:01:10 [INFO]   ✓ Binance公告: 20 条
2026-08-18 05:01:10 [INFO]   ✓ OKX公告: 0 条
2026-08-18 05:01:10 [INFO]   ✓ Bitget公告: 0 条
2026-08-18 05:01:10 [INFO]   ✓ Whale Alert: 0 条
2026-08-18 05:01:10 [INFO]   ✓ Fear & Greed Index: 1 条
2026-08-18 05:01:10 [INFO]   ✓ DeFi Llama: 0 条
2026-08-18 05:01:10 [INFO]   ✓ 雪球加密: 1 条
2026-08-18 05:01:10 [INFO] 📊 共抓取 38 条新闻
2026-08-18 05:01:10 [INFO] 📋 原始新闻已保存: reports/2026-08-18-13-raw.json (38 条)
2026-08-18 05:01:10 [INFO] 📋 标题摘要已保存: reports/2026-08-18-13-raw-titles.md
2026-08-18 05:01:10 [INFO] ✅ 抓取完成，共 38 条，已保存到 reports/2026-08-18-13-raw.json
2026-08-18 05:01:10 [INFO] 🤖 开始 AI 筛选 2026-08-18 13:00 币圈消息
2026-08-18 05:01:10 [INFO] 📋 已加载原始新闻: reports/2026-08-18-13-raw.json (38 条)
2026-08-18 05:01:10 [INFO] 📚 已加载历史新闻标题（17531 字符）
2026-08-18 05:01:10 [INFO] 📚 已加载历史筛选标题 0 条、URL 0 个，用于去重
2026-08-18 05:01:10 [INFO] 🔄 尝试 AI 提供商: deepseek
2026-08-18 05:01:11 [INFO] 🤖 使用 AI 提供商: deepseek (模型: deepseek-v4-flash)
2026-08-18 05:01:11 [INFO] 🤖 AI 筛选 [[deepseek] 1/6 策略=仅标题+链接 retry=0]（38 条，9622 字符，temp=0.3）
2026-08-18 05:01:11 [ERROR] AI 调用异常 ([deepseek] 1/6 策略=仅标题+链接 retry=0): Error code: 401 - {'error': {'message': 'Authentication Fails, Your api key: ****df0d is invalid', 'type': 'authentication_error', 'param': None, 'code': 'invalid_request_error'}}
2026-08-18 05:01:11 [WARNING] [[deepseek] 1/6 策略=仅标题+链接 retry=0] AI 调用失败或解析失败，继续下一次尝试
2026-08-18 05:01:11 [INFO] 🤖 AI 筛选 [[deepseek] 2/6 策略=仅标题+链接 retry=1]（38 条，9622 字符，temp=0.3）
2026-08-18 05:01:12 [ERROR] AI 调用异常 ([deepseek] 2/6 策略=仅标题+链接 retry=1): Error code: 401 - {'error': {'message': 'Authentication Fails, Your api key: ****df0d is invalid', 'type': 'authentication_error', 'param': None, 'code': 'invalid_request_error'}}
2026-08-18 05:01:12 [WARNING] [[deepseek] 2/6 策略=仅标题+链接 retry=1] AI 调用失败或解析失败，继续下一次尝试
2026-08-18 05:01:12 [INFO] 🤖 AI 筛选 [[deepseek] 3/6 策略=仅标题+链接 retry=2]（38 条，9622 字符，temp=0.3）
2026-08-18 05:01:12 [ERROR] AI 调用异常 ([deepseek] 3/6 策略=仅标题+链接 retry=2): Error code: 401 - {'error': {'message': 'Authentication Fails, Your api key: ****df0d is invalid', 'type': 'authentication_error', 'param': None, 'code': 'invalid_request_error'}}
2026-08-18 05:01:12 [WARNING] [[deepseek] 3/6 策略=仅标题+链接 retry=2] AI 调用失败或解析失败，继续下一次尝试
2026-08-18 05:01:12 [INFO] 🤖 AI 筛选 [[deepseek] 4/6 策略=完整内容 retry=0]（38 条，13078 字符，temp=0.3）
2026-08-18 05:01:13 [ERROR] AI 调用异常 ([deepseek] 4/6 策略=完整内容 retry=0): Error code: 401 - {'error': {'message': 'Authentication Fails, Your api key: ****df0d is invalid', 'type': 'authentication_error', 'param': None, 'code': 'invalid_request_error'}}
2026-08-18 05:01:13 [WARNING] [[deepseek] 4/6 策略=完整内容 retry=0] AI 调用失败或解析失败，继续下一次尝试
2026-08-18 05:01:13 [INFO] 🤖 AI 筛选 [[deepseek] 5/6 策略=完整内容 retry=1]（38 条，13078 字符，temp=0.3）
2026-08-18 05:01:13 [ERROR] AI 调用异常 ([deepseek] 5/6 策略=完整内容 retry=1): Error code: 401 - {'error': {'message': 'Authentication Fails, Your api key: ****df0d is invalid', 'type': 'authentication_error', 'param': None, 'code': 'invalid_request_error'}}
2026-08-18 05:01:13 [WARNING] [[deepseek] 5/6 策略=完整内容 retry=1] AI 调用失败或解析失败，继续下一次尝试
2026-08-18 05:01:13 [INFO] 🤖 AI 筛选 [[deepseek] 6/6 策略=仅标题（无历史） retry=0]（38 条，9622 字符，temp=0.3）
2026-08-18 05:01:13 [ERROR] AI 调用异常 ([deepseek] 6/6 策略=仅标题（无历史） retry=0): Error code: 401 - {'error': {'message': 'Authentication Fails, Your api key: ****df0d is invalid', 'type': 'authentication_error', 'param': None, 'code': 'invalid_request_error'}}
2026-08-18 05:01:13 [WARNING] [[deepseek] 6/6 策略=仅标题（无历史） retry=0] AI 调用失败或解析失败，继续下一次尝试
2026-08-18 05:01:13 [WARNING] [deepseek] 已达最大尝试次数 6，停止
2026-08-18 05:01:13 [INFO] ⚠️ deepseek 未能产出满意结果，尝试下一个提供商
2026-08-18 05:01:13 [INFO] 🔄 尝试 AI 提供商: zhipu
2026-08-18 05:01:13 [ERROR] 未设置环境变量 ZHIPU_API_KEY，无法使用 zhipu
2026-08-18 05:01:13 [INFO] ⚠️ zhipu 未能产出满意结果，尝试下一个提供商
2026-08-18 05:01:13 [INFO] 🔄 尝试 AI 提供商: kimi
2026-08-18 05:01:13 [ERROR] 未设置环境变量 KIMI_API_KEY，无法使用 kimi
2026-08-18 05:01:13 [INFO] ⚠️ kimi 未能产出满意结果，尝试下一个提供商
2026-08-18 05:01:13 [INFO] 🔄 尝试 AI 提供商: huoshan
2026-08-18 05:01:13 [ERROR] 未设置环境变量 HUOSHAN_API_KEY，无法使用 huoshan
2026-08-18 05:01:13 [INFO] ⚠️ huoshan 未能产出满意结果，尝试下一个提供商
2026-08-18 05:01:13 [ERROR] ❌ 所有提供商均失败，返回空列表
2026-08-18 05:01:13 [INFO] 📦 JSON 已保存: reports/2026-08-18-13.json
2026-08-18 05:01:13 [INFO] ✅ AI 筛选完成，共 0 条交易相关消息
2026-08-18 06:00:47 [INFO] 🚀 开始抓取 2026-08-18 14:00 币圈新闻
2026-08-18 06:00:47 [INFO] 📡 抓取 RSS 新闻源...
2026-08-18 06:00:47 [INFO] 📡 抓取交易所公告 & 链上数据...
2026-08-18 06:00:47 [INFO]   ⏭ Decrypt: 过滤掉 35 条非近期新闻
2026-08-18 06:00:47 [INFO]   ⏭ The Block: 过滤掉 19 条非近期新闻
2026-08-18 06:00:48 [INFO]   ⏭ CoinTelegraph: 过滤掉 28 条非近期新闻
2026-08-18 06:00:48 [INFO]   ⏭ Bloomberg Crypto: 过滤掉 50 条非近期新闻
2026-08-18 06:00:48 [INFO]   ⏭ Reuters Crypto: 过滤掉 50 条非近期新闻
2026-08-18 06:00:48 [WARNING] 解析失败 Bitget公告: 'NoneType' object is not subscriptable
2026-08-18 06:00:48 [INFO]   ⏭ CNBC Crypto: 过滤掉 49 条非近期新闻
2026-08-18 06:00:48 [INFO]   ⏭ Reddit r/cryptocurrency: 过滤掉 22 条非近期新闻
2026-08-18 06:00:48 [INFO]   ⏭ CoinDesk: 过滤掉 21 条非近期新闻
2026-08-18 06:00:48 [INFO]   ⏭ Bitcoin Magazine: 过滤掉 10 条非近期新闻
2026-08-18 06:00:48 [INFO]   ⏭ 宏观经济: 过滤掉 50 条非近期新闻
2026-08-18 06:00:48 [INFO]   ⏭ Blockworks: 过滤掉 50 条非近期新闻
2026-08-18 06:00:48 [INFO]   ⏭ DL News: 过滤掉 50 条非近期新闻
2026-08-18 06:00:48 [INFO]   ⏭ Decrypt: 过滤掉 50 条非近期新闻
2026-08-18 06:00:48 [INFO]   ⏭ Blockworks: 过滤掉 8 条非近期新闻
2026-08-18 06:00:49 [INFO]   ⏭ 宏观经济: 过滤掉 47 条非近期新闻
2026-08-18 06:00:49 [INFO]   ⏭ Bitcoin Magazine: 过滤掉 50 条非近期新闻
2026-08-18 06:00:49 [INFO]   ⏭ 雪球加密: 过滤掉 49 条非近期新闻
2026-08-18 06:00:49 [INFO]   ⏭ 吴说区块链: 过滤掉 38 条非近期新闻
2026-08-18 06:00:49 [INFO]   ⏭ DeFi Llama: 过滤掉 50 条非近期新闻
2026-08-18 06:00:49 [INFO]   ⏭ Crypto Twitter: 过滤掉 42 条非近期新闻
2026-08-18 06:00:51 [INFO]   ⏭ PANews: 过滤掉 50 条非近期新闻
2026-08-18 06:00:52 [INFO]   ⏭ 律动BlockBeats: 过滤掉 3 条非近期新闻
2026-08-18 06:00:54 [INFO]   ⏭ 金色财经: 过滤掉 13 条非近期新闻
2026-08-18 06:00:54 [INFO]   ✓ CoinDesk: 4 条
2026-08-18 06:00:54 [INFO]   ✓ The Block: 1 条
2026-08-18 06:00:54 [INFO]   ✓ Decrypt: 0 条
2026-08-18 06:00:54 [INFO]   ✓ CoinTelegraph: 2 条
2026-08-18 06:00:54 [INFO]   ✓ Bitcoin Magazine: 0 条
2026-08-18 06:00:54 [INFO]   ✓ Blockworks: 0 条
2026-08-18 06:00:54 [INFO]   ✓ DL News: 0 条
2026-08-18 06:00:54 [INFO]   ✓ 金色财经: 7 条
2026-08-18 06:00:54 [INFO]   ✓ PANews: 0 条
2026-08-18 06:00:54 [INFO]   ✓ 律动BlockBeats: 17 条
2026-08-18 06:00:54 [INFO]   ✓ 吴说区块链: 1 条
2026-08-18 06:00:54 [INFO]   ✓ Bloomberg Crypto: 0 条
2026-08-18 06:00:54 [INFO]   ✓ Reuters Crypto: 0 条
2026-08-18 06:00:54 [INFO]   ✓ CNBC Crypto: 1 条
2026-08-18 06:00:54 [INFO]   ✓ Reddit r/cryptocurrency: 3 条
2026-08-18 06:00:54 [INFO]   ✓ Reddit r/bitcoin: 0 条
2026-08-18 06:00:54 [INFO]   ✓ Crypto Twitter: 8 条
2026-08-18 06:00:54 [INFO]   ✓ 宏观经济: 0 条
2026-08-18 06:00:54 [INFO]   ✓ Binance公告: 20 条
2026-08-18 06:00:54 [INFO]   ✓ OKX公告: 0 条
2026-08-18 06:00:54 [INFO]   ✓ Bitget公告: 0 条
2026-08-18 06:00:54 [INFO]   ✓ Whale Alert: 0 条
2026-08-18 06:00:54 [INFO]   ✓ Fear & Greed Index: 1 条
2026-08-18 06:00:54 [INFO]   ✓ DeFi Llama: 0 条
2026-08-18 06:00:54 [INFO]   ✓ 雪球加密: 1 条
2026-08-18 06:00:54 [INFO] 📊 共抓取 66 条新闻
2026-08-18 06:00:54 [INFO] 📋 原始新闻已保存: reports/2026-08-18-14-raw.json (66 条)
2026-08-18 06:00:54 [INFO] 📋 标题摘要已保存: reports/2026-08-18-14-raw-titles.md
2026-08-18 06:00:54 [INFO] ✅ 抓取完成，共 66 条，已保存到 reports/2026-08-18-14-raw.json
2026-08-18 06:00:55 [INFO] 🤖 开始 AI 筛选 2026-08-18 14:00 币圈消息
2026-08-18 06:00:55 [INFO] 📋 已加载原始新闻: reports/2026-08-18-14-raw.json (66 条)
2026-08-18 06:00:55 [INFO] 📚 已加载历史新闻标题（16880 字符）
2026-08-18 06:00:55 [INFO] 📚 已加载历史筛选标题 0 条、URL 0 个，用于去重
2026-08-18 06:00:55 [INFO] 🔄 尝试 AI 提供商: deepseek
2026-08-18 06:00:55 [INFO] 🤖 使用 AI 提供商: deepseek (模型: deepseek-v4-flash)
2026-08-18 06:00:55 [INFO] 🤖 AI 筛选 [[deepseek] 1/6 策略=仅标题+链接 retry=0]（66 条，12412 字符，temp=0.3）
2026-08-18 06:00:56 [ERROR] AI 调用异常 ([deepseek] 1/6 策略=仅标题+链接 retry=0): Error code: 401 - {'error': {'message': 'Authentication Fails, Your api key: ****df0d is invalid', 'type': 'authentication_error', 'param': None, 'code': 'invalid_request_error'}}
2026-08-18 06:00:56 [WARNING] [[deepseek] 1/6 策略=仅标题+链接 retry=0] AI 调用失败或解析失败，继续下一次尝试
2026-08-18 06:00:56 [INFO] 🤖 AI 筛选 [[deepseek] 2/6 策略=仅标题+链接 retry=1]（66 条，12412 字符，temp=0.3）
2026-08-18 06:00:56 [ERROR] AI 调用异常 ([deepseek] 2/6 策略=仅标题+链接 retry=1): Error code: 401 - {'error': {'message': 'Authentication Fails, Your api key: ****df0d is invalid', 'type': 'authentication_error', 'param': None, 'code': 'invalid_request_error'}}
2026-08-18 06:00:56 [WARNING] [[deepseek] 2/6 策略=仅标题+链接 retry=1] AI 调用失败或解析失败，继续下一次尝试
2026-08-18 06:00:56 [INFO] 🤖 AI 筛选 [[deepseek] 3/6 策略=仅标题+链接 retry=2]（66 条，12412 字符，temp=0.3）
2026-08-18 06:00:57 [ERROR] AI 调用异常 ([deepseek] 3/6 策略=仅标题+链接 retry=2): Error code: 401 - {'error': {'message': 'Authentication Fails, Your api key: ****df0d is invalid', 'type': 'authentication_error', 'param': None, 'code': 'invalid_request_error'}}
2026-08-18 06:00:57 [WARNING] [[deepseek] 3/6 策略=仅标题+链接 retry=2] AI 调用失败或解析失败，继续下一次尝试
2026-08-18 06:00:57 [INFO] 🤖 AI 筛选 [[deepseek] 4/6 策略=完整内容 retry=0]（66 条，20426 字符，temp=0.3）
2026-08-18 06:00:57 [ERROR] AI 调用异常 ([deepseek] 4/6 策略=完整内容 retry=0): Error code: 401 - {'error': {'message': 'Authentication Fails, Your api key: ****df0d is invalid', 'type': 'authentication_error', 'param': None, 'code': 'invalid_request_error'}}
2026-08-18 06:00:57 [WARNING] [[deepseek] 4/6 策略=完整内容 retry=0] AI 调用失败或解析失败，继续下一次尝试
2026-08-18 06:00:57 [INFO] 🤖 AI 筛选 [[deepseek] 5/6 策略=完整内容 retry=1]（66 条，20426 字符，temp=0.3）
2026-08-18 06:00:58 [ERROR] AI 调用异常 ([deepseek] 5/6 策略=完整内容 retry=1): Error code: 401 - {'error': {'message': 'Authentication Fails, Your api key: ****df0d is invalid', 'type': 'authentication_error', 'param': None, 'code': 'invalid_request_error'}}
2026-08-18 06:00:58 [WARNING] [[deepseek] 5/6 策略=完整内容 retry=1] AI 调用失败或解析失败，继续下一次尝试
2026-08-18 06:00:58 [INFO] 🤖 AI 筛选 [[deepseek] 6/6 策略=仅标题（无历史） retry=0]（66 条，12412 字符，temp=0.3）
2026-08-18 06:00:58 [ERROR] AI 调用异常 ([deepseek] 6/6 策略=仅标题（无历史） retry=0): Error code: 401 - {'error': {'message': 'Authentication Fails, Your api key: ****df0d is invalid', 'type': 'authentication_error', 'param': None, 'code': 'invalid_request_error'}}
2026-08-18 06:00:58 [WARNING] [[deepseek] 6/6 策略=仅标题（无历史） retry=0] AI 调用失败或解析失败，继续下一次尝试
2026-08-18 06:00:58 [WARNING] [deepseek] 已达最大尝试次数 6，停止
2026-08-18 06:00:58 [INFO] ⚠️ deepseek 未能产出满意结果，尝试下一个提供商
2026-08-18 06:00:58 [INFO] 🔄 尝试 AI 提供商: zhipu
2026-08-18 06:00:58 [ERROR] 未设置环境变量 ZHIPU_API_KEY，无法使用 zhipu
2026-08-18 06:00:58 [INFO] ⚠️ zhipu 未能产出满意结果，尝试下一个提供商
2026-08-18 06:00:58 [INFO] 🔄 尝试 AI 提供商: kimi
2026-08-18 06:00:58 [ERROR] 未设置环境变量 KIMI_API_KEY，无法使用 kimi
2026-08-18 06:00:58 [INFO] ⚠️ kimi 未能产出满意结果，尝试下一个提供商
2026-08-18 06:00:58 [INFO] 🔄 尝试 AI 提供商: huoshan
2026-08-18 06:00:58 [ERROR] 未设置环境变量 HUOSHAN_API_KEY，无法使用 huoshan
2026-08-18 06:00:58 [INFO] ⚠️ huoshan 未能产出满意结果，尝试下一个提供商
2026-08-18 06:00:58 [ERROR] ❌ 所有提供商均失败，返回空列表
2026-08-18 06:00:58 [INFO] 📦 JSON 已保存: reports/2026-08-18-14.json
2026-08-18 06:00:58 [INFO] ✅ AI 筛选完成，共 0 条交易相关消息
2026-08-18 07:00:56 [INFO] 🚀 开始抓取 2026-08-18 15:00 币圈新闻
2026-08-18 07:00:56 [INFO] 📡 抓取 RSS 新闻源...
2026-08-18 07:00:56 [INFO] 📡 抓取交易所公告 & 链上数据...
2026-08-18 07:00:56 [INFO]   ⏭ CoinTelegraph: 过滤掉 28 条非近期新闻
2026-08-18 07:00:56 [INFO]   ⏭ The Block: 过滤掉 18 条非近期新闻
2026-08-18 07:00:56 [INFO]   ⏭ Decrypt: 过滤掉 35 条非近期新闻
2026-08-18 07:00:56 [INFO]   ⏭ Bitcoin Magazine: 过滤掉 10 条非近期新闻
2026-08-18 07:00:56 [INFO]   ⏭ Bloomberg Crypto: 过滤掉 50 条非近期新闻
2026-08-18 07:00:56 [INFO]   ⏭ Reuters Crypto: 过滤掉 50 条非近期新闻
2026-08-18 07:00:56 [INFO]   ⏭ CoinDesk: 过滤掉 22 条非近期新闻
2026-08-18 07:00:56 [WARNING] 解析失败 Bitget公告: 'NoneType' object is not subscriptable
2026-08-18 07:00:56 [INFO]   ⏭ 宏观经济: 过滤掉 50 条非近期新闻
2026-08-18 07:00:57 [INFO]   ⏭ Blockworks: 过滤掉 50 条非近期新闻
2026-08-18 07:00:57 [INFO]   ⏭ CNBC Crypto: 过滤掉 49 条非近期新闻
2026-08-18 07:00:57 [INFO]   ⏭ 律动BlockBeats: 过滤掉 2 条非近期新闻
2026-08-18 07:00:57 [INFO]   ⏭ Reddit r/cryptocurrency: 过滤掉 19 条非近期新闻
2026-08-18 07:00:57 [INFO]   ⏭ DL News: 过滤掉 50 条非近期新闻
2026-08-18 07:00:57 [INFO]   ⏭ 宏观经济: 过滤掉 45 条非近期新闻
2026-08-18 07:00:57 [INFO]   ⏭ Blockworks: 过滤掉 8 条非近期新闻
2026-08-18 07:00:57 [INFO]   ⏭ Decrypt: 过滤掉 50 条非近期新闻
2026-08-18 07:00:57 [INFO]   ⏭ Bitcoin Magazine: 过滤掉 50 条非近期新闻
2026-08-18 07:00:57 [INFO]   ⏭ DeFi Llama: 过滤掉 50 条非近期新闻
2026-08-18 07:00:57 [INFO]   ⏭ 雪球加密: 过滤掉 49 条非近期新闻
2026-08-18 07:00:57 [INFO]   ⏭ 吴说区块链: 过滤掉 39 条非近期新闻
2026-08-18 07:00:57 [INFO]   ⏭ Crypto Twitter: 过滤掉 44 条非近期新闻
2026-08-18 07:00:58 [INFO]   ⏭ PANews: 过滤掉 50 条非近期新闻
2026-08-18 07:01:00 [INFO]   ⏭ 金色财经: 过滤掉 14 条非近期新闻
2026-08-18 07:01:12 [DEBUG] 请求失败 https://rsshub.rssforever.com/bloomberg/crypto: 
2026-08-18 07:01:12 [INFO]   ✓ CoinDesk: 3 条
2026-08-18 07:01:12 [INFO]   ✓ The Block: 2 条
2026-08-18 07:01:12 [INFO]   ✓ Decrypt: 0 条
2026-08-18 07:01:12 [INFO]   ✓ CoinTelegraph: 2 条
2026-08-18 07:01:12 [INFO]   ✓ Bitcoin Magazine: 0 条
2026-08-18 07:01:12 [INFO]   ✓ Blockworks: 0 条
2026-08-18 07:01:12 [INFO]   ✓ DL News: 0 条
2026-08-18 07:01:12 [INFO]   ✓ 金色财经: 6 条
2026-08-18 07:01:12 [INFO]   ✓ PANews: 0 条
2026-08-18 07:01:12 [INFO]   ✓ 律动BlockBeats: 18 条
2026-08-18 07:01:12 [INFO]   ✓ 吴说区块链: 0 条
2026-08-18 07:01:12 [INFO]   ✓ Bloomberg Crypto: 0 条
2026-08-18 07:01:12 [INFO]   ✓ Reuters Crypto: 0 条
2026-08-18 07:01:12 [INFO]   ✓ CNBC Crypto: 1 条
2026-08-18 07:01:12 [INFO]   ✓ Reddit r/cryptocurrency: 6 条
2026-08-18 07:01:12 [INFO]   ✓ Reddit r/bitcoin: 0 条
2026-08-18 07:01:12 [INFO]   ✓ Crypto Twitter: 6 条
2026-08-18 07:01:12 [INFO]   ✓ 宏观经济: 0 条
2026-08-18 07:01:12 [INFO]   ✓ Binance公告: 20 条
2026-08-18 07:01:12 [INFO]   ✓ OKX公告: 0 条
2026-08-18 07:01:12 [INFO]   ✓ Bitget公告: 0 条
2026-08-18 07:01:12 [INFO]   ✓ Whale Alert: 0 条
2026-08-18 07:01:12 [INFO]   ✓ Fear & Greed Index: 1 条
2026-08-18 07:01:12 [INFO]   ✓ DeFi Llama: 0 条
2026-08-18 07:01:12 [INFO]   ✓ 雪球加密: 1 条
2026-08-18 07:01:12 [INFO] 📊 共抓取 66 条新闻
2026-08-18 07:01:12 [INFO] 📋 原始新闻已保存: reports/2026-08-18-15-raw.json (66 条)
2026-08-18 07:01:12 [INFO] 📋 标题摘要已保存: reports/2026-08-18-15-raw-titles.md
2026-08-18 07:01:12 [INFO] ✅ 抓取完成，共 66 条，已保存到 reports/2026-08-18-15-raw.json
2026-08-18 07:01:12 [INFO] 🤖 开始 AI 筛选 2026-08-18 15:00 币圈消息
2026-08-18 07:01:12 [INFO] 📋 已加载原始新闻: reports/2026-08-18-15-raw.json (66 条)
2026-08-18 07:01:12 [INFO] 📚 已加载历史新闻标题（18211 字符）
2026-08-18 07:01:12 [INFO] 📚 已加载历史筛选标题 0 条、URL 0 个，用于去重
2026-08-18 07:01:12 [INFO] 🔄 尝试 AI 提供商: deepseek
2026-08-18 07:01:12 [INFO] 🤖 使用 AI 提供商: deepseek (模型: deepseek-v4-flash)
2026-08-18 07:01:12 [INFO] 🤖 AI 筛选 [[deepseek] 1/6 策略=仅标题+链接 retry=0]（66 条，12020 字符，temp=0.3）
2026-08-18 07:01:13 [ERROR] AI 调用异常 ([deepseek] 1/6 策略=仅标题+链接 retry=0): Error code: 401 - {'error': {'message': 'Authentication Fails, Your api key: ****df0d is invalid', 'type': 'authentication_error', 'param': None, 'code': 'invalid_request_error'}}
2026-08-18 07:01:13 [WARNING] [[deepseek] 1/6 策略=仅标题+链接 retry=0] AI 调用失败或解析失败，继续下一次尝试
2026-08-18 07:01:13 [INFO] 🤖 AI 筛选 [[deepseek] 2/6 策略=仅标题+链接 retry=1]（66 条，12020 字符，temp=0.3）
2026-08-18 07:01:14 [ERROR] AI 调用异常 ([deepseek] 2/6 策略=仅标题+链接 retry=1): Error code: 401 - {'error': {'message': 'Authentication Fails, Your api key: ****df0d is invalid', 'type': 'authentication_error', 'param': None, 'code': 'invalid_request_error'}}
2026-08-18 07:01:14 [WARNING] [[deepseek] 2/6 策略=仅标题+链接 retry=1] AI 调用失败或解析失败，继续下一次尝试
2026-08-18 07:01:14 [INFO] 🤖 AI 筛选 [[deepseek] 3/6 策略=仅标题+链接 retry=2]（66 条，12020 字符，temp=0.3）
2026-08-18 07:01:14 [ERROR] AI 调用异常 ([deepseek] 3/6 策略=仅标题+链接 retry=2): Error code: 401 - {'error': {'message': 'Authentication Fails, Your api key: ****df0d is invalid', 'type': 'authentication_error', 'param': None, 'code': 'invalid_request_error'}}
2026-08-18 07:01:14 [WARNING] [[deepseek] 3/6 策略=仅标题+链接 retry=2] AI 调用失败或解析失败，继续下一次尝试
2026-08-18 07:01:14 [INFO] 🤖 AI 筛选 [[deepseek] 4/6 策略=完整内容 retry=0]（66 条，19803 字符，temp=0.3）
2026-08-18 07:01:15 [ERROR] AI 调用异常 ([deepseek] 4/6 策略=完整内容 retry=0): Error code: 401 - {'error': {'message': 'Authentication Fails, Your api key: ****df0d is invalid', 'type': 'authentication_error', 'param': None, 'code': 'invalid_request_error'}}
2026-08-18 07:01:15 [WARNING] [[deepseek] 4/6 策略=完整内容 retry=0] AI 调用失败或解析失败，继续下一次尝试
2026-08-18 07:01:15 [INFO] 🤖 AI 筛选 [[deepseek] 5/6 策略=完整内容 retry=1]（66 条，19803 字符，temp=0.3）
2026-08-18 07:01:15 [ERROR] AI 调用异常 ([deepseek] 5/6 策略=完整内容 retry=1): Error code: 401 - {'error': {'message': 'Authentication Fails, Your api key: ****df0d is invalid', 'type': 'authentication_error', 'param': None, 'code': 'invalid_request_error'}}
2026-08-18 07:01:15 [WARNING] [[deepseek] 5/6 策略=完整内容 retry=1] AI 调用失败或解析失败，继续下一次尝试
2026-08-18 07:01:15 [INFO] 🤖 AI 筛选 [[deepseek] 6/6 策略=仅标题（无历史） retry=0]（66 条，12020 字符，temp=0.3）
2026-08-18 07:01:16 [ERROR] AI 调用异常 ([deepseek] 6/6 策略=仅标题（无历史） retry=0): Error code: 401 - {'error': {'message': 'Authentication Fails, Your api key: ****df0d is invalid', 'type': 'authentication_error', 'param': None, 'code': 'invalid_request_error'}}
2026-08-18 07:01:16 [WARNING] [[deepseek] 6/6 策略=仅标题（无历史） retry=0] AI 调用失败或解析失败，继续下一次尝试
2026-08-18 07:01:16 [WARNING] [deepseek] 已达最大尝试次数 6，停止
2026-08-18 07:01:16 [INFO] ⚠️ deepseek 未能产出满意结果，尝试下一个提供商
2026-08-18 07:01:16 [INFO] 🔄 尝试 AI 提供商: zhipu
2026-08-18 07:01:16 [ERROR] 未设置环境变量 ZHIPU_API_KEY，无法使用 zhipu
2026-08-18 07:01:16 [INFO] ⚠️ zhipu 未能产出满意结果，尝试下一个提供商
2026-08-18 07:01:16 [INFO] 🔄 尝试 AI 提供商: kimi
2026-08-18 07:01:16 [ERROR] 未设置环境变量 KIMI_API_KEY，无法使用 kimi
2026-08-18 07:01:16 [INFO] ⚠️ kimi 未能产出满意结果，尝试下一个提供商
2026-08-18 07:01:16 [INFO] 🔄 尝试 AI 提供商: huoshan
2026-08-18 07:01:16 [ERROR] 未设置环境变量 HUOSHAN_API_KEY，无法使用 huoshan
2026-08-18 07:01:16 [INFO] ⚠️ huoshan 未能产出满意结果，尝试下一个提供商
2026-08-18 07:01:16 [ERROR] ❌ 所有提供商均失败，返回空列表
2026-08-18 07:01:16 [INFO] 📦 JSON 已保存: reports/2026-08-18-15.json
2026-08-18 07:01:16 [INFO] ✅ AI 筛选完成，共 0 条交易相关消息
2026-08-18 08:00:54 [INFO] 🚀 开始抓取 2026-08-18 16:00 币圈新闻
2026-08-18 08:00:54 [INFO] 📡 抓取 RSS 新闻源...
2026-08-18 08:00:54 [INFO] 📡 抓取交易所公告 & 链上数据...
2026-08-18 08:00:54 [INFO]   ⏭ The Block: 过滤掉 17 条非近期新闻
2026-08-18 08:00:54 [INFO]   ⏭ Decrypt: 过滤掉 35 条非近期新闻
2026-08-18 08:00:54 [INFO]   ⏭ CoinTelegraph: 过滤掉 29 条非近期新闻
2026-08-18 08:00:55 [WARNING] 解析失败 Bitget公告: 'NoneType' object is not subscriptable
2026-08-18 08:00:55 [INFO]   ⏭ 宏观经济: 过滤掉 50 条非近期新闻
2026-08-18 08:00:55 [INFO]   ⏭ Reuters Crypto: 过滤掉 50 条非近期新闻
2026-08-18 08:00:55 [INFO]   ⏭ Bloomberg Crypto: 过滤掉 50 条非近期新闻
2026-08-18 08:00:55 [INFO]   ⏭ CNBC Crypto: 过滤掉 49 条非近期新闻
2026-08-18 08:00:55 [INFO]   ⏭ Bitcoin Magazine: 过滤掉 10 条非近期新闻
2026-08-18 08:00:55 [INFO]   ⏭ CoinDesk: 过滤掉 25 条非近期新闻
2026-08-18 08:00:55 [INFO]   ⏭ Reddit r/bitcoin: 过滤掉 22 条非近期新闻
2026-08-18 08:00:55 [INFO]   ⏭ 宏观经济: 过滤掉 45 条非近期新闻
2026-08-18 08:00:55 [INFO]   ⏭ Blockworks: 过滤掉 50 条非近期新闻
2026-08-18 08:00:55 [INFO]   ⏭ Blockworks: 过滤掉 8 条非近期新闻
2026-08-18 08:00:55 [INFO]   ⏭ DL News: 过滤掉 50 条非近期新闻
2026-08-18 08:00:55 [INFO]   ⏭ Decrypt: 过滤掉 50 条非近期新闻
2026-08-18 08:00:56 [INFO]   ⏭ Bitcoin Magazine: 过滤掉 50 条非近期新闻
2026-08-18 08:00:56 [INFO]   ⏭ 吴说区块链: 过滤掉 39 条非近期新闻
2026-08-18 08:00:56 [INFO]   ⏭ DeFi Llama: 过滤掉 50 条非近期新闻
2026-08-18 08:00:56 [INFO]   ⏭ 雪球加密: 过滤掉 50 条非近期新闻
2026-08-18 08:00:56 [INFO]   ⏭ Crypto Twitter: 过滤掉 44 条非近期新闻
2026-08-18 08:00:56 [INFO]   ⏭ CoinDesk: 过滤掉 50 条非近期新闻
2026-08-18 08:01:10 [DEBUG] 请求失败 https://rsshub.rssforever.com/jinse/lives: 
2026-08-18 08:01:10 [DEBUG] 请求失败 https://rsshub.rssforever.com/panewslab/news: 
2026-08-18 08:01:10 [DEBUG] 请求失败 https://rsshub.rssforever.com/theblockbeats/newsflash: 
2026-08-18 08:01:11 [INFO]   ⏭ 律动BlockBeats: 过滤掉 50 条非近期新闻
2026-08-18 08:01:11 [INFO]   ⏭ PANews: 过滤掉 50 条非近期新闻
2026-08-18 08:01:11 [INFO]   ✓ CoinDesk: 0 条
2026-08-18 08:01:11 [INFO]   ✓ The Block: 3 条
2026-08-18 08:01:11 [INFO]   ✓ Decrypt: 0 条
2026-08-18 08:01:11 [INFO]   ✓ CoinTelegraph: 1 条
2026-08-18 08:01:11 [INFO]   ✓ Bitcoin Magazine: 0 条
2026-08-18 08:01:11 [INFO]   ✓ Blockworks: 0 条
2026-08-18 08:01:11 [INFO]   ✓ DL News: 0 条
2026-08-18 08:01:11 [INFO]   ✓ 金色财经: 0 条
2026-08-18 08:01:11 [INFO]   ✓ PANews: 0 条
2026-08-18 08:01:11 [INFO]   ✓ 律动BlockBeats: 0 条
2026-08-18 08:01:11 [INFO]   ✓ 吴说区块链: 0 条
2026-08-18 08:01:11 [INFO]   ✓ Bloomberg Crypto: 0 条
2026-08-18 08:01:11 [INFO]   ✓ Reuters Crypto: 0 条
2026-08-18 08:01:11 [INFO]   ✓ CNBC Crypto: 1 条
2026-08-18 08:01:11 [INFO]   ✓ Reddit r/cryptocurrency: 0 条
2026-08-18 08:01:11 [INFO]   ✓ Reddit r/bitcoin: 3 条
2026-08-18 08:01:11 [INFO]   ✓ Crypto Twitter: 6 条
2026-08-18 08:01:11 [INFO]   ✓ 宏观经济: 0 条
2026-08-18 08:01:11 [INFO]   ✓ Binance公告: 20 条
2026-08-18 08:01:11 [INFO]   ✓ OKX公告: 0 条
2026-08-18 08:01:11 [INFO]   ✓ Bitget公告: 0 条
2026-08-18 08:01:11 [INFO]   ✓ Whale Alert: 0 条
2026-08-18 08:01:11 [INFO]   ✓ Fear & Greed Index: 1 条
2026-08-18 08:01:11 [INFO]   ✓ DeFi Llama: 0 条
2026-08-18 08:01:11 [INFO]   ✓ 雪球加密: 0 条
2026-08-18 08:01:11 [INFO] 📊 共抓取 35 条新闻
2026-08-18 08:01:11 [INFO] 📋 原始新闻已保存: reports/2026-08-18-16-raw.json (35 条)
2026-08-18 08:01:11 [INFO] 📋 标题摘要已保存: reports/2026-08-18-16-raw-titles.md
2026-08-18 08:01:11 [INFO] ✅ 抓取完成，共 35 条，已保存到 reports/2026-08-18-16-raw.json
2026-08-18 08:01:12 [INFO] 🤖 开始 AI 筛选 2026-08-18 16:00 币圈消息
2026-08-18 08:01:12 [INFO] 📋 已加载原始新闻: reports/2026-08-18-16-raw.json (35 条)
2026-08-18 08:01:12 [INFO] 📚 已加载历史新闻标题（20270 字符）
2026-08-18 08:01:12 [INFO] 📚 已加载历史筛选标题 0 条、URL 0 个，用于去重
2026-08-18 08:01:12 [INFO] 🔄 尝试 AI 提供商: deepseek
2026-08-18 08:01:12 [INFO] 🤖 使用 AI 提供商: deepseek (模型: deepseek-v4-flash)
2026-08-18 08:01:12 [INFO] 🤖 AI 筛选 [[deepseek] 1/6 策略=仅标题+链接 retry=0]（35 条，8099 字符，temp=0.3）
2026-08-18 08:01:13 [ERROR] AI 调用异常 ([deepseek] 1/6 策略=仅标题+链接 retry=0): Error code: 401 - {'error': {'message': 'Authentication Fails, Your api key: ****df0d is invalid', 'type': 'authentication_error', 'param': None, 'code': 'invalid_request_error'}}
2026-08-18 08:01:13 [WARNING] [[deepseek] 1/6 策略=仅标题+链接 retry=0] AI 调用失败或解析失败，继续下一次尝试
2026-08-18 08:01:13 [INFO] 🤖 AI 筛选 [[deepseek] 2/6 策略=仅标题+链接 retry=1]（35 条，8099 字符，temp=0.3）
2026-08-18 08:01:13 [ERROR] AI 调用异常 ([deepseek] 2/6 策略=仅标题+链接 retry=1): Error code: 401 - {'error': {'message': 'Authentication Fails, Your api key: ****df0d is invalid', 'type': 'authentication_error', 'param': None, 'code': 'invalid_request_error'}}
2026-08-18 08:01:13 [WARNING] [[deepseek] 2/6 策略=仅标题+链接 retry=1] AI 调用失败或解析失败，继续下一次尝试
2026-08-18 08:01:13 [INFO] 🤖 AI 筛选 [[deepseek] 3/6 策略=仅标题+链接 retry=2]（35 条，8099 字符，temp=0.3）
2026-08-18 08:01:13 [ERROR] AI 调用异常 ([deepseek] 3/6 策略=仅标题+链接 retry=2): Error code: 401 - {'error': {'message': 'Authentication Fails, Your api key: ****df0d is invalid', 'type': 'authentication_error', 'param': None, 'code': 'invalid_request_error'}}
2026-08-18 08:01:13 [WARNING] [[deepseek] 3/6 策略=仅标题+链接 retry=2] AI 调用失败或解析失败，继续下一次尝试
2026-08-18 08:01:13 [INFO] 🤖 AI 筛选 [[deepseek] 4/6 策略=完整内容 retry=0]（35 条，11834 字符，temp=0.3）
2026-08-18 08:01:14 [ERROR] AI 调用异常 ([deepseek] 4/6 策略=完整内容 retry=0): Error code: 401 - {'error': {'message': 'Authentication Fails, Your api key: ****df0d is invalid', 'type': 'authentication_error', 'param': None, 'code': 'invalid_request_error'}}
2026-08-18 08:01:14 [WARNING] [[deepseek] 4/6 策略=完整内容 retry=0] AI 调用失败或解析失败，继续下一次尝试
2026-08-18 08:01:14 [INFO] 🤖 AI 筛选 [[deepseek] 5/6 策略=完整内容 retry=1]（35 条，11834 字符，temp=0.3）
2026-08-18 08:01:14 [ERROR] AI 调用异常 ([deepseek] 5/6 策略=完整内容 retry=1): Error code: 401 - {'error': {'message': 'Authentication Fails, Your api key: ****df0d is invalid', 'type': 'authentication_error', 'param': None, 'code': 'invalid_request_error'}}
2026-08-18 08:01:14 [WARNING] [[deepseek] 5/6 策略=完整内容 retry=1] AI 调用失败或解析失败，继续下一次尝试
2026-08-18 08:01:14 [INFO] 🤖 AI 筛选 [[deepseek] 6/6 策略=仅标题（无历史） retry=0]（35 条，8099 字符，temp=0.3）
2026-08-18 08:01:15 [ERROR] AI 调用异常 ([deepseek] 6/6 策略=仅标题（无历史） retry=0): Error code: 401 - {'error': {'message': 'Authentication Fails, Your api key: ****df0d is invalid', 'type': 'authentication_error', 'param': None, 'code': 'invalid_request_error'}}
2026-08-18 08:01:15 [WARNING] [[deepseek] 6/6 策略=仅标题（无历史） retry=0] AI 调用失败或解析失败，继续下一次尝试
2026-08-18 08:01:15 [WARNING] [deepseek] 已达最大尝试次数 6，停止
2026-08-18 08:01:15 [INFO] ⚠️ deepseek 未能产出满意结果，尝试下一个提供商
2026-08-18 08:01:15 [INFO] 🔄 尝试 AI 提供商: zhipu
2026-08-18 08:01:15 [ERROR] 未设置环境变量 ZHIPU_API_KEY，无法使用 zhipu
2026-08-18 08:01:15 [INFO] ⚠️ zhipu 未能产出满意结果，尝试下一个提供商
2026-08-18 08:01:15 [INFO] 🔄 尝试 AI 提供商: kimi
2026-08-18 08:01:15 [ERROR] 未设置环境变量 KIMI_API_KEY，无法使用 kimi
2026-08-18 08:01:15 [INFO] ⚠️ kimi 未能产出满意结果，尝试下一个提供商
2026-08-18 08:01:15 [INFO] 🔄 尝试 AI 提供商: huoshan
2026-08-18 08:01:15 [ERROR] 未设置环境变量 HUOSHAN_API_KEY，无法使用 huoshan
2026-08-18 08:01:15 [INFO] ⚠️ huoshan 未能产出满意结果，尝试下一个提供商
2026-08-18 08:01:15 [ERROR] ❌ 所有提供商均失败，返回空列表
2026-08-18 08:01:15 [INFO] 📦 JSON 已保存: reports/2026-08-18-16.json
2026-08-18 08:01:15 [INFO] ✅ AI 筛选完成，共 0 条交易相关消息
2026-08-18 09:00:50 [INFO] 🚀 开始抓取 2026-08-18 17:00 币圈新闻
2026-08-18 09:00:50 [INFO] 📡 抓取 RSS 新闻源...
2026-08-18 09:00:50 [INFO] 📡 抓取交易所公告 & 链上数据...
2026-08-18 09:00:50 [INFO]   ⏭ Decrypt: 过滤掉 50 条非近期新闻
2026-08-18 09:00:50 [INFO]   ⏭ The Block: 过滤掉 18 条非近期新闻
2026-08-18 09:00:50 [INFO]   ⏭ CoinTelegraph: 过滤掉 27 条非近期新闻
2026-08-18 09:00:51 [INFO]   ⏭ CoinDesk: 过滤掉 24 条非近期新闻
2026-08-18 09:00:51 [INFO]   ⏭ Bitcoin Magazine: 过滤掉 10 条非近期新闻
2026-08-18 09:00:51 [WARNING] 解析失败 Bitget公告: 'NoneType' object is not subscriptable
2026-08-18 09:00:51 [INFO]   ⏭ Blockworks: 过滤掉 50 条非近期新闻
2026-08-18 09:00:51 [INFO]   ⏭ Reuters Crypto: 过滤掉 50 条非近期新闻
2026-08-18 09:00:51 [INFO]   ⏭ 宏观经济: 过滤掉 50 条非近期新闻
2026-08-18 09:00:51 [INFO]   ⏭ Bloomberg Crypto: 过滤掉 50 条非近期新闻
2026-08-18 09:00:51 [INFO]   ⏭ Reddit r/bitcoin: 过滤掉 24 条非近期新闻
2026-08-18 09:00:51 [INFO]   ⏭ CNBC Crypto: 过滤掉 50 条非近期新闻
2026-08-18 09:00:51 [INFO]   ⏭ Decrypt: 过滤掉 50 条非近期新闻
2026-08-18 09:00:51 [INFO]   ⏭ DL News: 过滤掉 50 条非近期新闻
2026-08-18 09:00:51 [INFO]   ⏭ 宏观经济: 过滤掉 46 条非近期新闻
2026-08-18 09:00:51 [INFO]   ⏭ Blockworks: 过滤掉 8 条非近期新闻
2026-08-18 09:00:51 [INFO]   ⏭ DeFi Llama: 过滤掉 49 条非近期新闻
2026-08-18 09:00:51 [INFO]   ⏭ 雪球加密: 过滤掉 50 条非近期新闻
2026-08-18 09:00:52 [INFO]   ⏭ Bitcoin Magazine: 过滤掉 50 条非近期新闻
2026-08-18 09:00:52 [INFO]   ⏭ 吴说区块链: 过滤掉 39 条非近期新闻
2026-08-18 09:00:52 [INFO]   ⏭ Crypto Twitter: 过滤掉 42 条非近期新闻
2026-08-18 09:00:59 [INFO]   ⏭ PANews: 过滤掉 50 条非近期新闻
2026-08-18 09:00:59 [INFO]   ⏭ 律动BlockBeats: 过滤掉 3 条非近期新闻
2026-08-18 09:01:06 [DEBUG] 请求失败 https://rsshub.rssforever.com/jinse/lives: 
2026-08-18 09:01:06 [INFO]   ✓ CoinDesk: 1 条
2026-08-18 09:01:06 [INFO]   ✓ The Block: 2 条
2026-08-18 09:01:06 [INFO]   ✓ Decrypt: 0 条
2026-08-18 09:01:06 [INFO]   ✓ CoinTelegraph: 3 条
2026-08-18 09:01:06 [INFO]   ✓ Bitcoin Magazine: 0 条
2026-08-18 09:01:06 [INFO]   ✓ Blockworks: 0 条
2026-08-18 09:01:06 [INFO]   ✓ DL News: 0 条
2026-08-18 09:01:06 [INFO]   ✓ 金色财经: 0 条
2026-08-18 09:01:06 [INFO]   ✓ PANews: 0 条
2026-08-18 09:01:06 [INFO]   ✓ 律动BlockBeats: 17 条
2026-08-18 09:01:06 [INFO]   ✓ 吴说区块链: 0 条
2026-08-18 09:01:06 [INFO]   ✓ Bloomberg Crypto: 0 条
2026-08-18 09:01:06 [INFO]   ✓ Reuters Crypto: 0 条
2026-08-18 09:01:06 [INFO]   ✓ CNBC Crypto: 0 条
2026-08-18 09:01:06 [INFO]   ✓ Reddit r/cryptocurrency: 0 条
2026-08-18 09:01:06 [INFO]   ✓ Reddit r/bitcoin: 1 条
2026-08-18 09:01:06 [INFO]   ✓ Crypto Twitter: 8 条
2026-08-18 09:01:06 [INFO]   ✓ 宏观经济: 0 条
2026-08-18 09:01:06 [INFO]   ✓ Binance公告: 20 条
2026-08-18 09:01:06 [INFO]   ✓ OKX公告: 0 条
2026-08-18 09:01:06 [INFO]   ✓ Bitget公告: 0 条
2026-08-18 09:01:06 [INFO]   ✓ Whale Alert: 0 条
2026-08-18 09:01:06 [INFO]   ✓ Fear & Greed Index: 1 条
2026-08-18 09:01:06 [INFO]   ✓ DeFi Llama: 1 条
2026-08-18 09:01:06 [INFO]   ✓ 雪球加密: 0 条
2026-08-18 09:01:06 [INFO] 📊 共抓取 54 条新闻
2026-08-18 09:01:06 [INFO] 📋 原始新闻已保存: reports/2026-08-18-17-raw.json (54 条)
2026-08-18 09:01:06 [INFO] 📋 标题摘要已保存: reports/2026-08-18-17-raw-titles.md
2026-08-18 09:01:06 [INFO] ✅ 抓取完成，共 54 条，已保存到 reports/2026-08-18-17-raw.json
2026-08-18 09:01:07 [INFO] 🤖 开始 AI 筛选 2026-08-18 17:00 币圈消息
2026-08-18 09:01:07 [INFO] 📋 已加载原始新闻: reports/2026-08-18-17-raw.json (54 条)
2026-08-18 09:01:07 [INFO] 📚 已加载历史新闻标题（20780 字符）
2026-08-18 09:01:07 [INFO] 📚 已加载历史筛选标题 0 条、URL 0 个，用于去重
2026-08-18 09:01:07 [INFO] 🔄 尝试 AI 提供商: deepseek
2026-08-18 09:01:07 [INFO] 🤖 使用 AI 提供商: deepseek (模型: deepseek-v4-flash)
2026-08-18 09:01:07 [INFO] 🤖 AI 筛选 [[deepseek] 1/6 策略=仅标题+链接 retry=0]（54 条，10408 字符，temp=0.3）
2026-08-18 09:01:08 [ERROR] AI 调用异常 ([deepseek] 1/6 策略=仅标题+链接 retry=0): Error code: 401 - {'error': {'message': 'Authentication Fails, Your api key: ****df0d is invalid', 'type': 'authentication_error', 'param': None, 'code': 'invalid_request_error'}}
2026-08-18 09:01:08 [WARNING] [[deepseek] 1/6 策略=仅标题+链接 retry=0] AI 调用失败或解析失败，继续下一次尝试
2026-08-18 09:01:08 [INFO] 🤖 AI 筛选 [[deepseek] 2/6 策略=仅标题+链接 retry=1]（54 条，10408 字符，temp=0.3）
2026-08-18 09:01:08 [ERROR] AI 调用异常 ([deepseek] 2/6 策略=仅标题+链接 retry=1): Error code: 401 - {'error': {'message': 'Authentication Fails, Your api key: ****df0d is invalid', 'type': 'authentication_error', 'param': None, 'code': 'invalid_request_error'}}
2026-08-18 09:01:08 [WARNING] [[deepseek] 2/6 策略=仅标题+链接 retry=1] AI 调用失败或解析失败，继续下一次尝试
2026-08-18 09:01:08 [INFO] 🤖 AI 筛选 [[deepseek] 3/6 策略=仅标题+链接 retry=2]（54 条，10408 字符，temp=0.3）
2026-08-18 09:01:09 [ERROR] AI 调用异常 ([deepseek] 3/6 策略=仅标题+链接 retry=2): Error code: 401 - {'error': {'message': 'Authentication Fails, Your api key: ****df0d is invalid', 'type': 'authentication_error', 'param': None, 'code': 'invalid_request_error'}}
2026-08-18 09:01:09 [WARNING] [[deepseek] 3/6 策略=仅标题+链接 retry=2] AI 调用失败或解析失败，继续下一次尝试
2026-08-18 09:01:09 [INFO] 🤖 AI 筛选 [[deepseek] 4/6 策略=完整内容 retry=0]（54 条，16800 字符，temp=0.3）
2026-08-18 09:01:09 [ERROR] AI 调用异常 ([deepseek] 4/6 策略=完整内容 retry=0): Error code: 401 - {'error': {'message': 'Authentication Fails, Your api key: ****df0d is invalid', 'type': 'authentication_error', 'param': None, 'code': 'invalid_request_error'}}
2026-08-18 09:01:09 [WARNING] [[deepseek] 4/6 策略=完整内容 retry=0] AI 调用失败或解析失败，继续下一次尝试
2026-08-18 09:01:09 [INFO] 🤖 AI 筛选 [[deepseek] 5/6 策略=完整内容 retry=1]（54 条，16800 字符，temp=0.3）
2026-08-18 09:01:09 [ERROR] AI 调用异常 ([deepseek] 5/6 策略=完整内容 retry=1): Error code: 401 - {'error': {'message': 'Authentication Fails, Your api key: ****df0d is invalid', 'type': 'authentication_error', 'param': None, 'code': 'invalid_request_error'}}
2026-08-18 09:01:09 [WARNING] [[deepseek] 5/6 策略=完整内容 retry=1] AI 调用失败或解析失败，继续下一次尝试
2026-08-18 09:01:09 [INFO] 🤖 AI 筛选 [[deepseek] 6/6 策略=仅标题（无历史） retry=0]（54 条，10408 字符，temp=0.3）
2026-08-18 09:01:10 [ERROR] AI 调用异常 ([deepseek] 6/6 策略=仅标题（无历史） retry=0): Error code: 401 - {'error': {'message': 'Authentication Fails, Your api key: ****df0d is invalid', 'type': 'authentication_error', 'param': None, 'code': 'invalid_request_error'}}
2026-08-18 09:01:10 [WARNING] [[deepseek] 6/6 策略=仅标题（无历史） retry=0] AI 调用失败或解析失败，继续下一次尝试
2026-08-18 09:01:10 [WARNING] [deepseek] 已达最大尝试次数 6，停止
2026-08-18 09:01:10 [INFO] ⚠️ deepseek 未能产出满意结果，尝试下一个提供商
2026-08-18 09:01:10 [INFO] 🔄 尝试 AI 提供商: zhipu
2026-08-18 09:01:10 [ERROR] 未设置环境变量 ZHIPU_API_KEY，无法使用 zhipu
2026-08-18 09:01:10 [INFO] ⚠️ zhipu 未能产出满意结果，尝试下一个提供商
2026-08-18 09:01:10 [INFO] 🔄 尝试 AI 提供商: kimi
2026-08-18 09:01:10 [ERROR] 未设置环境变量 KIMI_API_KEY，无法使用 kimi
2026-08-18 09:01:10 [INFO] ⚠️ kimi 未能产出满意结果，尝试下一个提供商
2026-08-18 09:01:10 [INFO] 🔄 尝试 AI 提供商: huoshan
2026-08-18 09:01:10 [ERROR] 未设置环境变量 HUOSHAN_API_KEY，无法使用 huoshan
2026-08-18 09:01:10 [INFO] ⚠️ huoshan 未能产出满意结果，尝试下一个提供商
2026-08-18 09:01:10 [ERROR] ❌ 所有提供商均失败，返回空列表
2026-08-18 09:01:10 [INFO] 📦 JSON 已保存: reports/2026-08-18-17.json
2026-08-18 09:01:10 [INFO] ✅ AI 筛选完成，共 0 条交易相关消息
2026-08-18 10:00:54 [INFO] 🚀 开始抓取 2026-08-18 18:00 币圈新闻
2026-08-18 10:00:54 [INFO] 📡 抓取 RSS 新闻源...
2026-08-18 10:00:54 [INFO] 📡 抓取交易所公告 & 链上数据...
2026-08-18 10:00:55 [INFO]   ⏭ Decrypt: 过滤掉 49 条非近期新闻
2026-08-18 10:00:55 [INFO]   ⏭ The Block: 过滤掉 19 条非近期新闻
2026-08-18 10:00:55 [INFO]   ⏭ CoinTelegraph: 过滤掉 26 条非近期新闻
2026-08-18 10:00:55 [INFO]   ⏭ CoinDesk: 过滤掉 24 条非近期新闻
2026-08-18 10:00:55 [INFO]   ⏭ Bitcoin Magazine: 过滤掉 10 条非近期新闻
2026-08-18 10:00:55 [WARNING] 解析失败 Bitget公告: 'NoneType' object is not subscriptable
2026-08-18 10:00:55 [INFO]   ⏭ Reuters Crypto: 过滤掉 50 条非近期新闻
2026-08-18 10:00:55 [INFO]   ⏭ 宏观经济: 过滤掉 50 条非近期新闻
2026-08-18 10:00:55 [INFO]   ⏭ Bloomberg Crypto: 过滤掉 50 条非近期新闻
2026-08-18 10:00:55 [INFO]   ⏭ Blockworks: 过滤掉 50 条非近期新闻
2026-08-18 10:00:55 [INFO]   ⏭ CNBC Crypto: 过滤掉 49 条非近期新闻
2026-08-18 10:00:55 [INFO]   ⏭ Reddit r/cryptocurrency: 过滤掉 24 条非近期新闻
2026-08-18 10:00:55 [INFO]   ⏭ DL News: 过滤掉 50 条非近期新闻
2026-08-18 10:00:55 [INFO]   ⏭ DeFi Llama: 过滤掉 49 条非近期新闻
2026-08-18 10:00:56 [INFO]   ⏭ 宏观经济: 过滤掉 45 条非近期新闻
2026-08-18 10:00:56 [INFO]   ⏭ 吴说区块链: 过滤掉 39 条非近期新闻
2026-08-18 10:00:56 [INFO]   ⏭ 律动BlockBeats: 过滤掉 2 条非近期新闻
2026-08-18 10:00:56 [INFO]   ⏭ Blockworks: 过滤掉 8 条非近期新闻
2026-08-18 10:00:56 [INFO]   ⏭ 雪球加密: 过滤掉 49 条非近期新闻
2026-08-18 10:00:56 [INFO]   ⏭ PANews: 过滤掉 50 条非近期新闻
2026-08-18 10:00:56 [INFO]   ⏭ Bitcoin Magazine: 过滤掉 50 条非近期新闻
2026-08-18 10:00:56 [INFO]   ⏭ Crypto Twitter: 过滤掉 40 条非近期新闻
2026-08-18 10:00:57 [INFO]   ✓ CoinDesk: 1 条
2026-08-18 10:00:57 [INFO]   ✓ The Block: 1 条
2026-08-18 10:00:57 [INFO]   ✓ Decrypt: 1 条
2026-08-18 10:00:57 [INFO]   ✓ CoinTelegraph: 4 条
2026-08-18 10:00:57 [INFO]   ✓ Bitcoin Magazine: 0 条
2026-08-18 10:00:57 [INFO]   ✓ Blockworks: 0 条
2026-08-18 10:00:57 [INFO]   ✓ DL News: 0 条
2026-08-18 10:00:57 [INFO]   ✓ 金色财经: 4 条
2026-08-18 10:00:57 [INFO]   ✓ PANews: 0 条
2026-08-18 10:00:57 [INFO]   ✓ 律动BlockBeats: 18 条
2026-08-18 10:00:57 [INFO]   ✓ 吴说区块链: 0 条
2026-08-18 10:00:57 [INFO]   ✓ Bloomberg Crypto: 0 条
2026-08-18 10:00:57 [INFO]   ✓ Reuters Crypto: 0 条
2026-08-18 10:00:57 [INFO]   ✓ CNBC Crypto: 1 条
2026-08-18 10:00:57 [INFO]   ✓ Reddit r/cryptocurrency: 1 条
2026-08-18 10:00:57 [INFO]   ✓ Reddit r/bitcoin: 0 条
2026-08-18 10:00:57 [INFO]   ✓ Crypto Twitter: 10 条
2026-08-18 10:00:57 [INFO]   ✓ 宏观经济: 0 条
2026-08-18 10:00:57 [INFO]   ✓ Binance公告: 20 条
2026-08-18 10:00:57 [INFO]   ✓ OKX公告: 0 条
2026-08-18 10:00:57 [INFO]   ✓ Bitget公告: 0 条
2026-08-18 10:00:57 [INFO]   ✓ Whale Alert: 0 条
2026-08-18 10:00:57 [INFO]   ✓ Fear & Greed Index: 1 条
2026-08-18 10:00:57 [INFO]   ✓ DeFi Llama: 1 条
2026-08-18 10:00:57 [INFO]   ✓ 雪球加密: 1 条
2026-08-18 10:00:57 [INFO] 📊 共抓取 64 条新闻
2026-08-18 10:00:57 [INFO] 📋 原始新闻已保存: reports/2026-08-18-18-raw.json (64 条)
2026-08-18 10:00:57 [INFO] 📋 标题摘要已保存: reports/2026-08-18-18-raw-titles.md
2026-08-18 10:00:57 [INFO] ✅ 抓取完成，共 64 条，已保存到 reports/2026-08-18-18-raw.json
2026-08-18 10:00:58 [INFO] 🤖 开始 AI 筛选 2026-08-18 18:00 币圈消息
2026-08-18 10:00:58 [INFO] 📋 已加载原始新闻: reports/2026-08-18-18-raw.json (64 条)
2026-08-18 10:00:58 [INFO] 📚 已加载历史新闻标题（22059 字符）
2026-08-18 10:00:58 [INFO] 📚 已加载历史筛选标题 0 条、URL 0 个，用于去重
2026-08-18 10:00:58 [INFO] 🔄 尝试 AI 提供商: deepseek
2026-08-18 10:00:58 [INFO] 🤖 使用 AI 提供商: deepseek (模型: deepseek-v4-flash)
2026-08-18 10:00:58 [INFO] 🤖 AI 筛选 [[deepseek] 1/6 策略=仅标题+链接 retry=0]（64 条，12705 字符，temp=0.3）
2026-08-18 10:00:59 [ERROR] AI 调用异常 ([deepseek] 1/6 策略=仅标题+链接 retry=0): Error code: 401 - {'error': {'message': 'Authentication Fails, Your api key: ****df0d is invalid', 'type': 'authentication_error', 'param': None, 'code': 'invalid_request_error'}}
2026-08-18 10:00:59 [WARNING] [[deepseek] 1/6 策略=仅标题+链接 retry=0] AI 调用失败或解析失败，继续下一次尝试
2026-08-18 10:00:59 [INFO] 🤖 AI 筛选 [[deepseek] 2/6 策略=仅标题+链接 retry=1]（64 条，12705 字符，temp=0.3）
2026-08-18 10:01:00 [ERROR] AI 调用异常 ([deepseek] 2/6 策略=仅标题+链接 retry=1): Error code: 401 - {'error': {'message': 'Authentication Fails, Your api key: ****df0d is invalid', 'type': 'authentication_error', 'param': None, 'code': 'invalid_request_error'}}
2026-08-18 10:01:00 [WARNING] [[deepseek] 2/6 策略=仅标题+链接 retry=1] AI 调用失败或解析失败，继续下一次尝试
2026-08-18 10:01:00 [INFO] 🤖 AI 筛选 [[deepseek] 3/6 策略=仅标题+链接 retry=2]（64 条，12705 字符，temp=0.3）
2026-08-18 10:01:00 [ERROR] AI 调用异常 ([deepseek] 3/6 策略=仅标题+链接 retry=2): Error code: 401 - {'error': {'message': 'Authentication Fails, Your api key: ****df0d is invalid', 'type': 'authentication_error', 'param': None, 'code': 'invalid_request_error'}}
2026-08-18 10:01:00 [WARNING] [[deepseek] 3/6 策略=仅标题+链接 retry=2] AI 调用失败或解析失败，继续下一次尝试
2026-08-18 10:01:00 [INFO] 🤖 AI 筛选 [[deepseek] 4/6 策略=完整内容 retry=0]（64 条，20714 字符，temp=0.3）
2026-08-18 10:01:00 [ERROR] AI 调用异常 ([deepseek] 4/6 策略=完整内容 retry=0): Error code: 401 - {'error': {'message': 'Authentication Fails, Your api key: ****df0d is invalid', 'type': 'authentication_error', 'param': None, 'code': 'invalid_request_error'}}
2026-08-18 10:01:00 [WARNING] [[deepseek] 4/6 策略=完整内容 retry=0] AI 调用失败或解析失败，继续下一次尝试
2026-08-18 10:01:00 [INFO] 🤖 AI 筛选 [[deepseek] 5/6 策略=完整内容 retry=1]（64 条，20714 字符，temp=0.3）
2026-08-18 10:01:01 [ERROR] AI 调用异常 ([deepseek] 5/6 策略=完整内容 retry=1): Error code: 401 - {'error': {'message': 'Authentication Fails, Your api key: ****df0d is invalid', 'type': 'authentication_error', 'param': None, 'code': 'invalid_request_error'}}
2026-08-18 10:01:01 [WARNING] [[deepseek] 5/6 策略=完整内容 retry=1] AI 调用失败或解析失败，继续下一次尝试
2026-08-18 10:01:01 [INFO] 🤖 AI 筛选 [[deepseek] 6/6 策略=仅标题（无历史） retry=0]（64 条，12705 字符，temp=0.3）
2026-08-18 10:01:01 [ERROR] AI 调用异常 ([deepseek] 6/6 策略=仅标题（无历史） retry=0): Error code: 401 - {'error': {'message': 'Authentication Fails, Your api key: ****df0d is invalid', 'type': 'authentication_error', 'param': None, 'code': 'invalid_request_error'}}
2026-08-18 10:01:01 [WARNING] [[deepseek] 6/6 策略=仅标题（无历史） retry=0] AI 调用失败或解析失败，继续下一次尝试
2026-08-18 10:01:01 [WARNING] [deepseek] 已达最大尝试次数 6，停止
2026-08-18 10:01:01 [INFO] ⚠️ deepseek 未能产出满意结果，尝试下一个提供商
2026-08-18 10:01:01 [INFO] 🔄 尝试 AI 提供商: zhipu
2026-08-18 10:01:01 [ERROR] 未设置环境变量 ZHIPU_API_KEY，无法使用 zhipu
2026-08-18 10:01:01 [INFO] ⚠️ zhipu 未能产出满意结果，尝试下一个提供商
2026-08-18 10:01:01 [INFO] 🔄 尝试 AI 提供商: kimi
2026-08-18 10:01:01 [ERROR] 未设置环境变量 KIMI_API_KEY，无法使用 kimi
2026-08-18 10:01:01 [INFO] ⚠️ kimi 未能产出满意结果，尝试下一个提供商
2026-08-18 10:01:01 [INFO] 🔄 尝试 AI 提供商: huoshan
2026-08-18 10:01:01 [ERROR] 未设置环境变量 HUOSHAN_API_KEY，无法使用 huoshan
2026-08-18 10:01:01 [INFO] ⚠️ huoshan 未能产出满意结果，尝试下一个提供商
2026-08-18 10:01:01 [ERROR] ❌ 所有提供商均失败，返回空列表
2026-08-18 10:01:01 [INFO] 📦 JSON 已保存: reports/2026-08-18-18.json
2026-08-18 10:01:01 [INFO] ✅ AI 筛选完成，共 0 条交易相关消息
2026-08-18 11:00:52 [INFO] 🚀 开始抓取 2026-08-18 19:00 币圈新闻
2026-08-18 11:00:52 [INFO] 📡 抓取 RSS 新闻源...
2026-08-18 11:00:52 [INFO] 📡 抓取交易所公告 & 链上数据...
2026-08-18 11:00:53 [INFO]   ⏭ Decrypt: 过滤掉 33 条非近期新闻
2026-08-18 11:00:53 [INFO]   ⏭ The Block: 过滤掉 17 条非近期新闻
2026-08-18 11:00:53 [INFO]   ⏭ CoinTelegraph: 过滤掉 28 条非近期新闻
2026-08-18 11:00:53 [INFO]   ⏭ CoinDesk: 过滤掉 23 条非近期新闻
2026-08-18 11:00:53 [INFO]   ⏭ 律动BlockBeats: 过滤掉 6 条非近期新闻
2026-08-18 11:00:53 [INFO]   ⏭ Bloomberg Crypto: 过滤掉 50 条非近期新闻
2026-08-18 11:00:53 [WARNING] 解析失败 Bitget公告: 'NoneType' object is not subscriptable
2026-08-18 11:00:53 [INFO]   ⏭ Reuters Crypto: 过滤掉 49 条非近期新闻
2026-08-18 11:00:53 [INFO]   ⏭ Blockworks: 过滤掉 50 条非近期新闻
2026-08-18 11:00:53 [INFO]   ⏭ Bitcoin Magazine: 过滤掉 10 条非近期新闻
2026-08-18 11:00:53 [INFO]   ⏭ CNBC Crypto: 过滤掉 46 条非近期新闻
2026-08-18 11:00:53 [INFO]   ⏭ 宏观经济: 过滤掉 50 条非近期新闻
2026-08-18 11:00:53 [INFO]   ⏭ Reddit r/bitcoin: 过滤掉 22 条非近期新闻
2026-08-18 11:00:53 [INFO]   ⏭ DL News: 过滤掉 50 条非近期新闻
2026-08-18 11:00:53 [INFO]   ⏭ Blockworks: 过滤掉 8 条非近期新闻
2026-08-18 11:00:54 [INFO]   ⏭ 宏观经济: 过滤掉 46 条非近期新闻
2026-08-18 11:00:54 [INFO]   ⏭ 吴说区块链: 过滤掉 40 条非近期新闻
2026-08-18 11:00:54 [INFO]   ⏭ DeFi Llama: 过滤掉 50 条非近期新闻
2026-08-18 11:00:54 [INFO]   ⏭ Bitcoin Magazine: 过滤掉 50 条非近期新闻
2026-08-18 11:00:54 [INFO]   ⏭ PANews: 过滤掉 50 条非近期新闻
2026-08-18 11:00:54 [INFO]   ⏭ 雪球加密: 过滤掉 48 条非近期新闻
2026-08-18 11:00:54 [INFO]   ⏭ Crypto Twitter: 过滤掉 37 条非近期新闻
2026-08-18 11:00:55 [INFO]   ✓ CoinDesk: 2 条
2026-08-18 11:00:55 [INFO]   ✓ The Block: 3 条
2026-08-18 11:00:55 [INFO]   ✓ Decrypt: 1 条
2026-08-18 11:00:55 [INFO]   ✓ CoinTelegraph: 2 条
2026-08-18 11:00:55 [INFO]   ✓ Bitcoin Magazine: 0 条
2026-08-18 11:00:55 [INFO]   ✓ Blockworks: 0 条
2026-08-18 11:00:55 [INFO]   ✓ DL News: 0 条
2026-08-18 11:00:55 [INFO]   ✓ 金色财经: 3 条
2026-08-18 11:00:55 [INFO]   ✓ PANews: 0 条
2026-08-18 11:00:55 [INFO]   ✓ 律动BlockBeats: 14 条
2026-08-18 11:00:55 [INFO]   ✓ 吴说区块链: 0 条
2026-08-18 11:00:55 [INFO]   ✓ Bloomberg Crypto: 0 条
2026-08-18 11:00:55 [INFO]   ✓ Reuters Crypto: 1 条
2026-08-18 11:00:55 [INFO]   ✓ CNBC Crypto: 4 条
2026-08-18 11:00:55 [INFO]   ✓ Reddit r/cryptocurrency: 0 条
2026-08-18 11:00:55 [INFO]   ✓ Reddit r/bitcoin: 3 条
2026-08-18 11:00:55 [INFO]   ✓ Crypto Twitter: 13 条
2026-08-18 11:00:55 [INFO]   ✓ 宏观经济: 0 条
2026-08-18 11:00:55 [INFO]   ✓ Binance公告: 20 条
2026-08-18 11:00:55 [INFO]   ✓ OKX公告: 0 条
2026-08-18 11:00:55 [INFO]   ✓ Bitget公告: 0 条
2026-08-18 11:00:55 [INFO]   ✓ Whale Alert: 0 条
2026-08-18 11:00:55 [INFO]   ✓ Fear & Greed Index: 1 条
2026-08-18 11:00:55 [INFO]   ✓ DeFi Llama: 0 条
2026-08-18 11:00:55 [INFO]   ✓ 雪球加密: 2 条
2026-08-18 11:00:55 [INFO] 📊 共抓取 69 条新闻
2026-08-18 11:00:55 [INFO] 📋 原始新闻已保存: reports/2026-08-18-19-raw.json (69 条)
2026-08-18 11:00:55 [INFO] 📋 标题摘要已保存: reports/2026-08-18-19-raw-titles.md
2026-08-18 11:00:55 [INFO] ✅ 抓取完成，共 69 条，已保存到 reports/2026-08-18-19-raw.json
2026-08-18 11:00:56 [INFO] 🤖 开始 AI 筛选 2026-08-18 19:00 币圈消息
2026-08-18 11:00:56 [INFO] 📋 已加载原始新闻: reports/2026-08-18-19-raw.json (69 条)
2026-08-18 11:00:56 [INFO] 📚 已加载历史新闻标题（23666 字符）
2026-08-18 11:00:56 [INFO] 📚 已加载历史筛选标题 0 条、URL 0 个，用于去重
2026-08-18 11:00:56 [INFO] 🔄 尝试 AI 提供商: deepseek
2026-08-18 11:00:56 [INFO] 🤖 使用 AI 提供商: deepseek (模型: deepseek-v4-flash)
2026-08-18 11:00:56 [INFO] 🤖 AI 筛选 [[deepseek] 1/6 策略=仅标题+链接 retry=0]（69 条，15880 字符，temp=0.3）
2026-08-18 11:00:57 [ERROR] AI 调用异常 ([deepseek] 1/6 策略=仅标题+链接 retry=0): Error code: 401 - {'error': {'message': 'Authentication Fails, Your api key: ****df0d is invalid', 'type': 'authentication_error', 'param': None, 'code': 'invalid_request_error'}}
2026-08-18 11:00:57 [WARNING] [[deepseek] 1/6 策略=仅标题+链接 retry=0] AI 调用失败或解析失败，继续下一次尝试
2026-08-18 11:00:57 [INFO] 🤖 AI 筛选 [[deepseek] 2/6 策略=仅标题+链接 retry=1]（69 条，15880 字符，temp=0.3）
2026-08-18 11:00:58 [ERROR] AI 调用异常 ([deepseek] 2/6 策略=仅标题+链接 retry=1): Error code: 401 - {'error': {'message': 'Authentication Fails, Your api key: ****df0d is invalid', 'type': 'authentication_error', 'param': None, 'code': 'invalid_request_error'}}
2026-08-18 11:00:58 [WARNING] [[deepseek] 2/6 策略=仅标题+链接 retry=1] AI 调用失败或解析失败，继续下一次尝试
2026-08-18 11:00:58 [INFO] 🤖 AI 筛选 [[deepseek] 3/6 策略=仅标题+链接 retry=2]（69 条，15880 字符，temp=0.3）
2026-08-18 11:00:58 [ERROR] AI 调用异常 ([deepseek] 3/6 策略=仅标题+链接 retry=2): Error code: 401 - {'error': {'message': 'Authentication Fails, Your api key: ****df0d is invalid', 'type': 'authentication_error', 'param': None, 'code': 'invalid_request_error'}}
2026-08-18 11:00:58 [WARNING] [[deepseek] 3/6 策略=仅标题+链接 retry=2] AI 调用失败或解析失败，继续下一次尝试
2026-08-18 11:00:58 [INFO] 🤖 AI 筛选 [[deepseek] 4/6 策略=完整内容 retry=0]（69 条，23786 字符，temp=0.3）
2026-08-18 11:00:59 [ERROR] AI 调用异常 ([deepseek] 4/6 策略=完整内容 retry=0): Error code: 401 - {'error': {'message': 'Authentication Fails, Your api key: ****df0d is invalid', 'type': 'authentication_error', 'param': None, 'code': 'invalid_request_error'}}
2026-08-18 11:00:59 [WARNING] [[deepseek] 4/6 策略=完整内容 retry=0] AI 调用失败或解析失败，继续下一次尝试
2026-08-18 11:00:59 [INFO] 🤖 AI 筛选 [[deepseek] 5/6 策略=完整内容 retry=1]（69 条，23786 字符，temp=0.3）
2026-08-18 11:00:59 [ERROR] AI 调用异常 ([deepseek] 5/6 策略=完整内容 retry=1): Error code: 401 - {'error': {'message': 'Authentication Fails, Your api key: ****df0d is invalid', 'type': 'authentication_error', 'param': None, 'code': 'invalid_request_error'}}
2026-08-18 11:00:59 [WARNING] [[deepseek] 5/6 策略=完整内容 retry=1] AI 调用失败或解析失败，继续下一次尝试
2026-08-18 11:00:59 [INFO] 🤖 AI 筛选 [[deepseek] 6/6 策略=仅标题（无历史） retry=0]（69 条，15880 字符，temp=0.3）
2026-08-18 11:00:59 [ERROR] AI 调用异常 ([deepseek] 6/6 策略=仅标题（无历史） retry=0): Error code: 401 - {'error': {'message': 'Authentication Fails, Your api key: ****df0d is invalid', 'type': 'authentication_error', 'param': None, 'code': 'invalid_request_error'}}
2026-08-18 11:00:59 [WARNING] [[deepseek] 6/6 策略=仅标题（无历史） retry=0] AI 调用失败或解析失败，继续下一次尝试
2026-08-18 11:00:59 [WARNING] [deepseek] 已达最大尝试次数 6，停止
2026-08-18 11:00:59 [INFO] ⚠️ deepseek 未能产出满意结果，尝试下一个提供商
2026-08-18 11:00:59 [INFO] 🔄 尝试 AI 提供商: zhipu
2026-08-18 11:00:59 [ERROR] 未设置环境变量 ZHIPU_API_KEY，无法使用 zhipu
2026-08-18 11:00:59 [INFO] ⚠️ zhipu 未能产出满意结果，尝试下一个提供商
2026-08-18 11:00:59 [INFO] 🔄 尝试 AI 提供商: kimi
2026-08-18 11:00:59 [ERROR] 未设置环境变量 KIMI_API_KEY，无法使用 kimi
2026-08-18 11:00:59 [INFO] ⚠️ kimi 未能产出满意结果，尝试下一个提供商
2026-08-18 11:00:59 [INFO] 🔄 尝试 AI 提供商: huoshan
2026-08-18 11:00:59 [ERROR] 未设置环境变量 HUOSHAN_API_KEY，无法使用 huoshan
2026-08-18 11:00:59 [INFO] ⚠️ huoshan 未能产出满意结果，尝试下一个提供商
2026-08-18 11:00:59 [ERROR] ❌ 所有提供商均失败，返回空列表
2026-08-18 11:00:59 [INFO] 📦 JSON 已保存: reports/2026-08-18-19.json
2026-08-18 11:00:59 [INFO] ✅ AI 筛选完成，共 0 条交易相关消息
