2026-09-19 16:00:55 [INFO] 🚀 开始抓取 2026-09-20 00:00 币圈新闻
2026-09-19 16:00:55 [INFO] 📡 抓取 RSS 新闻源...
2026-09-19 16:00:55 [INFO] 📡 抓取交易所公告 & 链上数据...
2026-09-19 16:00:55 [INFO]   ⏭ The Block: 过滤掉 19 条非近期新闻
2026-09-19 16:00:55 [INFO]   ⏭ Decrypt: 过滤掉 36 条非近期新闻
2026-09-19 16:00:55 [INFO]   ⏭ CoinTelegraph: 过滤掉 30 条非近期新闻
2026-09-19 16:00:55 [WARNING] 解析失败 Bitget公告: 'NoneType' object is not subscriptable
2026-09-19 16:00:56 [INFO]   ⏭ Bloomberg Crypto: 过滤掉 50 条非近期新闻
2026-09-19 16:00:56 [INFO]   ⏭ CoinDesk: 过滤掉 24 条非近期新闻
2026-09-19 16:00:56 [INFO]   ⏭ Reuters Crypto: 过滤掉 50 条非近期新闻
2026-09-19 16:00:56 [INFO]   ⏭ CNBC Crypto: 过滤掉 50 条非近期新闻
2026-09-19 16:00:56 [INFO]   ⏭ 宏观经济: 过滤掉 48 条非近期新闻
2026-09-19 16:00:56 [INFO]   ⏭ Bitcoin Magazine: 过滤掉 10 条非近期新闻
2026-09-19 16:00:56 [INFO]   ⏭ Reddit r/bitcoin: 过滤掉 20 条非近期新闻
2026-09-19 16:00:56 [INFO]   ⏭ DL News: 过滤掉 50 条非近期新闻
2026-09-19 16:00:56 [INFO]   ⏭ 律动BlockBeats: 过滤掉 14 条非近期新闻
2026-09-19 16:00:56 [INFO]   ⏭ Blockworks: 过滤掉 50 条非近期新闻
2026-09-19 16:00:56 [INFO]   ⏭ Blockworks: 过滤掉 2 条非近期新闻
2026-09-19 16:00:56 [INFO]   ⏭ Bitcoin Magazine: 过滤掉 48 条非近期新闻
2026-09-19 16:00:56 [INFO]   ⏭ 吴说区块链: 过滤掉 50 条非近期新闻
2026-09-19 16:00:56 [INFO]   ⏭ DeFi Llama: 过滤掉 50 条非近期新闻
2026-09-19 16:00:57 [INFO]   ⏭ Crypto Twitter: 过滤掉 46 条非近期新闻
2026-09-19 16:00:57 [INFO]   ⏭ 雪球加密: 过滤掉 50 条非近期新闻
2026-09-19 16:01:11 [DEBUG] 请求失败 https://rsshub.rssforever.com/jinse/lives: 
2026-09-19 16:01:11 [DEBUG] 请求失败 https://rsshub.rssforever.com/panewslab/news: 
2026-09-19 16:01:11 [DEBUG] 请求失败 https://rsshub.rssforever.com/cointelegraph: 
2026-09-19 16:01:11 [DEBUG] 请求失败 https://rsshub.rssforever.com/bloomberg/crypto: 
2026-09-19 16:01:11 [INFO]   ⏭ CoinTelegraph: 过滤掉 50 条非近期新闻
2026-09-19 16:01:11 [INFO]   ⏭ PANews: 过滤掉 50 条非近期新闻
2026-09-19 16:01:11 [INFO]   ✓ CoinDesk: 1 条
2026-09-19 16:01:11 [INFO]   ✓ The Block: 1 条
2026-09-19 16:01:11 [INFO]   ✓ Decrypt: 1 条
2026-09-19 16:01:11 [INFO]   ✓ CoinTelegraph: 0 条
2026-09-19 16:01:11 [INFO]   ✓ Bitcoin Magazine: 2 条
2026-09-19 16:01:11 [INFO]   ✓ Blockworks: 0 条
2026-09-19 16:01:11 [INFO]   ✓ DL News: 0 条
2026-09-19 16:01:11 [INFO]   ✓ 金色财经: 0 条
2026-09-19 16:01:11 [INFO]   ✓ PANews: 0 条
2026-09-19 16:01:11 [INFO]   ✓ 律动BlockBeats: 6 条
2026-09-19 16:01:11 [INFO]   ✓ 吴说区块链: 0 条
2026-09-19 16:01:11 [INFO]   ✓ Bloomberg Crypto: 0 条
2026-09-19 16:01:11 [INFO]   ✓ Reuters Crypto: 0 条
2026-09-19 16:01:11 [INFO]   ✓ CNBC Crypto: 0 条
2026-09-19 16:01:11 [INFO]   ✓ Reddit r/cryptocurrency: 0 条
2026-09-19 16:01:11 [INFO]   ✓ Reddit r/bitcoin: 5 条
2026-09-19 16:01:11 [INFO]   ✓ Crypto Twitter: 4 条
2026-09-19 16:01:11 [INFO]   ✓ 宏观经济: 2 条
2026-09-19 16:01:11 [INFO]   ✓ Binance公告: 20 条
2026-09-19 16:01:11 [INFO]   ✓ OKX公告: 0 条
2026-09-19 16:01:11 [INFO]   ✓ Bitget公告: 0 条
2026-09-19 16:01:11 [INFO]   ✓ Whale Alert: 0 条
2026-09-19 16:01:11 [INFO]   ✓ Fear & Greed Index: 1 条
2026-09-19 16:01:11 [INFO]   ✓ DeFi Llama: 0 条
2026-09-19 16:01:11 [INFO]   ✓ 雪球加密: 0 条
2026-09-19 16:01:11 [INFO] 📊 共抓取 43 条新闻
2026-09-19 16:01:11 [INFO] 📋 原始新闻已保存: reports/2026-09-20-00-raw.json (43 条)
2026-09-19 16:01:11 [INFO] 📋 标题摘要已保存: reports/2026-09-20-00-raw-titles.md
2026-09-19 16:01:11 [INFO] ✅ 抓取完成，共 43 条，已保存到 reports/2026-09-20-00-raw.json
2026-09-19 16:01:12 [INFO] 🤖 开始 AI 筛选 2026-09-20 00:00 币圈消息
2026-09-19 16:01:12 [INFO] 📋 已加载原始新闻: reports/2026-09-20-00-raw.json (43 条)
2026-09-19 16:01:12 [INFO] 📚 已加载历史新闻标题（20075 字符）
2026-09-19 16:01:12 [INFO] 📚 已加载历史筛选标题 0 条、URL 0 个，用于去重
2026-09-19 16:01:12 [INFO] 🔄 尝试 AI 提供商: deepseek
2026-09-19 16:01:12 [INFO] 🤖 使用 AI 提供商: deepseek (模型: deepseek-v4-flash)
2026-09-19 16:01:12 [INFO] 🤖 AI 筛选 [[deepseek] 1/6 策略=仅标题+链接 retry=0]（43 条，8633 字符，temp=0.3）
2026-09-19 16:01:13 [ERROR] AI 调用异常 ([deepseek] 1/6 策略=仅标题+链接 retry=0): Error code: 401 - {'error': {'message': 'Authentication Fails, Your api key: ****df0d is invalid', 'type': 'authentication_error', 'param': None, 'code': 'invalid_request_error'}}
2026-09-19 16:01:13 [WARNING] [[deepseek] 1/6 策略=仅标题+链接 retry=0] AI 调用失败或解析失败，继续下一次尝试
2026-09-19 16:01:13 [INFO] 🤖 AI 筛选 [[deepseek] 2/6 策略=仅标题+链接 retry=1]（43 条，8633 字符，temp=0.3）
2026-09-19 16:01:13 [ERROR] AI 调用异常 ([deepseek] 2/6 策略=仅标题+链接 retry=1): Error code: 401 - {'error': {'message': 'Authentication Fails, Your api key: ****df0d is invalid', 'type': 'authentication_error', 'param': None, 'code': 'invalid_request_error'}}
2026-09-19 16:01:13 [WARNING] [[deepseek] 2/6 策略=仅标题+链接 retry=1] AI 调用失败或解析失败，继续下一次尝试
2026-09-19 16:01:13 [INFO] 🤖 AI 筛选 [[deepseek] 3/6 策略=仅标题+链接 retry=2]（43 条，8633 字符，temp=0.3）
2026-09-19 16:01:13 [ERROR] AI 调用异常 ([deepseek] 3/6 策略=仅标题+链接 retry=2): Error code: 401 - {'error': {'message': 'Authentication Fails, Your api key: ****df0d is invalid', 'type': 'authentication_error', 'param': None, 'code': 'invalid_request_error'}}
2026-09-19 16:01:13 [WARNING] [[deepseek] 3/6 策略=仅标题+链接 retry=2] AI 调用失败或解析失败，继续下一次尝试
2026-09-19 16:01:13 [INFO] 🤖 AI 筛选 [[deepseek] 4/6 策略=完整内容 retry=0]（43 条，13248 字符，temp=0.3）
2026-09-19 16:01:14 [ERROR] AI 调用异常 ([deepseek] 4/6 策略=完整内容 retry=0): Error code: 401 - {'error': {'message': 'Authentication Fails, Your api key: ****df0d is invalid', 'type': 'authentication_error', 'param': None, 'code': 'invalid_request_error'}}
2026-09-19 16:01:14 [WARNING] [[deepseek] 4/6 策略=完整内容 retry=0] AI 调用失败或解析失败，继续下一次尝试
2026-09-19 16:01:14 [INFO] 🤖 AI 筛选 [[deepseek] 5/6 策略=完整内容 retry=1]（43 条，13248 字符，temp=0.3）
2026-09-19 16:01:14 [ERROR] AI 调用异常 ([deepseek] 5/6 策略=完整内容 retry=1): Error code: 401 - {'error': {'message': 'Authentication Fails, Your api key: ****df0d is invalid', 'type': 'authentication_error', 'param': None, 'code': 'invalid_request_error'}}
2026-09-19 16:01:14 [WARNING] [[deepseek] 5/6 策略=完整内容 retry=1] AI 调用失败或解析失败，继续下一次尝试
2026-09-19 16:01:14 [INFO] 🤖 AI 筛选 [[deepseek] 6/6 策略=仅标题（无历史） retry=0]（43 条，8633 字符，temp=0.3）
2026-09-19 16:01:15 [ERROR] AI 调用异常 ([deepseek] 6/6 策略=仅标题（无历史） retry=0): Error code: 401 - {'error': {'message': 'Authentication Fails, Your api key: ****df0d is invalid', 'type': 'authentication_error', 'param': None, 'code': 'invalid_request_error'}}
2026-09-19 16:01:15 [WARNING] [[deepseek] 6/6 策略=仅标题（无历史） retry=0] AI 调用失败或解析失败，继续下一次尝试
2026-09-19 16:01:15 [WARNING] [deepseek] 已达最大尝试次数 6，停止
2026-09-19 16:01:15 [INFO] ⚠️ deepseek 未能产出满意结果，尝试下一个提供商
2026-09-19 16:01:15 [INFO] 🔄 尝试 AI 提供商: zhipu
2026-09-19 16:01:15 [ERROR] 未设置环境变量 ZHIPU_API_KEY，无法使用 zhipu
2026-09-19 16:01:15 [INFO] ⚠️ zhipu 未能产出满意结果，尝试下一个提供商
2026-09-19 16:01:15 [INFO] 🔄 尝试 AI 提供商: kimi
2026-09-19 16:01:15 [ERROR] 未设置环境变量 KIMI_API_KEY，无法使用 kimi
2026-09-19 16:01:15 [INFO] ⚠️ kimi 未能产出满意结果，尝试下一个提供商
2026-09-19 16:01:15 [INFO] 🔄 尝试 AI 提供商: huoshan
2026-09-19 16:01:15 [ERROR] 未设置环境变量 HUOSHAN_API_KEY，无法使用 huoshan
2026-09-19 16:01:15 [INFO] ⚠️ huoshan 未能产出满意结果，尝试下一个提供商
2026-09-19 16:01:15 [ERROR] ❌ 所有提供商均失败，返回空列表
2026-09-19 16:01:15 [INFO] 📦 JSON 已保存: reports/2026-09-20-00.json
2026-09-19 16:01:15 [INFO] ✅ AI 筛选完成，共 0 条交易相关消息
2026-09-19 17:00:54 [INFO] 🚀 开始抓取 2026-09-20 01:00 币圈新闻
2026-09-19 17:00:54 [INFO] 📡 抓取 RSS 新闻源...
2026-09-19 17:00:54 [INFO] 📡 抓取交易所公告 & 链上数据...
2026-09-19 17:00:54 [INFO]   ⏭ Decrypt: 过滤掉 35 条非近期新闻
2026-09-19 17:00:54 [INFO]   ⏭ CoinTelegraph: 过滤掉 29 条非近期新闻
2026-09-19 17:00:54 [INFO]   ⏭ The Block: 过滤掉 19 条非近期新闻
2026-09-19 17:00:54 [INFO]   ⏭ Bitcoin Magazine: 过滤掉 10 条非近期新闻
2026-09-19 17:00:54 [INFO]   ⏭ Reddit r/bitcoin: 过滤掉 21 条非近期新闻
2026-09-19 17:00:54 [INFO]   ⏭ CoinDesk: 过滤掉 24 条非近期新闻
2026-09-19 17:00:54 [INFO]   ⏭ Bloomberg Crypto: 过滤掉 50 条非近期新闻
2026-09-19 17:00:54 [INFO]   ⏭ 律动BlockBeats: 过滤掉 17 条非近期新闻
2026-09-19 17:00:54 [INFO]   ⏭ Reuters Crypto: 过滤掉 50 条非近期新闻
2026-09-19 17:00:54 [INFO]   ⏭ CNBC Crypto: 过滤掉 50 条非近期新闻
2026-09-19 17:00:55 [INFO]   ⏭ 宏观经济: 过滤掉 50 条非近期新闻
2026-09-19 17:00:55 [INFO]   ⏭ Blockworks: 过滤掉 50 条非近期新闻
2026-09-19 17:00:55 [WARNING] 解析失败 Bitget公告: 'NoneType' object is not subscriptable
2026-09-19 17:00:55 [INFO]   ⏭ DL News: 过滤掉 50 条非近期新闻
2026-09-19 17:00:55 [INFO]   ⏭ 吴说区块链: 过滤掉 50 条非近期新闻
2026-09-19 17:00:55 [INFO]   ⏭ Blockworks: 过滤掉 2 条非近期新闻
2026-09-19 17:00:55 [INFO]   ⏭ 宏观经济: 过滤掉 50 条非近期新闻
2026-09-19 17:00:55 [INFO]   ⏭ 雪球加密: 过滤掉 49 条非近期新闻
2026-09-19 17:00:55 [INFO]   ⏭ DeFi Llama: 过滤掉 50 条非近期新闻
2026-09-19 17:00:55 [INFO]   ⏭ Bitcoin Magazine: 过滤掉 49 条非近期新闻
2026-09-19 17:00:55 [INFO]   ⏭ Crypto Twitter: 过滤掉 46 条非近期新闻
2026-09-19 17:01:09 [DEBUG] 请求失败 https://rsshub.rssforever.com/panewslab/news: 
2026-09-19 17:01:09 [DEBUG] 请求失败 https://rsshub.rssforever.com/jinse/lives: 
2026-09-19 17:01:09 [DEBUG] 请求失败 https://rsshub.rssforever.com/bloomberg/crypto: 
2026-09-19 17:01:10 [INFO]   ⏭ PANews: 过滤掉 50 条非近期新闻
2026-09-19 17:01:10 [INFO]   ✓ CoinDesk: 1 条
2026-09-19 17:01:10 [INFO]   ✓ The Block: 1 条
2026-09-19 17:01:10 [INFO]   ✓ Decrypt: 2 条
2026-09-19 17:01:10 [INFO]   ✓ CoinTelegraph: 1 条
2026-09-19 17:01:10 [INFO]   ✓ Bitcoin Magazine: 1 条
2026-09-19 17:01:10 [INFO]   ✓ Blockworks: 0 条
2026-09-19 17:01:10 [INFO]   ✓ DL News: 0 条
2026-09-19 17:01:10 [INFO]   ✓ 金色财经: 0 条
2026-09-19 17:01:10 [INFO]   ✓ PANews: 0 条
2026-09-19 17:01:10 [INFO]   ✓ 律动BlockBeats: 3 条
2026-09-19 17:01:10 [INFO]   ✓ 吴说区块链: 0 条
2026-09-19 17:01:10 [INFO]   ✓ Bloomberg Crypto: 0 条
2026-09-19 17:01:10 [INFO]   ✓ Reuters Crypto: 0 条
2026-09-19 17:01:10 [INFO]   ✓ CNBC Crypto: 0 条
2026-09-19 17:01:10 [INFO]   ✓ Reddit r/cryptocurrency: 0 条
2026-09-19 17:01:10 [INFO]   ✓ Reddit r/bitcoin: 4 条
2026-09-19 17:01:10 [INFO]   ✓ Crypto Twitter: 4 条
2026-09-19 17:01:10 [INFO]   ✓ 宏观经济: 0 条
2026-09-19 17:01:10 [INFO]   ✓ Binance公告: 20 条
2026-09-19 17:01:10 [INFO]   ✓ OKX公告: 0 条
2026-09-19 17:01:10 [INFO]   ✓ Bitget公告: 0 条
2026-09-19 17:01:10 [INFO]   ✓ Whale Alert: 0 条
2026-09-19 17:01:10 [INFO]   ✓ Fear & Greed Index: 1 条
2026-09-19 17:01:10 [INFO]   ✓ DeFi Llama: 0 条
2026-09-19 17:01:10 [INFO]   ✓ 雪球加密: 1 条
2026-09-19 17:01:10 [INFO] 📊 共抓取 39 条新闻
2026-09-19 17:01:10 [INFO] 📋 原始新闻已保存: reports/2026-09-20-01-raw.json (39 条)
2026-09-19 17:01:10 [INFO] 📋 标题摘要已保存: reports/2026-09-20-01-raw-titles.md
2026-09-19 17:01:10 [INFO] ✅ 抓取完成，共 39 条，已保存到 reports/2026-09-20-01-raw.json
2026-09-19 17:01:10 [INFO] 🤖 开始 AI 筛选 2026-09-20 01:00 币圈消息
2026-09-19 17:01:10 [INFO] 📋 已加载原始新闻: reports/2026-09-20-01-raw.json (39 条)
2026-09-19 17:01:10 [INFO] 📚 已加载历史新闻标题（20742 字符）
2026-09-19 17:01:10 [INFO] 📚 已加载历史筛选标题 0 条、URL 0 个，用于去重
2026-09-19 17:01:10 [INFO] 🔄 尝试 AI 提供商: deepseek
2026-09-19 17:01:10 [INFO] 🤖 使用 AI 提供商: deepseek (模型: deepseek-v4-flash)
2026-09-19 17:01:10 [INFO] 🤖 AI 筛选 [[deepseek] 1/6 策略=仅标题+链接 retry=0]（39 条，7967 字符，temp=0.3）
2026-09-19 17:01:11 [ERROR] AI 调用异常 ([deepseek] 1/6 策略=仅标题+链接 retry=0): Error code: 401 - {'error': {'message': 'Authentication Fails, Your api key: ****df0d is invalid', 'type': 'authentication_error', 'param': None, 'code': 'invalid_request_error'}}
2026-09-19 17:01:11 [WARNING] [[deepseek] 1/6 策略=仅标题+链接 retry=0] AI 调用失败或解析失败，继续下一次尝试
2026-09-19 17:01:11 [INFO] 🤖 AI 筛选 [[deepseek] 2/6 策略=仅标题+链接 retry=1]（39 条，7967 字符，temp=0.3）
2026-09-19 17:01:11 [ERROR] AI 调用异常 ([deepseek] 2/6 策略=仅标题+链接 retry=1): Error code: 401 - {'error': {'message': 'Authentication Fails, Your api key: ****df0d is invalid', 'type': 'authentication_error', 'param': None, 'code': 'invalid_request_error'}}
2026-09-19 17:01:11 [WARNING] [[deepseek] 2/6 策略=仅标题+链接 retry=1] AI 调用失败或解析失败，继续下一次尝试
2026-09-19 17:01:11 [INFO] 🤖 AI 筛选 [[deepseek] 3/6 策略=仅标题+链接 retry=2]（39 条，7967 字符，temp=0.3）
2026-09-19 17:01:12 [ERROR] AI 调用异常 ([deepseek] 3/6 策略=仅标题+链接 retry=2): Error code: 401 - {'error': {'message': 'Authentication Fails, Your api key: ****df0d is invalid', 'type': 'authentication_error', 'param': None, 'code': 'invalid_request_error'}}
2026-09-19 17:01:12 [WARNING] [[deepseek] 3/6 策略=仅标题+链接 retry=2] AI 调用失败或解析失败，继续下一次尝试
2026-09-19 17:01:12 [INFO] 🤖 AI 筛选 [[deepseek] 4/6 策略=完整内容 retry=0]（39 条，12123 字符，temp=0.3）
2026-09-19 17:01:12 [ERROR] AI 调用异常 ([deepseek] 4/6 策略=完整内容 retry=0): Error code: 401 - {'error': {'message': 'Authentication Fails, Your api key: ****df0d is invalid', 'type': 'authentication_error', 'param': None, 'code': 'invalid_request_error'}}
2026-09-19 17:01:12 [WARNING] [[deepseek] 4/6 策略=完整内容 retry=0] AI 调用失败或解析失败，继续下一次尝试
2026-09-19 17:01:12 [INFO] 🤖 AI 筛选 [[deepseek] 5/6 策略=完整内容 retry=1]（39 条，12123 字符，temp=0.3）
2026-09-19 17:01:13 [ERROR] AI 调用异常 ([deepseek] 5/6 策略=完整内容 retry=1): Error code: 401 - {'error': {'message': 'Authentication Fails, Your api key: ****df0d is invalid', 'type': 'authentication_error', 'param': None, 'code': 'invalid_request_error'}}
2026-09-19 17:01:13 [WARNING] [[deepseek] 5/6 策略=完整内容 retry=1] AI 调用失败或解析失败，继续下一次尝试
2026-09-19 17:01:13 [INFO] 🤖 AI 筛选 [[deepseek] 6/6 策略=仅标题（无历史） retry=0]（39 条，7967 字符，temp=0.3）
2026-09-19 17:01:13 [ERROR] AI 调用异常 ([deepseek] 6/6 策略=仅标题（无历史） retry=0): Error code: 401 - {'error': {'message': 'Authentication Fails, Your api key: ****df0d is invalid', 'type': 'authentication_error', 'param': None, 'code': 'invalid_request_error'}}
2026-09-19 17:01:13 [WARNING] [[deepseek] 6/6 策略=仅标题（无历史） retry=0] AI 调用失败或解析失败，继续下一次尝试
2026-09-19 17:01:13 [WARNING] [deepseek] 已达最大尝试次数 6，停止
2026-09-19 17:01:13 [INFO] ⚠️ deepseek 未能产出满意结果，尝试下一个提供商
2026-09-19 17:01:13 [INFO] 🔄 尝试 AI 提供商: zhipu
2026-09-19 17:01:13 [ERROR] 未设置环境变量 ZHIPU_API_KEY，无法使用 zhipu
2026-09-19 17:01:13 [INFO] ⚠️ zhipu 未能产出满意结果，尝试下一个提供商
2026-09-19 17:01:13 [INFO] 🔄 尝试 AI 提供商: kimi
2026-09-19 17:01:13 [ERROR] 未设置环境变量 KIMI_API_KEY，无法使用 kimi
2026-09-19 17:01:13 [INFO] ⚠️ kimi 未能产出满意结果，尝试下一个提供商
2026-09-19 17:01:13 [INFO] 🔄 尝试 AI 提供商: huoshan
2026-09-19 17:01:13 [ERROR] 未设置环境变量 HUOSHAN_API_KEY，无法使用 huoshan
2026-09-19 17:01:13 [INFO] ⚠️ huoshan 未能产出满意结果，尝试下一个提供商
2026-09-19 17:01:13 [ERROR] ❌ 所有提供商均失败，返回空列表
2026-09-19 17:01:13 [INFO] 📦 JSON 已保存: reports/2026-09-20-01.json
2026-09-19 17:01:13 [INFO] ✅ AI 筛选完成，共 0 条交易相关消息
2026-09-19 18:00:52 [INFO] 🚀 开始抓取 2026-09-20 02:00 币圈新闻
2026-09-19 18:00:52 [INFO] 📡 抓取 RSS 新闻源...
2026-09-19 18:00:52 [INFO] 📡 抓取交易所公告 & 链上数据...
2026-09-19 18:00:52 [INFO]   ⏭ CoinTelegraph: 过滤掉 29 条非近期新闻
2026-09-19 18:00:52 [INFO]   ⏭ Decrypt: 过滤掉 48 条非近期新闻
2026-09-19 18:00:52 [INFO]   ⏭ The Block: 过滤掉 20 条非近期新闻
2026-09-19 18:00:52 [INFO]   ⏭ 律动BlockBeats: 过滤掉 20 条非近期新闻
2026-09-19 18:00:52 [INFO]   ⏭ 金色财经: 过滤掉 12 条非近期新闻
2026-09-19 18:00:53 [INFO]   ⏭ Bitcoin Magazine: 过滤掉 10 条非近期新闻
2026-09-19 18:00:53 [INFO]   ⏭ CoinDesk: 过滤掉 25 条非近期新闻
2026-09-19 18:00:53 [WARNING] 解析失败 Bitget公告: 'NoneType' object is not subscriptable
2026-09-19 18:00:53 [INFO]   ⏭ Bloomberg Crypto: 过滤掉 50 条非近期新闻
2026-09-19 18:00:53 [INFO]   ⏭ Reuters Crypto: 过滤掉 50 条非近期新闻
2026-09-19 18:00:53 [INFO]   ⏭ CNBC Crypto: 过滤掉 50 条非近期新闻
2026-09-19 18:00:53 [INFO]   ⏭ 宏观经济: 过滤掉 49 条非近期新闻
2026-09-19 18:00:53 [INFO]   ⏭ DeFi Llama: 过滤掉 50 条非近期新闻
2026-09-19 18:00:53 [INFO]   ⏭ DL News: 过滤掉 50 条非近期新闻
2026-09-19 18:00:53 [INFO]   ⏭ 雪球加密: 过滤掉 50 条非近期新闻
2026-09-19 18:00:53 [INFO]   ⏭ The Block: 过滤掉 50 条非近期新闻
2026-09-19 18:00:53 [INFO]   ⏭ Reddit r/cryptocurrency: 过滤掉 23 条非近期新闻
2026-09-19 18:00:53 [INFO]   ⏭ Blockworks: 过滤掉 50 条非近期新闻
2026-09-19 18:00:53 [INFO]   ⏭ 吴说区块链: 过滤掉 50 条非近期新闻
2026-09-19 18:00:53 [INFO]   ⏭ Bitcoin Magazine: 过滤掉 50 条非近期新闻
2026-09-19 18:00:53 [INFO]   ⏭ CoinDesk: 过滤掉 50 条非近期新闻
2026-09-19 18:00:53 [INFO]   ⏭ Blockworks: 过滤掉 2 条非近期新闻
2026-09-19 18:00:53 [INFO]   ⏭ Crypto Twitter: 过滤掉 47 条非近期新闻
2026-09-19 18:00:54 [INFO]   ⏭ 律动BlockBeats: 过滤掉 50 条非近期新闻
2026-09-19 18:01:07 [DEBUG] 请求失败 https://rsshub.rssforever.com/panewslab/news: 
2026-09-19 18:01:08 [DEBUG] 请求失败 https://rsshub.rssforever.com/bloomberg/crypto: 
2026-09-19 18:01:08 [INFO]   ⏭ PANews: 过滤掉 50 条非近期新闻
2026-09-19 18:01:08 [INFO]   ✓ CoinDesk: 0 条
2026-09-19 18:01:08 [INFO]   ✓ The Block: 0 条
2026-09-19 18:01:08 [INFO]   ✓ Decrypt: 2 条
2026-09-19 18:01:08 [INFO]   ✓ CoinTelegraph: 1 条
2026-09-19 18:01:08 [INFO]   ✓ Bitcoin Magazine: 0 条
2026-09-19 18:01:08 [INFO]   ✓ Blockworks: 0 条
2026-09-19 18:01:08 [INFO]   ✓ DL News: 0 条
2026-09-19 18:01:08 [INFO]   ✓ 金色财经: 8 条
2026-09-19 18:01:08 [INFO]   ✓ PANews: 0 条
2026-09-19 18:01:08 [INFO]   ✓ 律动BlockBeats: 0 条
2026-09-19 18:01:08 [INFO]   ✓ 吴说区块链: 0 条
2026-09-19 18:01:08 [INFO]   ✓ Bloomberg Crypto: 0 条
2026-09-19 18:01:08 [INFO]   ✓ Reuters Crypto: 0 条
2026-09-19 18:01:08 [INFO]   ✓ CNBC Crypto: 0 条
2026-09-19 18:01:08 [INFO]   ✓ Reddit r/cryptocurrency: 2 条
2026-09-19 18:01:08 [INFO]   ✓ Reddit r/bitcoin: 0 条
2026-09-19 18:01:08 [INFO]   ✓ Crypto Twitter: 3 条
2026-09-19 18:01:08 [INFO]   ✓ 宏观经济: 1 条
2026-09-19 18:01:08 [INFO]   ✓ Binance公告: 20 条
2026-09-19 18:01:08 [INFO]   ✓ OKX公告: 0 条
2026-09-19 18:01:08 [INFO]   ✓ Bitget公告: 0 条
2026-09-19 18:01:08 [INFO]   ✓ Whale Alert: 0 条
2026-09-19 18:01:08 [INFO]   ✓ Fear & Greed Index: 1 条
2026-09-19 18:01:08 [INFO]   ✓ DeFi Llama: 0 条
2026-09-19 18:01:08 [INFO]   ✓ 雪球加密: 0 条
2026-09-19 18:01:08 [INFO] 📊 共抓取 38 条新闻
2026-09-19 18:01:08 [INFO] 📋 原始新闻已保存: reports/2026-09-20-02-raw.json (38 条)
2026-09-19 18:01:08 [INFO] 📋 标题摘要已保存: reports/2026-09-20-02-raw-titles.md
2026-09-19 18:01:08 [INFO] ✅ 抓取完成，共 38 条，已保存到 reports/2026-09-20-02-raw.json
2026-09-19 18:01:09 [INFO] 🤖 开始 AI 筛选 2026-09-20 02:00 币圈消息
2026-09-19 18:01:09 [INFO] 📋 已加载原始新闻: reports/2026-09-20-02-raw.json (38 条)
2026-09-19 18:01:09 [INFO] 📚 已加载历史新闻标题（21131 字符）
2026-09-19 18:01:09 [INFO] 📚 已加载历史筛选标题 0 条、URL 0 个，用于去重
2026-09-19 18:01:09 [INFO] 🔄 尝试 AI 提供商: deepseek
2026-09-19 18:01:09 [INFO] 🤖 使用 AI 提供商: deepseek (模型: deepseek-v4-flash)
2026-09-19 18:01:09 [INFO] 🤖 AI 筛选 [[deepseek] 1/6 策略=仅标题+链接 retry=0]（38 条，7263 字符，temp=0.3）
2026-09-19 18:01:09 [ERROR] AI 调用异常 ([deepseek] 1/6 策略=仅标题+链接 retry=0): Error code: 401 - {'error': {'message': 'Authentication Fails, Your api key: ****df0d is invalid', 'type': 'authentication_error', 'param': None, 'code': 'invalid_request_error'}}
2026-09-19 18:01:09 [WARNING] [[deepseek] 1/6 策略=仅标题+链接 retry=0] AI 调用失败或解析失败，继续下一次尝试
2026-09-19 18:01:09 [INFO] 🤖 AI 筛选 [[deepseek] 2/6 策略=仅标题+链接 retry=1]（38 条，7263 字符，temp=0.3）
2026-09-19 18:01:09 [ERROR] AI 调用异常 ([deepseek] 2/6 策略=仅标题+链接 retry=1): Error code: 401 - {'error': {'message': 'Authentication Fails, Your api key: ****df0d is invalid', 'type': 'authentication_error', 'param': None, 'code': 'invalid_request_error'}}
2026-09-19 18:01:09 [WARNING] [[deepseek] 2/6 策略=仅标题+链接 retry=1] AI 调用失败或解析失败，继续下一次尝试
2026-09-19 18:01:09 [INFO] 🤖 AI 筛选 [[deepseek] 3/6 策略=仅标题+链接 retry=2]（38 条，7263 字符，temp=0.3）
2026-09-19 18:01:10 [ERROR] AI 调用异常 ([deepseek] 3/6 策略=仅标题+链接 retry=2): Error code: 401 - {'error': {'message': 'Authentication Fails, Your api key: ****df0d is invalid', 'type': 'authentication_error', 'param': None, 'code': 'invalid_request_error'}}
2026-09-19 18:01:10 [WARNING] [[deepseek] 3/6 策略=仅标题+链接 retry=2] AI 调用失败或解析失败，继续下一次尝试
2026-09-19 18:01:10 [INFO] 🤖 AI 筛选 [[deepseek] 4/6 策略=完整内容 retry=0]（38 条，11470 字符，temp=0.3）
2026-09-19 18:01:10 [ERROR] AI 调用异常 ([deepseek] 4/6 策略=完整内容 retry=0): Error code: 401 - {'error': {'message': 'Authentication Fails, Your api key: ****df0d is invalid', 'type': 'authentication_error', 'param': None, 'code': 'invalid_request_error'}}
2026-09-19 18:01:10 [WARNING] [[deepseek] 4/6 策略=完整内容 retry=0] AI 调用失败或解析失败，继续下一次尝试
2026-09-19 18:01:10 [INFO] 🤖 AI 筛选 [[deepseek] 5/6 策略=完整内容 retry=1]（38 条，11470 字符，temp=0.3）
2026-09-19 18:01:11 [ERROR] AI 调用异常 ([deepseek] 5/6 策略=完整内容 retry=1): Error code: 401 - {'error': {'message': 'Authentication Fails, Your api key: ****df0d is invalid', 'type': 'authentication_error', 'param': None, 'code': 'invalid_request_error'}}
2026-09-19 18:01:11 [WARNING] [[deepseek] 5/6 策略=完整内容 retry=1] AI 调用失败或解析失败，继续下一次尝试
2026-09-19 18:01:11 [INFO] 🤖 AI 筛选 [[deepseek] 6/6 策略=仅标题（无历史） retry=0]（38 条，7263 字符，temp=0.3）
2026-09-19 18:01:11 [ERROR] AI 调用异常 ([deepseek] 6/6 策略=仅标题（无历史） retry=0): Error code: 401 - {'error': {'message': 'Authentication Fails, Your api key: ****df0d is invalid', 'type': 'authentication_error', 'param': None, 'code': 'invalid_request_error'}}
2026-09-19 18:01:11 [WARNING] [[deepseek] 6/6 策略=仅标题（无历史） retry=0] AI 调用失败或解析失败，继续下一次尝试
2026-09-19 18:01:11 [WARNING] [deepseek] 已达最大尝试次数 6，停止
2026-09-19 18:01:11 [INFO] ⚠️ deepseek 未能产出满意结果，尝试下一个提供商
2026-09-19 18:01:11 [INFO] 🔄 尝试 AI 提供商: zhipu
2026-09-19 18:01:11 [ERROR] 未设置环境变量 ZHIPU_API_KEY，无法使用 zhipu
2026-09-19 18:01:11 [INFO] ⚠️ zhipu 未能产出满意结果，尝试下一个提供商
2026-09-19 18:01:11 [INFO] 🔄 尝试 AI 提供商: kimi
2026-09-19 18:01:11 [ERROR] 未设置环境变量 KIMI_API_KEY，无法使用 kimi
2026-09-19 18:01:11 [INFO] ⚠️ kimi 未能产出满意结果，尝试下一个提供商
2026-09-19 18:01:11 [INFO] 🔄 尝试 AI 提供商: huoshan
2026-09-19 18:01:11 [ERROR] 未设置环境变量 HUOSHAN_API_KEY，无法使用 huoshan
2026-09-19 18:01:11 [INFO] ⚠️ huoshan 未能产出满意结果，尝试下一个提供商
2026-09-19 18:01:11 [ERROR] ❌ 所有提供商均失败，返回空列表
2026-09-19 18:01:11 [INFO] 📦 JSON 已保存: reports/2026-09-20-02.json
2026-09-19 18:01:11 [INFO] ✅ AI 筛选完成，共 0 条交易相关消息
2026-09-19 19:00:51 [INFO] 🚀 开始抓取 2026-09-20 03:00 币圈新闻
2026-09-19 19:00:51 [INFO] 📡 抓取 RSS 新闻源...
2026-09-19 19:00:51 [INFO] 📡 抓取交易所公告 & 链上数据...
2026-09-19 19:00:51 [INFO]   ⏭ The Block: 过滤掉 19 条非近期新闻
2026-09-19 19:00:51 [INFO]   ⏭ Decrypt: 过滤掉 36 条非近期新闻
2026-09-19 19:00:51 [INFO]   ⏭ CoinTelegraph: 过滤掉 29 条非近期新闻
2026-09-19 19:00:51 [INFO]   ⏭ Bitcoin Magazine: 过滤掉 10 条非近期新闻
2026-09-19 19:00:51 [INFO]   ⏭ CoinDesk: 过滤掉 25 条非近期新闻
2026-09-19 19:00:51 [INFO]   ⏭ 律动BlockBeats: 过滤掉 20 条非近期新闻
2026-09-19 19:00:51 [WARNING] 解析失败 Bitget公告: 'NoneType' object is not subscriptable
2026-09-19 19:00:52 [INFO]   ⏭ Reuters Crypto: 过滤掉 50 条非近期新闻
2026-09-19 19:00:52 [INFO]   ⏭ Bloomberg Crypto: 过滤掉 50 条非近期新闻
2026-09-19 19:00:52 [INFO]   ⏭ 宏观经济: 过滤掉 48 条非近期新闻
2026-09-19 19:00:52 [INFO]   ⏭ CNBC Crypto: 过滤掉 50 条非近期新闻
2026-09-19 19:00:52 [INFO]   ⏭ Blockworks: 过滤掉 50 条非近期新闻
2026-09-19 19:00:52 [INFO]   ⏭ Reddit r/bitcoin: 过滤掉 25 条非近期新闻
2026-09-19 19:00:52 [INFO]   ⏭ DL News: 过滤掉 50 条非近期新闻
2026-09-19 19:00:52 [INFO]   ⏭ Blockworks: 过滤掉 2 条非近期新闻
2026-09-19 19:00:52 [INFO]   ⏭ Bitcoin Magazine: 过滤掉 49 条非近期新闻
2026-09-19 19:00:52 [INFO]   ⏭ 吴说区块链: 过滤掉 50 条非近期新闻
2026-09-19 19:00:52 [INFO]   ⏭ DeFi Llama: 过滤掉 50 条非近期新闻
2026-09-19 19:00:52 [INFO]   ⏭ 律动BlockBeats: 过滤掉 50 条非近期新闻
2026-09-19 19:00:52 [INFO]   ⏭ 雪球加密: 过滤掉 50 条非近期新闻
2026-09-19 19:00:52 [INFO]   ⏭ CoinDesk: 过滤掉 50 条非近期新闻
2026-09-19 19:00:52 [INFO]   ⏭ Crypto Twitter: 过滤掉 45 条非近期新闻
2026-09-19 19:01:02 [INFO]   ⏭ PANews: 过滤掉 50 条非近期新闻
2026-09-19 19:01:06 [DEBUG] 请求失败 https://rsshub.rssforever.com/jinse/lives: 
2026-09-19 19:01:07 [INFO]   ✓ CoinDesk: 0 条
2026-09-19 19:01:07 [INFO]   ✓ The Block: 1 条
2026-09-19 19:01:07 [INFO]   ✓ Decrypt: 1 条
2026-09-19 19:01:07 [INFO]   ✓ CoinTelegraph: 1 条
2026-09-19 19:01:07 [INFO]   ✓ Bitcoin Magazine: 1 条
2026-09-19 19:01:07 [INFO]   ✓ Blockworks: 0 条
2026-09-19 19:01:07 [INFO]   ✓ DL News: 0 条
2026-09-19 19:01:07 [INFO]   ✓ 金色财经: 0 条
2026-09-19 19:01:07 [INFO]   ✓ PANews: 0 条
2026-09-19 19:01:07 [INFO]   ✓ 律动BlockBeats: 0 条
2026-09-19 19:01:07 [INFO]   ✓ 吴说区块链: 0 条
2026-09-19 19:01:07 [INFO]   ✓ Bloomberg Crypto: 0 条
2026-09-19 19:01:07 [INFO]   ✓ Reuters Crypto: 0 条
2026-09-19 19:01:07 [INFO]   ✓ CNBC Crypto: 0 条
2026-09-19 19:01:07 [INFO]   ✓ Reddit r/cryptocurrency: 0 条
2026-09-19 19:01:07 [INFO]   ✓ Reddit r/bitcoin: 0 条
2026-09-19 19:01:07 [INFO]   ✓ Crypto Twitter: 5 条
2026-09-19 19:01:07 [INFO]   ✓ 宏观经济: 2 条
2026-09-19 19:01:07 [INFO]   ✓ Binance公告: 20 条
2026-09-19 19:01:07 [INFO]   ✓ OKX公告: 0 条
2026-09-19 19:01:07 [INFO]   ✓ Bitget公告: 0 条
2026-09-19 19:01:07 [INFO]   ✓ Whale Alert: 0 条
2026-09-19 19:01:07 [INFO]   ✓ Fear & Greed Index: 1 条
2026-09-19 19:01:07 [INFO]   ✓ DeFi Llama: 0 条
2026-09-19 19:01:07 [INFO]   ✓ 雪球加密: 0 条
2026-09-19 19:01:07 [INFO] 📊 共抓取 32 条新闻
2026-09-19 19:01:07 [INFO] 📋 原始新闻已保存: reports/2026-09-20-03-raw.json (32 条)
2026-09-19 19:01:07 [INFO] 📋 标题摘要已保存: reports/2026-09-20-03-raw-titles.md
2026-09-19 19:01:07 [INFO] ✅ 抓取完成，共 32 条，已保存到 reports/2026-09-20-03-raw.json
2026-09-19 19:01:07 [INFO] 🤖 开始 AI 筛选 2026-09-20 03:00 币圈消息
2026-09-19 19:01:07 [INFO] 📋 已加载原始新闻: reports/2026-09-20-03-raw.json (32 条)
2026-09-19 19:01:07 [INFO] 📚 已加载历史新闻标题（21150 字符）
2026-09-19 19:01:07 [INFO] 📚 已加载历史筛选标题 0 条、URL 0 个，用于去重
2026-09-19 19:01:07 [INFO] 🔄 尝试 AI 提供商: deepseek
2026-09-19 19:01:07 [INFO] 🤖 使用 AI 提供商: deepseek (模型: deepseek-v4-flash)
2026-09-19 19:01:07 [INFO] 🤖 AI 筛选 [[deepseek] 1/6 策略=仅标题+链接 retry=0]（32 条，7244 字符，temp=0.3）
2026-09-19 19:01:08 [ERROR] AI 调用异常 ([deepseek] 1/6 策略=仅标题+链接 retry=0): Error code: 401 - {'error': {'message': 'Authentication Fails, Your api key: ****df0d is invalid', 'type': 'authentication_error', 'param': None, 'code': 'invalid_request_error'}}
2026-09-19 19:01:08 [WARNING] [[deepseek] 1/6 策略=仅标题+链接 retry=0] AI 调用失败或解析失败，继续下一次尝试
2026-09-19 19:01:08 [INFO] 🤖 AI 筛选 [[deepseek] 2/6 策略=仅标题+链接 retry=1]（32 条，7244 字符，temp=0.3）
2026-09-19 19:01:08 [ERROR] AI 调用异常 ([deepseek] 2/6 策略=仅标题+链接 retry=1): Error code: 401 - {'error': {'message': 'Authentication Fails, Your api key: ****df0d is invalid', 'type': 'authentication_error', 'param': None, 'code': 'invalid_request_error'}}
2026-09-19 19:01:08 [WARNING] [[deepseek] 2/6 策略=仅标题+链接 retry=1] AI 调用失败或解析失败，继续下一次尝试
2026-09-19 19:01:08 [INFO] 🤖 AI 筛选 [[deepseek] 3/6 策略=仅标题+链接 retry=2]（32 条，7244 字符，temp=0.3）
2026-09-19 19:01:09 [ERROR] AI 调用异常 ([deepseek] 3/6 策略=仅标题+链接 retry=2): Error code: 401 - {'error': {'message': 'Authentication Fails, Your api key: ****df0d is invalid', 'type': 'authentication_error', 'param': None, 'code': 'invalid_request_error'}}
2026-09-19 19:01:09 [WARNING] [[deepseek] 3/6 策略=仅标题+链接 retry=2] AI 调用失败或解析失败，继续下一次尝试
2026-09-19 19:01:09 [INFO] 🤖 AI 筛选 [[deepseek] 4/6 策略=完整内容 retry=0]（32 条，10233 字符，temp=0.3）
2026-09-19 19:01:09 [ERROR] AI 调用异常 ([deepseek] 4/6 策略=完整内容 retry=0): Error code: 401 - {'error': {'message': 'Authentication Fails, Your api key: ****df0d is invalid', 'type': 'authentication_error', 'param': None, 'code': 'invalid_request_error'}}
2026-09-19 19:01:09 [WARNING] [[deepseek] 4/6 策略=完整内容 retry=0] AI 调用失败或解析失败，继续下一次尝试
2026-09-19 19:01:09 [INFO] 🤖 AI 筛选 [[deepseek] 5/6 策略=完整内容 retry=1]（32 条，10233 字符，temp=0.3）
2026-09-19 19:01:09 [ERROR] AI 调用异常 ([deepseek] 5/6 策略=完整内容 retry=1): Error code: 401 - {'error': {'message': 'Authentication Fails, Your api key: ****df0d is invalid', 'type': 'authentication_error', 'param': None, 'code': 'invalid_request_error'}}
2026-09-19 19:01:09 [WARNING] [[deepseek] 5/6 策略=完整内容 retry=1] AI 调用失败或解析失败，继续下一次尝试
2026-09-19 19:01:09 [INFO] 🤖 AI 筛选 [[deepseek] 6/6 策略=仅标题（无历史） retry=0]（32 条，7244 字符，temp=0.3）
2026-09-19 19:01:10 [ERROR] AI 调用异常 ([deepseek] 6/6 策略=仅标题（无历史） retry=0): Error code: 401 - {'error': {'message': 'Authentication Fails, Your api key: ****df0d is invalid', 'type': 'authentication_error', 'param': None, 'code': 'invalid_request_error'}}
2026-09-19 19:01:10 [WARNING] [[deepseek] 6/6 策略=仅标题（无历史） retry=0] AI 调用失败或解析失败，继续下一次尝试
2026-09-19 19:01:10 [WARNING] [deepseek] 已达最大尝试次数 6，停止
2026-09-19 19:01:10 [INFO] ⚠️ deepseek 未能产出满意结果，尝试下一个提供商
2026-09-19 19:01:10 [INFO] 🔄 尝试 AI 提供商: zhipu
2026-09-19 19:01:10 [ERROR] 未设置环境变量 ZHIPU_API_KEY，无法使用 zhipu
2026-09-19 19:01:10 [INFO] ⚠️ zhipu 未能产出满意结果，尝试下一个提供商
2026-09-19 19:01:10 [INFO] 🔄 尝试 AI 提供商: kimi
2026-09-19 19:01:10 [ERROR] 未设置环境变量 KIMI_API_KEY，无法使用 kimi
2026-09-19 19:01:10 [INFO] ⚠️ kimi 未能产出满意结果，尝试下一个提供商
2026-09-19 19:01:10 [INFO] 🔄 尝试 AI 提供商: huoshan
2026-09-19 19:01:10 [ERROR] 未设置环境变量 HUOSHAN_API_KEY，无法使用 huoshan
2026-09-19 19:01:10 [INFO] ⚠️ huoshan 未能产出满意结果，尝试下一个提供商
2026-09-19 19:01:10 [ERROR] ❌ 所有提供商均失败，返回空列表
2026-09-19 19:01:10 [INFO] 📦 JSON 已保存: reports/2026-09-20-03.json
2026-09-19 19:01:10 [INFO] ✅ AI 筛选完成，共 0 条交易相关消息
2026-09-19 20:00:58 [INFO] 🚀 开始抓取 2026-09-20 04:00 币圈新闻
2026-09-19 20:00:58 [INFO] 📡 抓取 RSS 新闻源...
2026-09-19 20:00:58 [INFO] 📡 抓取交易所公告 & 链上数据...
2026-09-19 20:00:58 [INFO]   ⏭ The Block: 过滤掉 19 条非近期新闻
2026-09-19 20:00:58 [INFO]   ⏭ CoinTelegraph: 过滤掉 28 条非近期新闻
2026-09-19 20:00:58 [INFO]   ⏭ Decrypt: 过滤掉 37 条非近期新闻
2026-09-19 20:00:59 [INFO]   ⏭ Bitcoin Magazine: 过滤掉 10 条非近期新闻
2026-09-19 20:00:59 [INFO]   ⏭ CoinDesk: 过滤掉 25 条非近期新闻
2026-09-19 20:00:59 [INFO]   ⏭ Blockworks: 过滤掉 50 条非近期新闻
2026-09-19 20:00:59 [INFO]   ⏭ 宏观经济: 过滤掉 48 条非近期新闻
2026-09-19 20:00:59 [INFO]   ⏭ Decrypt: 过滤掉 50 条非近期新闻
2026-09-19 20:00:59 [INFO]   ⏭ Bloomberg Crypto: 过滤掉 50 条非近期新闻
2026-09-19 20:00:59 [INFO]   ⏭ Reuters Crypto: 过滤掉 50 条非近期新闻
2026-09-19 20:00:59 [WARNING] 解析失败 Bitget公告: 'NoneType' object is not subscriptable
2026-09-19 20:00:59 [INFO]   ⏭ CNBC Crypto: 过滤掉 50 条非近期新闻
2026-09-19 20:00:59 [INFO]   ⏭ Blockworks: 过滤掉 2 条非近期新闻
2026-09-19 20:00:59 [INFO]   ⏭ Reddit r/cryptocurrency: 过滤掉 24 条非近期新闻
2026-09-19 20:00:59 [INFO]   ⏭ DL News: 过滤掉 50 条非近期新闻
2026-09-19 20:00:59 [INFO]   ⏭ Bitcoin Magazine: 过滤掉 49 条非近期新闻
2026-09-19 20:00:59 [INFO]   ⏭ 律动BlockBeats: 过滤掉 20 条非近期新闻
2026-09-19 20:00:59 [INFO]   ⏭ 金色财经: 过滤掉 2 条非近期新闻
2026-09-19 20:01:00 [INFO]   ⏭ DeFi Llama: 过滤掉 50 条非近期新闻
2026-09-19 20:01:00 [INFO]   ⏭ 雪球加密: 过滤掉 50 条非近期新闻
2026-09-19 20:01:00 [INFO]   ⏭ 吴说区块链: 过滤掉 50 条非近期新闻
2026-09-19 20:01:00 [INFO]   ⏭ 律动BlockBeats: 过滤掉 50 条非近期新闻
2026-09-19 20:01:00 [INFO]   ⏭ CoinDesk: 过滤掉 50 条非近期新闻
2026-09-19 20:01:00 [INFO]   ⏭ Crypto Twitter: 过滤掉 42 条非近期新闻
2026-09-19 20:01:14 [DEBUG] 请求失败 https://rsshub.rssforever.com/panewslab/news: 
2026-09-19 20:01:15 [DEBUG] 请求失败 https://rsshub.rssforever.com/bloomberg/crypto: 
2026-09-19 20:01:15 [INFO]   ⏭ PANews: 过滤掉 50 条非近期新闻
2026-09-19 20:01:15 [INFO]   ✓ CoinDesk: 0 条
2026-09-19 20:01:15 [INFO]   ✓ The Block: 1 条
2026-09-19 20:01:15 [INFO]   ✓ Decrypt: 0 条
2026-09-19 20:01:15 [INFO]   ✓ CoinTelegraph: 2 条
2026-09-19 20:01:15 [INFO]   ✓ Bitcoin Magazine: 1 条
2026-09-19 20:01:15 [INFO]   ✓ Blockworks: 0 条
2026-09-19 20:01:15 [INFO]   ✓ DL News: 0 条
2026-09-19 20:01:15 [INFO]   ✓ 金色财经: 4 条
2026-09-19 20:01:15 [INFO]   ✓ PANews: 0 条
2026-09-19 20:01:15 [INFO]   ✓ 律动BlockBeats: 0 条
2026-09-19 20:01:15 [INFO]   ✓ 吴说区块链: 0 条
2026-09-19 20:01:15 [INFO]   ✓ Bloomberg Crypto: 0 条
2026-09-19 20:01:15 [INFO]   ✓ Reuters Crypto: 0 条
2026-09-19 20:01:15 [INFO]   ✓ CNBC Crypto: 0 条
2026-09-19 20:01:15 [INFO]   ✓ Reddit r/cryptocurrency: 1 条
2026-09-19 20:01:15 [INFO]   ✓ Reddit r/bitcoin: 0 条
2026-09-19 20:01:15 [INFO]   ✓ Crypto Twitter: 8 条
2026-09-19 20:01:15 [INFO]   ✓ 宏观经济: 2 条
2026-09-19 20:01:15 [INFO]   ✓ Binance公告: 20 条
2026-09-19 20:01:15 [INFO]   ✓ OKX公告: 0 条
2026-09-19 20:01:15 [INFO]   ✓ Bitget公告: 0 条
2026-09-19 20:01:15 [INFO]   ✓ Whale Alert: 0 条
2026-09-19 20:01:15 [INFO]   ✓ Fear & Greed Index: 1 条
2026-09-19 20:01:15 [INFO]   ✓ DeFi Llama: 0 条
2026-09-19 20:01:15 [INFO]   ✓ 雪球加密: 0 条
2026-09-19 20:01:15 [INFO] 📊 共抓取 40 条新闻
2026-09-19 20:01:15 [INFO] 📋 原始新闻已保存: reports/2026-09-20-04-raw.json (40 条)
2026-09-19 20:01:15 [INFO] 📋 标题摘要已保存: reports/2026-09-20-04-raw-titles.md
2026-09-19 20:01:15 [INFO] ✅ 抓取完成，共 40 条，已保存到 reports/2026-09-20-04-raw.json
2026-09-19 20:01:15 [INFO] 🤖 开始 AI 筛选 2026-09-20 04:00 币圈消息
2026-09-19 20:01:15 [INFO] 📋 已加载原始新闻: reports/2026-09-20-04-raw.json (40 条)
2026-09-19 20:01:15 [INFO] 📚 已加载历史新闻标题（20230 字符）
2026-09-19 20:01:15 [INFO] 📚 已加载历史筛选标题 0 条、URL 0 个，用于去重
2026-09-19 20:01:15 [INFO] 🔄 尝试 AI 提供商: deepseek
2026-09-19 20:01:15 [INFO] 🤖 使用 AI 提供商: deepseek (模型: deepseek-v4-flash)
2026-09-19 20:01:15 [INFO] 🤖 AI 筛选 [[deepseek] 1/6 策略=仅标题+链接 retry=0]（40 条，8893 字符，temp=0.3）
2026-09-19 20:01:16 [ERROR] AI 调用异常 ([deepseek] 1/6 策略=仅标题+链接 retry=0): Error code: 401 - {'error': {'message': 'Authentication Fails, Your api key: ****df0d is invalid', 'type': 'authentication_error', 'param': None, 'code': 'invalid_request_error'}}
2026-09-19 20:01:16 [WARNING] [[deepseek] 1/6 策略=仅标题+链接 retry=0] AI 调用失败或解析失败，继续下一次尝试
2026-09-19 20:01:16 [INFO] 🤖 AI 筛选 [[deepseek] 2/6 策略=仅标题+链接 retry=1]（40 条，8893 字符，temp=0.3）
2026-09-19 20:01:17 [ERROR] AI 调用异常 ([deepseek] 2/6 策略=仅标题+链接 retry=1): Error code: 401 - {'error': {'message': 'Authentication Fails, Your api key: ****df0d is invalid', 'type': 'authentication_error', 'param': None, 'code': 'invalid_request_error'}}
2026-09-19 20:01:17 [WARNING] [[deepseek] 2/6 策略=仅标题+链接 retry=1] AI 调用失败或解析失败，继续下一次尝试
2026-09-19 20:01:17 [INFO] 🤖 AI 筛选 [[deepseek] 3/6 策略=仅标题+链接 retry=2]（40 条，8893 字符，temp=0.3）
2026-09-19 20:01:17 [ERROR] AI 调用异常 ([deepseek] 3/6 策略=仅标题+链接 retry=2): Error code: 401 - {'error': {'message': 'Authentication Fails, Your api key: ****df0d is invalid', 'type': 'authentication_error', 'param': None, 'code': 'invalid_request_error'}}
2026-09-19 20:01:17 [WARNING] [[deepseek] 3/6 策略=仅标题+链接 retry=2] AI 调用失败或解析失败，继续下一次尝试
2026-09-19 20:01:17 [INFO] 🤖 AI 筛选 [[deepseek] 4/6 策略=完整内容 retry=0]（40 条，13204 字符，temp=0.3）
2026-09-19 20:01:17 [ERROR] AI 调用异常 ([deepseek] 4/6 策略=完整内容 retry=0): Error code: 401 - {'error': {'message': 'Authentication Fails, Your api key: ****df0d is invalid', 'type': 'authentication_error', 'param': None, 'code': 'invalid_request_error'}}
2026-09-19 20:01:17 [WARNING] [[deepseek] 4/6 策略=完整内容 retry=0] AI 调用失败或解析失败，继续下一次尝试
2026-09-19 20:01:17 [INFO] 🤖 AI 筛选 [[deepseek] 5/6 策略=完整内容 retry=1]（40 条，13204 字符，temp=0.3）
2026-09-19 20:01:18 [ERROR] AI 调用异常 ([deepseek] 5/6 策略=完整内容 retry=1): Error code: 401 - {'error': {'message': 'Authentication Fails, Your api key: ****df0d is invalid', 'type': 'authentication_error', 'param': None, 'code': 'invalid_request_error'}}
2026-09-19 20:01:18 [WARNING] [[deepseek] 5/6 策略=完整内容 retry=1] AI 调用失败或解析失败，继续下一次尝试
2026-09-19 20:01:18 [INFO] 🤖 AI 筛选 [[deepseek] 6/6 策略=仅标题（无历史） retry=0]（40 条，8893 字符，temp=0.3）
2026-09-19 20:01:18 [ERROR] AI 调用异常 ([deepseek] 6/6 策略=仅标题（无历史） retry=0): Error code: 401 - {'error': {'message': 'Authentication Fails, Your api key: ****df0d is invalid', 'type': 'authentication_error', 'param': None, 'code': 'invalid_request_error'}}
2026-09-19 20:01:18 [WARNING] [[deepseek] 6/6 策略=仅标题（无历史） retry=0] AI 调用失败或解析失败，继续下一次尝试
2026-09-19 20:01:18 [WARNING] [deepseek] 已达最大尝试次数 6，停止
2026-09-19 20:01:18 [INFO] ⚠️ deepseek 未能产出满意结果，尝试下一个提供商
2026-09-19 20:01:18 [INFO] 🔄 尝试 AI 提供商: zhipu
2026-09-19 20:01:18 [ERROR] 未设置环境变量 ZHIPU_API_KEY，无法使用 zhipu
2026-09-19 20:01:18 [INFO] ⚠️ zhipu 未能产出满意结果，尝试下一个提供商
2026-09-19 20:01:18 [INFO] 🔄 尝试 AI 提供商: kimi
2026-09-19 20:01:18 [ERROR] 未设置环境变量 KIMI_API_KEY，无法使用 kimi
2026-09-19 20:01:18 [INFO] ⚠️ kimi 未能产出满意结果，尝试下一个提供商
2026-09-19 20:01:18 [INFO] 🔄 尝试 AI 提供商: huoshan
2026-09-19 20:01:18 [ERROR] 未设置环境变量 HUOSHAN_API_KEY，无法使用 huoshan
2026-09-19 20:01:18 [INFO] ⚠️ huoshan 未能产出满意结果，尝试下一个提供商
2026-09-19 20:01:18 [ERROR] ❌ 所有提供商均失败，返回空列表
2026-09-19 20:01:18 [INFO] 📦 JSON 已保存: reports/2026-09-20-04.json
2026-09-19 20:01:18 [INFO] ✅ AI 筛选完成，共 0 条交易相关消息
2026-09-19 21:00:50 [INFO] 🚀 开始抓取 2026-09-20 05:00 币圈新闻
2026-09-19 21:00:50 [INFO] 📡 抓取 RSS 新闻源...
2026-09-19 21:00:50 [INFO] 📡 抓取交易所公告 & 链上数据...
2026-09-19 21:00:50 [INFO]   ⏭ Decrypt: 过滤掉 37 条非近期新闻
2026-09-19 21:00:50 [INFO]   ⏭ The Block: 过滤掉 20 条非近期新闻
2026-09-19 21:00:50 [INFO]   ⏭ CoinTelegraph: 过滤掉 29 条非近期新闻
2026-09-19 21:00:50 [INFO]   ⏭ Reddit r/bitcoin: 过滤掉 24 条非近期新闻
2026-09-19 21:00:50 [WARNING] 解析失败 Bitget公告: 'NoneType' object is not subscriptable
2026-09-19 21:00:50 [INFO]   ⏭ Reuters Crypto: 过滤掉 50 条非近期新闻
2026-09-19 21:00:50 [INFO]   ⏭ Bloomberg Crypto: 过滤掉 50 条非近期新闻
2026-09-19 21:00:50 [INFO]   ⏭ 宏观经济: 过滤掉 49 条非近期新闻
2026-09-19 21:00:51 [INFO]   ⏭ CNBC Crypto: 过滤掉 50 条非近期新闻
2026-09-19 21:00:51 [INFO]   ⏭ CoinDesk: 过滤掉 25 条非近期新闻
2026-09-19 21:00:51 [INFO]   ⏭ Bitcoin Magazine: 过滤掉 10 条非近期新闻
2026-09-19 21:00:51 [INFO]   ⏭ Blockworks: 过滤掉 50 条非近期新闻
2026-09-19 21:00:51 [INFO]   ⏭ 雪球加密: 过滤掉 50 条非近期新闻
2026-09-19 21:00:51 [INFO]   ⏭ DeFi Llama: 过滤掉 50 条非近期新闻
2026-09-19 21:00:51 [INFO]   ⏭ Blockworks: 过滤掉 2 条非近期新闻
2026-09-19 21:00:51 [INFO]   ⏭ Decrypt: 过滤掉 50 条非近期新闻
2026-09-19 21:00:51 [INFO]   ⏭ 吴说区块链: 过滤掉 50 条非近期新闻
2026-09-19 21:00:51 [INFO]   ⏭ Bitcoin Magazine: 过滤掉 50 条非近期新闻
2026-09-19 21:00:51 [INFO]   ⏭ DL News: 过滤掉 50 条非近期新闻
2026-09-19 21:00:51 [INFO]   ⏭ CoinDesk: 过滤掉 50 条非近期新闻
2026-09-19 21:00:51 [INFO]   ⏭ Crypto Twitter: 过滤掉 46 条非近期新闻
2026-09-19 21:00:52 [INFO]   ⏭ The Block: 过滤掉 50 条非近期新闻
2026-09-19 21:01:06 [DEBUG] 请求失败 https://rsshub.rssforever.com/theblockbeats/newsflash: 
2026-09-19 21:01:06 [DEBUG] 请求失败 https://rsshub.rssforever.com/jinse/lives: 
2026-09-19 21:01:06 [DEBUG] 请求失败 https://rsshub.rssforever.com/panewslab/news: 
2026-09-19 21:01:06 [INFO]   ⏭ 律动BlockBeats: 过滤掉 50 条非近期新闻
2026-09-19 21:01:06 [INFO]   ⏭ PANews: 过滤掉 50 条非近期新闻
2026-09-19 21:01:06 [INFO]   ✓ CoinDesk: 0 条
2026-09-19 21:01:06 [INFO]   ✓ The Block: 0 条
2026-09-19 21:01:06 [INFO]   ✓ Decrypt: 0 条
2026-09-19 21:01:06 [INFO]   ✓ CoinTelegraph: 1 条
2026-09-19 21:01:06 [INFO]   ✓ Bitcoin Magazine: 0 条
2026-09-19 21:01:06 [INFO]   ✓ Blockworks: 0 条
2026-09-19 21:01:06 [INFO]   ✓ DL News: 0 条
2026-09-19 21:01:06 [INFO]   ✓ 金色财经: 0 条
2026-09-19 21:01:06 [INFO]   ✓ PANews: 0 条
2026-09-19 21:01:06 [INFO]   ✓ 律动BlockBeats: 0 条
2026-09-19 21:01:06 [INFO]   ✓ 吴说区块链: 0 条
2026-09-19 21:01:06 [INFO]   ✓ Bloomberg Crypto: 0 条
2026-09-19 21:01:06 [INFO]   ✓ Reuters Crypto: 0 条
2026-09-19 21:01:06 [INFO]   ✓ CNBC Crypto: 0 条
2026-09-19 21:01:06 [INFO]   ✓ Reddit r/cryptocurrency: 0 条
2026-09-19 21:01:06 [INFO]   ✓ Reddit r/bitcoin: 1 条
2026-09-19 21:01:06 [INFO]   ✓ Crypto Twitter: 4 条
2026-09-19 21:01:06 [INFO]   ✓ 宏观经济: 1 条
2026-09-19 21:01:06 [INFO]   ✓ Binance公告: 20 条
2026-09-19 21:01:06 [INFO]   ✓ OKX公告: 0 条
2026-09-19 21:01:06 [INFO]   ✓ Bitget公告: 0 条
2026-09-19 21:01:06 [INFO]   ✓ Whale Alert: 0 条
2026-09-19 21:01:06 [INFO]   ✓ Fear & Greed Index: 1 条
2026-09-19 21:01:06 [INFO]   ✓ DeFi Llama: 0 条
2026-09-19 21:01:06 [INFO]   ✓ 雪球加密: 0 条
2026-09-19 21:01:06 [INFO] 📊 共抓取 28 条新闻
2026-09-19 21:01:06 [INFO] 📋 原始新闻已保存: reports/2026-09-20-05-raw.json (28 条)
2026-09-19 21:01:06 [INFO] 📋 标题摘要已保存: reports/2026-09-20-05-raw-titles.md
2026-09-19 21:01:06 [INFO] ✅ 抓取完成，共 28 条，已保存到 reports/2026-09-20-05-raw.json
2026-09-19 21:01:07 [INFO] 🤖 开始 AI 筛选 2026-09-20 05:00 币圈消息
2026-09-19 21:01:07 [INFO] 📋 已加载原始新闻: reports/2026-09-20-05-raw.json (28 条)
2026-09-19 21:01:07 [INFO] 📚 已加载历史新闻标题（20021 字符）
2026-09-19 21:01:07 [INFO] 📚 已加载历史筛选标题 0 条、URL 0 个，用于去重
2026-09-19 21:01:07 [INFO] 🔄 尝试 AI 提供商: deepseek
2026-09-19 21:01:07 [INFO] 🤖 使用 AI 提供商: deepseek (模型: deepseek-v4-flash)
2026-09-19 21:01:07 [INFO] 🤖 AI 筛选 [[deepseek] 1/6 策略=仅标题+链接 retry=0]（28 条，6234 字符，temp=0.3）
2026-09-19 21:01:08 [ERROR] AI 调用异常 ([deepseek] 1/6 策略=仅标题+链接 retry=0): Error code: 401 - {'error': {'message': 'Authentication Fails, Your api key: ****df0d is invalid', 'type': 'authentication_error', 'param': None, 'code': 'invalid_request_error'}}
2026-09-19 21:01:08 [WARNING] [[deepseek] 1/6 策略=仅标题+链接 retry=0] AI 调用失败或解析失败，继续下一次尝试
2026-09-19 21:01:08 [INFO] 🤖 AI 筛选 [[deepseek] 2/6 策略=仅标题+链接 retry=1]（28 条，6234 字符，temp=0.3）
2026-09-19 21:01:08 [ERROR] AI 调用异常 ([deepseek] 2/6 策略=仅标题+链接 retry=1): Error code: 401 - {'error': {'message': 'Authentication Fails, Your api key: ****df0d is invalid', 'type': 'authentication_error', 'param': None, 'code': 'invalid_request_error'}}
2026-09-19 21:01:08 [WARNING] [[deepseek] 2/6 策略=仅标题+链接 retry=1] AI 调用失败或解析失败，继续下一次尝试
2026-09-19 21:01:08 [INFO] 🤖 AI 筛选 [[deepseek] 3/6 策略=仅标题+链接 retry=2]（28 条，6234 字符，temp=0.3）
2026-09-19 21:01:08 [ERROR] AI 调用异常 ([deepseek] 3/6 策略=仅标题+链接 retry=2): Error code: 401 - {'error': {'message': 'Authentication Fails, Your api key: ****df0d is invalid', 'type': 'authentication_error', 'param': None, 'code': 'invalid_request_error'}}
2026-09-19 21:01:08 [WARNING] [[deepseek] 3/6 策略=仅标题+链接 retry=2] AI 调用失败或解析失败，继续下一次尝试
2026-09-19 21:01:08 [INFO] 🤖 AI 筛选 [[deepseek] 4/6 策略=完整内容 retry=0]（28 条，8786 字符，temp=0.3）
2026-09-19 21:01:09 [ERROR] AI 调用异常 ([deepseek] 4/6 策略=完整内容 retry=0): Error code: 401 - {'error': {'message': 'Authentication Fails, Your api key: ****df0d is invalid', 'type': 'authentication_error', 'param': None, 'code': 'invalid_request_error'}}
2026-09-19 21:01:09 [WARNING] [[deepseek] 4/6 策略=完整内容 retry=0] AI 调用失败或解析失败，继续下一次尝试
2026-09-19 21:01:09 [INFO] 🤖 AI 筛选 [[deepseek] 5/6 策略=完整内容 retry=1]（28 条，8786 字符，temp=0.3）
2026-09-19 21:01:09 [ERROR] AI 调用异常 ([deepseek] 5/6 策略=完整内容 retry=1): Error code: 401 - {'error': {'message': 'Authentication Fails, Your api key: ****df0d is invalid', 'type': 'authentication_error', 'param': None, 'code': 'invalid_request_error'}}
2026-09-19 21:01:09 [WARNING] [[deepseek] 5/6 策略=完整内容 retry=1] AI 调用失败或解析失败，继续下一次尝试
2026-09-19 21:01:09 [INFO] 🤖 AI 筛选 [[deepseek] 6/6 策略=仅标题（无历史） retry=0]（28 条，6234 字符，temp=0.3）
2026-09-19 21:01:10 [ERROR] AI 调用异常 ([deepseek] 6/6 策略=仅标题（无历史） retry=0): Error code: 401 - {'error': {'message': 'Authentication Fails, Your api key: ****df0d is invalid', 'type': 'authentication_error', 'param': None, 'code': 'invalid_request_error'}}
2026-09-19 21:01:10 [WARNING] [[deepseek] 6/6 策略=仅标题（无历史） retry=0] AI 调用失败或解析失败，继续下一次尝试
2026-09-19 21:01:10 [WARNING] [deepseek] 已达最大尝试次数 6，停止
2026-09-19 21:01:10 [INFO] ⚠️ deepseek 未能产出满意结果，尝试下一个提供商
2026-09-19 21:01:10 [INFO] 🔄 尝试 AI 提供商: zhipu
2026-09-19 21:01:10 [ERROR] 未设置环境变量 ZHIPU_API_KEY，无法使用 zhipu
2026-09-19 21:01:10 [INFO] ⚠️ zhipu 未能产出满意结果，尝试下一个提供商
2026-09-19 21:01:10 [INFO] 🔄 尝试 AI 提供商: kimi
2026-09-19 21:01:10 [ERROR] 未设置环境变量 KIMI_API_KEY，无法使用 kimi
2026-09-19 21:01:10 [INFO] ⚠️ kimi 未能产出满意结果，尝试下一个提供商
2026-09-19 21:01:10 [INFO] 🔄 尝试 AI 提供商: huoshan
2026-09-19 21:01:10 [ERROR] 未设置环境变量 HUOSHAN_API_KEY，无法使用 huoshan
2026-09-19 21:01:10 [INFO] ⚠️ huoshan 未能产出满意结果，尝试下一个提供商
2026-09-19 21:01:10 [ERROR] ❌ 所有提供商均失败，返回空列表
2026-09-19 21:01:10 [INFO] 📦 JSON 已保存: reports/2026-09-20-05.json
2026-09-19 21:01:10 [INFO] ✅ AI 筛选完成，共 0 条交易相关消息
2026-09-19 22:00:49 [INFO] 🚀 开始抓取 2026-09-20 06:00 币圈新闻
2026-09-19 22:00:49 [INFO] 📡 抓取 RSS 新闻源...
2026-09-19 22:00:49 [INFO] 📡 抓取交易所公告 & 链上数据...
2026-09-19 22:00:49 [INFO]   ⏭ Decrypt: 过滤掉 37 条非近期新闻
2026-09-19 22:00:49 [INFO]   ⏭ The Block: 过滤掉 20 条非近期新闻
2026-09-19 22:00:49 [INFO]   ⏭ CoinTelegraph: 过滤掉 30 条非近期新闻
2026-09-19 22:00:50 [WARNING] 解析失败 Bitget公告: 'NoneType' object is not subscriptable
2026-09-19 22:00:50 [INFO]   ⏭ Reuters Crypto: 过滤掉 50 条非近期新闻
2026-09-19 22:00:50 [INFO]   ⏭ Bloomberg Crypto: 过滤掉 50 条非近期新闻
2026-09-19 22:00:50 [INFO]   ⏭ Bitcoin Magazine: 过滤掉 10 条非近期新闻
2026-09-19 22:00:50 [INFO]   ⏭ CoinDesk: 过滤掉 25 条非近期新闻
2026-09-19 22:00:50 [INFO]   ⏭ 宏观经济: 过滤掉 50 条非近期新闻
2026-09-19 22:00:50 [INFO]   ⏭ CNBC Crypto: 过滤掉 50 条非近期新闻
2026-09-19 22:00:50 [INFO]   ⏭ Reddit r/cryptocurrency: 过滤掉 23 条非近期新闻
2026-09-19 22:00:50 [INFO]   ⏭ DL News: 过滤掉 50 条非近期新闻
2026-09-19 22:00:50 [INFO]   ⏭ Blockworks: 过滤掉 50 条非近期新闻
2026-09-19 22:00:50 [INFO]   ⏭ Decrypt: 过滤掉 50 条非近期新闻
2026-09-19 22:00:50 [INFO]   ⏭ 宏观经济: 过滤掉 50 条非近期新闻
2026-09-19 22:00:51 [INFO]   ⏭ Bitcoin Magazine: 过滤掉 50 条非近期新闻
2026-09-19 22:00:51 [INFO]   ⏭ 律动BlockBeats: 过滤掉 20 条非近期新闻
2026-09-19 22:00:51 [INFO]   ⏭ Blockworks: 过滤掉 2 条非近期新闻
2026-09-19 22:00:51 [INFO]   ⏭ CoinTelegraph: 过滤掉 23 条非近期新闻
2026-09-19 22:00:51 [INFO]   ⏭ 吴说区块链: 过滤掉 50 条非近期新闻
2026-09-19 22:00:51 [INFO]   ⏭ The Block: 过滤掉 50 条非近期新闻
2026-09-19 22:00:51 [INFO]   ⏭ CoinTelegraph: 过滤掉 50 条非近期新闻
2026-09-19 22:00:51 [INFO]   ⏭ DeFi Llama: 过滤掉 50 条非近期新闻
2026-09-19 22:00:51 [INFO]   ⏭ 雪球加密: 过滤掉 50 条非近期新闻
2026-09-19 22:00:51 [INFO]   ⏭ 律动BlockBeats: 过滤掉 50 条非近期新闻
2026-09-19 22:00:51 [INFO]   ⏭ Crypto Twitter: 过滤掉 46 条非近期新闻
2026-09-19 22:00:51 [INFO]   ⏭ CoinDesk: 过滤掉 50 条非近期新闻
2026-09-19 22:01:05 [INFO]   ⏭ PANews: 过滤掉 50 条非近期新闻
2026-09-19 22:01:05 [DEBUG] 请求失败 https://rsshub.rssforever.com/jinse/lives: 
2026-09-19 22:01:06 [INFO]   ✓ CoinDesk: 0 条
2026-09-19 22:01:06 [INFO]   ✓ The Block: 0 条
2026-09-19 22:01:06 [INFO]   ✓ Decrypt: 0 条
2026-09-19 22:01:06 [INFO]   ✓ CoinTelegraph: 0 条
2026-09-19 22:01:06 [INFO]   ✓ Bitcoin Magazine: 0 条
2026-09-19 22:01:06 [INFO]   ✓ Blockworks: 0 条
2026-09-19 22:01:06 [INFO]   ✓ DL News: 0 条
2026-09-19 22:01:06 [INFO]   ✓ 金色财经: 0 条
2026-09-19 22:01:06 [INFO]   ✓ PANews: 0 条
2026-09-19 22:01:06 [INFO]   ✓ 律动BlockBeats: 0 条
2026-09-19 22:01:06 [INFO]   ✓ 吴说区块链: 0 条
2026-09-19 22:01:06 [INFO]   ✓ Bloomberg Crypto: 0 条
2026-09-19 22:01:06 [INFO]   ✓ Reuters Crypto: 0 条
2026-09-19 22:01:06 [INFO]   ✓ CNBC Crypto: 0 条
2026-09-19 22:01:06 [INFO]   ✓ Reddit r/cryptocurrency: 2 条
2026-09-19 22:01:06 [INFO]   ✓ Reddit r/bitcoin: 0 条
2026-09-19 22:01:06 [INFO]   ✓ Crypto Twitter: 4 条
2026-09-19 22:01:06 [INFO]   ✓ 宏观经济: 0 条
2026-09-19 22:01:06 [INFO]   ✓ Binance公告: 20 条
2026-09-19 22:01:06 [INFO]   ✓ OKX公告: 0 条
2026-09-19 22:01:06 [INFO]   ✓ Bitget公告: 0 条
2026-09-19 22:01:06 [INFO]   ✓ Whale Alert: 0 条
2026-09-19 22:01:06 [INFO]   ✓ Fear & Greed Index: 1 条
2026-09-19 22:01:06 [INFO]   ✓ DeFi Llama: 0 条
2026-09-19 22:01:06 [INFO]   ✓ 雪球加密: 0 条
2026-09-19 22:01:06 [INFO] 📊 共抓取 27 条新闻
2026-09-19 22:01:06 [INFO] 📋 原始新闻已保存: reports/2026-09-20-06-raw.json (27 条)
2026-09-19 22:01:06 [INFO] 📋 标题摘要已保存: reports/2026-09-20-06-raw-titles.md
2026-09-19 22:01:06 [INFO] ✅ 抓取完成，共 27 条，已保存到 reports/2026-09-20-06-raw.json
2026-09-19 22:01:06 [INFO] 🤖 开始 AI 筛选 2026-09-20 06:00 币圈消息
2026-09-19 22:01:06 [INFO] 📋 已加载原始新闻: reports/2026-09-20-06-raw.json (27 条)
2026-09-19 22:01:06 [INFO] 📚 已加载历史新闻标题（18899 字符）
2026-09-19 22:01:06 [INFO] 📚 已加载历史筛选标题 0 条、URL 0 个，用于去重
2026-09-19 22:01:06 [INFO] 🔄 尝试 AI 提供商: deepseek
2026-09-19 22:01:06 [INFO] 🤖 使用 AI 提供商: deepseek (模型: deepseek-v4-flash)
2026-09-19 22:01:06 [INFO] 🤖 AI 筛选 [[deepseek] 1/6 策略=仅标题+链接 retry=0]（27 条，5879 字符，temp=0.3）
2026-09-19 22:01:07 [ERROR] AI 调用异常 ([deepseek] 1/6 策略=仅标题+链接 retry=0): Error code: 401 - {'error': {'message': 'Authentication Fails, Your api key: ****df0d is invalid', 'type': 'authentication_error', 'param': None, 'code': 'invalid_request_error'}}
2026-09-19 22:01:07 [WARNING] [[deepseek] 1/6 策略=仅标题+链接 retry=0] AI 调用失败或解析失败，继续下一次尝试
2026-09-19 22:01:07 [INFO] 🤖 AI 筛选 [[deepseek] 2/6 策略=仅标题+链接 retry=1]（27 条，5879 字符，temp=0.3）
2026-09-19 22:01:07 [ERROR] AI 调用异常 ([deepseek] 2/6 策略=仅标题+链接 retry=1): Error code: 401 - {'error': {'message': 'Authentication Fails, Your api key: ****df0d is invalid', 'type': 'authentication_error', 'param': None, 'code': 'invalid_request_error'}}
2026-09-19 22:01:07 [WARNING] [[deepseek] 2/6 策略=仅标题+链接 retry=1] AI 调用失败或解析失败，继续下一次尝试
2026-09-19 22:01:07 [INFO] 🤖 AI 筛选 [[deepseek] 3/6 策略=仅标题+链接 retry=2]（27 条，5879 字符，temp=0.3）
2026-09-19 22:01:08 [ERROR] AI 调用异常 ([deepseek] 3/6 策略=仅标题+链接 retry=2): Error code: 401 - {'error': {'message': 'Authentication Fails, Your api key: ****df0d is invalid', 'type': 'authentication_error', 'param': None, 'code': 'invalid_request_error'}}
2026-09-19 22:01:08 [WARNING] [[deepseek] 3/6 策略=仅标题+链接 retry=2] AI 调用失败或解析失败，继续下一次尝试
2026-09-19 22:01:08 [INFO] 🤖 AI 筛选 [[deepseek] 4/6 策略=完整内容 retry=0]（27 条，8343 字符，temp=0.3）
2026-09-19 22:01:08 [ERROR] AI 调用异常 ([deepseek] 4/6 策略=完整内容 retry=0): Error code: 401 - {'error': {'message': 'Authentication Fails, Your api key: ****df0d is invalid', 'type': 'authentication_error', 'param': None, 'code': 'invalid_request_error'}}
2026-09-19 22:01:08 [WARNING] [[deepseek] 4/6 策略=完整内容 retry=0] AI 调用失败或解析失败，继续下一次尝试
2026-09-19 22:01:08 [INFO] 🤖 AI 筛选 [[deepseek] 5/6 策略=完整内容 retry=1]（27 条，8343 字符，temp=0.3）
2026-09-19 22:01:09 [ERROR] AI 调用异常 ([deepseek] 5/6 策略=完整内容 retry=1): Error code: 401 - {'error': {'message': 'Authentication Fails, Your api key: ****df0d is invalid', 'type': 'authentication_error', 'param': None, 'code': 'invalid_request_error'}}
2026-09-19 22:01:09 [WARNING] [[deepseek] 5/6 策略=完整内容 retry=1] AI 调用失败或解析失败，继续下一次尝试
2026-09-19 22:01:09 [INFO] 🤖 AI 筛选 [[deepseek] 6/6 策略=仅标题（无历史） retry=0]（27 条，5879 字符，temp=0.3）
2026-09-19 22:01:09 [ERROR] AI 调用异常 ([deepseek] 6/6 策略=仅标题（无历史） retry=0): Error code: 401 - {'error': {'message': 'Authentication Fails, Your api key: ****df0d is invalid', 'type': 'authentication_error', 'param': None, 'code': 'invalid_request_error'}}
2026-09-19 22:01:09 [WARNING] [[deepseek] 6/6 策略=仅标题（无历史） retry=0] AI 调用失败或解析失败，继续下一次尝试
2026-09-19 22:01:09 [WARNING] [deepseek] 已达最大尝试次数 6，停止
2026-09-19 22:01:09 [INFO] ⚠️ deepseek 未能产出满意结果，尝试下一个提供商
2026-09-19 22:01:09 [INFO] 🔄 尝试 AI 提供商: zhipu
2026-09-19 22:01:09 [ERROR] 未设置环境变量 ZHIPU_API_KEY，无法使用 zhipu
2026-09-19 22:01:09 [INFO] ⚠️ zhipu 未能产出满意结果，尝试下一个提供商
2026-09-19 22:01:09 [INFO] 🔄 尝试 AI 提供商: kimi
2026-09-19 22:01:09 [ERROR] 未设置环境变量 KIMI_API_KEY，无法使用 kimi
2026-09-19 22:01:09 [INFO] ⚠️ kimi 未能产出满意结果，尝试下一个提供商
2026-09-19 22:01:09 [INFO] 🔄 尝试 AI 提供商: huoshan
2026-09-19 22:01:09 [ERROR] 未设置环境变量 HUOSHAN_API_KEY，无法使用 huoshan
2026-09-19 22:01:09 [INFO] ⚠️ huoshan 未能产出满意结果，尝试下一个提供商
2026-09-19 22:01:09 [ERROR] ❌ 所有提供商均失败，返回空列表
2026-09-19 22:01:09 [INFO] 📦 JSON 已保存: reports/2026-09-20-06.json
2026-09-19 22:01:09 [INFO] ✅ AI 筛选完成，共 0 条交易相关消息
2026-09-19 23:00:53 [INFO] 🚀 开始抓取 2026-09-20 07:00 币圈新闻
2026-09-19 23:00:53 [INFO] 📡 抓取 RSS 新闻源...
2026-09-19 23:00:53 [INFO] 📡 抓取交易所公告 & 链上数据...
2026-09-19 23:00:53 [INFO]   ⏭ Decrypt: 过滤掉 37 条非近期新闻
2026-09-19 23:00:53 [INFO]   ⏭ The Block: 过滤掉 20 条非近期新闻
2026-09-19 23:00:53 [INFO]   ⏭ CoinTelegraph: 过滤掉 30 条非近期新闻
2026-09-19 23:00:54 [WARNING] 解析失败 Bitget公告: 'NoneType' object is not subscriptable
2026-09-19 23:00:54 [INFO]   ⏭ CoinDesk: 过滤掉 25 条非近期新闻
2026-09-19 23:00:54 [INFO]   ⏭ 金色财经: 过滤掉 6 条非近期新闻
2026-09-19 23:00:54 [INFO]   ⏭ Bitcoin Magazine: 过滤掉 10 条非近期新闻
2026-09-19 23:00:54 [INFO]   ⏭ Reuters Crypto: 过滤掉 50 条非近期新闻
2026-09-19 23:00:54 [INFO]   ⏭ Bloomberg Crypto: 过滤掉 50 条非近期新闻
2026-09-19 23:00:54 [INFO]   ⏭ 宏观经济: 过滤掉 50 条非近期新闻
2026-09-19 23:00:54 [INFO]   ⏭ CNBC Crypto: 过滤掉 50 条非近期新闻
2026-09-19 23:00:54 [INFO]   ⏭ Blockworks: 过滤掉 50 条非近期新闻
2026-09-19 23:00:54 [INFO]   ⏭ Decrypt: 过滤掉 50 条非近期新闻
2026-09-19 23:00:54 [INFO]   ⏭ 雪球加密: 过滤掉 50 条非近期新闻
2026-09-19 23:00:54 [INFO]   ⏭ DeFi Llama: 过滤掉 50 条非近期新闻
2026-09-19 23:00:54 [INFO]   ⏭ DL News: 过滤掉 50 条非近期新闻
2026-09-19 23:00:54 [INFO]   ⏭ Blockworks: 过滤掉 2 条非近期新闻
2026-09-19 23:00:54 [INFO]   ⏭ 宏观经济: 过滤掉 50 条非近期新闻
2026-09-19 23:00:55 [INFO]   ⏭ 吴说区块链: 过滤掉 50 条非近期新闻
2026-09-19 23:00:55 [INFO]   ⏭ Bitcoin Magazine: 过滤掉 50 条非近期新闻
2026-09-19 23:00:55 [INFO]   ⏭ CoinDesk: 过滤掉 50 条非近期新闻
2026-09-19 23:00:55 [INFO]   ⏭ Reddit r/cryptocurrency: 过滤掉 25 条非近期新闻
2026-09-19 23:00:55 [INFO]   ⏭ The Block: 过滤掉 50 条非近期新闻
2026-09-19 23:00:55 [INFO]   ⏭ Crypto Twitter: 过滤掉 47 条非近期新闻
2026-09-19 23:00:59 [INFO]   ⏭ 律动BlockBeats: 过滤掉 20 条非近期新闻
2026-09-19 23:01:00 [INFO]   ⏭ 律动BlockBeats: 过滤掉 50 条非近期新闻
2026-09-19 23:01:01 [INFO]   ⏭ PANews: 过滤掉 50 条非近期新闻
2026-09-19 23:01:09 [DEBUG] 请求失败 https://rsshub.rssforever.com/cointelegraph: 
2026-09-19 23:01:09 [DEBUG] 请求失败 https://rsshub.rssforever.com/bloomberg/crypto: 
2026-09-19 23:01:10 [INFO]   ⏭ CoinTelegraph: 过滤掉 50 条非近期新闻
2026-09-19 23:01:10 [INFO]   ✓ CoinDesk: 0 条
2026-09-19 23:01:10 [INFO]   ✓ The Block: 0 条
2026-09-19 23:01:10 [INFO]   ✓ Decrypt: 0 条
2026-09-19 23:01:10 [INFO]   ✓ CoinTelegraph: 0 条
2026-09-19 23:01:10 [INFO]   ✓ Bitcoin Magazine: 0 条
2026-09-19 23:01:10 [INFO]   ✓ Blockworks: 0 条
2026-09-19 23:01:10 [INFO]   ✓ DL News: 0 条
2026-09-19 23:01:10 [INFO]   ✓ 金色财经: 4 条
2026-09-19 23:01:10 [INFO]   ✓ PANews: 0 条
2026-09-19 23:01:10 [INFO]   ✓ 律动BlockBeats: 0 条
2026-09-19 23:01:10 [INFO]   ✓ 吴说区块链: 0 条
2026-09-19 23:01:10 [INFO]   ✓ Bloomberg Crypto: 0 条
2026-09-19 23:01:10 [INFO]   ✓ Reuters Crypto: 0 条
2026-09-19 23:01:10 [INFO]   ✓ CNBC Crypto: 0 条
2026-09-19 23:01:10 [INFO]   ✓ Reddit r/cryptocurrency: 0 条
2026-09-19 23:01:10 [INFO]   ✓ Reddit r/bitcoin: 0 条
2026-09-19 23:01:10 [INFO]   ✓ Crypto Twitter: 3 条
2026-09-19 23:01:10 [INFO]   ✓ 宏观经济: 0 条
2026-09-19 23:01:10 [INFO]   ✓ Binance公告: 20 条
2026-09-19 23:01:10 [INFO]   ✓ OKX公告: 0 条
2026-09-19 23:01:10 [INFO]   ✓ Bitget公告: 0 条
2026-09-19 23:01:10 [INFO]   ✓ Whale Alert: 0 条
2026-09-19 23:01:10 [INFO]   ✓ Fear & Greed Index: 1 条
2026-09-19 23:01:10 [INFO]   ✓ DeFi Llama: 0 条
2026-09-19 23:01:10 [INFO]   ✓ 雪球加密: 0 条
2026-09-19 23:01:10 [INFO] 📊 共抓取 28 条新闻
2026-09-19 23:01:10 [INFO] 📋 原始新闻已保存: reports/2026-09-20-07-raw.json (28 条)
2026-09-19 23:01:10 [INFO] 📋 标题摘要已保存: reports/2026-09-20-07-raw-titles.md
2026-09-19 23:01:10 [INFO] ✅ 抓取完成，共 28 条，已保存到 reports/2026-09-20-07-raw.json
2026-09-19 23:01:10 [INFO] 🤖 开始 AI 筛选 2026-09-20 07:00 币圈消息
2026-09-19 23:01:10 [INFO] 📋 已加载原始新闻: reports/2026-09-20-07-raw.json (28 条)
2026-09-19 23:01:10 [INFO] 📚 已加载历史新闻标题（18004 字符）
2026-09-19 23:01:10 [INFO] 📚 已加载历史筛选标题 0 条、URL 0 个，用于去重
2026-09-19 23:01:10 [INFO] 🔄 尝试 AI 提供商: deepseek
2026-09-19 23:01:11 [INFO] 🤖 使用 AI 提供商: deepseek (模型: deepseek-v4-flash)
2026-09-19 23:01:11 [INFO] 🤖 AI 筛选 [[deepseek] 1/6 策略=仅标题+链接 retry=0]（28 条，5370 字符，temp=0.3）
2026-09-19 23:01:11 [ERROR] AI 调用异常 ([deepseek] 1/6 策略=仅标题+链接 retry=0): Error code: 401 - {'error': {'message': 'Authentication Fails, Your api key: ****df0d is invalid', 'type': 'authentication_error', 'param': None, 'code': 'invalid_request_error'}}
2026-09-19 23:01:11 [WARNING] [[deepseek] 1/6 策略=仅标题+链接 retry=0] AI 调用失败或解析失败，继续下一次尝试
2026-09-19 23:01:11 [INFO] 🤖 AI 筛选 [[deepseek] 2/6 策略=仅标题+链接 retry=1]（28 条，5370 字符，temp=0.3）
2026-09-19 23:01:11 [ERROR] AI 调用异常 ([deepseek] 2/6 策略=仅标题+链接 retry=1): Error code: 401 - {'error': {'message': 'Authentication Fails, Your api key: ****df0d is invalid', 'type': 'authentication_error', 'param': None, 'code': 'invalid_request_error'}}
2026-09-19 23:01:11 [WARNING] [[deepseek] 2/6 策略=仅标题+链接 retry=1] AI 调用失败或解析失败，继续下一次尝试
2026-09-19 23:01:11 [INFO] 🤖 AI 筛选 [[deepseek] 3/6 策略=仅标题+链接 retry=2]（28 条，5370 字符，temp=0.3）
2026-09-19 23:01:12 [ERROR] AI 调用异常 ([deepseek] 3/6 策略=仅标题+链接 retry=2): Error code: 401 - {'error': {'message': 'Authentication Fails, Your api key: ****df0d is invalid', 'type': 'authentication_error', 'param': None, 'code': 'invalid_request_error'}}
2026-09-19 23:01:12 [WARNING] [[deepseek] 3/6 策略=仅标题+链接 retry=2] AI 调用失败或解析失败，继续下一次尝试
2026-09-19 23:01:12 [INFO] 🤖 AI 筛选 [[deepseek] 4/6 策略=完整内容 retry=0]（28 条，8354 字符，temp=0.3）
2026-09-19 23:01:12 [ERROR] AI 调用异常 ([deepseek] 4/6 策略=完整内容 retry=0): Error code: 401 - {'error': {'message': 'Authentication Fails, Your api key: ****df0d is invalid', 'type': 'authentication_error', 'param': None, 'code': 'invalid_request_error'}}
2026-09-19 23:01:12 [WARNING] [[deepseek] 4/6 策略=完整内容 retry=0] AI 调用失败或解析失败，继续下一次尝试
2026-09-19 23:01:12 [INFO] 🤖 AI 筛选 [[deepseek] 5/6 策略=完整内容 retry=1]（28 条，8354 字符，temp=0.3）
2026-09-19 23:01:13 [ERROR] AI 调用异常 ([deepseek] 5/6 策略=完整内容 retry=1): Error code: 401 - {'error': {'message': 'Authentication Fails, Your api key: ****df0d is invalid', 'type': 'authentication_error', 'param': None, 'code': 'invalid_request_error'}}
2026-09-19 23:01:13 [WARNING] [[deepseek] 5/6 策略=完整内容 retry=1] AI 调用失败或解析失败，继续下一次尝试
2026-09-19 23:01:13 [INFO] 🤖 AI 筛选 [[deepseek] 6/6 策略=仅标题（无历史） retry=0]（28 条，5370 字符，temp=0.3）
2026-09-19 23:01:13 [ERROR] AI 调用异常 ([deepseek] 6/6 策略=仅标题（无历史） retry=0): Error code: 401 - {'error': {'message': 'Authentication Fails, Your api key: ****df0d is invalid', 'type': 'authentication_error', 'param': None, 'code': 'invalid_request_error'}}
2026-09-19 23:01:13 [WARNING] [[deepseek] 6/6 策略=仅标题（无历史） retry=0] AI 调用失败或解析失败，继续下一次尝试
2026-09-19 23:01:13 [WARNING] [deepseek] 已达最大尝试次数 6，停止
2026-09-19 23:01:13 [INFO] ⚠️ deepseek 未能产出满意结果，尝试下一个提供商
2026-09-19 23:01:13 [INFO] 🔄 尝试 AI 提供商: zhipu
2026-09-19 23:01:13 [ERROR] 未设置环境变量 ZHIPU_API_KEY，无法使用 zhipu
2026-09-19 23:01:13 [INFO] ⚠️ zhipu 未能产出满意结果，尝试下一个提供商
2026-09-19 23:01:13 [INFO] 🔄 尝试 AI 提供商: kimi
2026-09-19 23:01:13 [ERROR] 未设置环境变量 KIMI_API_KEY，无法使用 kimi
2026-09-19 23:01:13 [INFO] ⚠️ kimi 未能产出满意结果，尝试下一个提供商
2026-09-19 23:01:13 [INFO] 🔄 尝试 AI 提供商: huoshan
2026-09-19 23:01:13 [ERROR] 未设置环境变量 HUOSHAN_API_KEY，无法使用 huoshan
2026-09-19 23:01:13 [INFO] ⚠️ huoshan 未能产出满意结果，尝试下一个提供商
2026-09-19 23:01:13 [ERROR] ❌ 所有提供商均失败，返回空列表
2026-09-19 23:01:13 [INFO] 📦 JSON 已保存: reports/2026-09-20-07.json
2026-09-19 23:01:13 [INFO] ✅ AI 筛选完成，共 0 条交易相关消息
2026-09-20 00:00:51 [INFO] 🚀 开始抓取 2026-09-20 08:00 币圈新闻
2026-09-20 00:00:51 [INFO] 📡 抓取 RSS 新闻源...
2026-09-20 00:00:51 [INFO] 📡 抓取交易所公告 & 链上数据...
2026-09-20 00:00:51 [INFO]   ⏭ The Block: 过滤掉 20 条非近期新闻
2026-09-20 00:00:51 [INFO]   ⏭ Decrypt: 过滤掉 37 条非近期新闻
2026-09-20 00:00:52 [INFO]   ⏭ CoinTelegraph: 过滤掉 30 条非近期新闻
2026-09-20 00:00:52 [WARNING] 解析失败 Bitget公告: 'NoneType' object is not subscriptable
2026-09-20 00:00:52 [INFO]   ⏭ Bloomberg Crypto: 过滤掉 50 条非近期新闻
2026-09-20 00:00:52 [INFO]   ⏭ Reuters Crypto: 过滤掉 50 条非近期新闻
2026-09-20 00:00:52 [INFO]   ⏭ Reddit r/cryptocurrency: 过滤掉 25 条非近期新闻
2026-09-20 00:00:52 [INFO]   ⏭ CNBC Crypto: 过滤掉 50 条非近期新闻
2026-09-20 00:00:52 [INFO]   ⏭ 宏观经济: 过滤掉 49 条非近期新闻
2026-09-20 00:00:52 [INFO]   ⏭ CoinDesk: 过滤掉 25 条非近期新闻
2026-09-20 00:00:52 [INFO]   ⏭ Bitcoin Magazine: 过滤掉 10 条非近期新闻
2026-09-20 00:00:52 [INFO]   ⏭ CoinTelegraph: 过滤掉 23 条非近期新闻
2026-09-20 00:00:53 [INFO]   ⏭ DL News: 过滤掉 50 条非近期新闻
2026-09-20 00:00:53 [INFO]   ⏭ CoinTelegraph: 过滤掉 50 条非近期新闻
2026-09-20 00:00:53 [INFO]   ⏭ The Block: 过滤掉 50 条非近期新闻
2026-09-20 00:00:53 [INFO]   ⏭ 律动BlockBeats: 过滤掉 17 条非近期新闻
2026-09-20 00:00:53 [INFO]   ⏭ 金色财经: 过滤掉 16 条非近期新闻
2026-09-20 00:00:53 [INFO]   ⏭ Bitcoin Magazine: 过滤掉 50 条非近期新闻
2026-09-20 00:00:53 [INFO]   ⏭ Decrypt: 过滤掉 50 条非近期新闻
2026-09-20 00:00:53 [INFO]   ⏭ CoinDesk: 过滤掉 50 条非近期新闻
2026-09-20 00:00:53 [INFO]   ⏭ 雪球加密: 过滤掉 50 条非近期新闻
2026-09-20 00:00:53 [INFO]   ⏭ DeFi Llama: 过滤掉 50 条非近期新闻
2026-09-20 00:00:53 [INFO]   ⏭ 吴说区块链: 过滤掉 50 条非近期新闻
2026-09-20 00:00:53 [INFO]   ⏭ Crypto Twitter: 过滤掉 46 条非近期新闻
2026-09-20 00:00:59 [INFO]   ⏭ Blockworks: 过滤掉 50 条非近期新闻
2026-09-20 00:00:59 [INFO]   ⏭ Blockworks: 过滤掉 2 条非近期新闻
2026-09-20 00:01:07 [INFO]   ⏭ PANews: 过滤掉 50 条非近期新闻
2026-09-20 00:01:07 [DEBUG] 请求失败 https://rsshub.rssforever.com/bloomberg/crypto: 
2026-09-20 00:01:07 [INFO]   ✓ CoinDesk: 0 条
2026-09-20 00:01:07 [INFO]   ✓ The Block: 0 条
2026-09-20 00:01:07 [INFO]   ✓ Decrypt: 0 条
2026-09-20 00:01:07 [INFO]   ✓ CoinTelegraph: 0 条
2026-09-20 00:01:07 [INFO]   ✓ Bitcoin Magazine: 0 条
2026-09-20 00:01:07 [INFO]   ✓ Blockworks: 0 条
2026-09-20 00:01:07 [INFO]   ✓ DL News: 0 条
2026-09-20 00:01:07 [INFO]   ✓ 金色财经: 4 条
2026-09-20 00:01:07 [INFO]   ✓ PANews: 0 条
2026-09-20 00:01:07 [INFO]   ✓ 律动BlockBeats: 3 条
2026-09-20 00:01:07 [INFO]   ✓ 吴说区块链: 0 条
2026-09-20 00:01:07 [INFO]   ✓ Bloomberg Crypto: 0 条
2026-09-20 00:01:07 [INFO]   ✓ Reuters Crypto: 0 条
2026-09-20 00:01:07 [INFO]   ✓ CNBC Crypto: 0 条
2026-09-20 00:01:07 [INFO]   ✓ Reddit r/cryptocurrency: 0 条
2026-09-20 00:01:07 [INFO]   ✓ Reddit r/bitcoin: 0 条
2026-09-20 00:01:07 [INFO]   ✓ Crypto Twitter: 4 条
2026-09-20 00:01:07 [INFO]   ✓ 宏观经济: 1 条
2026-09-20 00:01:07 [INFO]   ✓ Binance公告: 20 条
2026-09-20 00:01:07 [INFO]   ✓ OKX公告: 0 条
2026-09-20 00:01:07 [INFO]   ✓ Bitget公告: 0 条
2026-09-20 00:01:07 [INFO]   ✓ Whale Alert: 0 条
2026-09-20 00:01:07 [INFO]   ✓ Fear & Greed Index: 1 条
2026-09-20 00:01:07 [INFO]   ✓ DeFi Llama: 0 条
2026-09-20 00:01:07 [INFO]   ✓ 雪球加密: 0 条
2026-09-20 00:01:07 [INFO] 📊 共抓取 33 条新闻
2026-09-20 00:01:07 [INFO] 📋 原始新闻已保存: reports/2026-09-20-08-raw.json (33 条)
2026-09-20 00:01:07 [INFO] 📋 标题摘要已保存: reports/2026-09-20-08-raw-titles.md
2026-09-20 00:01:07 [INFO] ✅ 抓取完成，共 33 条，已保存到 reports/2026-09-20-08-raw.json
2026-09-20 00:01:08 [INFO] 🤖 开始 AI 筛选 2026-09-20 08:00 币圈消息
2026-09-20 00:01:08 [INFO] 📋 已加载原始新闻: reports/2026-09-20-08-raw.json (33 条)
2026-09-20 00:01:08 [INFO] 📚 已加载历史新闻标题（17048 字符）
2026-09-20 00:01:08 [INFO] 📚 已加载历史筛选标题 0 条、URL 0 个，用于去重
2026-09-20 00:01:08 [INFO] 🔄 尝试 AI 提供商: deepseek
2026-09-20 00:01:08 [INFO] 🤖 使用 AI 提供商: deepseek (模型: deepseek-v4-flash)
2026-09-20 00:01:08 [INFO] 🤖 AI 筛选 [[deepseek] 1/6 策略=仅标题+链接 retry=0]（33 条，6459 字符，temp=0.3）
2026-09-20 00:01:09 [ERROR] AI 调用异常 ([deepseek] 1/6 策略=仅标题+链接 retry=0): Error code: 401 - {'error': {'message': 'Authentication Fails, Your api key: ****df0d is invalid', 'type': 'authentication_error', 'param': None, 'code': 'invalid_request_error'}}
2026-09-20 00:01:09 [WARNING] [[deepseek] 1/6 策略=仅标题+链接 retry=0] AI 调用失败或解析失败，继续下一次尝试
2026-09-20 00:01:09 [INFO] 🤖 AI 筛选 [[deepseek] 2/6 策略=仅标题+链接 retry=1]（33 条，6459 字符，temp=0.3）
2026-09-20 00:01:09 [ERROR] AI 调用异常 ([deepseek] 2/6 策略=仅标题+链接 retry=1): Error code: 401 - {'error': {'message': 'Authentication Fails, Your api key: ****df0d is invalid', 'type': 'authentication_error', 'param': None, 'code': 'invalid_request_error'}}
2026-09-20 00:01:09 [WARNING] [[deepseek] 2/6 策略=仅标题+链接 retry=1] AI 调用失败或解析失败，继续下一次尝试
2026-09-20 00:01:09 [INFO] 🤖 AI 筛选 [[deepseek] 3/6 策略=仅标题+链接 retry=2]（33 条，6459 字符，temp=0.3）
2026-09-20 00:01:09 [ERROR] AI 调用异常 ([deepseek] 3/6 策略=仅标题+链接 retry=2): Error code: 401 - {'error': {'message': 'Authentication Fails, Your api key: ****df0d is invalid', 'type': 'authentication_error', 'param': None, 'code': 'invalid_request_error'}}
2026-09-20 00:01:09 [WARNING] [[deepseek] 3/6 策略=仅标题+链接 retry=2] AI 调用失败或解析失败，继续下一次尝试
2026-09-20 00:01:09 [INFO] 🤖 AI 筛选 [[deepseek] 4/6 策略=完整内容 retry=0]（33 条，10317 字符，temp=0.3）
2026-09-20 00:01:10 [ERROR] AI 调用异常 ([deepseek] 4/6 策略=完整内容 retry=0): Error code: 401 - {'error': {'message': 'Authentication Fails, Your api key: ****df0d is invalid', 'type': 'authentication_error', 'param': None, 'code': 'invalid_request_error'}}
2026-09-20 00:01:10 [WARNING] [[deepseek] 4/6 策略=完整内容 retry=0] AI 调用失败或解析失败，继续下一次尝试
2026-09-20 00:01:10 [INFO] 🤖 AI 筛选 [[deepseek] 5/6 策略=完整内容 retry=1]（33 条，10317 字符，temp=0.3）
2026-09-20 00:01:10 [ERROR] AI 调用异常 ([deepseek] 5/6 策略=完整内容 retry=1): Error code: 401 - {'error': {'message': 'Authentication Fails, Your api key: ****df0d is invalid', 'type': 'authentication_error', 'param': None, 'code': 'invalid_request_error'}}
2026-09-20 00:01:10 [WARNING] [[deepseek] 5/6 策略=完整内容 retry=1] AI 调用失败或解析失败，继续下一次尝试
2026-09-20 00:01:10 [INFO] 🤖 AI 筛选 [[deepseek] 6/6 策略=仅标题（无历史） retry=0]（33 条，6459 字符，temp=0.3）
2026-09-20 00:01:11 [ERROR] AI 调用异常 ([deepseek] 6/6 策略=仅标题（无历史） retry=0): Error code: 401 - {'error': {'message': 'Authentication Fails, Your api key: ****df0d is invalid', 'type': 'authentication_error', 'param': None, 'code': 'invalid_request_error'}}
2026-09-20 00:01:11 [WARNING] [[deepseek] 6/6 策略=仅标题（无历史） retry=0] AI 调用失败或解析失败，继续下一次尝试
2026-09-20 00:01:11 [WARNING] [deepseek] 已达最大尝试次数 6，停止
2026-09-20 00:01:11 [INFO] ⚠️ deepseek 未能产出满意结果，尝试下一个提供商
2026-09-20 00:01:11 [INFO] 🔄 尝试 AI 提供商: zhipu
2026-09-20 00:01:11 [ERROR] 未设置环境变量 ZHIPU_API_KEY，无法使用 zhipu
2026-09-20 00:01:11 [INFO] ⚠️ zhipu 未能产出满意结果，尝试下一个提供商
2026-09-20 00:01:11 [INFO] 🔄 尝试 AI 提供商: kimi
2026-09-20 00:01:11 [ERROR] 未设置环境变量 KIMI_API_KEY，无法使用 kimi
2026-09-20 00:01:11 [INFO] ⚠️ kimi 未能产出满意结果，尝试下一个提供商
2026-09-20 00:01:11 [INFO] 🔄 尝试 AI 提供商: huoshan
2026-09-20 00:01:11 [ERROR] 未设置环境变量 HUOSHAN_API_KEY，无法使用 huoshan
2026-09-20 00:01:11 [INFO] ⚠️ huoshan 未能产出满意结果，尝试下一个提供商
2026-09-20 00:01:11 [ERROR] ❌ 所有提供商均失败，返回空列表
2026-09-20 00:01:11 [INFO] 📦 JSON 已保存: reports/2026-09-20-08.json
2026-09-20 00:01:11 [INFO] ✅ AI 筛选完成，共 0 条交易相关消息
2026-09-20 01:00:50 [INFO] 🚀 开始抓取 2026-09-20 09:00 币圈新闻
2026-09-20 01:00:50 [INFO] 📡 抓取 RSS 新闻源...
2026-09-20 01:00:50 [INFO] 📡 抓取交易所公告 & 链上数据...
2026-09-20 01:00:50 [INFO]   ⏭ Decrypt: 过滤掉 37 条非近期新闻
2026-09-20 01:00:50 [INFO]   ⏭ The Block: 过滤掉 20 条非近期新闻
2026-09-20 01:00:50 [INFO]   ⏭ CoinTelegraph: 过滤掉 30 条非近期新闻
2026-09-20 01:00:51 [WARNING] 解析失败 Bitget公告: 'NoneType' object is not subscriptable
2026-09-20 01:00:51 [INFO]   ⏭ Bitcoin Magazine: 过滤掉 10 条非近期新闻
2026-09-20 01:00:51 [INFO]   ⏭ CoinDesk: 过滤掉 25 条非近期新闻
2026-09-20 01:00:51 [INFO]   ⏭ 律动BlockBeats: 过滤掉 11 条非近期新闻
2026-09-20 01:00:51 [INFO]   ⏭ 金色财经: 过滤掉 1 条非近期新闻
2026-09-20 01:00:51 [INFO]   ⏭ CNBC Crypto: 过滤掉 50 条非近期新闻
2026-09-20 01:00:51 [INFO]   ⏭ Reddit r/cryptocurrency: 过滤掉 25 条非近期新闻
2026-09-20 01:00:51 [INFO]   ⏭ Blockworks: 过滤掉 50 条非近期新闻
2026-09-20 01:00:51 [INFO]   ⏭ Reuters Crypto: 过滤掉 50 条非近期新闻
2026-09-20 01:00:51 [INFO]   ⏭ 宏观经济: 过滤掉 49 条非近期新闻
2026-09-20 01:00:51 [INFO]   ⏭ Bloomberg Crypto: 过滤掉 50 条非近期新闻
2026-09-20 01:00:51 [INFO]   ⏭ CoinTelegraph: 过滤掉 23 条非近期新闻
2026-09-20 01:00:51 [INFO]   ⏭ Bitcoin Magazine: 过滤掉 50 条非近期新闻
2026-09-20 01:00:51 [INFO]   ⏭ Decrypt: 过滤掉 50 条非近期新闻
2026-09-20 01:00:51 [INFO]   ⏭ DL News: 过滤掉 50 条非近期新闻
2026-09-20 01:00:52 [INFO]   ⏭ CoinTelegraph: 过滤掉 50 条非近期新闻
2026-09-20 01:00:52 [INFO]   ⏭ DeFi Llama: 过滤掉 50 条非近期新闻
2026-09-20 01:00:52 [INFO]   ⏭ Blockworks: 过滤掉 2 条非近期新闻
2026-09-20 01:00:52 [INFO]   ⏭ 吴说区块链: 过滤掉 49 条非近期新闻
2026-09-20 01:00:52 [INFO]   ⏭ The Block: 过滤掉 50 条非近期新闻
2026-09-20 01:00:52 [INFO]   ⏭ CoinDesk: 过滤掉 50 条非近期新闻
2026-09-20 01:00:52 [INFO]   ⏭ 雪球加密: 过滤掉 50 条非近期新闻
2026-09-20 01:00:52 [INFO]   ⏭ Crypto Twitter: 过滤掉 43 条非近期新闻
2026-09-20 01:01:06 [DEBUG] 请求失败 https://rsshub.rssforever.com/panewslab/news: 
2026-09-20 01:01:06 [DEBUG] 请求失败 https://rsshub.rssforever.com/bloomberg/crypto: 
2026-09-20 01:01:06 [INFO]   ⏭ PANews: 过滤掉 50 条非近期新闻
2026-09-20 01:01:06 [INFO]   ✓ CoinDesk: 0 条
2026-09-20 01:01:06 [INFO]   ✓ The Block: 0 条
2026-09-20 01:01:06 [INFO]   ✓ Decrypt: 0 条
2026-09-20 01:01:06 [INFO]   ✓ CoinTelegraph: 0 条
2026-09-20 01:01:06 [INFO]   ✓ Bitcoin Magazine: 0 条
2026-09-20 01:01:06 [INFO]   ✓ Blockworks: 0 条
2026-09-20 01:01:06 [INFO]   ✓ DL News: 0 条
2026-09-20 01:01:06 [INFO]   ✓ 金色财经: 7 条
2026-09-20 01:01:06 [INFO]   ✓ PANews: 0 条
2026-09-20 01:01:06 [INFO]   ✓ 律动BlockBeats: 9 条
2026-09-20 01:01:06 [INFO]   ✓ 吴说区块链: 1 条
2026-09-20 01:01:06 [INFO]   ✓ Bloomberg Crypto: 0 条
2026-09-20 01:01:06 [INFO]   ✓ Reuters Crypto: 0 条
2026-09-20 01:01:06 [INFO]   ✓ CNBC Crypto: 0 条
2026-09-20 01:01:06 [INFO]   ✓ Reddit r/cryptocurrency: 0 条
2026-09-20 01:01:06 [INFO]   ✓ Reddit r/bitcoin: 0 条
2026-09-20 01:01:06 [INFO]   ✓ Crypto Twitter: 7 条
2026-09-20 01:01:06 [INFO]   ✓ 宏观经济: 1 条
2026-09-20 01:01:06 [INFO]   ✓ Binance公告: 20 条
2026-09-20 01:01:06 [INFO]   ✓ OKX公告: 0 条
2026-09-20 01:01:06 [INFO]   ✓ Bitget公告: 0 条
2026-09-20 01:01:06 [INFO]   ✓ Whale Alert: 0 条
2026-09-20 01:01:06 [INFO]   ✓ Fear & Greed Index: 1 条
2026-09-20 01:01:06 [INFO]   ✓ DeFi Llama: 0 条
2026-09-20 01:01:06 [INFO]   ✓ 雪球加密: 0 条
2026-09-20 01:01:06 [INFO] 📊 共抓取 46 条新闻
2026-09-20 01:01:06 [INFO] 📋 原始新闻已保存: reports/2026-09-20-09-raw.json (46 条)
2026-09-20 01:01:06 [INFO] 📋 标题摘要已保存: reports/2026-09-20-09-raw-titles.md
2026-09-20 01:01:06 [INFO] ✅ 抓取完成，共 46 条，已保存到 reports/2026-09-20-09-raw.json
2026-09-20 01:01:07 [INFO] 🤖 开始 AI 筛选 2026-09-20 09:00 币圈消息
2026-09-20 01:01:07 [INFO] 📋 已加载原始新闻: reports/2026-09-20-09-raw.json (46 条)
2026-09-20 01:01:07 [INFO] 📚 已加载历史新闻标题（16577 字符）
2026-09-20 01:01:07 [INFO] 📚 已加载历史筛选标题 0 条、URL 0 个，用于去重
2026-09-20 01:01:07 [INFO] 🔄 尝试 AI 提供商: deepseek
2026-09-20 01:01:07 [INFO] 🤖 使用 AI 提供商: deepseek (模型: deepseek-v4-flash)
2026-09-20 01:01:07 [INFO] 🤖 AI 筛选 [[deepseek] 1/6 策略=仅标题+链接 retry=0]（46 条，8944 字符，temp=0.3）
2026-09-20 01:01:08 [ERROR] AI 调用异常 ([deepseek] 1/6 策略=仅标题+链接 retry=0): Error code: 401 - {'error': {'message': 'Authentication Fails, Your api key: ****df0d is invalid', 'type': 'authentication_error', 'param': None, 'code': 'invalid_request_error'}}
2026-09-20 01:01:08 [WARNING] [[deepseek] 1/6 策略=仅标题+链接 retry=0] AI 调用失败或解析失败，继续下一次尝试
2026-09-20 01:01:08 [INFO] 🤖 AI 筛选 [[deepseek] 2/6 策略=仅标题+链接 retry=1]（46 条，8944 字符，temp=0.3）
2026-09-20 01:01:08 [ERROR] AI 调用异常 ([deepseek] 2/6 策略=仅标题+链接 retry=1): Error code: 401 - {'error': {'message': 'Authentication Fails, Your api key: ****df0d is invalid', 'type': 'authentication_error', 'param': None, 'code': 'invalid_request_error'}}
2026-09-20 01:01:08 [WARNING] [[deepseek] 2/6 策略=仅标题+链接 retry=1] AI 调用失败或解析失败，继续下一次尝试
2026-09-20 01:01:08 [INFO] 🤖 AI 筛选 [[deepseek] 3/6 策略=仅标题+链接 retry=2]（46 条，8944 字符，temp=0.3）
2026-09-20 01:01:09 [ERROR] AI 调用异常 ([deepseek] 3/6 策略=仅标题+链接 retry=2): Error code: 401 - {'error': {'message': 'Authentication Fails, Your api key: ****df0d is invalid', 'type': 'authentication_error', 'param': None, 'code': 'invalid_request_error'}}
2026-09-20 01:01:09 [WARNING] [[deepseek] 3/6 策略=仅标题+链接 retry=2] AI 调用失败或解析失败，继续下一次尝试
2026-09-20 01:01:09 [INFO] 🤖 AI 筛选 [[deepseek] 4/6 策略=完整内容 retry=0]（46 条，14856 字符，temp=0.3）
2026-09-20 01:01:09 [ERROR] AI 调用异常 ([deepseek] 4/6 策略=完整内容 retry=0): Error code: 401 - {'error': {'message': 'Authentication Fails, Your api key: ****df0d is invalid', 'type': 'authentication_error', 'param': None, 'code': 'invalid_request_error'}}
2026-09-20 01:01:09 [WARNING] [[deepseek] 4/6 策略=完整内容 retry=0] AI 调用失败或解析失败，继续下一次尝试
2026-09-20 01:01:09 [INFO] 🤖 AI 筛选 [[deepseek] 5/6 策略=完整内容 retry=1]（46 条，14856 字符，temp=0.3）
2026-09-20 01:01:10 [ERROR] AI 调用异常 ([deepseek] 5/6 策略=完整内容 retry=1): Error code: 401 - {'error': {'message': 'Authentication Fails, Your api key: ****df0d is invalid', 'type': 'authentication_error', 'param': None, 'code': 'invalid_request_error'}}
2026-09-20 01:01:10 [WARNING] [[deepseek] 5/6 策略=完整内容 retry=1] AI 调用失败或解析失败，继续下一次尝试
2026-09-20 01:01:10 [INFO] 🤖 AI 筛选 [[deepseek] 6/6 策略=仅标题（无历史） retry=0]（46 条，8944 字符，temp=0.3）
2026-09-20 01:01:10 [ERROR] AI 调用异常 ([deepseek] 6/6 策略=仅标题（无历史） retry=0): Error code: 401 - {'error': {'message': 'Authentication Fails, Your api key: ****df0d is invalid', 'type': 'authentication_error', 'param': None, 'code': 'invalid_request_error'}}
2026-09-20 01:01:10 [WARNING] [[deepseek] 6/6 策略=仅标题（无历史） retry=0] AI 调用失败或解析失败，继续下一次尝试
2026-09-20 01:01:10 [WARNING] [deepseek] 已达最大尝试次数 6，停止
2026-09-20 01:01:10 [INFO] ⚠️ deepseek 未能产出满意结果，尝试下一个提供商
2026-09-20 01:01:10 [INFO] 🔄 尝试 AI 提供商: zhipu
2026-09-20 01:01:10 [ERROR] 未设置环境变量 ZHIPU_API_KEY，无法使用 zhipu
2026-09-20 01:01:10 [INFO] ⚠️ zhipu 未能产出满意结果，尝试下一个提供商
2026-09-20 01:01:10 [INFO] 🔄 尝试 AI 提供商: kimi
2026-09-20 01:01:10 [ERROR] 未设置环境变量 KIMI_API_KEY，无法使用 kimi
2026-09-20 01:01:10 [INFO] ⚠️ kimi 未能产出满意结果，尝试下一个提供商
2026-09-20 01:01:10 [INFO] 🔄 尝试 AI 提供商: huoshan
2026-09-20 01:01:10 [ERROR] 未设置环境变量 HUOSHAN_API_KEY，无法使用 huoshan
2026-09-20 01:01:10 [INFO] ⚠️ huoshan 未能产出满意结果，尝试下一个提供商
2026-09-20 01:01:10 [ERROR] ❌ 所有提供商均失败，返回空列表
2026-09-20 01:01:10 [INFO] 📦 JSON 已保存: reports/2026-09-20-09.json
2026-09-20 01:01:10 [INFO] ✅ AI 筛选完成，共 0 条交易相关消息
2026-09-20 02:00:48 [INFO] 🚀 开始抓取 2026-09-20 10:00 币圈新闻
2026-09-20 02:00:48 [INFO] 📡 抓取 RSS 新闻源...
2026-09-20 02:00:48 [INFO] 📡 抓取交易所公告 & 链上数据...
2026-09-20 02:00:49 [INFO]   ⏭ Decrypt: 过滤掉 37 条非近期新闻
2026-09-20 02:00:49 [INFO]   ⏭ CoinTelegraph: 过滤掉 30 条非近期新闻
2026-09-20 02:00:49 [INFO]   ⏭ The Block: 过滤掉 20 条非近期新闻
2026-09-20 02:00:49 [INFO]   ⏭ 律动BlockBeats: 过滤掉 12 条非近期新闻
2026-09-20 02:00:49 [WARNING] 解析失败 Bitget公告: 'NoneType' object is not subscriptable
2026-09-20 02:00:49 [INFO]   ⏭ CoinDesk: 过滤掉 25 条非近期新闻
2026-09-20 02:00:49 [INFO]   ⏭ Bloomberg Crypto: 过滤掉 50 条非近期新闻
2026-09-20 02:00:49 [INFO]   ⏭ Bitcoin Magazine: 过滤掉 10 条非近期新闻
2026-09-20 02:00:49 [INFO]   ⏭ 宏观经济: 过滤掉 50 条非近期新闻
2026-09-20 02:00:49 [INFO]   ⏭ CoinTelegraph: 过滤掉 23 条非近期新闻
2026-09-20 02:00:49 [INFO]   ⏭ CNBC Crypto: 过滤掉 50 条非近期新闻
2026-09-20 02:00:49 [INFO]   ⏭ Blockworks: 过滤掉 50 条非近期新闻
2026-09-20 02:00:49 [INFO]   ⏭ Reuters Crypto: 过滤掉 50 条非近期新闻
2026-09-20 02:00:49 [INFO]   ⏭ DeFi Llama: 过滤掉 50 条非近期新闻
2026-09-20 02:00:49 [INFO]   ⏭ 宏观经济: 过滤掉 50 条非近期新闻
2026-09-20 02:00:50 [INFO]   ⏭ 雪球加密: 过滤掉 50 条非近期新闻
2026-09-20 02:00:50 [INFO]   ⏭ The Block: 过滤掉 50 条非近期新闻
2026-09-20 02:00:50 [INFO]   ⏭ Bitcoin Magazine: 过滤掉 50 条非近期新闻
2026-09-20 02:00:50 [INFO]   ⏭ 吴说区块链: 过滤掉 50 条非近期新闻
2026-09-20 02:00:50 [INFO]   ⏭ DL News: 过滤掉 50 条非近期新闻
2026-09-20 02:00:50 [INFO]   ⏭ Blockworks: 过滤掉 2 条非近期新闻
2026-09-20 02:00:50 [INFO]   ⏭ CoinTelegraph: 过滤掉 50 条非近期新闻
2026-09-20 02:00:50 [INFO]   ⏭ Crypto Twitter: 过滤掉 39 条非近期新闻
2026-09-20 02:00:50 [INFO]   ⏭ Decrypt: 过滤掉 50 条非近期新闻
2026-09-20 02:01:04 [DEBUG] 请求失败 https://rsshub.rssforever.com/jinse/lives: 
2026-09-20 02:01:04 [DEBUG] 请求失败 https://rsshub.rssforever.com/panewslab/news: 
2026-09-20 02:01:04 [DEBUG] 请求失败 https://rsshub.rssforever.com/bloomberg/crypto: 
2026-09-20 02:01:04 [INFO]   ⏭ PANews: 过滤掉 50 条非近期新闻
2026-09-20 02:01:04 [INFO]   ✓ CoinDesk: 0 条
2026-09-20 02:01:04 [INFO]   ✓ The Block: 0 条
2026-09-20 02:01:04 [INFO]   ✓ Decrypt: 0 条
2026-09-20 02:01:04 [INFO]   ✓ CoinTelegraph: 0 条
2026-09-20 02:01:04 [INFO]   ✓ Bitcoin Magazine: 0 条
2026-09-20 02:01:04 [INFO]   ✓ Blockworks: 0 条
2026-09-20 02:01:04 [INFO]   ✓ DL News: 0 条
2026-09-20 02:01:04 [INFO]   ✓ 金色财经: 0 条
2026-09-20 02:01:04 [INFO]   ✓ PANews: 0 条
2026-09-20 02:01:04 [INFO]   ✓ 律动BlockBeats: 8 条
2026-09-20 02:01:04 [INFO]   ✓ 吴说区块链: 0 条
2026-09-20 02:01:04 [INFO]   ✓ Bloomberg Crypto: 0 条
2026-09-20 02:01:04 [INFO]   ✓ Reuters Crypto: 0 条
2026-09-20 02:01:04 [INFO]   ✓ CNBC Crypto: 0 条
2026-09-20 02:01:04 [INFO]   ✓ Reddit r/cryptocurrency: 0 条
2026-09-20 02:01:04 [INFO]   ✓ Reddit r/bitcoin: 0 条
2026-09-20 02:01:04 [INFO]   ✓ Crypto Twitter: 11 条
2026-09-20 02:01:04 [INFO]   ✓ 宏观经济: 0 条
2026-09-20 02:01:04 [INFO]   ✓ Binance公告: 20 条
2026-09-20 02:01:04 [INFO]   ✓ OKX公告: 0 条
2026-09-20 02:01:04 [INFO]   ✓ Bitget公告: 0 条
2026-09-20 02:01:04 [INFO]   ✓ Whale Alert: 0 条
2026-09-20 02:01:04 [INFO]   ✓ Fear & Greed Index: 1 条
2026-09-20 02:01:05 [INFO]   ✓ DeFi Llama: 0 条
2026-09-20 02:01:05 [INFO]   ✓ 雪球加密: 0 条
2026-09-20 02:01:05 [INFO] 📊 共抓取 40 条新闻
2026-09-20 02:01:05 [INFO] 📋 原始新闻已保存: reports/2026-09-20-10-raw.json (40 条)
2026-09-20 02:01:05 [INFO] 📋 标题摘要已保存: reports/2026-09-20-10-raw-titles.md
2026-09-20 02:01:05 [INFO] ✅ 抓取完成，共 40 条，已保存到 reports/2026-09-20-10-raw.json
2026-09-20 02:01:05 [INFO] 🤖 开始 AI 筛选 2026-09-20 10:00 币圈消息
2026-09-20 02:01:05 [INFO] 📋 已加载原始新闻: reports/2026-09-20-10-raw.json (40 条)
2026-09-20 02:01:05 [INFO] 📚 已加载历史新闻标题（17007 字符）
2026-09-20 02:01:05 [INFO] 📚 已加载历史筛选标题 0 条、URL 0 个，用于去重
2026-09-20 02:01:05 [INFO] 🔄 尝试 AI 提供商: deepseek
2026-09-20 02:01:05 [INFO] 🤖 使用 AI 提供商: deepseek (模型: deepseek-v4-flash)
2026-09-20 02:01:05 [INFO] 🤖 AI 筛选 [[deepseek] 1/6 策略=仅标题+链接 retry=0]（40 条，9039 字符，temp=0.3）
2026-09-20 02:01:06 [ERROR] AI 调用异常 ([deepseek] 1/6 策略=仅标题+链接 retry=0): Error code: 401 - {'error': {'message': 'Authentication Fails, Your api key: ****df0d is invalid', 'type': 'authentication_error', 'param': None, 'code': 'invalid_request_error'}}
2026-09-20 02:01:06 [WARNING] [[deepseek] 1/6 策略=仅标题+链接 retry=0] AI 调用失败或解析失败，继续下一次尝试
2026-09-20 02:01:06 [INFO] 🤖 AI 筛选 [[deepseek] 2/6 策略=仅标题+链接 retry=1]（40 条，9039 字符，temp=0.3）
2026-09-20 02:01:06 [ERROR] AI 调用异常 ([deepseek] 2/6 策略=仅标题+链接 retry=1): Error code: 401 - {'error': {'message': 'Authentication Fails, Your api key: ****df0d is invalid', 'type': 'authentication_error', 'param': None, 'code': 'invalid_request_error'}}
2026-09-20 02:01:06 [WARNING] [[deepseek] 2/6 策略=仅标题+链接 retry=1] AI 调用失败或解析失败，继续下一次尝试
2026-09-20 02:01:06 [INFO] 🤖 AI 筛选 [[deepseek] 3/6 策略=仅标题+链接 retry=2]（40 条，9039 字符，temp=0.3）
2026-09-20 02:01:07 [ERROR] AI 调用异常 ([deepseek] 3/6 策略=仅标题+链接 retry=2): Error code: 401 - {'error': {'message': 'Authentication Fails, Your api key: ****df0d is invalid', 'type': 'authentication_error', 'param': None, 'code': 'invalid_request_error'}}
2026-09-20 02:01:07 [WARNING] [[deepseek] 3/6 策略=仅标题+链接 retry=2] AI 调用失败或解析失败，继续下一次尝试
2026-09-20 02:01:07 [INFO] 🤖 AI 筛选 [[deepseek] 4/6 策略=完整内容 retry=0]（40 条，13262 字符，temp=0.3）
2026-09-20 02:01:07 [ERROR] AI 调用异常 ([deepseek] 4/6 策略=完整内容 retry=0): Error code: 401 - {'error': {'message': 'Authentication Fails, Your api key: ****df0d is invalid', 'type': 'authentication_error', 'param': None, 'code': 'invalid_request_error'}}
2026-09-20 02:01:07 [WARNING] [[deepseek] 4/6 策略=完整内容 retry=0] AI 调用失败或解析失败，继续下一次尝试
2026-09-20 02:01:07 [INFO] 🤖 AI 筛选 [[deepseek] 5/6 策略=完整内容 retry=1]（40 条，13262 字符，temp=0.3）
2026-09-20 02:01:07 [ERROR] AI 调用异常 ([deepseek] 5/6 策略=完整内容 retry=1): Error code: 401 - {'error': {'message': 'Authentication Fails, Your api key: ****df0d is invalid', 'type': 'authentication_error', 'param': None, 'code': 'invalid_request_error'}}
2026-09-20 02:01:07 [WARNING] [[deepseek] 5/6 策略=完整内容 retry=1] AI 调用失败或解析失败，继续下一次尝试
2026-09-20 02:01:07 [INFO] 🤖 AI 筛选 [[deepseek] 6/6 策略=仅标题（无历史） retry=0]（40 条，9039 字符，temp=0.3）
2026-09-20 02:01:08 [ERROR] AI 调用异常 ([deepseek] 6/6 策略=仅标题（无历史） retry=0): Error code: 401 - {'error': {'message': 'Authentication Fails, Your api key: ****df0d is invalid', 'type': 'authentication_error', 'param': None, 'code': 'invalid_request_error'}}
2026-09-20 02:01:08 [WARNING] [[deepseek] 6/6 策略=仅标题（无历史） retry=0] AI 调用失败或解析失败，继续下一次尝试
2026-09-20 02:01:08 [WARNING] [deepseek] 已达最大尝试次数 6，停止
2026-09-20 02:01:08 [INFO] ⚠️ deepseek 未能产出满意结果，尝试下一个提供商
2026-09-20 02:01:08 [INFO] 🔄 尝试 AI 提供商: zhipu
2026-09-20 02:01:08 [ERROR] 未设置环境变量 ZHIPU_API_KEY，无法使用 zhipu
2026-09-20 02:01:08 [INFO] ⚠️ zhipu 未能产出满意结果，尝试下一个提供商
2026-09-20 02:01:08 [INFO] 🔄 尝试 AI 提供商: kimi
2026-09-20 02:01:08 [ERROR] 未设置环境变量 KIMI_API_KEY，无法使用 kimi
2026-09-20 02:01:08 [INFO] ⚠️ kimi 未能产出满意结果，尝试下一个提供商
2026-09-20 02:01:08 [INFO] 🔄 尝试 AI 提供商: huoshan
2026-09-20 02:01:08 [ERROR] 未设置环境变量 HUOSHAN_API_KEY，无法使用 huoshan
2026-09-20 02:01:08 [INFO] ⚠️ huoshan 未能产出满意结果，尝试下一个提供商
2026-09-20 02:01:08 [ERROR] ❌ 所有提供商均失败，返回空列表
2026-09-20 02:01:08 [INFO] 📦 JSON 已保存: reports/2026-09-20-10.json
2026-09-20 02:01:08 [INFO] ✅ AI 筛选完成，共 0 条交易相关消息
2026-09-20 03:00:55 [INFO] 🚀 开始抓取 2026-09-20 11:00 币圈新闻
2026-09-20 03:00:55 [INFO] 📡 抓取 RSS 新闻源...
2026-09-20 03:00:55 [INFO] 📡 抓取交易所公告 & 链上数据...
2026-09-20 03:00:55 [INFO]   ⏭ Decrypt: 过滤掉 37 条非近期新闻
2026-09-20 03:00:55 [INFO]   ⏭ The Block: 过滤掉 20 条非近期新闻
2026-09-20 03:00:56 [INFO]   ⏭ CoinTelegraph: 过滤掉 30 条非近期新闻
2026-09-20 03:00:56 [INFO]   ⏭ CoinDesk: 过滤掉 25 条非近期新闻
2026-09-20 03:00:56 [INFO]   ⏭ Bitcoin Magazine: 过滤掉 10 条非近期新闻
2026-09-20 03:00:56 [WARNING] 解析失败 Bitget公告: 'NoneType' object is not subscriptable
2026-09-20 03:00:56 [INFO]   ⏭ 宏观经济: 过滤掉 50 条非近期新闻
2026-09-20 03:00:56 [INFO]   ⏭ Blockworks: 过滤掉 50 条非近期新闻
2026-09-20 03:00:56 [INFO]   ⏭ Reuters Crypto: 过滤掉 50 条非近期新闻
2026-09-20 03:00:56 [INFO]   ⏭ Bloomberg Crypto: 过滤掉 50 条非近期新闻
2026-09-20 03:00:56 [INFO]   ⏭ CNBC Crypto: 过滤掉 50 条非近期新闻
2026-09-20 03:00:56 [INFO]   ⏭ DL News: 过滤掉 50 条非近期新闻
2026-09-20 03:00:56 [INFO]   ⏭ Reddit r/bitcoin: 过滤掉 21 条非近期新闻
2026-09-20 03:00:56 [INFO]   ⏭ Decrypt: 过滤掉 50 条非近期新闻
2026-09-20 03:00:56 [INFO]   ⏭ 律动BlockBeats: 过滤掉 12 条非近期新闻
2026-09-20 03:00:56 [INFO]   ⏭ 金色财经: 过滤掉 11 条非近期新闻
2026-09-20 03:00:56 [INFO]   ⏭ Bitcoin Magazine: 过滤掉 50 条非近期新闻
2026-09-20 03:00:56 [INFO]   ⏭ Blockworks: 过滤掉 2 条非近期新闻
2026-09-20 03:00:56 [INFO]   ⏭ 宏观经济: 过滤掉 50 条非近期新闻
2026-09-20 03:00:57 [INFO]   ⏭ CoinTelegraph: 过滤掉 23 条非近期新闻
2026-09-20 03:00:57 [INFO]   ⏭ The Block: 过滤掉 50 条非近期新闻
2026-09-20 03:00:57 [INFO]   ⏭ DeFi Llama: 过滤掉 50 条非近期新闻
2026-09-20 03:00:57 [INFO]   ⏭ 吴说区块链: 过滤掉 50 条非近期新闻
2026-09-20 03:00:57 [INFO]   ⏭ 雪球加密: 过滤掉 49 条非近期新闻
2026-09-20 03:00:57 [INFO]   ⏭ CoinDesk: 过滤掉 50 条非近期新闻
2026-09-20 03:00:57 [INFO]   ⏭ CoinTelegraph: 过滤掉 50 条非近期新闻
2026-09-20 03:00:57 [INFO]   ⏭ Crypto Twitter: 过滤掉 41 条非近期新闻
2026-09-20 03:01:00 [INFO]   ⏭ PANews: 过滤掉 50 条非近期新闻
2026-09-20 03:01:01 [INFO]   ✓ CoinDesk: 0 条
2026-09-20 03:01:01 [INFO]   ✓ The Block: 0 条
2026-09-20 03:01:01 [INFO]   ✓ Decrypt: 0 条
2026-09-20 03:01:01 [INFO]   ✓ CoinTelegraph: 0 条
2026-09-20 03:01:01 [INFO]   ✓ Bitcoin Magazine: 0 条
2026-09-20 03:01:01 [INFO]   ✓ Blockworks: 0 条
2026-09-20 03:01:01 [INFO]   ✓ DL News: 0 条
2026-09-20 03:01:01 [INFO]   ✓ 金色财经: 9 条
2026-09-20 03:01:01 [INFO]   ✓ PANews: 0 条
2026-09-20 03:01:01 [INFO]   ✓ 律动BlockBeats: 8 条
2026-09-20 03:01:01 [INFO]   ✓ 吴说区块链: 0 条
2026-09-20 03:01:01 [INFO]   ✓ Bloomberg Crypto: 0 条
2026-09-20 03:01:01 [INFO]   ✓ Reuters Crypto: 0 条
2026-09-20 03:01:01 [INFO]   ✓ CNBC Crypto: 0 条
2026-09-20 03:01:01 [INFO]   ✓ Reddit r/cryptocurrency: 0 条
2026-09-20 03:01:01 [INFO]   ✓ Reddit r/bitcoin: 4 条
2026-09-20 03:01:01 [INFO]   ✓ Crypto Twitter: 9 条
2026-09-20 03:01:01 [INFO]   ✓ 宏观经济: 0 条
2026-09-20 03:01:01 [INFO]   ✓ Binance公告: 20 条
2026-09-20 03:01:01 [INFO]   ✓ OKX公告: 0 条
2026-09-20 03:01:01 [INFO]   ✓ Bitget公告: 0 条
2026-09-20 03:01:01 [INFO]   ✓ Whale Alert: 0 条
2026-09-20 03:01:01 [INFO]   ✓ Fear & Greed Index: 1 条
2026-09-20 03:01:01 [INFO]   ✓ DeFi Llama: 0 条
2026-09-20 03:01:01 [INFO]   ✓ 雪球加密: 1 条
2026-09-20 03:01:01 [INFO] 📊 共抓取 52 条新闻
2026-09-20 03:01:01 [INFO] 📋 原始新闻已保存: reports/2026-09-20-11-raw.json (52 条)
2026-09-20 03:01:01 [INFO] 📋 标题摘要已保存: reports/2026-09-20-11-raw-titles.md
2026-09-20 03:01:01 [INFO] ✅ 抓取完成，共 52 条，已保存到 reports/2026-09-20-11-raw.json
2026-09-20 03:01:01 [INFO] 🤖 开始 AI 筛选 2026-09-20 11:00 币圈消息
2026-09-20 03:01:01 [INFO] 📋 已加载原始新闻: reports/2026-09-20-11-raw.json (52 条)
2026-09-20 03:01:01 [INFO] 📚 已加载历史新闻标题（16786 字符）
2026-09-20 03:01:01 [INFO] 📚 已加载历史筛选标题 0 条、URL 0 个，用于去重
2026-09-20 03:01:01 [INFO] 🔄 尝试 AI 提供商: deepseek
2026-09-20 03:01:01 [INFO] 🤖 使用 AI 提供商: deepseek (模型: deepseek-v4-flash)
2026-09-20 03:01:01 [INFO] 🤖 AI 筛选 [[deepseek] 1/6 策略=仅标题+链接 retry=0]（52 条，9379 字符，temp=0.3）
2026-09-20 03:01:02 [ERROR] AI 调用异常 ([deepseek] 1/6 策略=仅标题+链接 retry=0): Error code: 401 - {'error': {'message': 'Authentication Fails, Your api key: ****df0d is invalid', 'type': 'authentication_error', 'param': None, 'code': 'invalid_request_error'}}
2026-09-20 03:01:02 [WARNING] [[deepseek] 1/6 策略=仅标题+链接 retry=0] AI 调用失败或解析失败，继续下一次尝试
2026-09-20 03:01:02 [INFO] 🤖 AI 筛选 [[deepseek] 2/6 策略=仅标题+链接 retry=1]（52 条，9379 字符，temp=0.3）
2026-09-20 03:01:02 [ERROR] AI 调用异常 ([deepseek] 2/6 策略=仅标题+链接 retry=1): Error code: 401 - {'error': {'message': 'Authentication Fails, Your api key: ****df0d is invalid', 'type': 'authentication_error', 'param': None, 'code': 'invalid_request_error'}}
2026-09-20 03:01:02 [WARNING] [[deepseek] 2/6 策略=仅标题+链接 retry=1] AI 调用失败或解析失败，继续下一次尝试
2026-09-20 03:01:02 [INFO] 🤖 AI 筛选 [[deepseek] 3/6 策略=仅标题+链接 retry=2]（52 条，9379 字符，temp=0.3）
2026-09-20 03:01:02 [ERROR] AI 调用异常 ([deepseek] 3/6 策略=仅标题+链接 retry=2): Error code: 401 - {'error': {'message': 'Authentication Fails, Your api key: ****df0d is invalid', 'type': 'authentication_error', 'param': None, 'code': 'invalid_request_error'}}
2026-09-20 03:01:02 [WARNING] [[deepseek] 3/6 策略=仅标题+链接 retry=2] AI 调用失败或解析失败，继续下一次尝试
2026-09-20 03:01:02 [INFO] 🤖 AI 筛选 [[deepseek] 4/6 策略=完整内容 retry=0]（52 条，15391 字符，temp=0.3）
2026-09-20 03:01:03 [ERROR] AI 调用异常 ([deepseek] 4/6 策略=完整内容 retry=0): Error code: 401 - {'error': {'message': 'Authentication Fails, Your api key: ****df0d is invalid', 'type': 'authentication_error', 'param': None, 'code': 'invalid_request_error'}}
2026-09-20 03:01:03 [WARNING] [[deepseek] 4/6 策略=完整内容 retry=0] AI 调用失败或解析失败，继续下一次尝试
2026-09-20 03:01:03 [INFO] 🤖 AI 筛选 [[deepseek] 5/6 策略=完整内容 retry=1]（52 条，15391 字符，temp=0.3）
2026-09-20 03:01:03 [ERROR] AI 调用异常 ([deepseek] 5/6 策略=完整内容 retry=1): Error code: 401 - {'error': {'message': 'Authentication Fails, Your api key: ****df0d is invalid', 'type': 'authentication_error', 'param': None, 'code': 'invalid_request_error'}}
2026-09-20 03:01:03 [WARNING] [[deepseek] 5/6 策略=完整内容 retry=1] AI 调用失败或解析失败，继续下一次尝试
2026-09-20 03:01:03 [INFO] 🤖 AI 筛选 [[deepseek] 6/6 策略=仅标题（无历史） retry=0]（52 条，9379 字符，temp=0.3）
2026-09-20 03:01:04 [ERROR] AI 调用异常 ([deepseek] 6/6 策略=仅标题（无历史） retry=0): Error code: 401 - {'error': {'message': 'Authentication Fails, Your api key: ****df0d is invalid', 'type': 'authentication_error', 'param': None, 'code': 'invalid_request_error'}}
2026-09-20 03:01:04 [WARNING] [[deepseek] 6/6 策略=仅标题（无历史） retry=0] AI 调用失败或解析失败，继续下一次尝试
2026-09-20 03:01:04 [WARNING] [deepseek] 已达最大尝试次数 6，停止
2026-09-20 03:01:04 [INFO] ⚠️ deepseek 未能产出满意结果，尝试下一个提供商
2026-09-20 03:01:04 [INFO] 🔄 尝试 AI 提供商: zhipu
2026-09-20 03:01:04 [ERROR] 未设置环境变量 ZHIPU_API_KEY，无法使用 zhipu
2026-09-20 03:01:04 [INFO] ⚠️ zhipu 未能产出满意结果，尝试下一个提供商
2026-09-20 03:01:04 [INFO] 🔄 尝试 AI 提供商: kimi
2026-09-20 03:01:04 [ERROR] 未设置环境变量 KIMI_API_KEY，无法使用 kimi
2026-09-20 03:01:04 [INFO] ⚠️ kimi 未能产出满意结果，尝试下一个提供商
2026-09-20 03:01:04 [INFO] 🔄 尝试 AI 提供商: huoshan
2026-09-20 03:01:04 [ERROR] 未设置环境变量 HUOSHAN_API_KEY，无法使用 huoshan
2026-09-20 03:01:04 [INFO] ⚠️ huoshan 未能产出满意结果，尝试下一个提供商
2026-09-20 03:01:04 [ERROR] ❌ 所有提供商均失败，返回空列表
2026-09-20 03:01:04 [INFO] 📦 JSON 已保存: reports/2026-09-20-11.json
2026-09-20 03:01:04 [INFO] ✅ AI 筛选完成，共 0 条交易相关消息
2026-09-20 04:00:53 [INFO] 🚀 开始抓取 2026-09-20 12:00 币圈新闻
2026-09-20 04:00:53 [INFO] 📡 抓取 RSS 新闻源...
2026-09-20 04:00:53 [INFO] 📡 抓取交易所公告 & 链上数据...
2026-09-20 04:00:53 [INFO]   ⏭ Decrypt: 过滤掉 37 条非近期新闻
2026-09-20 04:00:53 [INFO]   ⏭ The Block: 过滤掉 20 条非近期新闻
2026-09-20 04:00:53 [INFO]   ⏭ CoinTelegraph: 过滤掉 30 条非近期新闻
2026-09-20 04:00:54 [INFO]   ⏭ CoinDesk: 过滤掉 25 条非近期新闻
2026-09-20 04:00:54 [INFO]   ⏭ Bitcoin Magazine: 过滤掉 10 条非近期新闻
2026-09-20 04:00:54 [WARNING] 解析失败 Bitget公告: 'NoneType' object is not subscriptable
2026-09-20 04:00:54 [INFO]   ⏭ 宏观经济: 过滤掉 49 条非近期新闻
2026-09-20 04:00:54 [INFO]   ⏭ Bloomberg Crypto: 过滤掉 50 条非近期新闻
2026-09-20 04:00:54 [INFO]   ⏭ Reuters Crypto: 过滤掉 50 条非近期新闻
2026-09-20 04:00:54 [INFO]   ⏭ Blockworks: 过滤掉 50 条非近期新闻
2026-09-20 04:00:54 [INFO]   ⏭ Decrypt: 过滤掉 50 条非近期新闻
2026-09-20 04:00:54 [INFO]   ⏭ CNBC Crypto: 过滤掉 50 条非近期新闻
2026-09-20 04:00:54 [INFO]   ⏭ Reddit r/cryptocurrency: 过滤掉 25 条非近期新闻
2026-09-20 04:00:54 [INFO]   ⏭ DL News: 过滤掉 50 条非近期新闻
2026-09-20 04:00:54 [INFO]   ⏭ Bitcoin Magazine: 过滤掉 50 条非近期新闻
2026-09-20 04:00:55 [INFO]   ⏭ 律动BlockBeats: 过滤掉 7 条非近期新闻
2026-09-20 04:00:55 [INFO]   ⏭ Blockworks: 过滤掉 2 条非近期新闻
2026-09-20 04:00:55 [INFO]   ⏭ CoinTelegraph: 过滤掉 23 条非近期新闻
2026-09-20 04:00:55 [INFO]   ⏭ 吴说区块链: 过滤掉 49 条非近期新闻
2026-09-20 04:00:55 [INFO]   ⏭ DeFi Llama: 过滤掉 50 条非近期新闻
2026-09-20 04:00:55 [INFO]   ⏭ Crypto Twitter: 过滤掉 46 条非近期新闻
2026-09-20 04:00:55 [INFO]   ⏭ CoinTelegraph: 过滤掉 50 条非近期新闻
2026-09-20 04:00:55 [INFO]   ⏭ CoinDesk: 过滤掉 50 条非近期新闻
2026-09-20 04:00:55 [INFO]   ⏭ 雪球加密: 过滤掉 49 条非近期新闻
2026-09-20 04:00:55 [INFO]   ⏭ The Block: 过滤掉 50 条非近期新闻
2026-09-20 04:01:09 [INFO]   ⏭ PANews: 过滤掉 50 条非近期新闻
2026-09-20 04:01:09 [DEBUG] 请求失败 https://rsshub.rssforever.com/jinse/lives: 
2026-09-20 04:01:10 [DEBUG] 请求失败 https://rsshub.rssforever.com/bloomberg/crypto: 
2026-09-20 04:01:10 [INFO]   ✓ CoinDesk: 0 条
2026-09-20 04:01:10 [INFO]   ✓ The Block: 0 条
2026-09-20 04:01:10 [INFO]   ✓ Decrypt: 0 条
2026-09-20 04:01:10 [INFO]   ✓ CoinTelegraph: 0 条
2026-09-20 04:01:10 [INFO]   ✓ Bitcoin Magazine: 0 条
2026-09-20 04:01:10 [INFO]   ✓ Blockworks: 0 条
2026-09-20 04:01:10 [INFO]   ✓ DL News: 0 条
2026-09-20 04:01:10 [INFO]   ✓ 金色财经: 0 条
2026-09-20 04:01:10 [INFO]   ✓ PANews: 0 条
2026-09-20 04:01:10 [INFO]   ✓ 律动BlockBeats: 13 条
2026-09-20 04:01:10 [INFO]   ✓ 吴说区块链: 1 条
2026-09-20 04:01:10 [INFO]   ✓ Bloomberg Crypto: 0 条
2026-09-20 04:01:10 [INFO]   ✓ Reuters Crypto: 0 条
2026-09-20 04:01:10 [INFO]   ✓ CNBC Crypto: 0 条
2026-09-20 04:01:10 [INFO]   ✓ Reddit r/cryptocurrency: 0 条
2026-09-20 04:01:10 [INFO]   ✓ Reddit r/bitcoin: 0 条
2026-09-20 04:01:10 [INFO]   ✓ Crypto Twitter: 4 条
2026-09-20 04:01:10 [INFO]   ✓ 宏观经济: 1 条
2026-09-20 04:01:10 [INFO]   ✓ Binance公告: 20 条
2026-09-20 04:01:10 [INFO]   ✓ OKX公告: 0 条
2026-09-20 04:01:10 [INFO]   ✓ Bitget公告: 0 条
2026-09-20 04:01:10 [INFO]   ✓ Whale Alert: 0 条
2026-09-20 04:01:10 [INFO]   ✓ Fear & Greed Index: 1 条
2026-09-20 04:01:10 [INFO]   ✓ DeFi Llama: 0 条
2026-09-20 04:01:10 [INFO]   ✓ 雪球加密: 1 条
2026-09-20 04:01:10 [INFO] 📊 共抓取 41 条新闻
2026-09-20 04:01:10 [INFO] 📋 原始新闻已保存: reports/2026-09-20-12-raw.json (41 条)
2026-09-20 04:01:10 [INFO] 📋 标题摘要已保存: reports/2026-09-20-12-raw-titles.md
2026-09-20 04:01:10 [INFO] ✅ 抓取完成，共 41 条，已保存到 reports/2026-09-20-12-raw.json
2026-09-20 04:01:10 [INFO] 🤖 开始 AI 筛选 2026-09-20 12:00 币圈消息
2026-09-20 04:01:10 [INFO] 📋 已加载原始新闻: reports/2026-09-20-12-raw.json (41 条)
2026-09-20 04:01:10 [INFO] 📚 已加载历史新闻标题（17822 字符）
2026-09-20 04:01:10 [INFO] 📚 已加载历史筛选标题 0 条、URL 0 个，用于去重
2026-09-20 04:01:10 [INFO] 🔄 尝试 AI 提供商: deepseek
2026-09-20 04:01:11 [INFO] 🤖 使用 AI 提供商: deepseek (模型: deepseek-v4-flash)
2026-09-20 04:01:11 [INFO] 🤖 AI 筛选 [[deepseek] 1/6 策略=仅标题+链接 retry=0]（41 条，7203 字符，temp=0.3）
2026-09-20 04:01:11 [ERROR] AI 调用异常 ([deepseek] 1/6 策略=仅标题+链接 retry=0): Error code: 401 - {'error': {'message': 'Authentication Fails, Your api key: ****df0d is invalid', 'type': 'authentication_error', 'param': None, 'code': 'invalid_request_error'}}
2026-09-20 04:01:11 [WARNING] [[deepseek] 1/6 策略=仅标题+链接 retry=0] AI 调用失败或解析失败，继续下一次尝试
2026-09-20 04:01:11 [INFO] 🤖 AI 筛选 [[deepseek] 2/6 策略=仅标题+链接 retry=1]（41 条，7203 字符，temp=0.3）
2026-09-20 04:01:12 [ERROR] AI 调用异常 ([deepseek] 2/6 策略=仅标题+链接 retry=1): Error code: 401 - {'error': {'message': 'Authentication Fails, Your api key: ****df0d is invalid', 'type': 'authentication_error', 'param': None, 'code': 'invalid_request_error'}}
2026-09-20 04:01:12 [WARNING] [[deepseek] 2/6 策略=仅标题+链接 retry=1] AI 调用失败或解析失败，继续下一次尝试
2026-09-20 04:01:12 [INFO] 🤖 AI 筛选 [[deepseek] 3/6 策略=仅标题+链接 retry=2]（41 条，7203 字符，temp=0.3）
2026-09-20 04:01:12 [ERROR] AI 调用异常 ([deepseek] 3/6 策略=仅标题+链接 retry=2): Error code: 401 - {'error': {'message': 'Authentication Fails, Your api key: ****df0d is invalid', 'type': 'authentication_error', 'param': None, 'code': 'invalid_request_error'}}
2026-09-20 04:01:12 [WARNING] [[deepseek] 3/6 策略=仅标题+链接 retry=2] AI 调用失败或解析失败，继续下一次尝试
2026-09-20 04:01:12 [INFO] 🤖 AI 筛选 [[deepseek] 4/6 策略=完整内容 retry=0]（41 条，11959 字符，temp=0.3）
2026-09-20 04:01:12 [ERROR] AI 调用异常 ([deepseek] 4/6 策略=完整内容 retry=0): Error code: 401 - {'error': {'message': 'Authentication Fails, Your api key: ****df0d is invalid', 'type': 'authentication_error', 'param': None, 'code': 'invalid_request_error'}}
2026-09-20 04:01:12 [WARNING] [[deepseek] 4/6 策略=完整内容 retry=0] AI 调用失败或解析失败，继续下一次尝试
2026-09-20 04:01:12 [INFO] 🤖 AI 筛选 [[deepseek] 5/6 策略=完整内容 retry=1]（41 条，11959 字符，temp=0.3）
2026-09-20 04:01:13 [ERROR] AI 调用异常 ([deepseek] 5/6 策略=完整内容 retry=1): Error code: 401 - {'error': {'message': 'Authentication Fails, Your api key: ****df0d is invalid', 'type': 'authentication_error', 'param': None, 'code': 'invalid_request_error'}}
2026-09-20 04:01:13 [WARNING] [[deepseek] 5/6 策略=完整内容 retry=1] AI 调用失败或解析失败，继续下一次尝试
2026-09-20 04:01:13 [INFO] 🤖 AI 筛选 [[deepseek] 6/6 策略=仅标题（无历史） retry=0]（41 条，7203 字符，temp=0.3）
2026-09-20 04:01:13 [ERROR] AI 调用异常 ([deepseek] 6/6 策略=仅标题（无历史） retry=0): Error code: 401 - {'error': {'message': 'Authentication Fails, Your api key: ****df0d is invalid', 'type': 'authentication_error', 'param': None, 'code': 'invalid_request_error'}}
2026-09-20 04:01:13 [WARNING] [[deepseek] 6/6 策略=仅标题（无历史） retry=0] AI 调用失败或解析失败，继续下一次尝试
2026-09-20 04:01:13 [WARNING] [deepseek] 已达最大尝试次数 6，停止
2026-09-20 04:01:13 [INFO] ⚠️ deepseek 未能产出满意结果，尝试下一个提供商
2026-09-20 04:01:13 [INFO] 🔄 尝试 AI 提供商: zhipu
2026-09-20 04:01:13 [ERROR] 未设置环境变量 ZHIPU_API_KEY，无法使用 zhipu
2026-09-20 04:01:13 [INFO] ⚠️ zhipu 未能产出满意结果，尝试下一个提供商
2026-09-20 04:01:13 [INFO] 🔄 尝试 AI 提供商: kimi
2026-09-20 04:01:13 [ERROR] 未设置环境变量 KIMI_API_KEY，无法使用 kimi
2026-09-20 04:01:13 [INFO] ⚠️ kimi 未能产出满意结果，尝试下一个提供商
2026-09-20 04:01:13 [INFO] 🔄 尝试 AI 提供商: huoshan
2026-09-20 04:01:13 [ERROR] 未设置环境变量 HUOSHAN_API_KEY，无法使用 huoshan
2026-09-20 04:01:13 [INFO] ⚠️ huoshan 未能产出满意结果，尝试下一个提供商
2026-09-20 04:01:13 [ERROR] ❌ 所有提供商均失败，返回空列表
2026-09-20 04:01:13 [INFO] 📦 JSON 已保存: reports/2026-09-20-12.json
2026-09-20 04:01:13 [INFO] ✅ AI 筛选完成，共 0 条交易相关消息
2026-09-20 05:00:59 [INFO] 🚀 开始抓取 2026-09-20 13:00 币圈新闻
2026-09-20 05:00:59 [INFO] 📡 抓取 RSS 新闻源...
2026-09-20 05:00:59 [INFO] 📡 抓取交易所公告 & 链上数据...
2026-09-20 05:00:59 [INFO]   ⏭ Decrypt: 过滤掉 37 条非近期新闻
2026-09-20 05:00:59 [INFO]   ⏭ The Block: 过滤掉 20 条非近期新闻
2026-09-20 05:00:59 [INFO]   ⏭ CoinTelegraph: 过滤掉 30 条非近期新闻
2026-09-20 05:01:00 [WARNING] 解析失败 Bitget公告: 'NoneType' object is not subscriptable
2026-09-20 05:01:00 [INFO]   ⏭ Bloomberg Crypto: 过滤掉 50 条非近期新闻
2026-09-20 05:01:00 [INFO]   ⏭ Reuters Crypto: 过滤掉 50 条非近期新闻
2026-09-20 05:01:00 [INFO]   ⏭ CNBC Crypto: 过滤掉 50 条非近期新闻
2026-09-20 05:01:00 [INFO]   ⏭ 宏观经济: 过滤掉 49 条非近期新闻
2026-09-20 05:01:00 [INFO]   ⏭ Reddit r/bitcoin: 过滤掉 24 条非近期新闻
2026-09-20 05:01:00 [INFO]   ⏭ Bitcoin Magazine: 过滤掉 10 条非近期新闻
2026-09-20 05:01:00 [INFO]   ⏭ CoinDesk: 过滤掉 25 条非近期新闻
2026-09-20 05:01:00 [INFO]   ⏭ CoinTelegraph: 过滤掉 23 条非近期新闻
2026-09-20 05:01:00 [INFO]   ⏭ Blockworks: 过滤掉 50 条非近期新闻
2026-09-20 05:01:00 [INFO]   ⏭ 金色财经: 过滤掉 14 条非近期新闻
2026-09-20 05:01:00 [INFO]   ⏭ 律动BlockBeats: 过滤掉 12 条非近期新闻
2026-09-20 05:01:00 [INFO]   ⏭ Decrypt: 过滤掉 50 条非近期新闻
2026-09-20 05:01:00 [INFO]   ⏭ DL News: 过滤掉 50 条非近期新闻
2026-09-20 05:01:01 [INFO]   ⏭ The Block: 过滤掉 50 条非近期新闻
2026-09-20 05:01:01 [INFO]   ⏭ CoinTelegraph: 过滤掉 50 条非近期新闻
2026-09-20 05:01:01 [INFO]   ⏭ Bitcoin Magazine: 过滤掉 50 条非近期新闻
2026-09-20 05:01:01 [INFO]   ⏭ Blockworks: 过滤掉 2 条非近期新闻
2026-09-20 05:01:01 [INFO]   ⏭ CoinDesk: 过滤掉 50 条非近期新闻
2026-09-20 05:01:01 [INFO]   ⏭ DeFi Llama: 过滤掉 50 条非近期新闻
2026-09-20 05:01:01 [INFO]   ⏭ 吴说区块链: 过滤掉 49 条非近期新闻
2026-09-20 05:01:01 [INFO]   ⏭ 雪球加密: 过滤掉 49 条非近期新闻
2026-09-20 05:01:01 [INFO]   ⏭ Crypto Twitter: 过滤掉 48 条非近期新闻
2026-09-20 05:01:15 [DEBUG] 请求失败 https://rsshub.rssforever.com/panewslab/news: 
2026-09-20 05:01:16 [INFO]   ⏭ PANews: 过滤掉 50 条非近期新闻
2026-09-20 05:01:16 [INFO]   ✓ CoinDesk: 0 条
2026-09-20 05:01:16 [INFO]   ✓ The Block: 0 条
2026-09-20 05:01:16 [INFO]   ✓ Decrypt: 0 条
2026-09-20 05:01:16 [INFO]   ✓ CoinTelegraph: 0 条
2026-09-20 05:01:16 [INFO]   ✓ Bitcoin Magazine: 0 条
2026-09-20 05:01:16 [INFO]   ✓ Blockworks: 0 条
2026-09-20 05:01:16 [INFO]   ✓ DL News: 0 条
2026-09-20 05:01:16 [INFO]   ✓ 金色财经: 6 条
2026-09-20 05:01:16 [INFO]   ✓ PANews: 0 条
2026-09-20 05:01:16 [INFO]   ✓ 律动BlockBeats: 8 条
2026-09-20 05:01:16 [INFO]   ✓ 吴说区块链: 1 条
2026-09-20 05:01:16 [INFO]   ✓ Bloomberg Crypto: 0 条
2026-09-20 05:01:16 [INFO]   ✓ Reuters Crypto: 0 条
2026-09-20 05:01:16 [INFO]   ✓ CNBC Crypto: 0 条
2026-09-20 05:01:16 [INFO]   ✓ Reddit r/cryptocurrency: 0 条
2026-09-20 05:01:16 [INFO]   ✓ Reddit r/bitcoin: 1 条
2026-09-20 05:01:16 [INFO]   ✓ Crypto Twitter: 2 条
2026-09-20 05:01:16 [INFO]   ✓ 宏观经济: 1 条
2026-09-20 05:01:16 [INFO]   ✓ Binance公告: 20 条
2026-09-20 05:01:16 [INFO]   ✓ OKX公告: 0 条
2026-09-20 05:01:16 [INFO]   ✓ Bitget公告: 0 条
2026-09-20 05:01:16 [INFO]   ✓ Whale Alert: 0 条
2026-09-20 05:01:16 [INFO]   ✓ Fear & Greed Index: 1 条
2026-09-20 05:01:16 [INFO]   ✓ DeFi Llama: 0 条
2026-09-20 05:01:16 [INFO]   ✓ 雪球加密: 1 条
2026-09-20 05:01:16 [INFO] 📊 共抓取 41 条新闻
2026-09-20 05:01:16 [INFO] 📋 原始新闻已保存: reports/2026-09-20-13-raw.json (41 条)
2026-09-20 05:01:16 [INFO] 📋 标题摘要已保存: reports/2026-09-20-13-raw-titles.md
2026-09-20 05:01:16 [INFO] ✅ 抓取完成，共 41 条，已保存到 reports/2026-09-20-13-raw.json
2026-09-20 05:01:16 [INFO] 🤖 开始 AI 筛选 2026-09-20 13:00 币圈消息
2026-09-20 05:01:16 [INFO] 📋 已加载原始新闻: reports/2026-09-20-13-raw.json (41 条)
2026-09-20 05:01:16 [INFO] 📚 已加载历史新闻标题（18254 字符）
2026-09-20 05:01:16 [INFO] 📚 已加载历史筛选标题 0 条、URL 0 个，用于去重
2026-09-20 05:01:16 [INFO] 🔄 尝试 AI 提供商: deepseek
2026-09-20 05:01:16 [INFO] 🤖 使用 AI 提供商: deepseek (模型: deepseek-v4-flash)
2026-09-20 05:01:16 [INFO] 🤖 AI 筛选 [[deepseek] 1/6 策略=仅标题+链接 retry=0]（41 条，6793 字符，temp=0.3）
2026-09-20 05:01:17 [ERROR] AI 调用异常 ([deepseek] 1/6 策略=仅标题+链接 retry=0): Error code: 401 - {'error': {'message': 'Authentication Fails, Your api key: ****df0d is invalid', 'type': 'authentication_error', 'param': None, 'code': 'invalid_request_error'}}
2026-09-20 05:01:17 [WARNING] [[deepseek] 1/6 策略=仅标题+链接 retry=0] AI 调用失败或解析失败，继续下一次尝试
2026-09-20 05:01:17 [INFO] 🤖 AI 筛选 [[deepseek] 2/6 策略=仅标题+链接 retry=1]（41 条，6793 字符，temp=0.3）
2026-09-20 05:01:17 [ERROR] AI 调用异常 ([deepseek] 2/6 策略=仅标题+链接 retry=1): Error code: 401 - {'error': {'message': 'Authentication Fails, Your api key: ****df0d is invalid', 'type': 'authentication_error', 'param': None, 'code': 'invalid_request_error'}}
2026-09-20 05:01:17 [WARNING] [[deepseek] 2/6 策略=仅标题+链接 retry=1] AI 调用失败或解析失败，继续下一次尝试
2026-09-20 05:01:17 [INFO] 🤖 AI 筛选 [[deepseek] 3/6 策略=仅标题+链接 retry=2]（41 条，6793 字符，temp=0.3）
2026-09-20 05:01:18 [ERROR] AI 调用异常 ([deepseek] 3/6 策略=仅标题+链接 retry=2): Error code: 401 - {'error': {'message': 'Authentication Fails, Your api key: ****df0d is invalid', 'type': 'authentication_error', 'param': None, 'code': 'invalid_request_error'}}
2026-09-20 05:01:18 [WARNING] [[deepseek] 3/6 策略=仅标题+链接 retry=2] AI 调用失败或解析失败，继续下一次尝试
2026-09-20 05:01:18 [INFO] 🤖 AI 筛选 [[deepseek] 4/6 策略=完整内容 retry=0]（41 条，11893 字符，temp=0.3）
2026-09-20 05:01:18 [ERROR] AI 调用异常 ([deepseek] 4/6 策略=完整内容 retry=0): Error code: 401 - {'error': {'message': 'Authentication Fails, Your api key: ****df0d is invalid', 'type': 'authentication_error', 'param': None, 'code': 'invalid_request_error'}}
2026-09-20 05:01:18 [WARNING] [[deepseek] 4/6 策略=完整内容 retry=0] AI 调用失败或解析失败，继续下一次尝试
2026-09-20 05:01:18 [INFO] 🤖 AI 筛选 [[deepseek] 5/6 策略=完整内容 retry=1]（41 条，11893 字符，temp=0.3）
2026-09-20 05:01:18 [ERROR] AI 调用异常 ([deepseek] 5/6 策略=完整内容 retry=1): Error code: 401 - {'error': {'message': 'Authentication Fails, Your api key: ****df0d is invalid', 'type': 'authentication_error', 'param': None, 'code': 'invalid_request_error'}}
2026-09-20 05:01:18 [WARNING] [[deepseek] 5/6 策略=完整内容 retry=1] AI 调用失败或解析失败，继续下一次尝试
2026-09-20 05:01:18 [INFO] 🤖 AI 筛选 [[deepseek] 6/6 策略=仅标题（无历史） retry=0]（41 条，6793 字符，temp=0.3）
2026-09-20 05:01:19 [ERROR] AI 调用异常 ([deepseek] 6/6 策略=仅标题（无历史） retry=0): Error code: 401 - {'error': {'message': 'Authentication Fails, Your api key: ****df0d is invalid', 'type': 'authentication_error', 'param': None, 'code': 'invalid_request_error'}}
2026-09-20 05:01:19 [WARNING] [[deepseek] 6/6 策略=仅标题（无历史） retry=0] AI 调用失败或解析失败，继续下一次尝试
2026-09-20 05:01:19 [WARNING] [deepseek] 已达最大尝试次数 6，停止
2026-09-20 05:01:19 [INFO] ⚠️ deepseek 未能产出满意结果，尝试下一个提供商
2026-09-20 05:01:19 [INFO] 🔄 尝试 AI 提供商: zhipu
2026-09-20 05:01:19 [ERROR] 未设置环境变量 ZHIPU_API_KEY，无法使用 zhipu
2026-09-20 05:01:19 [INFO] ⚠️ zhipu 未能产出满意结果，尝试下一个提供商
2026-09-20 05:01:19 [INFO] 🔄 尝试 AI 提供商: kimi
2026-09-20 05:01:19 [ERROR] 未设置环境变量 KIMI_API_KEY，无法使用 kimi
2026-09-20 05:01:19 [INFO] ⚠️ kimi 未能产出满意结果，尝试下一个提供商
2026-09-20 05:01:19 [INFO] 🔄 尝试 AI 提供商: huoshan
2026-09-20 05:01:19 [ERROR] 未设置环境变量 HUOSHAN_API_KEY，无法使用 huoshan
2026-09-20 05:01:19 [INFO] ⚠️ huoshan 未能产出满意结果，尝试下一个提供商
2026-09-20 05:01:19 [ERROR] ❌ 所有提供商均失败，返回空列表
2026-09-20 05:01:19 [INFO] 📦 JSON 已保存: reports/2026-09-20-13.json
2026-09-20 05:01:19 [INFO] ✅ AI 筛选完成，共 0 条交易相关消息
2026-09-20 06:00:48 [INFO] 🚀 开始抓取 2026-09-20 14:00 币圈新闻
2026-09-20 06:00:49 [INFO] 📡 抓取 RSS 新闻源...
2026-09-20 06:00:49 [INFO] 📡 抓取交易所公告 & 链上数据...
2026-09-20 06:00:49 [INFO]   ⏭ CoinTelegraph: 过滤掉 30 条非近期新闻
2026-09-20 06:00:49 [INFO]   ⏭ Decrypt: 过滤掉 37 条非近期新闻
2026-09-20 06:00:49 [INFO]   ⏭ The Block: 过滤掉 20 条非近期新闻
2026-09-20 06:00:49 [INFO]   ⏭ Bitcoin Magazine: 过滤掉 10 条非近期新闻
2026-09-20 06:00:49 [INFO]   ⏭ CoinDesk: 过滤掉 25 条非近期新闻
2026-09-20 06:00:49 [WARNING] 解析失败 Bitget公告: 'NoneType' object is not subscriptable
2026-09-20 06:00:49 [INFO]   ⏭ Reuters Crypto: 过滤掉 50 条非近期新闻
2026-09-20 06:00:49 [INFO]   ⏭ Bitcoin Magazine: 过滤掉 50 条非近期新闻
2026-09-20 06:00:49 [INFO]   ⏭ Reddit r/bitcoin: 过滤掉 25 条非近期新闻
2026-09-20 06:00:49 [INFO]   ⏭ 宏观经济: 过滤掉 50 条非近期新闻
2026-09-20 06:00:49 [INFO]   ⏭ Blockworks: 过滤掉 50 条非近期新闻
2026-09-20 06:00:49 [INFO]   ⏭ Bloomberg Crypto: 过滤掉 50 条非近期新闻
2026-09-20 06:00:49 [INFO]   ⏭ CNBC Crypto: 过滤掉 49 条非近期新闻
2026-09-20 06:00:50 [INFO]   ⏭ DL News: 过滤掉 50 条非近期新闻
2026-09-20 06:00:50 [INFO]   ⏭ Decrypt: 过滤掉 50 条非近期新闻
2026-09-20 06:00:50 [INFO]   ⏭ 宏观经济: 过滤掉 50 条非近期新闻
2026-09-20 06:00:50 [INFO]   ⏭ CoinTelegraph: 过滤掉 23 条非近期新闻
2026-09-20 06:00:50 [INFO]   ⏭ Blockworks: 过滤掉 2 条非近期新闻
2026-09-20 06:00:50 [INFO]   ⏭ 律动BlockBeats: 过滤掉 15 条非近期新闻
2026-09-20 06:00:50 [INFO]   ⏭ The Block: 过滤掉 50 条非近期新闻
2026-09-20 06:00:50 [INFO]   ⏭ CoinTelegraph: 过滤掉 50 条非近期新闻
2026-09-20 06:00:50 [INFO]   ⏭ CoinDesk: 过滤掉 50 条非近期新闻
2026-09-20 06:00:50 [INFO]   ⏭ 吴说区块链: 过滤掉 50 条非近期新闻
2026-09-20 06:00:50 [INFO]   ⏭ DeFi Llama: 过滤掉 50 条非近期新闻
2026-09-20 06:00:51 [INFO]   ⏭ 雪球加密: 过滤掉 50 条非近期新闻
2026-09-20 06:00:51 [INFO]   ⏭ Crypto Twitter: 过滤掉 47 条非近期新闻
2026-09-20 06:01:01 [INFO]   ⏭ PANews: 过滤掉 50 条非近期新闻
2026-09-20 06:01:05 [DEBUG] 请求失败 https://rsshub.rssforever.com/jinse/lives: 
2026-09-20 06:01:05 [DEBUG] 请求失败 https://rsshub.rssforever.com/bloomberg/crypto: 
2026-09-20 06:01:05 [INFO]   ✓ CoinDesk: 0 条
2026-09-20 06:01:05 [INFO]   ✓ The Block: 0 条
2026-09-20 06:01:05 [INFO]   ✓ Decrypt: 0 条
2026-09-20 06:01:05 [INFO]   ✓ CoinTelegraph: 0 条
2026-09-20 06:01:05 [INFO]   ✓ Bitcoin Magazine: 0 条
2026-09-20 06:01:05 [INFO]   ✓ Blockworks: 0 条
2026-09-20 06:01:05 [INFO]   ✓ DL News: 0 条
2026-09-20 06:01:05 [INFO]   ✓ 金色财经: 0 条
2026-09-20 06:01:05 [INFO]   ✓ PANews: 0 条
2026-09-20 06:01:05 [INFO]   ✓ 律动BlockBeats: 5 条
2026-09-20 06:01:05 [INFO]   ✓ 吴说区块链: 0 条
2026-09-20 06:01:05 [INFO]   ✓ Bloomberg Crypto: 0 条
2026-09-20 06:01:05 [INFO]   ✓ Reuters Crypto: 0 条
2026-09-20 06:01:05 [INFO]   ✓ CNBC Crypto: 1 条
2026-09-20 06:01:05 [INFO]   ✓ Reddit r/cryptocurrency: 0 条
2026-09-20 06:01:05 [INFO]   ✓ Reddit r/bitcoin: 0 条
2026-09-20 06:01:05 [INFO]   ✓ Crypto Twitter: 3 条
2026-09-20 06:01:05 [INFO]   ✓ 宏观经济: 0 条
2026-09-20 06:01:05 [INFO]   ✓ Binance公告: 20 条
2026-09-20 06:01:05 [INFO]   ✓ OKX公告: 0 条
2026-09-20 06:01:05 [INFO]   ✓ Bitget公告: 0 条
2026-09-20 06:01:05 [INFO]   ✓ Whale Alert: 0 条
2026-09-20 06:01:05 [INFO]   ✓ Fear & Greed Index: 1 条
2026-09-20 06:01:05 [INFO]   ✓ DeFi Llama: 0 条
2026-09-20 06:01:05 [INFO]   ✓ 雪球加密: 0 条
2026-09-20 06:01:05 [INFO] 📊 共抓取 30 条新闻
2026-09-20 06:01:05 [INFO] 📋 原始新闻已保存: reports/2026-09-20-14-raw.json (30 条)
2026-09-20 06:01:05 [INFO] 📋 标题摘要已保存: reports/2026-09-20-14-raw-titles.md
2026-09-20 06:01:05 [INFO] ✅ 抓取完成，共 30 条，已保存到 reports/2026-09-20-14-raw.json
2026-09-20 06:01:06 [INFO] 🤖 开始 AI 筛选 2026-09-20 14:00 币圈消息
2026-09-20 06:01:06 [INFO] 📋 已加载原始新闻: reports/2026-09-20-14-raw.json (30 条)
2026-09-20 06:01:06 [INFO] 📚 已加载历史新闻标题（18745 字符）
2026-09-20 06:01:06 [INFO] 📚 已加载历史筛选标题 0 条、URL 0 个，用于去重
2026-09-20 06:01:06 [INFO] 🔄 尝试 AI 提供商: deepseek
2026-09-20 06:01:06 [INFO] 🤖 使用 AI 提供商: deepseek (模型: deepseek-v4-flash)
2026-09-20 06:01:06 [INFO] 🤖 AI 筛选 [[deepseek] 1/6 策略=仅标题+链接 retry=0]（30 条，5689 字符，temp=0.3）
2026-09-20 06:01:06 [ERROR] AI 调用异常 ([deepseek] 1/6 策略=仅标题+链接 retry=0): Error code: 401 - {'error': {'message': 'Authentication Fails, Your api key: ****df0d is invalid', 'type': 'authentication_error', 'param': None, 'code': 'invalid_request_error'}}
2026-09-20 06:01:06 [WARNING] [[deepseek] 1/6 策略=仅标题+链接 retry=0] AI 调用失败或解析失败，继续下一次尝试
2026-09-20 06:01:06 [INFO] 🤖 AI 筛选 [[deepseek] 2/6 策略=仅标题+链接 retry=1]（30 条，5689 字符，temp=0.3）
2026-09-20 06:01:07 [ERROR] AI 调用异常 ([deepseek] 2/6 策略=仅标题+链接 retry=1): Error code: 401 - {'error': {'message': 'Authentication Fails, Your api key: ****df0d is invalid', 'type': 'authentication_error', 'param': None, 'code': 'invalid_request_error'}}
2026-09-20 06:01:07 [WARNING] [[deepseek] 2/6 策略=仅标题+链接 retry=1] AI 调用失败或解析失败，继续下一次尝试
2026-09-20 06:01:07 [INFO] 🤖 AI 筛选 [[deepseek] 3/6 策略=仅标题+链接 retry=2]（30 条，5689 字符，temp=0.3）
2026-09-20 06:01:07 [ERROR] AI 调用异常 ([deepseek] 3/6 策略=仅标题+链接 retry=2): Error code: 401 - {'error': {'message': 'Authentication Fails, Your api key: ****df0d is invalid', 'type': 'authentication_error', 'param': None, 'code': 'invalid_request_error'}}
2026-09-20 06:01:07 [WARNING] [[deepseek] 3/6 策略=仅标题+链接 retry=2] AI 调用失败或解析失败，继续下一次尝试
2026-09-20 06:01:07 [INFO] 🤖 AI 筛选 [[deepseek] 4/6 策略=完整内容 retry=0]（30 条，8841 字符，temp=0.3）
2026-09-20 06:01:08 [ERROR] AI 调用异常 ([deepseek] 4/6 策略=完整内容 retry=0): Error code: 401 - {'error': {'message': 'Authentication Fails, Your api key: ****df0d is invalid', 'type': 'authentication_error', 'param': None, 'code': 'invalid_request_error'}}
2026-09-20 06:01:08 [WARNING] [[deepseek] 4/6 策略=完整内容 retry=0] AI 调用失败或解析失败，继续下一次尝试
2026-09-20 06:01:08 [INFO] 🤖 AI 筛选 [[deepseek] 5/6 策略=完整内容 retry=1]（30 条，8841 字符，temp=0.3）
2026-09-20 06:01:08 [ERROR] AI 调用异常 ([deepseek] 5/6 策略=完整内容 retry=1): Error code: 401 - {'error': {'message': 'Authentication Fails, Your api key: ****df0d is invalid', 'type': 'authentication_error', 'param': None, 'code': 'invalid_request_error'}}
2026-09-20 06:01:08 [WARNING] [[deepseek] 5/6 策略=完整内容 retry=1] AI 调用失败或解析失败，继续下一次尝试
2026-09-20 06:01:08 [INFO] 🤖 AI 筛选 [[deepseek] 6/6 策略=仅标题（无历史） retry=0]（30 条，5689 字符，temp=0.3）
2026-09-20 06:01:08 [ERROR] AI 调用异常 ([deepseek] 6/6 策略=仅标题（无历史） retry=0): Error code: 401 - {'error': {'message': 'Authentication Fails, Your api key: ****df0d is invalid', 'type': 'authentication_error', 'param': None, 'code': 'invalid_request_error'}}
2026-09-20 06:01:08 [WARNING] [[deepseek] 6/6 策略=仅标题（无历史） retry=0] AI 调用失败或解析失败，继续下一次尝试
2026-09-20 06:01:08 [WARNING] [deepseek] 已达最大尝试次数 6，停止
2026-09-20 06:01:08 [INFO] ⚠️ deepseek 未能产出满意结果，尝试下一个提供商
2026-09-20 06:01:08 [INFO] 🔄 尝试 AI 提供商: zhipu
2026-09-20 06:01:08 [ERROR] 未设置环境变量 ZHIPU_API_KEY，无法使用 zhipu
2026-09-20 06:01:08 [INFO] ⚠️ zhipu 未能产出满意结果，尝试下一个提供商
2026-09-20 06:01:08 [INFO] 🔄 尝试 AI 提供商: kimi
2026-09-20 06:01:08 [ERROR] 未设置环境变量 KIMI_API_KEY，无法使用 kimi
2026-09-20 06:01:08 [INFO] ⚠️ kimi 未能产出满意结果，尝试下一个提供商
2026-09-20 06:01:08 [INFO] 🔄 尝试 AI 提供商: huoshan
2026-09-20 06:01:08 [ERROR] 未设置环境变量 HUOSHAN_API_KEY，无法使用 huoshan
2026-09-20 06:01:08 [INFO] ⚠️ huoshan 未能产出满意结果，尝试下一个提供商
2026-09-20 06:01:08 [ERROR] ❌ 所有提供商均失败，返回空列表
2026-09-20 06:01:08 [INFO] 📦 JSON 已保存: reports/2026-09-20-14.json
2026-09-20 06:01:08 [INFO] ✅ AI 筛选完成，共 0 条交易相关消息
2026-09-20 07:00:50 [INFO] 🚀 开始抓取 2026-09-20 15:00 币圈新闻
2026-09-20 07:00:50 [INFO] 📡 抓取 RSS 新闻源...
2026-09-20 07:00:50 [INFO] 📡 抓取交易所公告 & 链上数据...
2026-09-20 07:00:50 [INFO]   ⏭ Decrypt: 过滤掉 37 条非近期新闻
2026-09-20 07:00:50 [INFO]   ⏭ The Block: 过滤掉 20 条非近期新闻
2026-09-20 07:00:50 [INFO]   ⏭ CoinTelegraph: 过滤掉 30 条非近期新闻
2026-09-20 07:00:50 [INFO]   ⏭ Bitcoin Magazine: 过滤掉 10 条非近期新闻
2026-09-20 07:00:50 [INFO]   ⏭ CoinDesk: 过滤掉 25 条非近期新闻
2026-09-20 07:00:50 [WARNING] 解析失败 Bitget公告: 'NoneType' object is not subscriptable
2026-09-20 07:00:50 [INFO]   ⏭ Blockworks: 过滤掉 50 条非近期新闻
2026-09-20 07:00:50 [INFO]   ⏭ Bloomberg Crypto: 过滤掉 50 条非近期新闻
2026-09-20 07:00:50 [INFO]   ⏭ Reuters Crypto: 过滤掉 50 条非近期新闻
2026-09-20 07:00:50 [INFO]   ⏭ Reddit r/bitcoin: 过滤掉 24 条非近期新闻
2026-09-20 07:00:50 [INFO]   ⏭ 宏观经济: 过滤掉 49 条非近期新闻
2026-09-20 07:00:51 [INFO]   ⏭ DL News: 过滤掉 50 条非近期新闻
2026-09-20 07:00:51 [INFO]   ⏭ CNBC Crypto: 过滤掉 50 条非近期新闻
2026-09-20 07:00:51 [INFO]   ⏭ Decrypt: 过滤掉 50 条非近期新闻
2026-09-20 07:00:51 [INFO]   ⏭ Bitcoin Magazine: 过滤掉 50 条非近期新闻
2026-09-20 07:00:51 [INFO]   ⏭ Blockworks: 过滤掉 2 条非近期新闻
2026-09-20 07:00:51 [INFO]   ⏭ 律动BlockBeats: 过滤掉 13 条非近期新闻
2026-09-20 07:00:51 [INFO]   ⏭ The Block: 过滤掉 50 条非近期新闻
2026-09-20 07:00:51 [INFO]   ⏭ 雪球加密: 过滤掉 48 条非近期新闻
2026-09-20 07:00:51 [INFO]   ⏭ CoinDesk: 过滤掉 50 条非近期新闻
2026-09-20 07:00:51 [INFO]   ⏭ 吴说区块链: 过滤掉 50 条非近期新闻
2026-09-20 07:00:51 [INFO]   ⏭ DeFi Llama: 过滤掉 50 条非近期新闻
2026-09-20 07:00:52 [INFO]   ⏭ Crypto Twitter: 过滤掉 47 条非近期新闻
2026-09-20 07:01:06 [DEBUG] 请求失败 https://rsshub.rssforever.com/cointelegraph: 
2026-09-20 07:01:06 [DEBUG] 请求失败 https://rsshub.rssforever.com/jinse/lives: 
2026-09-20 07:01:06 [DEBUG] 请求失败 https://rsshub.rssforever.com/panewslab/news: 
2026-09-20 07:01:06 [DEBUG] 请求失败 https://rsshub.rssforever.com/bloomberg/crypto: 
2026-09-20 07:01:06 [INFO]   ⏭ CoinTelegraph: 过滤掉 50 条非近期新闻
2026-09-20 07:01:06 [INFO]   ⏭ PANews: 过滤掉 50 条非近期新闻
2026-09-20 07:01:06 [INFO]   ✓ CoinDesk: 0 条
2026-09-20 07:01:06 [INFO]   ✓ The Block: 0 条
2026-09-20 07:01:06 [INFO]   ✓ Decrypt: 0 条
2026-09-20 07:01:06 [INFO]   ✓ CoinTelegraph: 0 条
2026-09-20 07:01:06 [INFO]   ✓ Bitcoin Magazine: 0 条
2026-09-20 07:01:06 [INFO]   ✓ Blockworks: 0 条
2026-09-20 07:01:06 [INFO]   ✓ DL News: 0 条
2026-09-20 07:01:06 [INFO]   ✓ 金色财经: 0 条
2026-09-20 07:01:06 [INFO]   ✓ PANews: 0 条
2026-09-20 07:01:06 [INFO]   ✓ 律动BlockBeats: 7 条
2026-09-20 07:01:06 [INFO]   ✓ 吴说区块链: 0 条
2026-09-20 07:01:06 [INFO]   ✓ Bloomberg Crypto: 0 条
2026-09-20 07:01:06 [INFO]   ✓ Reuters Crypto: 0 条
2026-09-20 07:01:06 [INFO]   ✓ CNBC Crypto: 0 条
2026-09-20 07:01:06 [INFO]   ✓ Reddit r/cryptocurrency: 0 条
2026-09-20 07:01:06 [INFO]   ✓ Reddit r/bitcoin: 1 条
2026-09-20 07:01:06 [INFO]   ✓ Crypto Twitter: 3 条
2026-09-20 07:01:06 [INFO]   ✓ 宏观经济: 1 条
2026-09-20 07:01:06 [INFO]   ✓ Binance公告: 20 条
2026-09-20 07:01:06 [INFO]   ✓ OKX公告: 0 条
2026-09-20 07:01:06 [INFO]   ✓ Bitget公告: 0 条
2026-09-20 07:01:06 [INFO]   ✓ Whale Alert: 0 条
2026-09-20 07:01:06 [INFO]   ✓ Fear & Greed Index: 1 条
2026-09-20 07:01:06 [INFO]   ✓ DeFi Llama: 0 条
2026-09-20 07:01:06 [INFO]   ✓ 雪球加密: 2 条
2026-09-20 07:01:06 [INFO] 📊 共抓取 35 条新闻
2026-09-20 07:01:06 [INFO] 📋 原始新闻已保存: reports/2026-09-20-15-raw.json (35 条)
2026-09-20 07:01:06 [INFO] 📋 标题摘要已保存: reports/2026-09-20-15-raw-titles.md
2026-09-20 07:01:06 [INFO] ✅ 抓取完成，共 35 条，已保存到 reports/2026-09-20-15-raw.json
2026-09-20 07:01:07 [INFO] 🤖 开始 AI 筛选 2026-09-20 15:00 币圈消息
2026-09-20 07:01:07 [INFO] 📋 已加载原始新闻: reports/2026-09-20-15-raw.json (35 条)
2026-09-20 07:01:07 [INFO] 📚 已加载历史新闻标题（18477 字符）
2026-09-20 07:01:07 [INFO] 📚 已加载历史筛选标题 0 条、URL 0 个，用于去重
2026-09-20 07:01:07 [INFO] 🔄 尝试 AI 提供商: deepseek
2026-09-20 07:01:07 [INFO] 🤖 使用 AI 提供商: deepseek (模型: deepseek-v4-flash)
2026-09-20 07:01:07 [INFO] 🤖 AI 筛选 [[deepseek] 1/6 策略=仅标题+链接 retry=0]（35 条，6472 字符，temp=0.3）
2026-09-20 07:01:08 [ERROR] AI 调用异常 ([deepseek] 1/6 策略=仅标题+链接 retry=0): Error code: 401 - {'error': {'message': 'Authentication Fails, Your api key: ****df0d is invalid', 'type': 'authentication_error', 'param': None, 'code': 'invalid_request_error'}}
2026-09-20 07:01:08 [WARNING] [[deepseek] 1/6 策略=仅标题+链接 retry=0] AI 调用失败或解析失败，继续下一次尝试
2026-09-20 07:01:08 [INFO] 🤖 AI 筛选 [[deepseek] 2/6 策略=仅标题+链接 retry=1]（35 条，6472 字符，temp=0.3）
2026-09-20 07:01:08 [ERROR] AI 调用异常 ([deepseek] 2/6 策略=仅标题+链接 retry=1): Error code: 401 - {'error': {'message': 'Authentication Fails, Your api key: ****df0d is invalid', 'type': 'authentication_error', 'param': None, 'code': 'invalid_request_error'}}
2026-09-20 07:01:08 [WARNING] [[deepseek] 2/6 策略=仅标题+链接 retry=1] AI 调用失败或解析失败，继续下一次尝试
2026-09-20 07:01:08 [INFO] 🤖 AI 筛选 [[deepseek] 3/6 策略=仅标题+链接 retry=2]（35 条，6472 字符，temp=0.3）
2026-09-20 07:01:08 [ERROR] AI 调用异常 ([deepseek] 3/6 策略=仅标题+链接 retry=2): Error code: 401 - {'error': {'message': 'Authentication Fails, Your api key: ****df0d is invalid', 'type': 'authentication_error', 'param': None, 'code': 'invalid_request_error'}}
2026-09-20 07:01:08 [WARNING] [[deepseek] 3/6 策略=仅标题+链接 retry=2] AI 调用失败或解析失败，继续下一次尝试
2026-09-20 07:01:08 [INFO] 🤖 AI 筛选 [[deepseek] 4/6 策略=完整内容 retry=0]（35 条，10383 字符，temp=0.3）
2026-09-20 07:01:09 [ERROR] AI 调用异常 ([deepseek] 4/6 策略=完整内容 retry=0): Error code: 401 - {'error': {'message': 'Authentication Fails, Your api key: ****df0d is invalid', 'type': 'authentication_error', 'param': None, 'code': 'invalid_request_error'}}
2026-09-20 07:01:09 [WARNING] [[deepseek] 4/6 策略=完整内容 retry=0] AI 调用失败或解析失败，继续下一次尝试
2026-09-20 07:01:09 [INFO] 🤖 AI 筛选 [[deepseek] 5/6 策略=完整内容 retry=1]（35 条，10383 字符，temp=0.3）
2026-09-20 07:01:09 [ERROR] AI 调用异常 ([deepseek] 5/6 策略=完整内容 retry=1): Error code: 401 - {'error': {'message': 'Authentication Fails, Your api key: ****df0d is invalid', 'type': 'authentication_error', 'param': None, 'code': 'invalid_request_error'}}
2026-09-20 07:01:09 [WARNING] [[deepseek] 5/6 策略=完整内容 retry=1] AI 调用失败或解析失败，继续下一次尝试
2026-09-20 07:01:09 [INFO] 🤖 AI 筛选 [[deepseek] 6/6 策略=仅标题（无历史） retry=0]（35 条，6472 字符，temp=0.3）
2026-09-20 07:01:10 [ERROR] AI 调用异常 ([deepseek] 6/6 策略=仅标题（无历史） retry=0): Error code: 401 - {'error': {'message': 'Authentication Fails, Your api key: ****df0d is invalid', 'type': 'authentication_error', 'param': None, 'code': 'invalid_request_error'}}
2026-09-20 07:01:10 [WARNING] [[deepseek] 6/6 策略=仅标题（无历史） retry=0] AI 调用失败或解析失败，继续下一次尝试
2026-09-20 07:01:10 [WARNING] [deepseek] 已达最大尝试次数 6，停止
2026-09-20 07:01:10 [INFO] ⚠️ deepseek 未能产出满意结果，尝试下一个提供商
2026-09-20 07:01:10 [INFO] 🔄 尝试 AI 提供商: zhipu
2026-09-20 07:01:10 [ERROR] 未设置环境变量 ZHIPU_API_KEY，无法使用 zhipu
2026-09-20 07:01:10 [INFO] ⚠️ zhipu 未能产出满意结果，尝试下一个提供商
2026-09-20 07:01:10 [INFO] 🔄 尝试 AI 提供商: kimi
2026-09-20 07:01:10 [ERROR] 未设置环境变量 KIMI_API_KEY，无法使用 kimi
2026-09-20 07:01:10 [INFO] ⚠️ kimi 未能产出满意结果，尝试下一个提供商
2026-09-20 07:01:10 [INFO] 🔄 尝试 AI 提供商: huoshan
2026-09-20 07:01:10 [ERROR] 未设置环境变量 HUOSHAN_API_KEY，无法使用 huoshan
2026-09-20 07:01:10 [INFO] ⚠️ huoshan 未能产出满意结果，尝试下一个提供商
2026-09-20 07:01:10 [ERROR] ❌ 所有提供商均失败，返回空列表
2026-09-20 07:01:10 [INFO] 📦 JSON 已保存: reports/2026-09-20-15.json
2026-09-20 07:01:10 [INFO] ✅ AI 筛选完成，共 0 条交易相关消息
2026-09-20 08:00:51 [INFO] 🚀 开始抓取 2026-09-20 16:00 币圈新闻
2026-09-20 08:00:51 [INFO] 📡 抓取 RSS 新闻源...
2026-09-20 08:00:51 [INFO] 📡 抓取交易所公告 & 链上数据...
2026-09-20 08:00:51 [INFO]   ⏭ Decrypt: 过滤掉 37 条非近期新闻
2026-09-20 08:00:51 [INFO]   ⏭ The Block: 过滤掉 20 条非近期新闻
2026-09-20 08:00:51 [INFO]   ⏭ CoinTelegraph: 过滤掉 29 条非近期新闻
2026-09-20 08:00:51 [INFO]   ⏭ Bloomberg Crypto: 过滤掉 50 条非近期新闻
2026-09-20 08:00:51 [WARNING] 解析失败 Bitget公告: 'NoneType' object is not subscriptable
2026-09-20 08:00:51 [INFO]   ⏭ Bitcoin Magazine: 过滤掉 10 条非近期新闻
2026-09-20 08:00:51 [INFO]   ⏭ Reuters Crypto: 过滤掉 50 条非近期新闻
2026-09-20 08:00:51 [INFO]   ⏭ Blockworks: 过滤掉 50 条非近期新闻
2026-09-20 08:00:51 [INFO]   ⏭ 宏观经济: 过滤掉 49 条非近期新闻
2026-09-20 08:00:51 [INFO]   ⏭ CNBC Crypto: 过滤掉 49 条非近期新闻
2026-09-20 08:00:51 [INFO]   ⏭ Reddit r/cryptocurrency: 过滤掉 24 条非近期新闻
2026-09-20 08:00:52 [INFO]   ⏭ DL News: 过滤掉 50 条非近期新闻
2026-09-20 08:00:52 [INFO]   ⏭ Decrypt: 过滤掉 50 条非近期新闻
2026-09-20 08:00:52 [INFO]   ⏭ CoinDesk: 过滤掉 25 条非近期新闻
2026-09-20 08:00:52 [INFO]   ⏭ Blockworks: 过滤掉 2 条非近期新闻
2026-09-20 08:00:52 [INFO]   ⏭ Bitcoin Magazine: 过滤掉 50 条非近期新闻
2026-09-20 08:00:52 [INFO]   ⏭ 律动BlockBeats: 过滤掉 14 条非近期新闻
2026-09-20 08:00:52 [INFO]   ⏭ 雪球加密: 过滤掉 49 条非近期新闻
2026-09-20 08:00:53 [INFO]   ⏭ DeFi Llama: 过滤掉 50 条非近期新闻
2026-09-20 08:00:53 [INFO]   ⏭ 吴说区块链: 过滤掉 50 条非近期新闻
2026-09-20 08:00:53 [INFO]   ⏭ The Block: 过滤掉 50 条非近期新闻
2026-09-20 08:00:53 [INFO]   ⏭ Crypto Twitter: 过滤掉 50 条非近期新闻
2026-09-20 08:00:53 [INFO]   ⏭ CoinDesk: 过滤掉 50 条非近期新闻
2026-09-20 08:01:07 [DEBUG] 请求失败 https://rsshub.rssforever.com/jinse/lives: 
2026-09-20 08:01:07 [DEBUG] 请求失败 https://rsshub.rssforever.com/panewslab/news: 
2026-09-20 08:01:07 [DEBUG] 请求失败 https://rsshub.rssforever.com/bloomberg/crypto: 
2026-09-20 08:01:08 [INFO]   ⏭ PANews: 过滤掉 50 条非近期新闻
2026-09-20 08:01:08 [INFO]   ✓ CoinDesk: 0 条
2026-09-20 08:01:08 [INFO]   ✓ The Block: 0 条
2026-09-20 08:01:08 [INFO]   ✓ Decrypt: 0 条
2026-09-20 08:01:08 [INFO]   ✓ CoinTelegraph: 1 条
2026-09-20 08:01:08 [INFO]   ✓ Bitcoin Magazine: 0 条
2026-09-20 08:01:08 [INFO]   ✓ Blockworks: 0 条
2026-09-20 08:01:08 [INFO]   ✓ DL News: 0 条
2026-09-20 08:01:08 [INFO]   ✓ 金色财经: 0 条
2026-09-20 08:01:08 [INFO]   ✓ PANews: 0 条
2026-09-20 08:01:08 [INFO]   ✓ 律动BlockBeats: 6 条
2026-09-20 08:01:08 [INFO]   ✓ 吴说区块链: 0 条
2026-09-20 08:01:08 [INFO]   ✓ Bloomberg Crypto: 0 条
2026-09-20 08:01:08 [INFO]   ✓ Reuters Crypto: 0 条
2026-09-20 08:01:08 [INFO]   ✓ CNBC Crypto: 1 条
2026-09-20 08:01:08 [INFO]   ✓ Reddit r/cryptocurrency: 1 条
2026-09-20 08:01:08 [INFO]   ✓ Reddit r/bitcoin: 0 条
2026-09-20 08:01:08 [INFO]   ✓ Crypto Twitter: 0 条
2026-09-20 08:01:08 [INFO]   ✓ 宏观经济: 1 条
2026-09-20 08:01:08 [INFO]   ✓ Binance公告: 20 条
2026-09-20 08:01:08 [INFO]   ✓ OKX公告: 0 条
2026-09-20 08:01:08 [INFO]   ✓ Bitget公告: 0 条
2026-09-20 08:01:08 [INFO]   ✓ Whale Alert: 0 条
2026-09-20 08:01:08 [INFO]   ✓ Fear & Greed Index: 1 条
2026-09-20 08:01:08 [INFO]   ✓ DeFi Llama: 0 条
2026-09-20 08:01:08 [INFO]   ✓ 雪球加密: 1 条
2026-09-20 08:01:08 [INFO] 📊 共抓取 32 条新闻
2026-09-20 08:01:08 [INFO] 📋 原始新闻已保存: reports/2026-09-20-16-raw.json (32 条)
2026-09-20 08:01:08 [INFO] 📋 标题摘要已保存: reports/2026-09-20-16-raw-titles.md
2026-09-20 08:01:08 [INFO] ✅ 抓取完成，共 32 条，已保存到 reports/2026-09-20-16-raw.json
2026-09-20 08:01:08 [INFO] 🤖 开始 AI 筛选 2026-09-20 16:00 币圈消息
2026-09-20 08:01:08 [INFO] 📋 已加载原始新闻: reports/2026-09-20-16-raw.json (32 条)
2026-09-20 08:01:08 [INFO] 📚 已加载历史新闻标题（17846 字符）
2026-09-20 08:01:08 [INFO] 📚 已加载历史筛选标题 0 条、URL 0 个，用于去重
2026-09-20 08:01:08 [INFO] 🔄 尝试 AI 提供商: deepseek
2026-09-20 08:01:08 [INFO] 🤖 使用 AI 提供商: deepseek (模型: deepseek-v4-flash)
2026-09-20 08:01:08 [INFO] 🤖 AI 筛选 [[deepseek] 1/6 策略=仅标题+链接 retry=0]（32 条，6299 字符，temp=0.3）
2026-09-20 08:01:09 [ERROR] AI 调用异常 ([deepseek] 1/6 策略=仅标题+链接 retry=0): Error code: 401 - {'error': {'message': 'Authentication Fails, Your api key: ****df0d is invalid', 'type': 'authentication_error', 'param': None, 'code': 'invalid_request_error'}}
2026-09-20 08:01:09 [WARNING] [[deepseek] 1/6 策略=仅标题+链接 retry=0] AI 调用失败或解析失败，继续下一次尝试
2026-09-20 08:01:09 [INFO] 🤖 AI 筛选 [[deepseek] 2/6 策略=仅标题+链接 retry=1]（32 条，6299 字符，temp=0.3）
2026-09-20 08:01:09 [ERROR] AI 调用异常 ([deepseek] 2/6 策略=仅标题+链接 retry=1): Error code: 401 - {'error': {'message': 'Authentication Fails, Your api key: ****df0d is invalid', 'type': 'authentication_error', 'param': None, 'code': 'invalid_request_error'}}
2026-09-20 08:01:09 [WARNING] [[deepseek] 2/6 策略=仅标题+链接 retry=1] AI 调用失败或解析失败，继续下一次尝试
2026-09-20 08:01:09 [INFO] 🤖 AI 筛选 [[deepseek] 3/6 策略=仅标题+链接 retry=2]（32 条，6299 字符，temp=0.3）
2026-09-20 08:01:10 [ERROR] AI 调用异常 ([deepseek] 3/6 策略=仅标题+链接 retry=2): Error code: 401 - {'error': {'message': 'Authentication Fails, Your api key: ****df0d is invalid', 'type': 'authentication_error', 'param': None, 'code': 'invalid_request_error'}}
2026-09-20 08:01:10 [WARNING] [[deepseek] 3/6 策略=仅标题+链接 retry=2] AI 调用失败或解析失败，继续下一次尝试
2026-09-20 08:01:10 [INFO] 🤖 AI 筛选 [[deepseek] 4/6 策略=完整内容 retry=0]（32 条，9879 字符，temp=0.3）
2026-09-20 08:01:10 [ERROR] AI 调用异常 ([deepseek] 4/6 策略=完整内容 retry=0): Error code: 401 - {'error': {'message': 'Authentication Fails, Your api key: ****df0d is invalid', 'type': 'authentication_error', 'param': None, 'code': 'invalid_request_error'}}
2026-09-20 08:01:10 [WARNING] [[deepseek] 4/6 策略=完整内容 retry=0] AI 调用失败或解析失败，继续下一次尝试
2026-09-20 08:01:10 [INFO] 🤖 AI 筛选 [[deepseek] 5/6 策略=完整内容 retry=1]（32 条，9879 字符，temp=0.3）
2026-09-20 08:01:11 [ERROR] AI 调用异常 ([deepseek] 5/6 策略=完整内容 retry=1): Error code: 401 - {'error': {'message': 'Authentication Fails, Your api key: ****df0d is invalid', 'type': 'authentication_error', 'param': None, 'code': 'invalid_request_error'}}
2026-09-20 08:01:11 [WARNING] [[deepseek] 5/6 策略=完整内容 retry=1] AI 调用失败或解析失败，继续下一次尝试
2026-09-20 08:01:11 [INFO] 🤖 AI 筛选 [[deepseek] 6/6 策略=仅标题（无历史） retry=0]（32 条，6299 字符，temp=0.3）
2026-09-20 08:01:11 [ERROR] AI 调用异常 ([deepseek] 6/6 策略=仅标题（无历史） retry=0): Error code: 401 - {'error': {'message': 'Authentication Fails, Your api key: ****df0d is invalid', 'type': 'authentication_error', 'param': None, 'code': 'invalid_request_error'}}
2026-09-20 08:01:11 [WARNING] [[deepseek] 6/6 策略=仅标题（无历史） retry=0] AI 调用失败或解析失败，继续下一次尝试
2026-09-20 08:01:11 [WARNING] [deepseek] 已达最大尝试次数 6，停止
2026-09-20 08:01:11 [INFO] ⚠️ deepseek 未能产出满意结果，尝试下一个提供商
2026-09-20 08:01:11 [INFO] 🔄 尝试 AI 提供商: zhipu
2026-09-20 08:01:11 [ERROR] 未设置环境变量 ZHIPU_API_KEY，无法使用 zhipu
2026-09-20 08:01:11 [INFO] ⚠️ zhipu 未能产出满意结果，尝试下一个提供商
2026-09-20 08:01:11 [INFO] 🔄 尝试 AI 提供商: kimi
2026-09-20 08:01:11 [ERROR] 未设置环境变量 KIMI_API_KEY，无法使用 kimi
2026-09-20 08:01:11 [INFO] ⚠️ kimi 未能产出满意结果，尝试下一个提供商
2026-09-20 08:01:11 [INFO] 🔄 尝试 AI 提供商: huoshan
2026-09-20 08:01:11 [ERROR] 未设置环境变量 HUOSHAN_API_KEY，无法使用 huoshan
2026-09-20 08:01:11 [INFO] ⚠️ huoshan 未能产出满意结果，尝试下一个提供商
2026-09-20 08:01:11 [ERROR] ❌ 所有提供商均失败，返回空列表
2026-09-20 08:01:11 [INFO] 📦 JSON 已保存: reports/2026-09-20-16.json
2026-09-20 08:01:11 [INFO] ✅ AI 筛选完成，共 0 条交易相关消息
2026-09-20 09:00:53 [INFO] 🚀 开始抓取 2026-09-20 17:00 币圈新闻
2026-09-20 09:00:54 [INFO] 📡 抓取 RSS 新闻源...
2026-09-20 09:00:54 [INFO] 📡 抓取交易所公告 & 链上数据...
2026-09-20 09:00:54 [INFO]   ⏭ The Block: 过滤掉 20 条非近期新闻
2026-09-20 09:00:54 [INFO]   ⏭ Decrypt: 过滤掉 37 条非近期新闻
2026-09-20 09:00:54 [INFO]   ⏭ CoinTelegraph: 过滤掉 29 条非近期新闻
2026-09-20 09:00:54 [INFO]   ⏭ Bitcoin Magazine: 过滤掉 10 条非近期新闻
2026-09-20 09:00:54 [INFO]   ⏭ Reuters Crypto: 过滤掉 50 条非近期新闻
2026-09-20 09:00:54 [INFO]   ⏭ CoinDesk: 过滤掉 25 条非近期新闻
2026-09-20 09:00:54 [INFO]   ⏭ CNBC Crypto: 过滤掉 50 条非近期新闻
2026-09-20 09:00:54 [WARNING] 解析失败 Bitget公告: 'NoneType' object is not subscriptable
2026-09-20 09:00:54 [INFO]   ⏭ 宏观经济: 过滤掉 49 条非近期新闻
2026-09-20 09:00:54 [INFO]   ⏭ Reddit r/cryptocurrency: 过滤掉 24 条非近期新闻
2026-09-20 09:00:54 [INFO]   ⏭ Bloomberg Crypto: 过滤掉 50 条非近期新闻
2026-09-20 09:00:55 [INFO]   ⏭ Blockworks: 过滤掉 50 条非近期新闻
2026-09-20 09:00:55 [INFO]   ⏭ Decrypt: 过滤掉 50 条非近期新闻
2026-09-20 09:00:55 [INFO]   ⏭ DL News: 过滤掉 50 条非近期新闻
2026-09-20 09:00:55 [INFO]   ⏭ 律动BlockBeats: 过滤掉 13 条非近期新闻
2026-09-20 09:00:55 [INFO]   ⏭ Bitcoin Magazine: 过滤掉 50 条非近期新闻
2026-09-20 09:00:55 [INFO]   ⏭ Blockworks: 过滤掉 2 条非近期新闻
2026-09-20 09:00:55 [INFO]   ⏭ 雪球加密: 过滤掉 50 条非近期新闻
2026-09-20 09:00:55 [INFO]   ⏭ DeFi Llama: 过滤掉 50 条非近期新闻
2026-09-20 09:00:55 [INFO]   ⏭ 吴说区块链: 过滤掉 50 条非近期新闻
2026-09-20 09:00:55 [INFO]   ⏭ The Block: 过滤掉 50 条非近期新闻
2026-09-20 09:00:55 [INFO]   ⏭ CoinDesk: 过滤掉 50 条非近期新闻
2026-09-20 09:00:55 [INFO]   ⏭ Crypto Twitter: 过滤掉 50 条非近期新闻
2026-09-20 09:01:10 [DEBUG] 请求失败 https://rsshub.rssforever.com/panewslab/news: 
2026-09-20 09:01:10 [DEBUG] 请求失败 https://rsshub.rssforever.com/jinse/lives: 
2026-09-20 09:01:10 [DEBUG] 请求失败 https://rsshub.rssforever.com/bloomberg/crypto: 
2026-09-20 09:01:10 [INFO]   ⏭ PANews: 过滤掉 50 条非近期新闻
2026-09-20 09:01:10 [INFO]   ✓ CoinDesk: 0 条
2026-09-20 09:01:10 [INFO]   ✓ The Block: 0 条
2026-09-20 09:01:10 [INFO]   ✓ Decrypt: 0 条
2026-09-20 09:01:10 [INFO]   ✓ CoinTelegraph: 1 条
2026-09-20 09:01:10 [INFO]   ✓ Bitcoin Magazine: 0 条
2026-09-20 09:01:10 [INFO]   ✓ Blockworks: 0 条
2026-09-20 09:01:10 [INFO]   ✓ DL News: 0 条
2026-09-20 09:01:10 [INFO]   ✓ 金色财经: 0 条
2026-09-20 09:01:10 [INFO]   ✓ PANews: 0 条
2026-09-20 09:01:10 [INFO]   ✓ 律动BlockBeats: 7 条
2026-09-20 09:01:10 [INFO]   ✓ 吴说区块链: 0 条
2026-09-20 09:01:10 [INFO]   ✓ Bloomberg Crypto: 0 条
2026-09-20 09:01:10 [INFO]   ✓ Reuters Crypto: 0 条
2026-09-20 09:01:10 [INFO]   ✓ CNBC Crypto: 0 条
2026-09-20 09:01:10 [INFO]   ✓ Reddit r/cryptocurrency: 1 条
2026-09-20 09:01:10 [INFO]   ✓ Reddit r/bitcoin: 0 条
2026-09-20 09:01:10 [INFO]   ✓ Crypto Twitter: 0 条
2026-09-20 09:01:10 [INFO]   ✓ 宏观经济: 1 条
2026-09-20 09:01:10 [INFO]   ✓ Binance公告: 20 条
2026-09-20 09:01:10 [INFO]   ✓ OKX公告: 0 条
2026-09-20 09:01:10 [INFO]   ✓ Bitget公告: 0 条
2026-09-20 09:01:10 [INFO]   ✓ Whale Alert: 0 条
2026-09-20 09:01:10 [INFO]   ✓ Fear & Greed Index: 1 条
2026-09-20 09:01:10 [INFO]   ✓ DeFi Llama: 0 条
2026-09-20 09:01:10 [INFO]   ✓ 雪球加密: 0 条
2026-09-20 09:01:10 [INFO] 📊 共抓取 31 条新闻
2026-09-20 09:01:10 [INFO] 📋 原始新闻已保存: reports/2026-09-20-17-raw.json (31 条)
2026-09-20 09:01:10 [INFO] 📋 标题摘要已保存: reports/2026-09-20-17-raw-titles.md
2026-09-20 09:01:10 [INFO] ✅ 抓取完成，共 31 条，已保存到 reports/2026-09-20-17-raw.json
2026-09-20 09:01:11 [INFO] 🤖 开始 AI 筛选 2026-09-20 17:00 币圈消息
2026-09-20 09:01:11 [INFO] 📋 已加载原始新闻: reports/2026-09-20-17-raw.json (31 条)
2026-09-20 09:01:11 [INFO] 📚 已加载历史新闻标题（17263 字符）
2026-09-20 09:01:11 [INFO] 📚 已加载历史筛选标题 0 条、URL 0 个，用于去重
2026-09-20 09:01:11 [INFO] 🔄 尝试 AI 提供商: deepseek
2026-09-20 09:01:11 [INFO] 🤖 使用 AI 提供商: deepseek (模型: deepseek-v4-flash)
2026-09-20 09:01:11 [INFO] 🤖 AI 筛选 [[deepseek] 1/6 策略=仅标题+链接 retry=0]（31 条，5362 字符，temp=0.3）
2026-09-20 09:01:12 [ERROR] AI 调用异常 ([deepseek] 1/6 策略=仅标题+链接 retry=0): Error code: 401 - {'error': {'message': 'Authentication Fails, Your api key: ****df0d is invalid', 'type': 'authentication_error', 'param': None, 'code': 'invalid_request_error'}}
2026-09-20 09:01:12 [WARNING] [[deepseek] 1/6 策略=仅标题+链接 retry=0] AI 调用失败或解析失败，继续下一次尝试
2026-09-20 09:01:12 [INFO] 🤖 AI 筛选 [[deepseek] 2/6 策略=仅标题+链接 retry=1]（31 条，5362 字符，temp=0.3）
2026-09-20 09:01:12 [ERROR] AI 调用异常 ([deepseek] 2/6 策略=仅标题+链接 retry=1): Error code: 401 - {'error': {'message': 'Authentication Fails, Your api key: ****df0d is invalid', 'type': 'authentication_error', 'param': None, 'code': 'invalid_request_error'}}
2026-09-20 09:01:12 [WARNING] [[deepseek] 2/6 策略=仅标题+链接 retry=1] AI 调用失败或解析失败，继续下一次尝试
2026-09-20 09:01:12 [INFO] 🤖 AI 筛选 [[deepseek] 3/6 策略=仅标题+链接 retry=2]（31 条，5362 字符，temp=0.3）
2026-09-20 09:01:12 [ERROR] AI 调用异常 ([deepseek] 3/6 策略=仅标题+链接 retry=2): Error code: 401 - {'error': {'message': 'Authentication Fails, Your api key: ****df0d is invalid', 'type': 'authentication_error', 'param': None, 'code': 'invalid_request_error'}}
2026-09-20 09:01:12 [WARNING] [[deepseek] 3/6 策略=仅标题+链接 retry=2] AI 调用失败或解析失败，继续下一次尝试
2026-09-20 09:01:12 [INFO] 🤖 AI 筛选 [[deepseek] 4/6 策略=完整内容 retry=0]（31 条，8930 字符，temp=0.3）
2026-09-20 09:01:13 [ERROR] AI 调用异常 ([deepseek] 4/6 策略=完整内容 retry=0): Error code: 401 - {'error': {'message': 'Authentication Fails, Your api key: ****df0d is invalid', 'type': 'authentication_error', 'param': None, 'code': 'invalid_request_error'}}
2026-09-20 09:01:13 [WARNING] [[deepseek] 4/6 策略=完整内容 retry=0] AI 调用失败或解析失败，继续下一次尝试
2026-09-20 09:01:13 [INFO] 🤖 AI 筛选 [[deepseek] 5/6 策略=完整内容 retry=1]（31 条，8930 字符，temp=0.3）
2026-09-20 09:01:13 [ERROR] AI 调用异常 ([deepseek] 5/6 策略=完整内容 retry=1): Error code: 401 - {'error': {'message': 'Authentication Fails, Your api key: ****df0d is invalid', 'type': 'authentication_error', 'param': None, 'code': 'invalid_request_error'}}
2026-09-20 09:01:13 [WARNING] [[deepseek] 5/6 策略=完整内容 retry=1] AI 调用失败或解析失败，继续下一次尝试
2026-09-20 09:01:13 [INFO] 🤖 AI 筛选 [[deepseek] 6/6 策略=仅标题（无历史） retry=0]（31 条，5362 字符，temp=0.3）
2026-09-20 09:01:14 [ERROR] AI 调用异常 ([deepseek] 6/6 策略=仅标题（无历史） retry=0): Error code: 401 - {'error': {'message': 'Authentication Fails, Your api key: ****df0d is invalid', 'type': 'authentication_error', 'param': None, 'code': 'invalid_request_error'}}
2026-09-20 09:01:14 [WARNING] [[deepseek] 6/6 策略=仅标题（无历史） retry=0] AI 调用失败或解析失败，继续下一次尝试
2026-09-20 09:01:14 [WARNING] [deepseek] 已达最大尝试次数 6，停止
2026-09-20 09:01:14 [INFO] ⚠️ deepseek 未能产出满意结果，尝试下一个提供商
2026-09-20 09:01:14 [INFO] 🔄 尝试 AI 提供商: zhipu
2026-09-20 09:01:14 [ERROR] 未设置环境变量 ZHIPU_API_KEY，无法使用 zhipu
2026-09-20 09:01:14 [INFO] ⚠️ zhipu 未能产出满意结果，尝试下一个提供商
2026-09-20 09:01:14 [INFO] 🔄 尝试 AI 提供商: kimi
2026-09-20 09:01:14 [ERROR] 未设置环境变量 KIMI_API_KEY，无法使用 kimi
2026-09-20 09:01:14 [INFO] ⚠️ kimi 未能产出满意结果，尝试下一个提供商
2026-09-20 09:01:14 [INFO] 🔄 尝试 AI 提供商: huoshan
2026-09-20 09:01:14 [ERROR] 未设置环境变量 HUOSHAN_API_KEY，无法使用 huoshan
2026-09-20 09:01:14 [INFO] ⚠️ huoshan 未能产出满意结果，尝试下一个提供商
2026-09-20 09:01:14 [ERROR] ❌ 所有提供商均失败，返回空列表
2026-09-20 09:01:14 [INFO] 📦 JSON 已保存: reports/2026-09-20-17.json
2026-09-20 09:01:14 [INFO] ✅ AI 筛选完成，共 0 条交易相关消息
2026-09-20 10:00:50 [INFO] 🚀 开始抓取 2026-09-20 18:00 币圈新闻
2026-09-20 10:00:50 [INFO] 📡 抓取 RSS 新闻源...
2026-09-20 10:00:50 [INFO] 📡 抓取交易所公告 & 链上数据...
2026-09-20 10:00:50 [INFO]   ⏭ The Block: 过滤掉 20 条非近期新闻
2026-09-20 10:00:50 [INFO]   ⏭ Decrypt: 过滤掉 37 条非近期新闻
2026-09-20 10:00:50 [INFO]   ⏭ CoinTelegraph: 过滤掉 29 条非近期新闻
2026-09-20 10:00:51 [INFO]   ⏭ Bloomberg Crypto: 过滤掉 50 条非近期新闻
2026-09-20 10:00:51 [INFO]   ⏭ 宏观经济: 过滤掉 48 条非近期新闻
2026-09-20 10:00:51 [INFO]   ⏭ Reuters Crypto: 过滤掉 50 条非近期新闻
2026-09-20 10:00:51 [INFO]   ⏭ CNBC Crypto: 过滤掉 50 条非近期新闻
2026-09-20 10:00:51 [WARNING] 解析失败 Bitget公告: 'NoneType' object is not subscriptable
2026-09-20 10:00:51 [INFO]   ⏭ Reddit r/bitcoin: 过滤掉 24 条非近期新闻
2026-09-20 10:00:51 [INFO]   ⏭ Bitcoin Magazine: 过滤掉 10 条非近期新闻
2026-09-20 10:00:51 [INFO]   ⏭ CoinDesk: 过滤掉 25 条非近期新闻
2026-09-20 10:00:51 [INFO]   ⏭ 金色财经: 过滤掉 4 条非近期新闻
2026-09-20 10:00:51 [INFO]   ⏭ 雪球加密: 过滤掉 49 条非近期新闻
2026-09-20 10:00:51 [INFO]   ⏭ Blockworks: 过滤掉 50 条非近期新闻
2026-09-20 10:00:51 [INFO]   ⏭ DL News: 过滤掉 50 条非近期新闻
2026-09-20 10:00:51 [INFO]   ⏭ Decrypt: 过滤掉 50 条非近期新闻
2026-09-20 10:00:52 [INFO]   ⏭ DeFi Llama: 过滤掉 50 条非近期新闻
2026-09-20 10:00:52 [INFO]   ⏭ Bitcoin Magazine: 过滤掉 50 条非近期新闻
2026-09-20 10:00:52 [INFO]   ⏭ Blockworks: 过滤掉 2 条非近期新闻
2026-09-20 10:00:52 [INFO]   ⏭ 吴说区块链: 过滤掉 50 条非近期新闻
2026-09-20 10:00:52 [INFO]   ⏭ The Block: 过滤掉 50 条非近期新闻
2026-09-20 10:00:52 [INFO]   ⏭ CoinDesk: 过滤掉 50 条非近期新闻
2026-09-20 10:00:52 [INFO]   ⏭ Crypto Twitter: 过滤掉 49 条非近期新闻
2026-09-20 10:00:52 [INFO]   ⏭ PANews: 过滤掉 50 条非近期新闻
2026-09-20 10:00:52 [INFO]   ⏭ 律动BlockBeats: 过滤掉 13 条非近期新闻
2026-09-20 10:00:52 [INFO]   ✓ CoinDesk: 0 条
2026-09-20 10:00:52 [INFO]   ✓ The Block: 0 条
2026-09-20 10:00:52 [INFO]   ✓ Decrypt: 0 条
2026-09-20 10:00:52 [INFO]   ✓ CoinTelegraph: 1 条
2026-09-20 10:00:52 [INFO]   ✓ Bitcoin Magazine: 0 条
2026-09-20 10:00:52 [INFO]   ✓ Blockworks: 0 条
2026-09-20 10:00:52 [INFO]   ✓ DL News: 0 条
2026-09-20 10:00:52 [INFO]   ✓ 金色财经: 6 条
2026-09-20 10:00:52 [INFO]   ✓ PANews: 0 条
2026-09-20 10:00:52 [INFO]   ✓ 律动BlockBeats: 7 条
2026-09-20 10:00:52 [INFO]   ✓ 吴说区块链: 0 条
2026-09-20 10:00:52 [INFO]   ✓ Bloomberg Crypto: 0 条
2026-09-20 10:00:52 [INFO]   ✓ Reuters Crypto: 0 条
2026-09-20 10:00:52 [INFO]   ✓ CNBC Crypto: 0 条
2026-09-20 10:00:52 [INFO]   ✓ Reddit r/cryptocurrency: 0 条
2026-09-20 10:00:52 [INFO]   ✓ Reddit r/bitcoin: 1 条
2026-09-20 10:00:52 [INFO]   ✓ Crypto Twitter: 1 条
2026-09-20 10:00:52 [INFO]   ✓ 宏观经济: 2 条
2026-09-20 10:00:52 [INFO]   ✓ Binance公告: 20 条
2026-09-20 10:00:52 [INFO]   ✓ OKX公告: 0 条
2026-09-20 10:00:52 [INFO]   ✓ Bitget公告: 0 条
2026-09-20 10:00:52 [INFO]   ✓ Whale Alert: 0 条
2026-09-20 10:00:52 [INFO]   ✓ Fear & Greed Index: 1 条
2026-09-20 10:00:52 [INFO]   ✓ DeFi Llama: 0 条
2026-09-20 10:00:52 [INFO]   ✓ 雪球加密: 1 条
2026-09-20 10:00:52 [INFO] 📊 共抓取 40 条新闻
2026-09-20 10:00:52 [INFO] 📋 原始新闻已保存: reports/2026-09-20-18-raw.json (40 条)
2026-09-20 10:00:52 [INFO] 📋 标题摘要已保存: reports/2026-09-20-18-raw-titles.md
2026-09-20 10:00:52 [INFO] ✅ 抓取完成，共 40 条，已保存到 reports/2026-09-20-18-raw.json
2026-09-20 10:00:53 [INFO] 🤖 开始 AI 筛选 2026-09-20 18:00 币圈消息
2026-09-20 10:00:53 [INFO] 📋 已加载原始新闻: reports/2026-09-20-18-raw.json (40 条)
2026-09-20 10:00:53 [INFO] 📚 已加载历史新闻标题（16113 字符）
2026-09-20 10:00:53 [INFO] 📚 已加载历史筛选标题 0 条、URL 0 个，用于去重
2026-09-20 10:00:53 [INFO] 🔄 尝试 AI 提供商: deepseek
2026-09-20 10:00:53 [INFO] 🤖 使用 AI 提供商: deepseek (模型: deepseek-v4-flash)
2026-09-20 10:00:53 [INFO] 🤖 AI 筛选 [[deepseek] 1/6 策略=仅标题+链接 retry=0]（40 条，6848 字符，temp=0.3）
2026-09-20 10:00:54 [ERROR] AI 调用异常 ([deepseek] 1/6 策略=仅标题+链接 retry=0): Error code: 401 - {'error': {'message': 'Authentication Fails, Your api key: ****df0d is invalid', 'type': 'authentication_error', 'param': None, 'code': 'invalid_request_error'}}
2026-09-20 10:00:54 [WARNING] [[deepseek] 1/6 策略=仅标题+链接 retry=0] AI 调用失败或解析失败，继续下一次尝试
2026-09-20 10:00:54 [INFO] 🤖 AI 筛选 [[deepseek] 2/6 策略=仅标题+链接 retry=1]（40 条，6848 字符，temp=0.3）
2026-09-20 10:00:54 [ERROR] AI 调用异常 ([deepseek] 2/6 策略=仅标题+链接 retry=1): Error code: 401 - {'error': {'message': 'Authentication Fails, Your api key: ****df0d is invalid', 'type': 'authentication_error', 'param': None, 'code': 'invalid_request_error'}}
2026-09-20 10:00:54 [WARNING] [[deepseek] 2/6 策略=仅标题+链接 retry=1] AI 调用失败或解析失败，继续下一次尝试
2026-09-20 10:00:54 [INFO] 🤖 AI 筛选 [[deepseek] 3/6 策略=仅标题+链接 retry=2]（40 条，6848 字符，temp=0.3）
2026-09-20 10:00:54 [ERROR] AI 调用异常 ([deepseek] 3/6 策略=仅标题+链接 retry=2): Error code: 401 - {'error': {'message': 'Authentication Fails, Your api key: ****df0d is invalid', 'type': 'authentication_error', 'param': None, 'code': 'invalid_request_error'}}
2026-09-20 10:00:54 [WARNING] [[deepseek] 3/6 策略=仅标题+链接 retry=2] AI 调用失败或解析失败，继续下一次尝试
2026-09-20 10:00:54 [INFO] 🤖 AI 筛选 [[deepseek] 4/6 策略=完整内容 retry=0]（40 条，11838 字符，temp=0.3）
2026-09-20 10:00:55 [ERROR] AI 调用异常 ([deepseek] 4/6 策略=完整内容 retry=0): Error code: 401 - {'error': {'message': 'Authentication Fails, Your api key: ****df0d is invalid', 'type': 'authentication_error', 'param': None, 'code': 'invalid_request_error'}}
2026-09-20 10:00:55 [WARNING] [[deepseek] 4/6 策略=完整内容 retry=0] AI 调用失败或解析失败，继续下一次尝试
2026-09-20 10:00:55 [INFO] 🤖 AI 筛选 [[deepseek] 5/6 策略=完整内容 retry=1]（40 条，11838 字符，temp=0.3）
2026-09-20 10:00:55 [ERROR] AI 调用异常 ([deepseek] 5/6 策略=完整内容 retry=1): Error code: 401 - {'error': {'message': 'Authentication Fails, Your api key: ****df0d is invalid', 'type': 'authentication_error', 'param': None, 'code': 'invalid_request_error'}}
2026-09-20 10:00:55 [WARNING] [[deepseek] 5/6 策略=完整内容 retry=1] AI 调用失败或解析失败，继续下一次尝试
2026-09-20 10:00:55 [INFO] 🤖 AI 筛选 [[deepseek] 6/6 策略=仅标题（无历史） retry=0]（40 条，6848 字符，temp=0.3）
2026-09-20 10:00:55 [ERROR] AI 调用异常 ([deepseek] 6/6 策略=仅标题（无历史） retry=0): Error code: 401 - {'error': {'message': 'Authentication Fails, Your api key: ****df0d is invalid', 'type': 'authentication_error', 'param': None, 'code': 'invalid_request_error'}}
2026-09-20 10:00:55 [WARNING] [[deepseek] 6/6 策略=仅标题（无历史） retry=0] AI 调用失败或解析失败，继续下一次尝试
2026-09-20 10:00:55 [WARNING] [deepseek] 已达最大尝试次数 6，停止
2026-09-20 10:00:55 [INFO] ⚠️ deepseek 未能产出满意结果，尝试下一个提供商
2026-09-20 10:00:55 [INFO] 🔄 尝试 AI 提供商: zhipu
2026-09-20 10:00:55 [ERROR] 未设置环境变量 ZHIPU_API_KEY，无法使用 zhipu
2026-09-20 10:00:55 [INFO] ⚠️ zhipu 未能产出满意结果，尝试下一个提供商
2026-09-20 10:00:55 [INFO] 🔄 尝试 AI 提供商: kimi
2026-09-20 10:00:55 [ERROR] 未设置环境变量 KIMI_API_KEY，无法使用 kimi
2026-09-20 10:00:55 [INFO] ⚠️ kimi 未能产出满意结果，尝试下一个提供商
2026-09-20 10:00:55 [INFO] 🔄 尝试 AI 提供商: huoshan
2026-09-20 10:00:55 [ERROR] 未设置环境变量 HUOSHAN_API_KEY，无法使用 huoshan
2026-09-20 10:00:55 [INFO] ⚠️ huoshan 未能产出满意结果，尝试下一个提供商
2026-09-20 10:00:55 [ERROR] ❌ 所有提供商均失败，返回空列表
2026-09-20 10:00:55 [INFO] 📦 JSON 已保存: reports/2026-09-20-18.json
2026-09-20 10:00:55 [INFO] ✅ AI 筛选完成，共 0 条交易相关消息
2026-09-20 11:01:00 [INFO] 🚀 开始抓取 2026-09-20 19:00 币圈新闻
2026-09-20 11:01:00 [INFO] 📡 抓取 RSS 新闻源...
2026-09-20 11:01:00 [INFO] 📡 抓取交易所公告 & 链上数据...
2026-09-20 11:01:00 [INFO]   ⏭ Decrypt: 过滤掉 37 条非近期新闻
2026-09-20 11:01:00 [INFO]   ⏭ CoinTelegraph: 过滤掉 29 条非近期新闻
2026-09-20 11:01:00 [INFO]   ⏭ The Block: 过滤掉 20 条非近期新闻
2026-09-20 11:01:01 [INFO]   ⏭ Bitcoin Magazine: 过滤掉 10 条非近期新闻
2026-09-20 11:01:01 [WARNING] 解析失败 Bitget公告: 'NoneType' object is not subscriptable
2026-09-20 11:01:01 [INFO]   ⏭ Reuters Crypto: 过滤掉 50 条非近期新闻
2026-09-20 11:01:01 [INFO]   ⏭ CoinDesk: 过滤掉 25 条非近期新闻
2026-09-20 11:01:01 [INFO]   ⏭ 宏观经济: 过滤掉 50 条非近期新闻
2026-09-20 11:01:01 [INFO]   ⏭ CNBC Crypto: 过滤掉 50 条非近期新闻
2026-09-20 11:01:01 [INFO]   ⏭ Blockworks: 过滤掉 50 条非近期新闻
2026-09-20 11:01:01 [INFO]   ⏭ Decrypt: 过滤掉 50 条非近期新闻
2026-09-20 11:01:01 [INFO]   ⏭ Bloomberg Crypto: 过滤掉 50 条非近期新闻
2026-09-20 11:01:01 [INFO]   ⏭ 律动BlockBeats: 过滤掉 12 条非近期新闻
2026-09-20 11:01:01 [INFO]   ⏭ DL News: 过滤掉 50 条非近期新闻
2026-09-20 11:01:01 [INFO]   ⏭ 宏观经济: 过滤掉 50 条非近期新闻
2026-09-20 11:01:01 [INFO]   ⏭ Blockworks: 过滤掉 2 条非近期新闻
2026-09-20 11:01:01 [INFO]   ⏭ Reddit r/bitcoin: 过滤掉 25 条非近期新闻
2026-09-20 11:01:01 [INFO]   ⏭ Bitcoin Magazine: 过滤掉 50 条非近期新闻
2026-09-20 11:01:01 [INFO]   ⏭ 雪球加密: 过滤掉 49 条非近期新闻
2026-09-20 11:01:01 [INFO]   ⏭ DeFi Llama: 过滤掉 50 条非近期新闻
2026-09-20 11:01:01 [INFO]   ⏭ 吴说区块链: 过滤掉 50 条非近期新闻
2026-09-20 11:01:01 [INFO]   ⏭ The Block: 过滤掉 50 条非近期新闻
2026-09-20 11:01:02 [INFO]   ⏭ Crypto Twitter: 过滤掉 49 条非近期新闻
2026-09-20 11:01:02 [INFO]   ⏭ CoinDesk: 过滤掉 50 条非近期新闻
2026-09-20 11:01:16 [DEBUG] 请求失败 https://rsshub.rssforever.com/panewslab/news: 
2026-09-20 11:01:16 [DEBUG] 请求失败 https://rsshub.rssforever.com/jinse/lives: 
2026-09-20 11:01:16 [DEBUG] 请求失败 https://rsshub.rssforever.com/bloomberg/crypto: 
2026-09-20 11:01:16 [INFO]   ⏭ PANews: 过滤掉 50 条非近期新闻
2026-09-20 11:01:16 [INFO]   ✓ CoinDesk: 0 条
2026-09-20 11:01:16 [INFO]   ✓ The Block: 0 条
2026-09-20 11:01:16 [INFO]   ✓ Decrypt: 0 条
2026-09-20 11:01:16 [INFO]   ✓ CoinTelegraph: 1 条
2026-09-20 11:01:16 [INFO]   ✓ Bitcoin Magazine: 0 条
2026-09-20 11:01:16 [INFO]   ✓ Blockworks: 0 条
2026-09-20 11:01:16 [INFO]   ✓ DL News: 0 条
2026-09-20 11:01:16 [INFO]   ✓ 金色财经: 0 条
2026-09-20 11:01:16 [INFO]   ✓ PANews: 0 条
2026-09-20 11:01:16 [INFO]   ✓ 律动BlockBeats: 8 条
2026-09-20 11:01:16 [INFO]   ✓ 吴说区块链: 0 条
2026-09-20 11:01:16 [INFO]   ✓ Bloomberg Crypto: 0 条
2026-09-20 11:01:16 [INFO]   ✓ Reuters Crypto: 0 条
2026-09-20 11:01:16 [INFO]   ✓ CNBC Crypto: 0 条
2026-09-20 11:01:16 [INFO]   ✓ Reddit r/cryptocurrency: 0 条
2026-09-20 11:01:16 [INFO]   ✓ Reddit r/bitcoin: 0 条
2026-09-20 11:01:16 [INFO]   ✓ Crypto Twitter: 1 条
2026-09-20 11:01:16 [INFO]   ✓ 宏观经济: 0 条
2026-09-20 11:01:16 [INFO]   ✓ Binance公告: 20 条
2026-09-20 11:01:16 [INFO]   ✓ OKX公告: 0 条
2026-09-20 11:01:16 [INFO]   ✓ Bitget公告: 0 条
2026-09-20 11:01:16 [INFO]   ✓ Whale Alert: 0 条
2026-09-20 11:01:16 [INFO]   ✓ Fear & Greed Index: 1 条
2026-09-20 11:01:16 [INFO]   ✓ DeFi Llama: 0 条
2026-09-20 11:01:16 [INFO]   ✓ 雪球加密: 1 条
2026-09-20 11:01:16 [INFO] 📊 共抓取 32 条新闻
2026-09-20 11:01:16 [INFO] 📋 原始新闻已保存: reports/2026-09-20-19-raw.json (32 条)
2026-09-20 11:01:16 [INFO] 📋 标题摘要已保存: reports/2026-09-20-19-raw-titles.md
2026-09-20 11:01:16 [INFO] ✅ 抓取完成，共 32 条，已保存到 reports/2026-09-20-19-raw.json
2026-09-20 11:01:17 [INFO] 🤖 开始 AI 筛选 2026-09-20 19:00 币圈消息
2026-09-20 11:01:17 [INFO] 📋 已加载原始新闻: reports/2026-09-20-19-raw.json (32 条)
2026-09-20 11:01:17 [INFO] 📚 已加载历史新闻标题（16142 字符）
2026-09-20 11:01:17 [INFO] 📚 已加载历史筛选标题 0 条、URL 0 个，用于去重
2026-09-20 11:01:17 [INFO] 🔄 尝试 AI 提供商: deepseek
2026-09-20 11:01:17 [INFO] 🤖 使用 AI 提供商: deepseek (模型: deepseek-v4-flash)
2026-09-20 11:01:17 [INFO] 🤖 AI 筛选 [[deepseek] 1/6 策略=仅标题+链接 retry=0]（32 条，5587 字符，temp=0.3）
2026-09-20 11:01:18 [ERROR] AI 调用异常 ([deepseek] 1/6 策略=仅标题+链接 retry=0): Error code: 401 - {'error': {'message': 'Authentication Fails, Your api key: ****df0d is invalid', 'type': 'authentication_error', 'param': None, 'code': 'invalid_request_error'}}
2026-09-20 11:01:18 [WARNING] [[deepseek] 1/6 策略=仅标题+链接 retry=0] AI 调用失败或解析失败，继续下一次尝试
2026-09-20 11:01:18 [INFO] 🤖 AI 筛选 [[deepseek] 2/6 策略=仅标题+链接 retry=1]（32 条，5587 字符，temp=0.3）
2026-09-20 11:01:18 [ERROR] AI 调用异常 ([deepseek] 2/6 策略=仅标题+链接 retry=1): Error code: 401 - {'error': {'message': 'Authentication Fails, Your api key: ****df0d is invalid', 'type': 'authentication_error', 'param': None, 'code': 'invalid_request_error'}}
2026-09-20 11:01:18 [WARNING] [[deepseek] 2/6 策略=仅标题+链接 retry=1] AI 调用失败或解析失败，继续下一次尝试
2026-09-20 11:01:18 [INFO] 🤖 AI 筛选 [[deepseek] 3/6 策略=仅标题+链接 retry=2]（32 条，5587 字符，temp=0.3）
2026-09-20 11:01:18 [ERROR] AI 调用异常 ([deepseek] 3/6 策略=仅标题+链接 retry=2): Error code: 401 - {'error': {'message': 'Authentication Fails, Your api key: ****df0d is invalid', 'type': 'authentication_error', 'param': None, 'code': 'invalid_request_error'}}
2026-09-20 11:01:18 [WARNING] [[deepseek] 3/6 策略=仅标题+链接 retry=2] AI 调用失败或解析失败，继续下一次尝试
2026-09-20 11:01:18 [INFO] 🤖 AI 筛选 [[deepseek] 4/6 策略=完整内容 retry=0]（32 条，9258 字符，temp=0.3）
2026-09-20 11:01:19 [ERROR] AI 调用异常 ([deepseek] 4/6 策略=完整内容 retry=0): Error code: 401 - {'error': {'message': 'Authentication Fails, Your api key: ****df0d is invalid', 'type': 'authentication_error', 'param': None, 'code': 'invalid_request_error'}}
2026-09-20 11:01:19 [WARNING] [[deepseek] 4/6 策略=完整内容 retry=0] AI 调用失败或解析失败，继续下一次尝试
2026-09-20 11:01:19 [INFO] 🤖 AI 筛选 [[deepseek] 5/6 策略=完整内容 retry=1]（32 条，9258 字符，temp=0.3）
2026-09-20 11:01:19 [ERROR] AI 调用异常 ([deepseek] 5/6 策略=完整内容 retry=1): Error code: 401 - {'error': {'message': 'Authentication Fails, Your api key: ****df0d is invalid', 'type': 'authentication_error', 'param': None, 'code': 'invalid_request_error'}}
2026-09-20 11:01:19 [WARNING] [[deepseek] 5/6 策略=完整内容 retry=1] AI 调用失败或解析失败，继续下一次尝试
2026-09-20 11:01:19 [INFO] 🤖 AI 筛选 [[deepseek] 6/6 策略=仅标题（无历史） retry=0]（32 条，5587 字符，temp=0.3）
2026-09-20 11:01:19 [ERROR] AI 调用异常 ([deepseek] 6/6 策略=仅标题（无历史） retry=0): Error code: 401 - {'error': {'message': 'Authentication Fails, Your api key: ****df0d is invalid', 'type': 'authentication_error', 'param': None, 'code': 'invalid_request_error'}}
2026-09-20 11:01:19 [WARNING] [[deepseek] 6/6 策略=仅标题（无历史） retry=0] AI 调用失败或解析失败，继续下一次尝试
2026-09-20 11:01:19 [WARNING] [deepseek] 已达最大尝试次数 6，停止
2026-09-20 11:01:19 [INFO] ⚠️ deepseek 未能产出满意结果，尝试下一个提供商
2026-09-20 11:01:19 [INFO] 🔄 尝试 AI 提供商: zhipu
2026-09-20 11:01:19 [ERROR] 未设置环境变量 ZHIPU_API_KEY，无法使用 zhipu
2026-09-20 11:01:19 [INFO] ⚠️ zhipu 未能产出满意结果，尝试下一个提供商
2026-09-20 11:01:19 [INFO] 🔄 尝试 AI 提供商: kimi
2026-09-20 11:01:19 [ERROR] 未设置环境变量 KIMI_API_KEY，无法使用 kimi
2026-09-20 11:01:19 [INFO] ⚠️ kimi 未能产出满意结果，尝试下一个提供商
2026-09-20 11:01:19 [INFO] 🔄 尝试 AI 提供商: huoshan
2026-09-20 11:01:19 [ERROR] 未设置环境变量 HUOSHAN_API_KEY，无法使用 huoshan
2026-09-20 11:01:19 [INFO] ⚠️ huoshan 未能产出满意结果，尝试下一个提供商
2026-09-20 11:01:19 [ERROR] ❌ 所有提供商均失败，返回空列表
2026-09-20 11:01:19 [INFO] 📦 JSON 已保存: reports/2026-09-20-19.json
2026-09-20 11:01:19 [INFO] ✅ AI 筛选完成，共 0 条交易相关消息
2026-09-20 12:00:48 [INFO] 🚀 开始抓取 2026-09-20 20:00 币圈新闻
2026-09-20 12:00:48 [INFO] 📡 抓取 RSS 新闻源...
2026-09-20 12:00:48 [INFO] 📡 抓取交易所公告 & 链上数据...
2026-09-20 12:00:49 [INFO]   ⏭ Decrypt: 过滤掉 37 条非近期新闻
2026-09-20 12:00:49 [INFO]   ⏭ The Block: 过滤掉 20 条非近期新闻
2026-09-20 12:00:49 [INFO]   ⏭ CoinTelegraph: 过滤掉 30 条非近期新闻
2026-09-20 12:00:49 [INFO]   ⏭ Bitcoin Magazine: 过滤掉 10 条非近期新闻
2026-09-20 12:00:49 [INFO]   ⏭ Bloomberg Crypto: 过滤掉 50 条非近期新闻
2026-09-20 12:00:49 [INFO]   ⏭ 宏观经济: 过滤掉 50 条非近期新闻
2026-09-20 12:00:49 [INFO]   ⏭ CoinDesk: 过滤掉 23 条非近期新闻
2026-09-20 12:00:49 [INFO]   ⏭ Reuters Crypto: 过滤掉 50 条非近期新闻
2026-09-20 12:00:49 [WARNING] 解析失败 Bitget公告: 'NoneType' object is not subscriptable
2026-09-20 12:00:49 [INFO]   ⏭ CNBC Crypto: 过滤掉 49 条非近期新闻
2026-09-20 12:00:49 [INFO]   ⏭ 律动BlockBeats: 过滤掉 13 条非近期新闻
2026-09-20 12:00:49 [INFO]   ⏭ Reddit r/cryptocurrency: 过滤掉 24 条非近期新闻
2026-09-20 12:00:49 [INFO]   ⏭ DL News: 过滤掉 50 条非近期新闻
2026-09-20 12:00:49 [INFO]   ⏭ Blockworks: 过滤掉 50 条非近期新闻
2026-09-20 12:00:49 [INFO]   ⏭ Decrypt: 过滤掉 50 条非近期新闻
2026-09-20 12:00:50 [INFO]   ⏭ DeFi Llama: 过滤掉 50 条非近期新闻
2026-09-20 12:00:50 [INFO]   ⏭ 宏观经济: 过滤掉 50 条非近期新闻
2026-09-20 12:00:50 [INFO]   ⏭ 吴说区块链: 过滤掉 50 条非近期新闻
2026-09-20 12:00:50 [INFO]   ⏭ Bitcoin Magazine: 过滤掉 50 条非近期新闻
2026-09-20 12:00:50 [INFO]   ⏭ 雪球加密: 过滤掉 49 条非近期新闻
2026-09-20 12:00:50 [INFO]   ⏭ Blockworks: 过滤掉 2 条非近期新闻
2026-09-20 12:00:50 [INFO]   ⏭ The Block: 过滤掉 50 条非近期新闻
2026-09-20 12:00:50 [INFO]   ⏭ Crypto Twitter: 过滤掉 49 条非近期新闻
2026-09-20 12:01:04 [DEBUG] 请求失败 https://rsshub.rssforever.com/jinse/lives: 
2026-09-20 12:01:04 [DEBUG] 请求失败 https://rsshub.rssforever.com/panewslab/news: 
2026-09-20 12:01:04 [DEBUG] 请求失败 https://rsshub.rssforever.com/cointelegraph: 
2026-09-20 12:01:04 [DEBUG] 请求失败 https://rsshub.rssforever.com/bloomberg/crypto: 
2026-09-20 12:01:05 [INFO]   ⏭ CoinTelegraph: 过滤掉 50 条非近期新闻
2026-09-20 12:01:05 [INFO]   ⏭ PANews: 过滤掉 50 条非近期新闻
2026-09-20 12:01:05 [INFO]   ✓ CoinDesk: 2 条
2026-09-20 12:01:05 [INFO]   ✓ The Block: 0 条
2026-09-20 12:01:05 [INFO]   ✓ Decrypt: 0 条
2026-09-20 12:01:05 [INFO]   ✓ CoinTelegraph: 0 条
2026-09-20 12:01:05 [INFO]   ✓ Bitcoin Magazine: 0 条
2026-09-20 12:01:05 [INFO]   ✓ Blockworks: 0 条
2026-09-20 12:01:05 [INFO]   ✓ DL News: 0 条
2026-09-20 12:01:05 [INFO]   ✓ 金色财经: 0 条
2026-09-20 12:01:05 [INFO]   ✓ PANews: 0 条
2026-09-20 12:01:05 [INFO]   ✓ 律动BlockBeats: 7 条
2026-09-20 12:01:05 [INFO]   ✓ 吴说区块链: 0 条
2026-09-20 12:01:05 [INFO]   ✓ Bloomberg Crypto: 0 条
2026-09-20 12:01:05 [INFO]   ✓ Reuters Crypto: 0 条
2026-09-20 12:01:05 [INFO]   ✓ CNBC Crypto: 1 条
2026-09-20 12:01:05 [INFO]   ✓ Reddit r/cryptocurrency: 1 条
2026-09-20 12:01:05 [INFO]   ✓ Reddit r/bitcoin: 0 条
2026-09-20 12:01:05 [INFO]   ✓ Crypto Twitter: 1 条
2026-09-20 12:01:05 [INFO]   ✓ 宏观经济: 0 条
2026-09-20 12:01:05 [INFO]   ✓ Binance公告: 20 条
2026-09-20 12:01:05 [INFO]   ✓ OKX公告: 0 条
2026-09-20 12:01:05 [INFO]   ✓ Bitget公告: 0 条
2026-09-20 12:01:05 [INFO]   ✓ Whale Alert: 0 条
2026-09-20 12:01:05 [INFO]   ✓ Fear & Greed Index: 1 条
2026-09-20 12:01:05 [INFO]   ✓ DeFi Llama: 0 条
2026-09-20 12:01:05 [INFO]   ✓ 雪球加密: 1 条
2026-09-20 12:01:05 [INFO] 📊 共抓取 34 条新闻
2026-09-20 12:01:05 [INFO] 📋 原始新闻已保存: reports/2026-09-20-20-raw.json (34 条)
2026-09-20 12:01:05 [INFO] 📋 标题摘要已保存: reports/2026-09-20-20-raw-titles.md
2026-09-20 12:01:05 [INFO] ✅ 抓取完成，共 34 条，已保存到 reports/2026-09-20-20-raw.json
2026-09-20 12:01:05 [INFO] 🤖 开始 AI 筛选 2026-09-20 20:00 币圈消息
2026-09-20 12:01:05 [INFO] 📋 已加载原始新闻: reports/2026-09-20-20-raw.json (34 条)
2026-09-20 12:01:05 [INFO] 📚 已加载历史新闻标题（15830 字符）
2026-09-20 12:01:05 [INFO] 📚 已加载历史筛选标题 0 条、URL 0 个，用于去重
2026-09-20 12:01:05 [INFO] 🔄 尝试 AI 提供商: deepseek
2026-09-20 12:01:05 [INFO] 🤖 使用 AI 提供商: deepseek (模型: deepseek-v4-flash)
2026-09-20 12:01:05 [INFO] 🤖 AI 筛选 [[deepseek] 1/6 策略=仅标题+链接 retry=0]（34 条，6383 字符，temp=0.3）
2026-09-20 12:01:06 [ERROR] AI 调用异常 ([deepseek] 1/6 策略=仅标题+链接 retry=0): Error code: 401 - {'error': {'message': 'Authentication Fails, Your api key: ****df0d is invalid', 'type': 'authentication_error', 'param': None, 'code': 'invalid_request_error'}}
2026-09-20 12:01:06 [WARNING] [[deepseek] 1/6 策略=仅标题+链接 retry=0] AI 调用失败或解析失败，继续下一次尝试
2026-09-20 12:01:06 [INFO] 🤖 AI 筛选 [[deepseek] 2/6 策略=仅标题+链接 retry=1]（34 条，6383 字符，temp=0.3）
2026-09-20 12:01:06 [ERROR] AI 调用异常 ([deepseek] 2/6 策略=仅标题+链接 retry=1): Error code: 401 - {'error': {'message': 'Authentication Fails, Your api key: ****df0d is invalid', 'type': 'authentication_error', 'param': None, 'code': 'invalid_request_error'}}
2026-09-20 12:01:06 [WARNING] [[deepseek] 2/6 策略=仅标题+链接 retry=1] AI 调用失败或解析失败，继续下一次尝试
2026-09-20 12:01:06 [INFO] 🤖 AI 筛选 [[deepseek] 3/6 策略=仅标题+链接 retry=2]（34 条，6383 字符，temp=0.3）
2026-09-20 12:01:07 [ERROR] AI 调用异常 ([deepseek] 3/6 策略=仅标题+链接 retry=2): Error code: 401 - {'error': {'message': 'Authentication Fails, Your api key: ****df0d is invalid', 'type': 'authentication_error', 'param': None, 'code': 'invalid_request_error'}}
2026-09-20 12:01:07 [WARNING] [[deepseek] 3/6 策略=仅标题+链接 retry=2] AI 调用失败或解析失败，继续下一次尝试
2026-09-20 12:01:07 [INFO] 🤖 AI 筛选 [[deepseek] 4/6 策略=完整内容 retry=0]（34 条，10104 字符，temp=0.3）
2026-09-20 12:01:07 [ERROR] AI 调用异常 ([deepseek] 4/6 策略=完整内容 retry=0): Error code: 401 - {'error': {'message': 'Authentication Fails, Your api key: ****df0d is invalid', 'type': 'authentication_error', 'param': None, 'code': 'invalid_request_error'}}
2026-09-20 12:01:07 [WARNING] [[deepseek] 4/6 策略=完整内容 retry=0] AI 调用失败或解析失败，继续下一次尝试
2026-09-20 12:01:07 [INFO] 🤖 AI 筛选 [[deepseek] 5/6 策略=完整内容 retry=1]（34 条，10104 字符，temp=0.3）
2026-09-20 12:01:08 [ERROR] AI 调用异常 ([deepseek] 5/6 策略=完整内容 retry=1): Error code: 401 - {'error': {'message': 'Authentication Fails, Your api key: ****df0d is invalid', 'type': 'authentication_error', 'param': None, 'code': 'invalid_request_error'}}
2026-09-20 12:01:08 [WARNING] [[deepseek] 5/6 策略=完整内容 retry=1] AI 调用失败或解析失败，继续下一次尝试
2026-09-20 12:01:08 [INFO] 🤖 AI 筛选 [[deepseek] 6/6 策略=仅标题（无历史） retry=0]（34 条，6383 字符，temp=0.3）
2026-09-20 12:01:08 [ERROR] AI 调用异常 ([deepseek] 6/6 策略=仅标题（无历史） retry=0): Error code: 401 - {'error': {'message': 'Authentication Fails, Your api key: ****df0d is invalid', 'type': 'authentication_error', 'param': None, 'code': 'invalid_request_error'}}
2026-09-20 12:01:08 [WARNING] [[deepseek] 6/6 策略=仅标题（无历史） retry=0] AI 调用失败或解析失败，继续下一次尝试
2026-09-20 12:01:08 [WARNING] [deepseek] 已达最大尝试次数 6，停止
2026-09-20 12:01:08 [INFO] ⚠️ deepseek 未能产出满意结果，尝试下一个提供商
2026-09-20 12:01:08 [INFO] 🔄 尝试 AI 提供商: zhipu
2026-09-20 12:01:08 [ERROR] 未设置环境变量 ZHIPU_API_KEY，无法使用 zhipu
2026-09-20 12:01:08 [INFO] ⚠️ zhipu 未能产出满意结果，尝试下一个提供商
2026-09-20 12:01:08 [INFO] 🔄 尝试 AI 提供商: kimi
2026-09-20 12:01:08 [ERROR] 未设置环境变量 KIMI_API_KEY，无法使用 kimi
2026-09-20 12:01:08 [INFO] ⚠️ kimi 未能产出满意结果，尝试下一个提供商
2026-09-20 12:01:08 [INFO] 🔄 尝试 AI 提供商: huoshan
2026-09-20 12:01:08 [ERROR] 未设置环境变量 HUOSHAN_API_KEY，无法使用 huoshan
2026-09-20 12:01:08 [INFO] ⚠️ huoshan 未能产出满意结果，尝试下一个提供商
2026-09-20 12:01:08 [ERROR] ❌ 所有提供商均失败，返回空列表
2026-09-20 12:01:08 [INFO] 📦 JSON 已保存: reports/2026-09-20-20.json
2026-09-20 12:01:08 [INFO] ✅ AI 筛选完成，共 0 条交易相关消息
2026-09-20 13:00:53 [INFO] 🚀 开始抓取 2026-09-20 21:00 币圈新闻
2026-09-20 13:00:53 [INFO] 📡 抓取 RSS 新闻源...
2026-09-20 13:00:53 [INFO] 📡 抓取交易所公告 & 链上数据...
2026-09-20 13:00:53 [INFO]   ⏭ Decrypt: 过滤掉 37 条非近期新闻
2026-09-20 13:00:53 [INFO]   ⏭ CoinTelegraph: 过滤掉 29 条非近期新闻
2026-09-20 13:00:53 [INFO]   ⏭ The Block: 过滤掉 20 条非近期新闻
2026-09-20 13:00:53 [INFO]   ⏭ Bloomberg Crypto: 过滤掉 50 条非近期新闻
2026-09-20 13:00:54 [INFO]   ⏭ Bitcoin Magazine: 过滤掉 9 条非近期新闻
2026-09-20 13:00:54 [INFO]   ⏭ CoinDesk: 过滤掉 23 条非近期新闻
2026-09-20 13:00:54 [INFO]   ⏭ Reddit r/bitcoin: 过滤掉 22 条非近期新闻
2026-09-20 13:00:54 [WARNING] 解析失败 Bitget公告: 'NoneType' object is not subscriptable
2026-09-20 13:00:54 [INFO]   ⏭ Reuters Crypto: 过滤掉 50 条非近期新闻
2026-09-20 13:00:54 [INFO]   ⏭ CNBC Crypto: 过滤掉 46 条非近期新闻
2026-09-20 13:00:54 [INFO]   ⏭ 宏观经济: 过滤掉 50 条非近期新闻
2026-09-20 13:00:54 [INFO]   ⏭ DL News: 过滤掉 50 条非近期新闻
2026-09-20 13:00:54 [INFO]   ⏭ 律动BlockBeats: 过滤掉 13 条非近期新闻
2026-09-20 13:00:54 [INFO]   ⏭ Decrypt: 过滤掉 50 条非近期新闻
2026-09-20 13:00:54 [INFO]   ⏭ Blockworks: 过滤掉 50 条非近期新闻
2026-09-20 13:00:54 [INFO]   ⏭ 宏观经济: 过滤掉 50 条非近期新闻
2026-09-20 13:00:54 [INFO]   ⏭ 雪球加密: 过滤掉 48 条非近期新闻
2026-09-20 13:00:54 [INFO]   ⏭ DeFi Llama: 过滤掉 50 条非近期新闻
2026-09-20 13:00:54 [INFO]   ⏭ Blockworks: 过滤掉 2 条非近期新闻
2026-09-20 13:00:54 [INFO]   ⏭ 吴说区块链: 过滤掉 50 条非近期新闻
2026-09-20 13:00:55 [INFO]   ⏭ Crypto Twitter: 过滤掉 49 条非近期新闻
2026-09-20 13:00:55 [INFO]   ⏭ The Block: 过滤掉 50 条非近期新闻
2026-09-20 13:00:58 [INFO]   ⏭ PANews: 过滤掉 50 条非近期新闻
2026-09-20 13:01:04 [INFO]   ⏭ 金色财经: 过滤掉 11 条非近期新闻
2026-09-20 13:01:04 [INFO]   ✓ CoinDesk: 2 条
2026-09-20 13:01:04 [INFO]   ✓ The Block: 0 条
2026-09-20 13:01:04 [INFO]   ✓ Decrypt: 0 条
2026-09-20 13:01:04 [INFO]   ✓ CoinTelegraph: 1 条
2026-09-20 13:01:04 [INFO]   ✓ Bitcoin Magazine: 1 条
2026-09-20 13:01:04 [INFO]   ✓ Blockworks: 0 条
2026-09-20 13:01:04 [INFO]   ✓ DL News: 0 条
2026-09-20 13:01:04 [INFO]   ✓ 金色财经: 9 条
2026-09-20 13:01:04 [INFO]   ✓ PANews: 0 条
2026-09-20 13:01:04 [INFO]   ✓ 律动BlockBeats: 7 条
2026-09-20 13:01:04 [INFO]   ✓ 吴说区块链: 0 条
2026-09-20 13:01:04 [INFO]   ✓ Bloomberg Crypto: 0 条
2026-09-20 13:01:04 [INFO]   ✓ Reuters Crypto: 0 条
2026-09-20 13:01:04 [INFO]   ✓ CNBC Crypto: 4 条
2026-09-20 13:01:04 [INFO]   ✓ Reddit r/cryptocurrency: 0 条
2026-09-20 13:01:04 [INFO]   ✓ Reddit r/bitcoin: 3 条
2026-09-20 13:01:04 [INFO]   ✓ Crypto Twitter: 1 条
2026-09-20 13:01:04 [INFO]   ✓ 宏观经济: 0 条
2026-09-20 13:01:04 [INFO]   ✓ Binance公告: 20 条
2026-09-20 13:01:04 [INFO]   ✓ OKX公告: 0 条
2026-09-20 13:01:04 [INFO]   ✓ Bitget公告: 0 条
2026-09-20 13:01:04 [INFO]   ✓ Whale Alert: 0 条
2026-09-20 13:01:04 [INFO]   ✓ Fear & Greed Index: 1 条
2026-09-20 13:01:04 [INFO]   ✓ DeFi Llama: 0 条
2026-09-20 13:01:04 [INFO]   ✓ 雪球加密: 2 条
2026-09-20 13:01:04 [INFO] 📊 共抓取 51 条新闻
2026-09-20 13:01:04 [INFO] 📋 原始新闻已保存: reports/2026-09-20-21-raw.json (51 条)
2026-09-20 13:01:04 [INFO] 📋 标题摘要已保存: reports/2026-09-20-21-raw-titles.md
2026-09-20 13:01:04 [INFO] ✅ 抓取完成，共 51 条，已保存到 reports/2026-09-20-21-raw.json
2026-09-20 13:01:05 [INFO] 🤖 开始 AI 筛选 2026-09-20 21:00 币圈消息
2026-09-20 13:01:05 [INFO] 📋 已加载原始新闻: reports/2026-09-20-21-raw.json (51 条)
2026-09-20 13:01:05 [INFO] 📚 已加载历史新闻标题（16138 字符）
2026-09-20 13:01:05 [INFO] 📚 已加载历史筛选标题 0 条、URL 0 个，用于去重
2026-09-20 13:01:05 [INFO] 🔄 尝试 AI 提供商: deepseek
2026-09-20 13:01:05 [INFO] 🤖 使用 AI 提供商: deepseek (模型: deepseek-v4-flash)
2026-09-20 13:01:05 [INFO] 🤖 AI 筛选 [[deepseek] 1/6 策略=仅标题+链接 retry=0]（51 条，10042 字符，temp=0.3）
2026-09-20 13:01:05 [ERROR] AI 调用异常 ([deepseek] 1/6 策略=仅标题+链接 retry=0): Error code: 401 - {'error': {'message': 'Authentication Fails, Your api key: ****df0d is invalid', 'type': 'authentication_error', 'param': None, 'code': 'invalid_request_error'}}
2026-09-20 13:01:05 [WARNING] [[deepseek] 1/6 策略=仅标题+链接 retry=0] AI 调用失败或解析失败，继续下一次尝试
2026-09-20 13:01:05 [INFO] 🤖 AI 筛选 [[deepseek] 2/6 策略=仅标题+链接 retry=1]（51 条，10042 字符，temp=0.3）
2026-09-20 13:01:06 [ERROR] AI 调用异常 ([deepseek] 2/6 策略=仅标题+链接 retry=1): Error code: 401 - {'error': {'message': 'Authentication Fails, Your api key: ****df0d is invalid', 'type': 'authentication_error', 'param': None, 'code': 'invalid_request_error'}}
2026-09-20 13:01:06 [WARNING] [[deepseek] 2/6 策略=仅标题+链接 retry=1] AI 调用失败或解析失败，继续下一次尝试
2026-09-20 13:01:06 [INFO] 🤖 AI 筛选 [[deepseek] 3/6 策略=仅标题+链接 retry=2]（51 条，10042 字符，temp=0.3）
2026-09-20 13:01:06 [ERROR] AI 调用异常 ([deepseek] 3/6 策略=仅标题+链接 retry=2): Error code: 401 - {'error': {'message': 'Authentication Fails, Your api key: ****df0d is invalid', 'type': 'authentication_error', 'param': None, 'code': 'invalid_request_error'}}
2026-09-20 13:01:06 [WARNING] [[deepseek] 3/6 策略=仅标题+链接 retry=2] AI 调用失败或解析失败，继续下一次尝试
2026-09-20 13:01:06 [INFO] 🤖 AI 筛选 [[deepseek] 4/6 策略=完整内容 retry=0]（51 条，15804 字符，temp=0.3）
2026-09-20 13:01:06 [ERROR] AI 调用异常 ([deepseek] 4/6 策略=完整内容 retry=0): Error code: 401 - {'error': {'message': 'Authentication Fails, Your api key: ****df0d is invalid', 'type': 'authentication_error', 'param': None, 'code': 'invalid_request_error'}}
2026-09-20 13:01:06 [WARNING] [[deepseek] 4/6 策略=完整内容 retry=0] AI 调用失败或解析失败，继续下一次尝试
2026-09-20 13:01:06 [INFO] 🤖 AI 筛选 [[deepseek] 5/6 策略=完整内容 retry=1]（51 条，15804 字符，temp=0.3）
2026-09-20 13:01:07 [ERROR] AI 调用异常 ([deepseek] 5/6 策略=完整内容 retry=1): Error code: 401 - {'error': {'message': 'Authentication Fails, Your api key: ****df0d is invalid', 'type': 'authentication_error', 'param': None, 'code': 'invalid_request_error'}}
2026-09-20 13:01:07 [WARNING] [[deepseek] 5/6 策略=完整内容 retry=1] AI 调用失败或解析失败，继续下一次尝试
2026-09-20 13:01:07 [INFO] 🤖 AI 筛选 [[deepseek] 6/6 策略=仅标题（无历史） retry=0]（51 条，10042 字符，temp=0.3）
2026-09-20 13:01:07 [ERROR] AI 调用异常 ([deepseek] 6/6 策略=仅标题（无历史） retry=0): Error code: 401 - {'error': {'message': 'Authentication Fails, Your api key: ****df0d is invalid', 'type': 'authentication_error', 'param': None, 'code': 'invalid_request_error'}}
2026-09-20 13:01:07 [WARNING] [[deepseek] 6/6 策略=仅标题（无历史） retry=0] AI 调用失败或解析失败，继续下一次尝试
2026-09-20 13:01:07 [WARNING] [deepseek] 已达最大尝试次数 6，停止
2026-09-20 13:01:07 [INFO] ⚠️ deepseek 未能产出满意结果，尝试下一个提供商
2026-09-20 13:01:07 [INFO] 🔄 尝试 AI 提供商: zhipu
2026-09-20 13:01:07 [ERROR] 未设置环境变量 ZHIPU_API_KEY，无法使用 zhipu
2026-09-20 13:01:07 [INFO] ⚠️ zhipu 未能产出满意结果，尝试下一个提供商
2026-09-20 13:01:07 [INFO] 🔄 尝试 AI 提供商: kimi
2026-09-20 13:01:07 [ERROR] 未设置环境变量 KIMI_API_KEY，无法使用 kimi
2026-09-20 13:01:07 [INFO] ⚠️ kimi 未能产出满意结果，尝试下一个提供商
2026-09-20 13:01:07 [INFO] 🔄 尝试 AI 提供商: huoshan
2026-09-20 13:01:07 [ERROR] 未设置环境变量 HUOSHAN_API_KEY，无法使用 huoshan
2026-09-20 13:01:07 [INFO] ⚠️ huoshan 未能产出满意结果，尝试下一个提供商
2026-09-20 13:01:07 [ERROR] ❌ 所有提供商均失败，返回空列表
2026-09-20 13:01:07 [INFO] 📦 JSON 已保存: reports/2026-09-20-21.json
2026-09-20 13:01:07 [INFO] ✅ AI 筛选完成，共 0 条交易相关消息
2026-09-20 14:00:53 [INFO] 🚀 开始抓取 2026-09-20 22:00 币圈新闻
2026-09-20 14:00:53 [INFO] 📡 抓取 RSS 新闻源...
2026-09-20 14:00:53 [INFO] 📡 抓取交易所公告 & 链上数据...
2026-09-20 14:00:53 [INFO]   ⏭ Decrypt: 过滤掉 50 条非近期新闻
2026-09-20 14:00:53 [INFO]   ⏭ The Block: 过滤掉 20 条非近期新闻
2026-09-20 14:00:53 [INFO]   ⏭ CoinTelegraph: 过滤掉 30 条非近期新闻
2026-09-20 14:00:53 [WARNING] 解析失败 Bitget公告: 'NoneType' object is not subscriptable
2026-09-20 14:00:53 [INFO]   ⏭ Bloomberg Crypto: 过滤掉 50 条非近期新闻
2026-09-20 14:00:53 [INFO]   ⏭ 宏观经济: 过滤掉 50 条非近期新闻
2026-09-20 14:00:53 [INFO]   ⏭ CoinDesk: 过滤掉 25 条非近期新闻
2026-09-20 14:00:53 [INFO]   ⏭ Bitcoin Magazine: 过滤掉 5 条非近期新闻
2026-09-20 14:00:53 [INFO]   ⏭ CNBC Crypto: 过滤掉 48 条非近期新闻
2026-09-20 14:00:54 [INFO]   ⏭ Reddit r/bitcoin: 过滤掉 24 条非近期新闻
2026-09-20 14:00:54 [INFO]   ⏭ Reuters Crypto: 过滤掉 50 条非近期新闻
2026-09-20 14:00:54 [INFO]   ⏭ Blockworks: 过滤掉 50 条非近期新闻
2026-09-20 14:00:54 [INFO]   ⏭ DL News: 过滤掉 50 条非近期新闻
2026-09-20 14:00:54 [INFO]   ⏭ Decrypt: 过滤掉 50 条非近期新闻
2026-09-20 14:00:54 [INFO]   ⏭ 宏观经济: 过滤掉 50 条非近期新闻
2026-09-20 14:00:54 [INFO]   ⏭ Blockworks: 过滤掉 2 条非近期新闻
2026-09-20 14:00:54 [INFO]   ⏭ 律动BlockBeats: 过滤掉 13 条非近期新闻
2026-09-20 14:00:54 [INFO]   ⏭ DeFi Llama: 过滤掉 50 条非近期新闻
2026-09-20 14:00:54 [INFO]   ⏭ 雪球加密: 过滤掉 50 条非近期新闻
2026-09-20 14:00:55 [INFO]   ⏭ 吴说区块链: 过滤掉 50 条非近期新闻
2026-09-20 14:00:55 [INFO]   ⏭ Crypto Twitter: 过滤掉 43 条非近期新闻
2026-09-20 14:00:55 [INFO]   ⏭ CoinDesk: 过滤掉 50 条非近期新闻
2026-09-20 14:00:55 [INFO]   ⏭ The Block: 过滤掉 50 条非近期新闻
2026-09-20 14:00:57 [INFO]   ⏭ PANews: 过滤掉 50 条非近期新闻
2026-09-20 14:00:59 [INFO]   ⏭ CoinTelegraph: 过滤掉 24 条非近期新闻
2026-09-20 14:01:00 [INFO]   ⏭ CoinTelegraph: 过滤掉 50 条非近期新闻
2026-09-20 14:01:00 [INFO]   ✓ CoinDesk: 0 条
2026-09-20 14:01:00 [INFO]   ✓ The Block: 0 条
2026-09-20 14:01:00 [INFO]   ✓ Decrypt: 0 条
2026-09-20 14:01:00 [INFO]   ✓ CoinTelegraph: 0 条
2026-09-20 14:01:00 [INFO]   ✓ Bitcoin Magazine: 5 条
2026-09-20 14:01:00 [INFO]   ✓ Blockworks: 0 条
2026-09-20 14:01:00 [INFO]   ✓ DL News: 0 条
2026-09-20 14:01:00 [INFO]   ✓ 金色财经: 2 条
2026-09-20 14:01:00 [INFO]   ✓ PANews: 0 条
2026-09-20 14:01:00 [INFO]   ✓ 律动BlockBeats: 7 条
2026-09-20 14:01:00 [INFO]   ✓ 吴说区块链: 0 条
2026-09-20 14:01:00 [INFO]   ✓ Bloomberg Crypto: 0 条
2026-09-20 14:01:00 [INFO]   ✓ Reuters Crypto: 0 条
2026-09-20 14:01:00 [INFO]   ✓ CNBC Crypto: 2 条
2026-09-20 14:01:00 [INFO]   ✓ Reddit r/cryptocurrency: 0 条
2026-09-20 14:01:00 [INFO]   ✓ Reddit r/bitcoin: 1 条
2026-09-20 14:01:00 [INFO]   ✓ Crypto Twitter: 7 条
2026-09-20 14:01:00 [INFO]   ✓ 宏观经济: 0 条
2026-09-20 14:01:00 [INFO]   ✓ Binance公告: 20 条
2026-09-20 14:01:00 [INFO]   ✓ OKX公告: 0 条
2026-09-20 14:01:00 [INFO]   ✓ Bitget公告: 0 条
2026-09-20 14:01:00 [INFO]   ✓ Whale Alert: 0 条
2026-09-20 14:01:00 [INFO]   ✓ Fear & Greed Index: 1 条
2026-09-20 14:01:00 [INFO]   ✓ DeFi Llama: 0 条
2026-09-20 14:01:00 [INFO]   ✓ 雪球加密: 0 条
2026-09-20 14:01:00 [INFO] 📊 共抓取 45 条新闻
2026-09-20 14:01:00 [INFO] 📋 原始新闻已保存: reports/2026-09-20-22-raw.json (45 条)
2026-09-20 14:01:00 [INFO] 📋 标题摘要已保存: reports/2026-09-20-22-raw-titles.md
2026-09-20 14:01:00 [INFO] ✅ 抓取完成，共 45 条，已保存到 reports/2026-09-20-22-raw.json
2026-09-20 14:01:00 [INFO] 🤖 开始 AI 筛选 2026-09-20 22:00 币圈消息
2026-09-20 14:01:00 [INFO] 📋 已加载原始新闻: reports/2026-09-20-22-raw.json (45 条)
2026-09-20 14:01:00 [INFO] 📚 已加载历史新闻标题（17132 字符）
2026-09-20 14:01:00 [INFO] 📚 已加载历史筛选标题 0 条、URL 0 个，用于去重
2026-09-20 14:01:00 [INFO] 🔄 尝试 AI 提供商: deepseek
2026-09-20 14:01:00 [INFO] 🤖 使用 AI 提供商: deepseek (模型: deepseek-v4-flash)
2026-09-20 14:01:00 [INFO] 🤖 AI 筛选 [[deepseek] 1/6 策略=仅标题+链接 retry=0]（45 条，9977 字符，temp=0.3）
2026-09-20 14:01:01 [ERROR] AI 调用异常 ([deepseek] 1/6 策略=仅标题+链接 retry=0): Error code: 401 - {'error': {'message': 'Authentication Fails, Your api key: ****df0d is invalid', 'type': 'authentication_error', 'param': None, 'code': 'invalid_request_error'}}
2026-09-20 14:01:01 [WARNING] [[deepseek] 1/6 策略=仅标题+链接 retry=0] AI 调用失败或解析失败，继续下一次尝试
2026-09-20 14:01:01 [INFO] 🤖 AI 筛选 [[deepseek] 2/6 策略=仅标题+链接 retry=1]（45 条，9977 字符，temp=0.3）
2026-09-20 14:01:01 [ERROR] AI 调用异常 ([deepseek] 2/6 策略=仅标题+链接 retry=1): Error code: 401 - {'error': {'message': 'Authentication Fails, Your api key: ****df0d is invalid', 'type': 'authentication_error', 'param': None, 'code': 'invalid_request_error'}}
2026-09-20 14:01:01 [WARNING] [[deepseek] 2/6 策略=仅标题+链接 retry=1] AI 调用失败或解析失败，继续下一次尝试
2026-09-20 14:01:01 [INFO] 🤖 AI 筛选 [[deepseek] 3/6 策略=仅标题+链接 retry=2]（45 条，9977 字符，temp=0.3）
2026-09-20 14:01:02 [ERROR] AI 调用异常 ([deepseek] 3/6 策略=仅标题+链接 retry=2): Error code: 401 - {'error': {'message': 'Authentication Fails, Your api key: ****df0d is invalid', 'type': 'authentication_error', 'param': None, 'code': 'invalid_request_error'}}
2026-09-20 14:01:02 [WARNING] [[deepseek] 3/6 策略=仅标题+链接 retry=2] AI 调用失败或解析失败，继续下一次尝试
2026-09-20 14:01:02 [INFO] 🤖 AI 筛选 [[deepseek] 4/6 策略=完整内容 retry=0]（45 条，15045 字符，temp=0.3）
2026-09-20 14:01:02 [ERROR] AI 调用异常 ([deepseek] 4/6 策略=完整内容 retry=0): Error code: 401 - {'error': {'message': 'Authentication Fails, Your api key: ****df0d is invalid', 'type': 'authentication_error', 'param': None, 'code': 'invalid_request_error'}}
2026-09-20 14:01:02 [WARNING] [[deepseek] 4/6 策略=完整内容 retry=0] AI 调用失败或解析失败，继续下一次尝试
2026-09-20 14:01:02 [INFO] 🤖 AI 筛选 [[deepseek] 5/6 策略=完整内容 retry=1]（45 条，15045 字符，temp=0.3）
2026-09-20 14:01:02 [ERROR] AI 调用异常 ([deepseek] 5/6 策略=完整内容 retry=1): Error code: 401 - {'error': {'message': 'Authentication Fails, Your api key: ****df0d is invalid', 'type': 'authentication_error', 'param': None, 'code': 'invalid_request_error'}}
2026-09-20 14:01:02 [WARNING] [[deepseek] 5/6 策略=完整内容 retry=1] AI 调用失败或解析失败，继续下一次尝试
2026-09-20 14:01:02 [INFO] 🤖 AI 筛选 [[deepseek] 6/6 策略=仅标题（无历史） retry=0]（45 条，9977 字符，temp=0.3）
2026-09-20 14:01:03 [ERROR] AI 调用异常 ([deepseek] 6/6 策略=仅标题（无历史） retry=0): Error code: 401 - {'error': {'message': 'Authentication Fails, Your api key: ****df0d is invalid', 'type': 'authentication_error', 'param': None, 'code': 'invalid_request_error'}}
2026-09-20 14:01:03 [WARNING] [[deepseek] 6/6 策略=仅标题（无历史） retry=0] AI 调用失败或解析失败，继续下一次尝试
2026-09-20 14:01:03 [WARNING] [deepseek] 已达最大尝试次数 6，停止
2026-09-20 14:01:03 [INFO] ⚠️ deepseek 未能产出满意结果，尝试下一个提供商
2026-09-20 14:01:03 [INFO] 🔄 尝试 AI 提供商: zhipu
2026-09-20 14:01:03 [ERROR] 未设置环境变量 ZHIPU_API_KEY，无法使用 zhipu
2026-09-20 14:01:03 [INFO] ⚠️ zhipu 未能产出满意结果，尝试下一个提供商
2026-09-20 14:01:03 [INFO] 🔄 尝试 AI 提供商: kimi
2026-09-20 14:01:03 [ERROR] 未设置环境变量 KIMI_API_KEY，无法使用 kimi
2026-09-20 14:01:03 [INFO] ⚠️ kimi 未能产出满意结果，尝试下一个提供商
2026-09-20 14:01:03 [INFO] 🔄 尝试 AI 提供商: huoshan
2026-09-20 14:01:03 [ERROR] 未设置环境变量 HUOSHAN_API_KEY，无法使用 huoshan
2026-09-20 14:01:03 [INFO] ⚠️ huoshan 未能产出满意结果，尝试下一个提供商
2026-09-20 14:01:03 [ERROR] ❌ 所有提供商均失败，返回空列表
2026-09-20 14:01:03 [INFO] 📦 JSON 已保存: reports/2026-09-20-22.json
2026-09-20 14:01:03 [INFO] ✅ AI 筛选完成，共 0 条交易相关消息
