2026-09-18 16:00:56 [INFO] 🚀 开始抓取 2026-09-19 00:00 币圈新闻
2026-09-18 16:00:56 [INFO] 📡 抓取 RSS 新闻源...
2026-09-18 16:00:56 [INFO] 📡 抓取交易所公告 & 链上数据...
2026-09-18 16:00:56 [INFO]   ⏭ Decrypt: 过滤掉 36 条非近期新闻
2026-09-18 16:00:56 [INFO]   ⏭ The Block: 过滤掉 18 条非近期新闻
2026-09-18 16:00:56 [INFO]   ⏭ CoinTelegraph: 过滤掉 28 条非近期新闻
2026-09-18 16:00:56 [WARNING] 解析失败 Bitget公告: 'NoneType' object is not subscriptable
2026-09-18 16:00:56 [INFO]   ⏭ CoinDesk: 过滤掉 23 条非近期新闻
2026-09-18 16:00:56 [INFO]   ⏭ Bitcoin Magazine: 过滤掉 8 条非近期新闻
2026-09-18 16:00:56 [INFO]   ⏭ Bloomberg Crypto: 过滤掉 50 条非近期新闻
2026-09-18 16:00:57 [INFO]   ⏭ Reuters Crypto: 过滤掉 50 条非近期新闻
2026-09-18 16:00:57 [INFO]   ⏭ 宏观经济: 过滤掉 46 条非近期新闻
2026-09-18 16:00:57 [INFO]   ⏭ CNBC Crypto: 过滤掉 49 条非近期新闻
2026-09-18 16:00:57 [INFO]   ⏭ Reddit r/bitcoin: 过滤掉 16 条非近期新闻
2026-09-18 16:00:57 [INFO]   ⏭ Blockworks: 过滤掉 50 条非近期新闻
2026-09-18 16:00:57 [INFO]   ⏭ DL News: 过滤掉 50 条非近期新闻
2026-09-18 16:00:57 [INFO]   ⏭ 金色财经: 过滤掉 11 条非近期新闻
2026-09-18 16:00:57 [INFO]   ⏭ Blockworks: 过滤掉 2 条非近期新闻
2026-09-18 16:00:57 [INFO]   ⏭ 律动BlockBeats: 过滤掉 5 条非近期新闻
2026-09-18 16:00:57 [INFO]   ⏭ DeFi Llama: 过滤掉 50 条非近期新闻
2026-09-18 16:00:57 [INFO]   ⏭ 吴说区块链: 过滤掉 50 条非近期新闻
2026-09-18 16:00:57 [INFO]   ⏭ 雪球加密: 过滤掉 49 条非近期新闻
2026-09-18 16:00:58 [INFO]   ⏭ Crypto Twitter: 过滤掉 43 条非近期新闻
2026-09-18 16:01:12 [DEBUG] 请求失败 https://rsshub.rssforever.com/panewslab/news: 
2026-09-18 16:01:12 [DEBUG] 请求失败 https://rsshub.rssforever.com/bloomberg/crypto: 
2026-09-18 16:01:13 [INFO]   ⏭ PANews: 过滤掉 50 条非近期新闻
2026-09-18 16:01:13 [INFO]   ✓ CoinDesk: 2 条
2026-09-18 16:01:13 [INFO]   ✓ The Block: 2 条
2026-09-18 16:01:13 [INFO]   ✓ Decrypt: 1 条
2026-09-18 16:01:13 [INFO]   ✓ CoinTelegraph: 2 条
2026-09-18 16:01:13 [INFO]   ✓ Bitcoin Magazine: 2 条
2026-09-18 16:01:13 [INFO]   ✓ Blockworks: 0 条
2026-09-18 16:01:13 [INFO]   ✓ DL News: 0 条
2026-09-18 16:01:13 [INFO]   ✓ 金色财经: 9 条
2026-09-18 16:01:13 [INFO]   ✓ PANews: 0 条
2026-09-18 16:01:13 [INFO]   ✓ 律动BlockBeats: 15 条
2026-09-18 16:01:13 [INFO]   ✓ 吴说区块链: 0 条
2026-09-18 16:01:13 [INFO]   ✓ Bloomberg Crypto: 0 条
2026-09-18 16:01:13 [INFO]   ✓ Reuters Crypto: 0 条
2026-09-18 16:01:13 [INFO]   ✓ CNBC Crypto: 1 条
2026-09-18 16:01:13 [INFO]   ✓ Reddit r/cryptocurrency: 0 条
2026-09-18 16:01:13 [INFO]   ✓ Reddit r/bitcoin: 9 条
2026-09-18 16:01:13 [INFO]   ✓ Crypto Twitter: 7 条
2026-09-18 16:01:13 [INFO]   ✓ 宏观经济: 4 条
2026-09-18 16:01:13 [INFO]   ✓ Binance公告: 20 条
2026-09-18 16:01:13 [INFO]   ✓ OKX公告: 0 条
2026-09-18 16:01:13 [INFO]   ✓ Bitget公告: 0 条
2026-09-18 16:01:13 [INFO]   ✓ Whale Alert: 0 条
2026-09-18 16:01:13 [INFO]   ✓ Fear & Greed Index: 1 条
2026-09-18 16:01:13 [INFO]   ✓ DeFi Llama: 0 条
2026-09-18 16:01:13 [INFO]   ✓ 雪球加密: 1 条
2026-09-18 16:01:13 [INFO] 📊 共抓取 76 条新闻
2026-09-18 16:01:13 [INFO] 📋 原始新闻已保存: reports/2026-09-19-00-raw.json (76 条)
2026-09-18 16:01:13 [INFO] 📋 标题摘要已保存: reports/2026-09-19-00-raw-titles.md
2026-09-18 16:01:13 [INFO] ✅ 抓取完成，共 76 条，已保存到 reports/2026-09-19-00-raw.json
2026-09-18 16:01:13 [INFO] 🤖 开始 AI 筛选 2026-09-19 00:00 币圈消息
2026-09-18 16:01:13 [INFO] 📋 已加载原始新闻: reports/2026-09-19-00-raw.json (76 条)
2026-09-18 16:01:13 [INFO] 📚 已加载历史新闻标题（24557 字符）
2026-09-18 16:01:13 [INFO] 📚 已加载历史筛选标题 0 条、URL 0 个，用于去重
2026-09-18 16:01:13 [INFO] 🔄 尝试 AI 提供商: deepseek
2026-09-18 16:01:13 [INFO] 🤖 使用 AI 提供商: deepseek (模型: deepseek-v4-flash)
2026-09-18 16:01:13 [INFO] 🤖 AI 筛选 [[deepseek] 1/6 策略=仅标题+链接 retry=0]（76 条，14642 字符，temp=0.3）
2026-09-18 16:01:14 [ERROR] AI 调用异常 ([deepseek] 1/6 策略=仅标题+链接 retry=0): Error code: 401 - {'error': {'message': 'Authentication Fails, Your api key: ****df0d is invalid', 'type': 'authentication_error', 'param': None, 'code': 'invalid_request_error'}}
2026-09-18 16:01:14 [WARNING] [[deepseek] 1/6 策略=仅标题+链接 retry=0] AI 调用失败或解析失败，继续下一次尝试
2026-09-18 16:01:14 [INFO] 🤖 AI 筛选 [[deepseek] 2/6 策略=仅标题+链接 retry=1]（76 条，14642 字符，temp=0.3）
2026-09-18 16:01:14 [ERROR] AI 调用异常 ([deepseek] 2/6 策略=仅标题+链接 retry=1): Error code: 401 - {'error': {'message': 'Authentication Fails, Your api key: ****df0d is invalid', 'type': 'authentication_error', 'param': None, 'code': 'invalid_request_error'}}
2026-09-18 16:01:14 [WARNING] [[deepseek] 2/6 策略=仅标题+链接 retry=1] AI 调用失败或解析失败，继续下一次尝试
2026-09-18 16:01:14 [INFO] 🤖 AI 筛选 [[deepseek] 3/6 策略=仅标题+链接 retry=2]（76 条，14642 字符，temp=0.3）
2026-09-18 16:01:15 [ERROR] AI 调用异常 ([deepseek] 3/6 策略=仅标题+链接 retry=2): Error code: 401 - {'error': {'message': 'Authentication Fails, Your api key: ****df0d is invalid', 'type': 'authentication_error', 'param': None, 'code': 'invalid_request_error'}}
2026-09-18 16:01:15 [WARNING] [[deepseek] 3/6 策略=仅标题+链接 retry=2] AI 调用失败或解析失败，继续下一次尝试
2026-09-18 16:01:15 [INFO] 🤖 AI 筛选 [[deepseek] 4/6 策略=完整内容 retry=0]（76 条，23104 字符，temp=0.3）
2026-09-18 16:01:15 [ERROR] AI 调用异常 ([deepseek] 4/6 策略=完整内容 retry=0): Error code: 401 - {'error': {'message': 'Authentication Fails, Your api key: ****df0d is invalid', 'type': 'authentication_error', 'param': None, 'code': 'invalid_request_error'}}
2026-09-18 16:01:15 [WARNING] [[deepseek] 4/6 策略=完整内容 retry=0] AI 调用失败或解析失败，继续下一次尝试
2026-09-18 16:01:15 [INFO] 🤖 AI 筛选 [[deepseek] 5/6 策略=完整内容 retry=1]（76 条，23104 字符，temp=0.3）
2026-09-18 16:01:16 [ERROR] AI 调用异常 ([deepseek] 5/6 策略=完整内容 retry=1): Error code: 401 - {'error': {'message': 'Authentication Fails, Your api key: ****df0d is invalid', 'type': 'authentication_error', 'param': None, 'code': 'invalid_request_error'}}
2026-09-18 16:01:16 [WARNING] [[deepseek] 5/6 策略=完整内容 retry=1] AI 调用失败或解析失败，继续下一次尝试
2026-09-18 16:01:16 [INFO] 🤖 AI 筛选 [[deepseek] 6/6 策略=仅标题（无历史） retry=0]（76 条，14642 字符，temp=0.3）
2026-09-18 16:01:16 [ERROR] AI 调用异常 ([deepseek] 6/6 策略=仅标题（无历史） retry=0): Error code: 401 - {'error': {'message': 'Authentication Fails, Your api key: ****df0d is invalid', 'type': 'authentication_error', 'param': None, 'code': 'invalid_request_error'}}
2026-09-18 16:01:16 [WARNING] [[deepseek] 6/6 策略=仅标题（无历史） retry=0] AI 调用失败或解析失败，继续下一次尝试
2026-09-18 16:01:16 [WARNING] [deepseek] 已达最大尝试次数 6，停止
2026-09-18 16:01:16 [INFO] ⚠️ deepseek 未能产出满意结果，尝试下一个提供商
2026-09-18 16:01:16 [INFO] 🔄 尝试 AI 提供商: zhipu
2026-09-18 16:01:16 [ERROR] 未设置环境变量 ZHIPU_API_KEY，无法使用 zhipu
2026-09-18 16:01:16 [INFO] ⚠️ zhipu 未能产出满意结果，尝试下一个提供商
2026-09-18 16:01:16 [INFO] 🔄 尝试 AI 提供商: kimi
2026-09-18 16:01:16 [ERROR] 未设置环境变量 KIMI_API_KEY，无法使用 kimi
2026-09-18 16:01:16 [INFO] ⚠️ kimi 未能产出满意结果，尝试下一个提供商
2026-09-18 16:01:16 [INFO] 🔄 尝试 AI 提供商: huoshan
2026-09-18 16:01:16 [ERROR] 未设置环境变量 HUOSHAN_API_KEY，无法使用 huoshan
2026-09-18 16:01:16 [INFO] ⚠️ huoshan 未能产出满意结果，尝试下一个提供商
2026-09-18 16:01:16 [ERROR] ❌ 所有提供商均失败，返回空列表
2026-09-18 16:01:16 [INFO] 📦 JSON 已保存: reports/2026-09-19-00.json
2026-09-18 16:01:16 [INFO] ✅ AI 筛选完成，共 0 条交易相关消息
2026-09-18 17:00:55 [INFO] 🚀 开始抓取 2026-09-19 01:00 币圈新闻
2026-09-18 17:00:55 [INFO] 📡 抓取 RSS 新闻源...
2026-09-18 17:00:55 [INFO] 📡 抓取交易所公告 & 链上数据...
2026-09-18 17:00:55 [INFO]   ⏭ The Block: 过滤掉 18 条非近期新闻
2026-09-18 17:00:55 [INFO]   ⏭ Decrypt: 过滤掉 34 条非近期新闻
2026-09-18 17:00:56 [INFO]   ⏭ CoinTelegraph: 过滤掉 28 条非近期新闻
2026-09-18 17:00:56 [INFO]   ⏭ 律动BlockBeats: 过滤掉 5 条非近期新闻
2026-09-18 17:00:56 [INFO]   ⏭ 金色财经: 过滤掉 5 条非近期新闻
2026-09-18 17:00:56 [INFO]   ⏭ CoinDesk: 过滤掉 23 条非近期新闻
2026-09-18 17:00:56 [INFO]   ⏭ Bitcoin Magazine: 过滤掉 8 条非近期新闻
2026-09-18 17:00:56 [INFO]   ⏭ Bloomberg Crypto: 过滤掉 50 条非近期新闻
2026-09-18 17:00:56 [INFO]   ⏭ Reddit r/bitcoin: 过滤掉 20 条非近期新闻
2026-09-18 17:00:56 [INFO]   ⏭ Blockworks: 过滤掉 50 条非近期新闻
2026-09-18 17:00:56 [INFO]   ⏭ Reuters Crypto: 过滤掉 50 条非近期新闻
2026-09-18 17:00:56 [WARNING] 解析失败 Bitget公告: 'NoneType' object is not subscriptable
2026-09-18 17:00:56 [INFO]   ⏭ CNBC Crypto: 过滤掉 46 条非近期新闻
2026-09-18 17:00:56 [INFO]   ⏭ 宏观经济: 过滤掉 47 条非近期新闻
2026-09-18 17:00:56 [INFO]   ⏭ Blockworks: 过滤掉 2 条非近期新闻
2026-09-18 17:00:56 [INFO]   ⏭ DL News: 过滤掉 50 条非近期新闻
2026-09-18 17:00:57 [INFO]   ⏭ DeFi Llama: 过滤掉 50 条非近期新闻
2026-09-18 17:00:57 [INFO]   ⏭ 雪球加密: 过滤掉 48 条非近期新闻
2026-09-18 17:00:57 [INFO]   ⏭ Crypto Twitter: 过滤掉 43 条非近期新闻
2026-09-18 17:00:57 [INFO]   ⏭ 吴说区块链: 过滤掉 50 条非近期新闻
2026-09-18 17:01:08 [INFO]   ⏭ PANews: 过滤掉 50 条非近期新闻
2026-09-18 17:01:08 [INFO]   ✓ CoinDesk: 2 条
2026-09-18 17:01:08 [INFO]   ✓ The Block: 2 条
2026-09-18 17:01:08 [INFO]   ✓ Decrypt: 3 条
2026-09-18 17:01:08 [INFO]   ✓ CoinTelegraph: 2 条
2026-09-18 17:01:08 [INFO]   ✓ Bitcoin Magazine: 2 条
2026-09-18 17:01:08 [INFO]   ✓ Blockworks: 0 条
2026-09-18 17:01:08 [INFO]   ✓ DL News: 0 条
2026-09-18 17:01:08 [INFO]   ✓ 金色财经: 5 条
2026-09-18 17:01:08 [INFO]   ✓ PANews: 0 条
2026-09-18 17:01:08 [INFO]   ✓ 律动BlockBeats: 15 条
2026-09-18 17:01:08 [INFO]   ✓ 吴说区块链: 0 条
2026-09-18 17:01:08 [INFO]   ✓ Bloomberg Crypto: 0 条
2026-09-18 17:01:08 [INFO]   ✓ Reuters Crypto: 0 条
2026-09-18 17:01:08 [INFO]   ✓ CNBC Crypto: 4 条
2026-09-18 17:01:08 [INFO]   ✓ Reddit r/cryptocurrency: 0 条
2026-09-18 17:01:08 [INFO]   ✓ Reddit r/bitcoin: 5 条
2026-09-18 17:01:08 [INFO]   ✓ Crypto Twitter: 7 条
2026-09-18 17:01:08 [INFO]   ✓ 宏观经济: 3 条
2026-09-18 17:01:08 [INFO]   ✓ Binance公告: 20 条
2026-09-18 17:01:08 [INFO]   ✓ OKX公告: 0 条
2026-09-18 17:01:08 [INFO]   ✓ Bitget公告: 0 条
2026-09-18 17:01:08 [INFO]   ✓ Whale Alert: 0 条
2026-09-18 17:01:08 [INFO]   ✓ Fear & Greed Index: 1 条
2026-09-18 17:01:08 [INFO]   ✓ DeFi Llama: 0 条
2026-09-18 17:01:08 [INFO]   ✓ 雪球加密: 2 条
2026-09-18 17:01:08 [INFO] 📊 共抓取 73 条新闻
2026-09-18 17:01:08 [INFO] 📋 原始新闻已保存: reports/2026-09-19-01-raw.json (73 条)
2026-09-18 17:01:08 [INFO] 📋 标题摘要已保存: reports/2026-09-19-01-raw-titles.md
2026-09-18 17:01:08 [INFO] ✅ 抓取完成，共 73 条，已保存到 reports/2026-09-19-01-raw.json
2026-09-18 17:01:09 [INFO] 🤖 开始 AI 筛选 2026-09-19 01:00 币圈消息
2026-09-18 17:01:09 [INFO] 📋 已加载原始新闻: reports/2026-09-19-01-raw.json (73 条)
2026-09-18 17:01:09 [INFO] 📚 已加载历史新闻标题（25826 字符）
2026-09-18 17:01:09 [INFO] 📚 已加载历史筛选标题 0 条、URL 0 个，用于去重
2026-09-18 17:01:09 [INFO] 🔄 尝试 AI 提供商: deepseek
2026-09-18 17:01:09 [INFO] 🤖 使用 AI 提供商: deepseek (模型: deepseek-v4-flash)
2026-09-18 17:01:09 [INFO] 🤖 AI 筛选 [[deepseek] 1/6 策略=仅标题+链接 retry=0]（73 条，15292 字符，temp=0.3）
2026-09-18 17:01:10 [ERROR] AI 调用异常 ([deepseek] 1/6 策略=仅标题+链接 retry=0): Error code: 401 - {'error': {'message': 'Authentication Fails, Your api key: ****df0d is invalid', 'type': 'authentication_error', 'param': None, 'code': 'invalid_request_error'}}
2026-09-18 17:01:10 [WARNING] [[deepseek] 1/6 策略=仅标题+链接 retry=0] AI 调用失败或解析失败，继续下一次尝试
2026-09-18 17:01:10 [INFO] 🤖 AI 筛选 [[deepseek] 2/6 策略=仅标题+链接 retry=1]（73 条，15292 字符，temp=0.3）
2026-09-18 17:01:11 [ERROR] AI 调用异常 ([deepseek] 2/6 策略=仅标题+链接 retry=1): Error code: 401 - {'error': {'message': 'Authentication Fails, Your api key: ****df0d is invalid', 'type': 'authentication_error', 'param': None, 'code': 'invalid_request_error'}}
2026-09-18 17:01:11 [WARNING] [[deepseek] 2/6 策略=仅标题+链接 retry=1] AI 调用失败或解析失败，继续下一次尝试
2026-09-18 17:01:11 [INFO] 🤖 AI 筛选 [[deepseek] 3/6 策略=仅标题+链接 retry=2]（73 条，15292 字符，temp=0.3）
2026-09-18 17:01:11 [ERROR] AI 调用异常 ([deepseek] 3/6 策略=仅标题+链接 retry=2): Error code: 401 - {'error': {'message': 'Authentication Fails, Your api key: ****df0d is invalid', 'type': 'authentication_error', 'param': None, 'code': 'invalid_request_error'}}
2026-09-18 17:01:11 [WARNING] [[deepseek] 3/6 策略=仅标题+链接 retry=2] AI 调用失败或解析失败，继续下一次尝试
2026-09-18 17:01:11 [INFO] 🤖 AI 筛选 [[deepseek] 4/6 策略=完整内容 retry=0]（73 条，23727 字符，temp=0.3）
2026-09-18 17:01:12 [ERROR] AI 调用异常 ([deepseek] 4/6 策略=完整内容 retry=0): Error code: 401 - {'error': {'message': 'Authentication Fails, Your api key: ****df0d is invalid', 'type': 'authentication_error', 'param': None, 'code': 'invalid_request_error'}}
2026-09-18 17:01:12 [WARNING] [[deepseek] 4/6 策略=完整内容 retry=0] AI 调用失败或解析失败，继续下一次尝试
2026-09-18 17:01:12 [INFO] 🤖 AI 筛选 [[deepseek] 5/6 策略=完整内容 retry=1]（73 条，23727 字符，temp=0.3）
2026-09-18 17:01:13 [ERROR] AI 调用异常 ([deepseek] 5/6 策略=完整内容 retry=1): Error code: 401 - {'error': {'message': 'Authentication Fails, Your api key: ****df0d is invalid', 'type': 'authentication_error', 'param': None, 'code': 'invalid_request_error'}}
2026-09-18 17:01:13 [WARNING] [[deepseek] 5/6 策略=完整内容 retry=1] AI 调用失败或解析失败，继续下一次尝试
2026-09-18 17:01:13 [INFO] 🤖 AI 筛选 [[deepseek] 6/6 策略=仅标题（无历史） retry=0]（73 条，15292 字符，temp=0.3）
2026-09-18 17:01:13 [ERROR] AI 调用异常 ([deepseek] 6/6 策略=仅标题（无历史） retry=0): Error code: 401 - {'error': {'message': 'Authentication Fails, Your api key: ****df0d is invalid', 'type': 'authentication_error', 'param': None, 'code': 'invalid_request_error'}}
2026-09-18 17:01:13 [WARNING] [[deepseek] 6/6 策略=仅标题（无历史） retry=0] AI 调用失败或解析失败，继续下一次尝试
2026-09-18 17:01:13 [WARNING] [deepseek] 已达最大尝试次数 6，停止
2026-09-18 17:01:13 [INFO] ⚠️ deepseek 未能产出满意结果，尝试下一个提供商
2026-09-18 17:01:13 [INFO] 🔄 尝试 AI 提供商: zhipu
2026-09-18 17:01:13 [ERROR] 未设置环境变量 ZHIPU_API_KEY，无法使用 zhipu
2026-09-18 17:01:13 [INFO] ⚠️ zhipu 未能产出满意结果，尝试下一个提供商
2026-09-18 17:01:13 [INFO] 🔄 尝试 AI 提供商: kimi
2026-09-18 17:01:13 [ERROR] 未设置环境变量 KIMI_API_KEY，无法使用 kimi
2026-09-18 17:01:13 [INFO] ⚠️ kimi 未能产出满意结果，尝试下一个提供商
2026-09-18 17:01:13 [INFO] 🔄 尝试 AI 提供商: huoshan
2026-09-18 17:01:13 [ERROR] 未设置环境变量 HUOSHAN_API_KEY，无法使用 huoshan
2026-09-18 17:01:13 [INFO] ⚠️ huoshan 未能产出满意结果，尝试下一个提供商
2026-09-18 17:01:13 [ERROR] ❌ 所有提供商均失败，返回空列表
2026-09-18 17:01:13 [INFO] 📦 JSON 已保存: reports/2026-09-19-01.json
2026-09-18 17:01:13 [INFO] ✅ AI 筛选完成，共 0 条交易相关消息
2026-09-18 18:00:55 [INFO] 🚀 开始抓取 2026-09-19 02:00 币圈新闻
2026-09-18 18:00:55 [INFO] 📡 抓取 RSS 新闻源...
2026-09-18 18:00:55 [INFO] 📡 抓取交易所公告 & 链上数据...
2026-09-18 18:00:55 [INFO]   ⏭ Decrypt: 过滤掉 35 条非近期新闻
2026-09-18 18:00:55 [INFO]   ⏭ The Block: 过滤掉 20 条非近期新闻
2026-09-18 18:00:56 [INFO]   ⏭ CoinTelegraph: 过滤掉 29 条非近期新闻
2026-09-18 18:00:56 [INFO]   ⏭ 金色财经: 过滤掉 2 条非近期新闻
2026-09-18 18:00:56 [INFO]   ⏭ CoinDesk: 过滤掉 25 条非近期新闻
2026-09-18 18:00:56 [INFO]   ⏭ Bitcoin Magazine: 过滤掉 9 条非近期新闻
2026-09-18 18:00:56 [WARNING] 解析失败 Bitget公告: 'NoneType' object is not subscriptable
2026-09-18 18:00:56 [INFO]   ⏭ 宏观经济: 过滤掉 48 条非近期新闻
2026-09-18 18:00:56 [INFO]   ⏭ Reddit r/bitcoin: 过滤掉 20 条非近期新闻
2026-09-18 18:00:56 [INFO]   ⏭ Reuters Crypto: 过滤掉 50 条非近期新闻
2026-09-18 18:00:56 [INFO]   ⏭ Bloomberg Crypto: 过滤掉 50 条非近期新闻
2026-09-18 18:00:56 [INFO]   ⏭ Blockworks: 过滤掉 50 条非近期新闻
2026-09-18 18:00:56 [INFO]   ⏭ CNBC Crypto: 过滤掉 49 条非近期新闻
2026-09-18 18:00:56 [INFO]   ⏭ The Block: 过滤掉 50 条非近期新闻
2026-09-18 18:00:56 [INFO]   ⏭ 雪球加密: 过滤掉 49 条非近期新闻
2026-09-18 18:00:56 [INFO]   ⏭ DeFi Llama: 过滤掉 50 条非近期新闻
2026-09-18 18:00:56 [INFO]   ⏭ 吴说区块链: 过滤掉 50 条非近期新闻
2026-09-18 18:00:57 [INFO]   ⏭ DL News: 过滤掉 50 条非近期新闻
2026-09-18 18:00:57 [INFO]   ⏭ Crypto Twitter: 过滤掉 44 条非近期新闻
2026-09-18 18:00:57 [INFO]   ⏭ Blockworks: 过滤掉 2 条非近期新闻
2026-09-18 18:00:57 [INFO]   ⏭ CoinDesk: 过滤掉 50 条非近期新闻
2026-09-18 18:01:03 [INFO]   ⏭ 律动BlockBeats: 过滤掉 11 条非近期新闻
2026-09-18 18:01:04 [INFO]   ⏭ PANews: 过滤掉 50 条非近期新闻
2026-09-18 18:01:04 [INFO]   ✓ CoinDesk: 0 条
2026-09-18 18:01:04 [INFO]   ✓ The Block: 0 条
2026-09-18 18:01:04 [INFO]   ✓ Decrypt: 2 条
2026-09-18 18:01:04 [INFO]   ✓ CoinTelegraph: 1 条
2026-09-18 18:01:04 [INFO]   ✓ Bitcoin Magazine: 1 条
2026-09-18 18:01:04 [INFO]   ✓ Blockworks: 0 条
2026-09-18 18:01:04 [INFO]   ✓ DL News: 0 条
2026-09-18 18:01:04 [INFO]   ✓ 金色财经: 6 条
2026-09-18 18:01:04 [INFO]   ✓ PANews: 0 条
2026-09-18 18:01:04 [INFO]   ✓ 律动BlockBeats: 9 条
2026-09-18 18:01:04 [INFO]   ✓ 吴说区块链: 0 条
2026-09-18 18:01:04 [INFO]   ✓ Bloomberg Crypto: 0 条
2026-09-18 18:01:04 [INFO]   ✓ Reuters Crypto: 0 条
2026-09-18 18:01:04 [INFO]   ✓ CNBC Crypto: 1 条
2026-09-18 18:01:04 [INFO]   ✓ Reddit r/cryptocurrency: 0 条
2026-09-18 18:01:04 [INFO]   ✓ Reddit r/bitcoin: 5 条
2026-09-18 18:01:04 [INFO]   ✓ Crypto Twitter: 6 条
2026-09-18 18:01:04 [INFO]   ✓ 宏观经济: 2 条
2026-09-18 18:01:04 [INFO]   ✓ Binance公告: 20 条
2026-09-18 18:01:04 [INFO]   ✓ OKX公告: 0 条
2026-09-18 18:01:04 [INFO]   ✓ Bitget公告: 0 条
2026-09-18 18:01:04 [INFO]   ✓ Whale Alert: 0 条
2026-09-18 18:01:04 [INFO]   ✓ Fear & Greed Index: 1 条
2026-09-18 18:01:04 [INFO]   ✓ DeFi Llama: 0 条
2026-09-18 18:01:04 [INFO]   ✓ 雪球加密: 1 条
2026-09-18 18:01:04 [INFO] 📊 共抓取 55 条新闻
2026-09-18 18:01:04 [INFO] 📋 原始新闻已保存: reports/2026-09-19-02-raw.json (55 条)
2026-09-18 18:01:04 [INFO] 📋 标题摘要已保存: reports/2026-09-19-02-raw-titles.md
2026-09-18 18:01:04 [INFO] ✅ 抓取完成，共 55 条，已保存到 reports/2026-09-19-02-raw.json
2026-09-18 18:01:05 [INFO] 🤖 开始 AI 筛选 2026-09-19 02:00 币圈消息
2026-09-18 18:01:05 [INFO] 📋 已加载原始新闻: reports/2026-09-19-02-raw.json (55 条)
2026-09-18 18:01:05 [INFO] 📚 已加载历史新闻标题（26145 字符）
2026-09-18 18:01:05 [INFO] 📚 已加载历史筛选标题 0 条、URL 0 个，用于去重
2026-09-18 18:01:05 [INFO] 🔄 尝试 AI 提供商: deepseek
2026-09-18 18:01:05 [INFO] 🤖 使用 AI 提供商: deepseek (模型: deepseek-v4-flash)
2026-09-18 18:01:05 [INFO] 🤖 AI 筛选 [[deepseek] 1/6 策略=仅标题+链接 retry=0]（55 条，10533 字符，temp=0.3）
2026-09-18 18:01:06 [ERROR] AI 调用异常 ([deepseek] 1/6 策略=仅标题+链接 retry=0): Error code: 401 - {'error': {'message': 'Authentication Fails, Your api key: ****df0d is invalid', 'type': 'authentication_error', 'param': None, 'code': 'invalid_request_error'}}
2026-09-18 18:01:06 [WARNING] [[deepseek] 1/6 策略=仅标题+链接 retry=0] AI 调用失败或解析失败，继续下一次尝试
2026-09-18 18:01:06 [INFO] 🤖 AI 筛选 [[deepseek] 2/6 策略=仅标题+链接 retry=1]（55 条，10533 字符，temp=0.3）
2026-09-18 18:01:07 [ERROR] AI 调用异常 ([deepseek] 2/6 策略=仅标题+链接 retry=1): Error code: 401 - {'error': {'message': 'Authentication Fails, Your api key: ****df0d is invalid', 'type': 'authentication_error', 'param': None, 'code': 'invalid_request_error'}}
2026-09-18 18:01:07 [WARNING] [[deepseek] 2/6 策略=仅标题+链接 retry=1] AI 调用失败或解析失败，继续下一次尝试
2026-09-18 18:01:07 [INFO] 🤖 AI 筛选 [[deepseek] 3/6 策略=仅标题+链接 retry=2]（55 条，10533 字符，temp=0.3）
2026-09-18 18:01:07 [ERROR] AI 调用异常 ([deepseek] 3/6 策略=仅标题+链接 retry=2): Error code: 401 - {'error': {'message': 'Authentication Fails, Your api key: ****df0d is invalid', 'type': 'authentication_error', 'param': None, 'code': 'invalid_request_error'}}
2026-09-18 18:01:07 [WARNING] [[deepseek] 3/6 策略=仅标题+链接 retry=2] AI 调用失败或解析失败，继续下一次尝试
2026-09-18 18:01:07 [INFO] 🤖 AI 筛选 [[deepseek] 4/6 策略=完整内容 retry=0]（55 条，16845 字符，temp=0.3）
2026-09-18 18:01:08 [ERROR] AI 调用异常 ([deepseek] 4/6 策略=完整内容 retry=0): Error code: 401 - {'error': {'message': 'Authentication Fails, Your api key: ****df0d is invalid', 'type': 'authentication_error', 'param': None, 'code': 'invalid_request_error'}}
2026-09-18 18:01:08 [WARNING] [[deepseek] 4/6 策略=完整内容 retry=0] AI 调用失败或解析失败，继续下一次尝试
2026-09-18 18:01:08 [INFO] 🤖 AI 筛选 [[deepseek] 5/6 策略=完整内容 retry=1]（55 条，16845 字符，temp=0.3）
2026-09-18 18:01:08 [ERROR] AI 调用异常 ([deepseek] 5/6 策略=完整内容 retry=1): Error code: 401 - {'error': {'message': 'Authentication Fails, Your api key: ****df0d is invalid', 'type': 'authentication_error', 'param': None, 'code': 'invalid_request_error'}}
2026-09-18 18:01:08 [WARNING] [[deepseek] 5/6 策略=完整内容 retry=1] AI 调用失败或解析失败，继续下一次尝试
2026-09-18 18:01:08 [INFO] 🤖 AI 筛选 [[deepseek] 6/6 策略=仅标题（无历史） retry=0]（55 条，10533 字符，temp=0.3）
2026-09-18 18:01:08 [ERROR] AI 调用异常 ([deepseek] 6/6 策略=仅标题（无历史） retry=0): Error code: 401 - {'error': {'message': 'Authentication Fails, Your api key: ****df0d is invalid', 'type': 'authentication_error', 'param': None, 'code': 'invalid_request_error'}}
2026-09-18 18:01:08 [WARNING] [[deepseek] 6/6 策略=仅标题（无历史） retry=0] AI 调用失败或解析失败，继续下一次尝试
2026-09-18 18:01:08 [WARNING] [deepseek] 已达最大尝试次数 6，停止
2026-09-18 18:01:08 [INFO] ⚠️ deepseek 未能产出满意结果，尝试下一个提供商
2026-09-18 18:01:08 [INFO] 🔄 尝试 AI 提供商: zhipu
2026-09-18 18:01:08 [ERROR] 未设置环境变量 ZHIPU_API_KEY，无法使用 zhipu
2026-09-18 18:01:08 [INFO] ⚠️ zhipu 未能产出满意结果，尝试下一个提供商
2026-09-18 18:01:08 [INFO] 🔄 尝试 AI 提供商: kimi
2026-09-18 18:01:08 [ERROR] 未设置环境变量 KIMI_API_KEY，无法使用 kimi
2026-09-18 18:01:08 [INFO] ⚠️ kimi 未能产出满意结果，尝试下一个提供商
2026-09-18 18:01:08 [INFO] 🔄 尝试 AI 提供商: huoshan
2026-09-18 18:01:08 [ERROR] 未设置环境变量 HUOSHAN_API_KEY，无法使用 huoshan
2026-09-18 18:01:08 [INFO] ⚠️ huoshan 未能产出满意结果，尝试下一个提供商
2026-09-18 18:01:08 [ERROR] ❌ 所有提供商均失败，返回空列表
2026-09-18 18:01:08 [INFO] 📦 JSON 已保存: reports/2026-09-19-02.json
2026-09-18 18:01:08 [INFO] ✅ AI 筛选完成，共 0 条交易相关消息
2026-09-18 19:00:55 [INFO] 🚀 开始抓取 2026-09-19 03:00 币圈新闻
2026-09-18 19:00:55 [INFO] 📡 抓取 RSS 新闻源...
2026-09-18 19:00:55 [INFO] 📡 抓取交易所公告 & 链上数据...
2026-09-18 19:00:55 [INFO]   ⏭ Decrypt: 过滤掉 36 条非近期新闻
2026-09-18 19:00:55 [INFO]   ⏭ The Block: 过滤掉 20 条非近期新闻
2026-09-18 19:00:55 [INFO]   ⏭ CoinTelegraph: 过滤掉 29 条非近期新闻
2026-09-18 19:00:55 [INFO]   ⏭ CoinDesk: 过滤掉 25 条非近期新闻
2026-09-18 19:00:55 [WARNING] 解析失败 Bitget公告: 'NoneType' object is not subscriptable
2026-09-18 19:00:55 [INFO]   ⏭ Bitcoin Magazine: 过滤掉 10 条非近期新闻
2026-09-18 19:00:55 [INFO]   ⏭ Bloomberg Crypto: 过滤掉 50 条非近期新闻
2026-09-18 19:00:55 [INFO]   ⏭ Reuters Crypto: 过滤掉 50 条非近期新闻
2026-09-18 19:00:55 [INFO]   ⏭ 宏观经济: 过滤掉 49 条非近期新闻
2026-09-18 19:00:56 [INFO]   ⏭ CNBC Crypto: 过滤掉 50 条非近期新闻
2026-09-18 19:00:56 [INFO]   ⏭ DL News: 过滤掉 50 条非近期新闻
2026-09-18 19:00:56 [INFO]   ⏭ Reddit r/bitcoin: 过滤掉 25 条非近期新闻
2026-09-18 19:00:56 [INFO]   ⏭ Bitcoin Magazine: 过滤掉 50 条非近期新闻
2026-09-18 19:00:56 [INFO]   ⏭ Blockworks: 过滤掉 50 条非近期新闻
2026-09-18 19:00:56 [INFO]   ⏭ Blockworks: 过滤掉 2 条非近期新闻
2026-09-18 19:01:01 [INFO]   ⏭ 律动BlockBeats: 过滤掉 20 条非近期新闻
2026-09-18 19:01:02 [INFO]   ⏭ DeFi Llama: 过滤掉 50 条非近期新闻
2026-09-18 19:01:02 [INFO]   ⏭ The Block: 过滤掉 50 条非近期新闻
2026-09-18 19:01:02 [INFO]   ⏭ 雪球加密: 过滤掉 50 条非近期新闻
2026-09-18 19:01:02 [INFO]   ⏭ 吴说区块链: 过滤掉 50 条非近期新闻
2026-09-18 19:01:02 [INFO]   ⏭ 律动BlockBeats: 过滤掉 49 条非近期新闻
2026-09-18 19:01:02 [INFO]   ⏭ CoinDesk: 过滤掉 50 条非近期新闻
2026-09-18 19:01:02 [INFO]   ⏭ Crypto Twitter: 过滤掉 44 条非近期新闻
2026-09-18 19:01:11 [DEBUG] 请求失败 https://rsshub.rssforever.com/jinse/lives: 
2026-09-18 19:01:11 [DEBUG] 请求失败 https://rsshub.rssforever.com/panewslab/news: 
2026-09-18 19:01:11 [DEBUG] 请求失败 https://rsshub.rssforever.com/bloomberg/crypto: 
2026-09-18 19:01:11 [INFO]   ⏭ PANews: 过滤掉 50 条非近期新闻
2026-09-18 19:01:11 [INFO]   ✓ CoinDesk: 0 条
2026-09-18 19:01:11 [INFO]   ✓ The Block: 0 条
2026-09-18 19:01:11 [INFO]   ✓ Decrypt: 1 条
2026-09-18 19:01:11 [INFO]   ✓ CoinTelegraph: 1 条
2026-09-18 19:01:11 [INFO]   ✓ Bitcoin Magazine: 0 条
2026-09-18 19:01:11 [INFO]   ✓ Blockworks: 0 条
2026-09-18 19:01:11 [INFO]   ✓ DL News: 0 条
2026-09-18 19:01:11 [INFO]   ✓ 金色财经: 0 条
2026-09-18 19:01:11 [INFO]   ✓ PANews: 0 条
2026-09-18 19:01:11 [INFO]   ✓ 律动BlockBeats: 1 条
2026-09-18 19:01:11 [INFO]   ✓ 吴说区块链: 0 条
2026-09-18 19:01:11 [INFO]   ✓ Bloomberg Crypto: 0 条
2026-09-18 19:01:11 [INFO]   ✓ Reuters Crypto: 0 条
2026-09-18 19:01:11 [INFO]   ✓ CNBC Crypto: 0 条
2026-09-18 19:01:11 [INFO]   ✓ Reddit r/cryptocurrency: 0 条
2026-09-18 19:01:11 [INFO]   ✓ Reddit r/bitcoin: 0 条
2026-09-18 19:01:11 [INFO]   ✓ Crypto Twitter: 6 条
2026-09-18 19:01:11 [INFO]   ✓ 宏观经济: 1 条
2026-09-18 19:01:11 [INFO]   ✓ Binance公告: 20 条
2026-09-18 19:01:11 [INFO]   ✓ OKX公告: 0 条
2026-09-18 19:01:11 [INFO]   ✓ Bitget公告: 0 条
2026-09-18 19:01:11 [INFO]   ✓ Whale Alert: 0 条
2026-09-18 19:01:11 [INFO]   ✓ Fear & Greed Index: 1 条
2026-09-18 19:01:11 [INFO]   ✓ DeFi Llama: 0 条
2026-09-18 19:01:11 [INFO]   ✓ 雪球加密: 0 条
2026-09-18 19:01:11 [INFO] 📊 共抓取 31 条新闻
2026-09-18 19:01:11 [INFO] 📋 原始新闻已保存: reports/2026-09-19-03-raw.json (31 条)
2026-09-18 19:01:11 [INFO] 📋 标题摘要已保存: reports/2026-09-19-03-raw-titles.md
2026-09-18 19:01:11 [INFO] ✅ 抓取完成，共 31 条，已保存到 reports/2026-09-19-03-raw.json
2026-09-18 19:01:12 [INFO] 🤖 开始 AI 筛选 2026-09-19 03:00 币圈消息
2026-09-18 19:01:12 [INFO] 📋 已加载原始新闻: reports/2026-09-19-03-raw.json (31 条)
2026-09-18 19:01:12 [INFO] 📚 已加载历史新闻标题（26056 字符）
2026-09-18 19:01:12 [INFO] 📚 已加载历史筛选标题 0 条、URL 0 个，用于去重
2026-09-18 19:01:12 [INFO] 🔄 尝试 AI 提供商: deepseek
2026-09-18 19:01:12 [INFO] 🤖 使用 AI 提供商: deepseek (模型: deepseek-v4-flash)
2026-09-18 19:01:12 [INFO] 🤖 AI 筛选 [[deepseek] 1/6 策略=仅标题+链接 retry=0]（31 条，7127 字符，temp=0.3）
2026-09-18 19:01:13 [ERROR] AI 调用异常 ([deepseek] 1/6 策略=仅标题+链接 retry=0): Error code: 401 - {'error': {'message': 'Authentication Fails, Your api key: ****df0d is invalid', 'type': 'authentication_error', 'param': None, 'code': 'invalid_request_error'}}
2026-09-18 19:01:13 [WARNING] [[deepseek] 1/6 策略=仅标题+链接 retry=0] AI 调用失败或解析失败，继续下一次尝试
2026-09-18 19:01:13 [INFO] 🤖 AI 筛选 [[deepseek] 2/6 策略=仅标题+链接 retry=1]（31 条，7127 字符，temp=0.3）
2026-09-18 19:01:14 [ERROR] AI 调用异常 ([deepseek] 2/6 策略=仅标题+链接 retry=1): Error code: 401 - {'error': {'message': 'Authentication Fails, Your api key: ****df0d is invalid', 'type': 'authentication_error', 'param': None, 'code': 'invalid_request_error'}}
2026-09-18 19:01:14 [WARNING] [[deepseek] 2/6 策略=仅标题+链接 retry=1] AI 调用失败或解析失败，继续下一次尝试
2026-09-18 19:01:14 [INFO] 🤖 AI 筛选 [[deepseek] 3/6 策略=仅标题+链接 retry=2]（31 条，7127 字符，temp=0.3）
2026-09-18 19:01:15 [ERROR] AI 调用异常 ([deepseek] 3/6 策略=仅标题+链接 retry=2): Error code: 401 - {'error': {'message': 'Authentication Fails, Your api key: ****df0d is invalid', 'type': 'authentication_error', 'param': None, 'code': 'invalid_request_error'}}
2026-09-18 19:01:15 [WARNING] [[deepseek] 3/6 策略=仅标题+链接 retry=2] AI 调用失败或解析失败，继续下一次尝试
2026-09-18 19:01:15 [INFO] 🤖 AI 筛选 [[deepseek] 4/6 策略=完整内容 retry=0]（31 条，10067 字符，temp=0.3）
2026-09-18 19:01:15 [ERROR] AI 调用异常 ([deepseek] 4/6 策略=完整内容 retry=0): Error code: 401 - {'error': {'message': 'Authentication Fails, Your api key: ****df0d is invalid', 'type': 'authentication_error', 'param': None, 'code': 'invalid_request_error'}}
2026-09-18 19:01:15 [WARNING] [[deepseek] 4/6 策略=完整内容 retry=0] AI 调用失败或解析失败，继续下一次尝试
2026-09-18 19:01:15 [INFO] 🤖 AI 筛选 [[deepseek] 5/6 策略=完整内容 retry=1]（31 条，10067 字符，temp=0.3）
2026-09-18 19:01:16 [ERROR] AI 调用异常 ([deepseek] 5/6 策略=完整内容 retry=1): Error code: 401 - {'error': {'message': 'Authentication Fails, Your api key: ****df0d is invalid', 'type': 'authentication_error', 'param': None, 'code': 'invalid_request_error'}}
2026-09-18 19:01:16 [WARNING] [[deepseek] 5/6 策略=完整内容 retry=1] AI 调用失败或解析失败，继续下一次尝试
2026-09-18 19:01:16 [INFO] 🤖 AI 筛选 [[deepseek] 6/6 策略=仅标题（无历史） retry=0]（31 条，7127 字符，temp=0.3）
2026-09-18 19:01:16 [ERROR] AI 调用异常 ([deepseek] 6/6 策略=仅标题（无历史） retry=0): Error code: 401 - {'error': {'message': 'Authentication Fails, Your api key: ****df0d is invalid', 'type': 'authentication_error', 'param': None, 'code': 'invalid_request_error'}}
2026-09-18 19:01:16 [WARNING] [[deepseek] 6/6 策略=仅标题（无历史） retry=0] AI 调用失败或解析失败，继续下一次尝试
2026-09-18 19:01:16 [WARNING] [deepseek] 已达最大尝试次数 6，停止
2026-09-18 19:01:16 [INFO] ⚠️ deepseek 未能产出满意结果，尝试下一个提供商
2026-09-18 19:01:16 [INFO] 🔄 尝试 AI 提供商: zhipu
2026-09-18 19:01:16 [ERROR] 未设置环境变量 ZHIPU_API_KEY，无法使用 zhipu
2026-09-18 19:01:16 [INFO] ⚠️ zhipu 未能产出满意结果，尝试下一个提供商
2026-09-18 19:01:16 [INFO] 🔄 尝试 AI 提供商: kimi
2026-09-18 19:01:16 [ERROR] 未设置环境变量 KIMI_API_KEY，无法使用 kimi
2026-09-18 19:01:16 [INFO] ⚠️ kimi 未能产出满意结果，尝试下一个提供商
2026-09-18 19:01:16 [INFO] 🔄 尝试 AI 提供商: huoshan
2026-09-18 19:01:16 [ERROR] 未设置环境变量 HUOSHAN_API_KEY，无法使用 huoshan
2026-09-18 19:01:16 [INFO] ⚠️ huoshan 未能产出满意结果，尝试下一个提供商
2026-09-18 19:01:16 [ERROR] ❌ 所有提供商均失败，返回空列表
2026-09-18 19:01:16 [INFO] 📦 JSON 已保存: reports/2026-09-19-03.json
2026-09-18 19:01:16 [INFO] ✅ AI 筛选完成，共 0 条交易相关消息
2026-09-18 20:00:57 [INFO] 🚀 开始抓取 2026-09-19 04:00 币圈新闻
2026-09-18 20:00:57 [INFO] 📡 抓取 RSS 新闻源...
2026-09-18 20:00:57 [INFO] 📡 抓取交易所公告 & 链上数据...
2026-09-18 20:00:57 [INFO]   ⏭ Decrypt: 过滤掉 35 条非近期新闻
2026-09-18 20:00:57 [INFO]   ⏭ CoinTelegraph: 过滤掉 29 条非近期新闻
2026-09-18 20:00:57 [INFO]   ⏭ The Block: 过滤掉 20 条非近期新闻
2026-09-18 20:00:58 [INFO]   ⏭ CoinDesk: 过滤掉 25 条非近期新闻
2026-09-18 20:00:58 [INFO]   ⏭ Bitcoin Magazine: 过滤掉 9 条非近期新闻
2026-09-18 20:00:58 [INFO]   ⏭ 宏观经济: 过滤掉 49 条非近期新闻
2026-09-18 20:00:58 [WARNING] 解析失败 Bitget公告: 'NoneType' object is not subscriptable
2026-09-18 20:00:58 [INFO]   ⏭ Bloomberg Crypto: 过滤掉 50 条非近期新闻
2026-09-18 20:00:58 [INFO]   ⏭ Reuters Crypto: 过滤掉 50 条非近期新闻
2026-09-18 20:00:58 [INFO]   ⏭ Blockworks: 过滤掉 50 条非近期新闻
2026-09-18 20:00:58 [INFO]   ⏭ CNBC Crypto: 过滤掉 47 条非近期新闻
2026-09-18 20:00:58 [INFO]   ⏭ Reddit r/cryptocurrency: 过滤掉 24 条非近期新闻
2026-09-18 20:00:58 [INFO]   ⏭ DL News: 过滤掉 50 条非近期新闻
2026-09-18 20:00:58 [INFO]   ⏭ Blockworks: 过滤掉 2 条非近期新闻
2026-09-18 20:00:58 [INFO]   ⏭ 吴说区块链: 过滤掉 50 条非近期新闻
2026-09-18 20:00:59 [INFO]   ⏭ DeFi Llama: 过滤掉 50 条非近期新闻
2026-09-18 20:00:59 [INFO]   ⏭ Crypto Twitter: 过滤掉 41 条非近期新闻
2026-09-18 20:00:59 [INFO]   ⏭ 雪球加密: 过滤掉 50 条非近期新闻
2026-09-18 20:00:59 [INFO]   ⏭ The Block: 过滤掉 50 条非近期新闻
2026-09-18 20:00:59 [INFO]   ⏭ CoinDesk: 过滤掉 49 条非近期新闻
2026-09-18 20:01:06 [INFO]   ⏭ 律动BlockBeats: 过滤掉 20 条非近期新闻
2026-09-18 20:01:06 [INFO]   ⏭ PANews: 过滤掉 50 条非近期新闻
2026-09-18 20:01:07 [INFO]   ⏭ 律动BlockBeats: 过滤掉 50 条非近期新闻
2026-09-18 20:01:13 [DEBUG] 请求失败 https://rsshub.rssforever.com/jinse/lives: 
2026-09-18 20:01:13 [INFO]   ✓ CoinDesk: 1 条
2026-09-18 20:01:13 [INFO]   ✓ The Block: 0 条
2026-09-18 20:01:13 [INFO]   ✓ Decrypt: 2 条
2026-09-18 20:01:13 [INFO]   ✓ CoinTelegraph: 1 条
2026-09-18 20:01:13 [INFO]   ✓ Bitcoin Magazine: 1 条
2026-09-18 20:01:13 [INFO]   ✓ Blockworks: 0 条
2026-09-18 20:01:13 [INFO]   ✓ DL News: 0 条
2026-09-18 20:01:13 [INFO]   ✓ 金色财经: 0 条
2026-09-18 20:01:13 [INFO]   ✓ PANews: 0 条
2026-09-18 20:01:13 [INFO]   ✓ 律动BlockBeats: 0 条
2026-09-18 20:01:13 [INFO]   ✓ 吴说区块链: 0 条
2026-09-18 20:01:13 [INFO]   ✓ Bloomberg Crypto: 0 条
2026-09-18 20:01:13 [INFO]   ✓ Reuters Crypto: 0 条
2026-09-18 20:01:13 [INFO]   ✓ CNBC Crypto: 3 条
2026-09-18 20:01:13 [INFO]   ✓ Reddit r/cryptocurrency: 1 条
2026-09-18 20:01:13 [INFO]   ✓ Reddit r/bitcoin: 0 条
2026-09-18 20:01:13 [INFO]   ✓ Crypto Twitter: 9 条
2026-09-18 20:01:13 [INFO]   ✓ 宏观经济: 1 条
2026-09-18 20:01:13 [INFO]   ✓ Binance公告: 20 条
2026-09-18 20:01:13 [INFO]   ✓ OKX公告: 0 条
2026-09-18 20:01:13 [INFO]   ✓ Bitget公告: 0 条
2026-09-18 20:01:13 [INFO]   ✓ Whale Alert: 0 条
2026-09-18 20:01:13 [INFO]   ✓ Fear & Greed Index: 1 条
2026-09-18 20:01:13 [INFO]   ✓ DeFi Llama: 0 条
2026-09-18 20:01:13 [INFO]   ✓ 雪球加密: 0 条
2026-09-18 20:01:13 [INFO] 📊 共抓取 40 条新闻
2026-09-18 20:01:13 [INFO] 📋 原始新闻已保存: reports/2026-09-19-04-raw.json (40 条)
2026-09-18 20:01:13 [INFO] 📋 标题摘要已保存: reports/2026-09-19-04-raw-titles.md
2026-09-18 20:01:13 [INFO] ✅ 抓取完成，共 40 条，已保存到 reports/2026-09-19-04-raw.json
2026-09-18 20:01:14 [INFO] 🤖 开始 AI 筛选 2026-09-19 04:00 币圈消息
2026-09-18 20:01:14 [INFO] 📋 已加载原始新闻: reports/2026-09-19-04-raw.json (40 条)
2026-09-18 20:01:14 [INFO] 📚 已加载历史新闻标题（25373 字符）
2026-09-18 20:01:14 [INFO] 📚 已加载历史筛选标题 0 条、URL 0 个，用于去重
2026-09-18 20:01:14 [INFO] 🔄 尝试 AI 提供商: deepseek
2026-09-18 20:01:14 [INFO] 🤖 使用 AI 提供商: deepseek (模型: deepseek-v4-flash)
2026-09-18 20:01:14 [INFO] 🤖 AI 筛选 [[deepseek] 1/6 策略=仅标题+链接 retry=0]（40 条，10374 字符，temp=0.3）
2026-09-18 20:01:14 [ERROR] AI 调用异常 ([deepseek] 1/6 策略=仅标题+链接 retry=0): Error code: 401 - {'error': {'message': 'Authentication Fails, Your api key: ****df0d is invalid', 'type': 'authentication_error', 'param': None, 'code': 'invalid_request_error'}}
2026-09-18 20:01:14 [WARNING] [[deepseek] 1/6 策略=仅标题+链接 retry=0] AI 调用失败或解析失败，继续下一次尝试
2026-09-18 20:01:14 [INFO] 🤖 AI 筛选 [[deepseek] 2/6 策略=仅标题+链接 retry=1]（40 条，10374 字符，temp=0.3）
2026-09-18 20:01:15 [ERROR] AI 调用异常 ([deepseek] 2/6 策略=仅标题+链接 retry=1): Error code: 401 - {'error': {'message': 'Authentication Fails, Your api key: ****df0d is invalid', 'type': 'authentication_error', 'param': None, 'code': 'invalid_request_error'}}
2026-09-18 20:01:15 [WARNING] [[deepseek] 2/6 策略=仅标题+链接 retry=1] AI 调用失败或解析失败，继续下一次尝试
2026-09-18 20:01:15 [INFO] 🤖 AI 筛选 [[deepseek] 3/6 策略=仅标题+链接 retry=2]（40 条，10374 字符，temp=0.3）
2026-09-18 20:01:15 [ERROR] AI 调用异常 ([deepseek] 3/6 策略=仅标题+链接 retry=2): Error code: 401 - {'error': {'message': 'Authentication Fails, Your api key: ****df0d is invalid', 'type': 'authentication_error', 'param': None, 'code': 'invalid_request_error'}}
2026-09-18 20:01:15 [WARNING] [[deepseek] 3/6 策略=仅标题+链接 retry=2] AI 调用失败或解析失败，继续下一次尝试
2026-09-18 20:01:15 [INFO] 🤖 AI 筛选 [[deepseek] 4/6 策略=完整内容 retry=0]（40 条，14541 字符，temp=0.3）
2026-09-18 20:01:16 [ERROR] AI 调用异常 ([deepseek] 4/6 策略=完整内容 retry=0): Error code: 401 - {'error': {'message': 'Authentication Fails, Your api key: ****df0d is invalid', 'type': 'authentication_error', 'param': None, 'code': 'invalid_request_error'}}
2026-09-18 20:01:16 [WARNING] [[deepseek] 4/6 策略=完整内容 retry=0] AI 调用失败或解析失败，继续下一次尝试
2026-09-18 20:01:16 [INFO] 🤖 AI 筛选 [[deepseek] 5/6 策略=完整内容 retry=1]（40 条，14541 字符，temp=0.3）
2026-09-18 20:01:16 [ERROR] AI 调用异常 ([deepseek] 5/6 策略=完整内容 retry=1): Error code: 401 - {'error': {'message': 'Authentication Fails, Your api key: ****df0d is invalid', 'type': 'authentication_error', 'param': None, 'code': 'invalid_request_error'}}
2026-09-18 20:01:16 [WARNING] [[deepseek] 5/6 策略=完整内容 retry=1] AI 调用失败或解析失败，继续下一次尝试
2026-09-18 20:01:16 [INFO] 🤖 AI 筛选 [[deepseek] 6/6 策略=仅标题（无历史） retry=0]（40 条，10374 字符，temp=0.3）
2026-09-18 20:01:17 [ERROR] AI 调用异常 ([deepseek] 6/6 策略=仅标题（无历史） retry=0): Error code: 401 - {'error': {'message': 'Authentication Fails, Your api key: ****df0d is invalid', 'type': 'authentication_error', 'param': None, 'code': 'invalid_request_error'}}
2026-09-18 20:01:17 [WARNING] [[deepseek] 6/6 策略=仅标题（无历史） retry=0] AI 调用失败或解析失败，继续下一次尝试
2026-09-18 20:01:17 [WARNING] [deepseek] 已达最大尝试次数 6，停止
2026-09-18 20:01:17 [INFO] ⚠️ deepseek 未能产出满意结果，尝试下一个提供商
2026-09-18 20:01:17 [INFO] 🔄 尝试 AI 提供商: zhipu
2026-09-18 20:01:17 [ERROR] 未设置环境变量 ZHIPU_API_KEY，无法使用 zhipu
2026-09-18 20:01:17 [INFO] ⚠️ zhipu 未能产出满意结果，尝试下一个提供商
2026-09-18 20:01:17 [INFO] 🔄 尝试 AI 提供商: kimi
2026-09-18 20:01:17 [ERROR] 未设置环境变量 KIMI_API_KEY，无法使用 kimi
2026-09-18 20:01:17 [INFO] ⚠️ kimi 未能产出满意结果，尝试下一个提供商
2026-09-18 20:01:17 [INFO] 🔄 尝试 AI 提供商: huoshan
2026-09-18 20:01:17 [ERROR] 未设置环境变量 HUOSHAN_API_KEY，无法使用 huoshan
2026-09-18 20:01:17 [INFO] ⚠️ huoshan 未能产出满意结果，尝试下一个提供商
2026-09-18 20:01:17 [ERROR] ❌ 所有提供商均失败，返回空列表
2026-09-18 20:01:17 [INFO] 📦 JSON 已保存: reports/2026-09-19-04.json
2026-09-18 20:01:17 [INFO] ✅ AI 筛选完成，共 0 条交易相关消息
2026-09-18 21:01:34 [INFO] 🚀 开始抓取 2026-09-19 05:00 币圈新闻
2026-09-18 21:01:34 [INFO] 📡 抓取 RSS 新闻源...
2026-09-18 21:01:34 [INFO] 📡 抓取交易所公告 & 链上数据...
2026-09-18 21:01:34 [INFO]   ⏭ Decrypt: 过滤掉 49 条非近期新闻
2026-09-18 21:01:34 [INFO]   ⏭ The Block: 过滤掉 20 条非近期新闻
2026-09-18 21:01:34 [INFO]   ⏭ CoinTelegraph: 过滤掉 28 条非近期新闻
2026-09-18 21:01:34 [INFO]   ⏭ Bloomberg Crypto: 过滤掉 50 条非近期新闻
2026-09-18 21:01:35 [INFO]   ⏭ Reuters Crypto: 过滤掉 50 条非近期新闻
2026-09-18 21:01:35 [WARNING] 解析失败 Bitget公告: 'NoneType' object is not subscriptable
2026-09-18 21:01:35 [INFO]   ⏭ CNBC Crypto: 过滤掉 47 条非近期新闻
2026-09-18 21:01:35 [INFO]   ⏭ Reddit r/bitcoin: 过滤掉 23 条非近期新闻
2026-09-18 21:01:35 [INFO]   ⏭ CoinDesk: 过滤掉 25 条非近期新闻
2026-09-18 21:01:35 [INFO]   ⏭ Bitcoin Magazine: 过滤掉 9 条非近期新闻
2026-09-18 21:01:35 [INFO]   ⏭ 宏观经济: 过滤掉 50 条非近期新闻
2026-09-18 21:01:35 [INFO]   ⏭ Blockworks: 过滤掉 50 条非近期新闻
2026-09-18 21:01:35 [INFO]   ⏭ 金色财经: 过滤掉 5 条非近期新闻
2026-09-18 21:01:35 [INFO]   ⏭ DL News: 过滤掉 50 条非近期新闻
2026-09-18 21:01:35 [INFO]   ⏭ Blockworks: 过滤掉 2 条非近期新闻
2026-09-18 21:01:35 [INFO]   ⏭ 宏观经济: 过滤掉 50 条非近期新闻
2026-09-18 21:01:35 [INFO]   ⏭ DeFi Llama: 过滤掉 50 条非近期新闻
2026-09-18 21:01:35 [INFO]   ⏭ 雪球加密: 过滤掉 50 条非近期新闻
2026-09-18 21:01:35 [INFO]   ⏭ 吴说区块链: 过滤掉 50 条非近期新闻
2026-09-18 21:01:36 [INFO]   ⏭ CoinDesk: 过滤掉 50 条非近期新闻
2026-09-18 21:01:36 [INFO]   ⏭ The Block: 过滤掉 50 条非近期新闻
2026-09-18 21:01:36 [INFO]   ⏭ Crypto Twitter: 过滤掉 46 条非近期新闻
2026-09-18 21:01:50 [DEBUG] 请求失败 https://rsshub.rssforever.com/theblockbeats/newsflash: 
2026-09-18 21:01:50 [DEBUG] 请求失败 https://rsshub.rssforever.com/panewslab/news: 
2026-09-18 21:01:50 [DEBUG] 请求失败 https://rsshub.rssforever.com/bloomberg/crypto: 
2026-09-18 21:01:50 [INFO]   ⏭ 律动BlockBeats: 过滤掉 50 条非近期新闻
2026-09-18 21:01:50 [INFO]   ⏭ PANews: 过滤掉 50 条非近期新闻
2026-09-18 21:01:50 [INFO]   ✓ CoinDesk: 0 条
2026-09-18 21:01:50 [INFO]   ✓ The Block: 0 条
2026-09-18 21:01:50 [INFO]   ✓ Decrypt: 1 条
2026-09-18 21:01:50 [INFO]   ✓ CoinTelegraph: 2 条
2026-09-18 21:01:50 [INFO]   ✓ Bitcoin Magazine: 1 条
2026-09-18 21:01:50 [INFO]   ✓ Blockworks: 0 条
2026-09-18 21:01:50 [INFO]   ✓ DL News: 0 条
2026-09-18 21:01:50 [INFO]   ✓ 金色财经: 4 条
2026-09-18 21:01:50 [INFO]   ✓ PANews: 0 条
2026-09-18 21:01:50 [INFO]   ✓ 律动BlockBeats: 0 条
2026-09-18 21:01:50 [INFO]   ✓ 吴说区块链: 0 条
2026-09-18 21:01:50 [INFO]   ✓ Bloomberg Crypto: 0 条
2026-09-18 21:01:50 [INFO]   ✓ Reuters Crypto: 0 条
2026-09-18 21:01:50 [INFO]   ✓ CNBC Crypto: 3 条
2026-09-18 21:01:50 [INFO]   ✓ Reddit r/cryptocurrency: 0 条
2026-09-18 21:01:50 [INFO]   ✓ Reddit r/bitcoin: 2 条
2026-09-18 21:01:50 [INFO]   ✓ Crypto Twitter: 4 条
2026-09-18 21:01:50 [INFO]   ✓ 宏观经济: 0 条
2026-09-18 21:01:50 [INFO]   ✓ Binance公告: 20 条
2026-09-18 21:01:50 [INFO]   ✓ OKX公告: 0 条
2026-09-18 21:01:50 [INFO]   ✓ Bitget公告: 0 条
2026-09-18 21:01:50 [INFO]   ✓ Whale Alert: 0 条
2026-09-18 21:01:50 [INFO]   ✓ Fear & Greed Index: 1 条
2026-09-18 21:01:50 [INFO]   ✓ DeFi Llama: 0 条
2026-09-18 21:01:50 [INFO]   ✓ 雪球加密: 0 条
2026-09-18 21:01:50 [INFO] 📊 共抓取 38 条新闻
2026-09-18 21:01:51 [INFO] 📋 原始新闻已保存: reports/2026-09-19-05-raw.json (38 条)
2026-09-18 21:01:51 [INFO] 📋 标题摘要已保存: reports/2026-09-19-05-raw-titles.md
2026-09-18 21:01:51 [INFO] ✅ 抓取完成，共 38 条，已保存到 reports/2026-09-19-05-raw.json
2026-09-18 21:01:51 [INFO] 🤖 开始 AI 筛选 2026-09-19 05:00 币圈消息
2026-09-18 21:01:51 [INFO] 📋 已加载原始新闻: reports/2026-09-19-05-raw.json (38 条)
2026-09-18 21:01:51 [INFO] 📚 已加载历史新闻标题（24967 字符）
2026-09-18 21:01:51 [INFO] 📚 已加载历史筛选标题 0 条、URL 0 个，用于去重
2026-09-18 21:01:51 [INFO] 🔄 尝试 AI 提供商: deepseek
2026-09-18 21:01:51 [INFO] 🤖 使用 AI 提供商: deepseek (模型: deepseek-v4-flash)
2026-09-18 21:01:51 [INFO] 🤖 AI 筛选 [[deepseek] 1/6 策略=仅标题+链接 retry=0]（38 条，8209 字符，temp=0.3）
2026-09-18 21:01:52 [ERROR] AI 调用异常 ([deepseek] 1/6 策略=仅标题+链接 retry=0): Error code: 401 - {'error': {'message': 'Authentication Fails, Your api key: ****df0d is invalid', 'type': 'authentication_error', 'param': None, 'code': 'invalid_request_error'}}
2026-09-18 21:01:52 [WARNING] [[deepseek] 1/6 策略=仅标题+链接 retry=0] AI 调用失败或解析失败，继续下一次尝试
2026-09-18 21:01:52 [INFO] 🤖 AI 筛选 [[deepseek] 2/6 策略=仅标题+链接 retry=1]（38 条，8209 字符，temp=0.3）
2026-09-18 21:01:52 [ERROR] AI 调用异常 ([deepseek] 2/6 策略=仅标题+链接 retry=1): Error code: 401 - {'error': {'message': 'Authentication Fails, Your api key: ****df0d is invalid', 'type': 'authentication_error', 'param': None, 'code': 'invalid_request_error'}}
2026-09-18 21:01:52 [WARNING] [[deepseek] 2/6 策略=仅标题+链接 retry=1] AI 调用失败或解析失败，继续下一次尝试
2026-09-18 21:01:52 [INFO] 🤖 AI 筛选 [[deepseek] 3/6 策略=仅标题+链接 retry=2]（38 条，8209 字符，temp=0.3）
2026-09-18 21:01:53 [ERROR] AI 调用异常 ([deepseek] 3/6 策略=仅标题+链接 retry=2): Error code: 401 - {'error': {'message': 'Authentication Fails, Your api key: ****df0d is invalid', 'type': 'authentication_error', 'param': None, 'code': 'invalid_request_error'}}
2026-09-18 21:01:53 [WARNING] [[deepseek] 3/6 策略=仅标题+链接 retry=2] AI 调用失败或解析失败，继续下一次尝试
2026-09-18 21:01:53 [INFO] 🤖 AI 筛选 [[deepseek] 4/6 策略=完整内容 retry=0]（38 条，12171 字符，temp=0.3）
2026-09-18 21:01:53 [ERROR] AI 调用异常 ([deepseek] 4/6 策略=完整内容 retry=0): Error code: 401 - {'error': {'message': 'Authentication Fails, Your api key: ****df0d is invalid', 'type': 'authentication_error', 'param': None, 'code': 'invalid_request_error'}}
2026-09-18 21:01:53 [WARNING] [[deepseek] 4/6 策略=完整内容 retry=0] AI 调用失败或解析失败，继续下一次尝试
2026-09-18 21:01:53 [INFO] 🤖 AI 筛选 [[deepseek] 5/6 策略=完整内容 retry=1]（38 条，12171 字符，temp=0.3）
2026-09-18 21:01:54 [ERROR] AI 调用异常 ([deepseek] 5/6 策略=完整内容 retry=1): Error code: 401 - {'error': {'message': 'Authentication Fails, Your api key: ****df0d is invalid', 'type': 'authentication_error', 'param': None, 'code': 'invalid_request_error'}}
2026-09-18 21:01:54 [WARNING] [[deepseek] 5/6 策略=完整内容 retry=1] AI 调用失败或解析失败，继续下一次尝试
2026-09-18 21:01:54 [INFO] 🤖 AI 筛选 [[deepseek] 6/6 策略=仅标题（无历史） retry=0]（38 条，8209 字符，temp=0.3）
2026-09-18 21:01:54 [ERROR] AI 调用异常 ([deepseek] 6/6 策略=仅标题（无历史） retry=0): Error code: 401 - {'error': {'message': 'Authentication Fails, Your api key: ****df0d is invalid', 'type': 'authentication_error', 'param': None, 'code': 'invalid_request_error'}}
2026-09-18 21:01:54 [WARNING] [[deepseek] 6/6 策略=仅标题（无历史） retry=0] AI 调用失败或解析失败，继续下一次尝试
2026-09-18 21:01:54 [WARNING] [deepseek] 已达最大尝试次数 6，停止
2026-09-18 21:01:54 [INFO] ⚠️ deepseek 未能产出满意结果，尝试下一个提供商
2026-09-18 21:01:54 [INFO] 🔄 尝试 AI 提供商: zhipu
2026-09-18 21:01:54 [ERROR] 未设置环境变量 ZHIPU_API_KEY，无法使用 zhipu
2026-09-18 21:01:54 [INFO] ⚠️ zhipu 未能产出满意结果，尝试下一个提供商
2026-09-18 21:01:54 [INFO] 🔄 尝试 AI 提供商: kimi
2026-09-18 21:01:54 [ERROR] 未设置环境变量 KIMI_API_KEY，无法使用 kimi
2026-09-18 21:01:54 [INFO] ⚠️ kimi 未能产出满意结果，尝试下一个提供商
2026-09-18 21:01:54 [INFO] 🔄 尝试 AI 提供商: huoshan
2026-09-18 21:01:54 [ERROR] 未设置环境变量 HUOSHAN_API_KEY，无法使用 huoshan
2026-09-18 21:01:54 [INFO] ⚠️ huoshan 未能产出满意结果，尝试下一个提供商
2026-09-18 21:01:54 [ERROR] ❌ 所有提供商均失败，返回空列表
2026-09-18 21:01:54 [INFO] 📦 JSON 已保存: reports/2026-09-19-05.json
2026-09-18 21:01:54 [INFO] ✅ AI 筛选完成，共 0 条交易相关消息
2026-09-18 22:00:57 [INFO] 🚀 开始抓取 2026-09-19 06:00 币圈新闻
2026-09-18 22:00:57 [INFO] 📡 抓取 RSS 新闻源...
2026-09-18 22:00:57 [INFO] 📡 抓取交易所公告 & 链上数据...
2026-09-18 22:00:57 [INFO]   ⏭ Decrypt: 过滤掉 49 条非近期新闻
2026-09-18 22:00:57 [INFO]   ⏭ CoinTelegraph: 过滤掉 29 条非近期新闻
2026-09-18 22:00:57 [INFO]   ⏭ The Block: 过滤掉 20 条非近期新闻
2026-09-18 22:00:58 [INFO]   ⏭ CoinDesk: 过滤掉 25 条非近期新闻
2026-09-18 22:00:58 [INFO]   ⏭ Bitcoin Magazine: 过滤掉 9 条非近期新闻
2026-09-18 22:00:58 [INFO]   ⏭ Reuters Crypto: 过滤掉 50 条非近期新闻
2026-09-18 22:00:58 [WARNING] 解析失败 Bitget公告: 'NoneType' object is not subscriptable
2026-09-18 22:00:58 [INFO]   ⏭ Bloomberg Crypto: 过滤掉 50 条非近期新闻
2026-09-18 22:00:58 [INFO]   ⏭ 宏观经济: 过滤掉 49 条非近期新闻
2026-09-18 22:00:58 [INFO]   ⏭ CNBC Crypto: 过滤掉 49 条非近期新闻
2026-09-18 22:00:58 [INFO]   ⏭ Reddit r/bitcoin: 过滤掉 23 条非近期新闻
2026-09-18 22:00:58 [INFO]   ⏭ DeFi Llama: 过滤掉 50 条非近期新闻
2026-09-18 22:00:58 [INFO]   ⏭ DL News: 过滤掉 50 条非近期新闻
2026-09-18 22:00:58 [INFO]   ⏭ Blockworks: 过滤掉 50 条非近期新闻
2026-09-18 22:00:58 [INFO]   ⏭ 吴说区块链: 过滤掉 50 条非近期新闻
2026-09-18 22:00:58 [INFO]   ⏭ 雪球加密: 过滤掉 49 条非近期新闻
2026-09-18 22:00:58 [INFO]   ⏭ The Block: 过滤掉 50 条非近期新闻
2026-09-18 22:00:59 [INFO]   ⏭ Crypto Twitter: 过滤掉 49 条非近期新闻
2026-09-18 22:00:59 [INFO]   ⏭ Blockworks: 过滤掉 2 条非近期新闻
2026-09-18 22:00:59 [INFO]   ⏭ CoinDesk: 过滤掉 50 条非近期新闻
2026-09-18 22:01:06 [INFO]   ⏭ 律动BlockBeats: 过滤掉 20 条非近期新闻
2026-09-18 22:01:06 [INFO]   ⏭ PANews: 过滤掉 50 条非近期新闻
2026-09-18 22:01:07 [INFO]   ⏭ 律动BlockBeats: 过滤掉 50 条非近期新闻
2026-09-18 22:01:07 [INFO]   ✓ CoinDesk: 0 条
2026-09-18 22:01:07 [INFO]   ✓ The Block: 0 条
2026-09-18 22:01:07 [INFO]   ✓ Decrypt: 1 条
2026-09-18 22:01:07 [INFO]   ✓ CoinTelegraph: 1 条
2026-09-18 22:01:07 [INFO]   ✓ Bitcoin Magazine: 1 条
2026-09-18 22:01:07 [INFO]   ✓ Blockworks: 0 条
2026-09-18 22:01:07 [INFO]   ✓ DL News: 0 条
2026-09-18 22:01:07 [INFO]   ✓ 金色财经: 2 条
2026-09-18 22:01:07 [INFO]   ✓ PANews: 0 条
2026-09-18 22:01:07 [INFO]   ✓ 律动BlockBeats: 0 条
2026-09-18 22:01:07 [INFO]   ✓ 吴说区块链: 0 条
2026-09-18 22:01:07 [INFO]   ✓ Bloomberg Crypto: 0 条
2026-09-18 22:01:07 [INFO]   ✓ Reuters Crypto: 0 条
2026-09-18 22:01:07 [INFO]   ✓ CNBC Crypto: 1 条
2026-09-18 22:01:07 [INFO]   ✓ Reddit r/cryptocurrency: 0 条
2026-09-18 22:01:07 [INFO]   ✓ Reddit r/bitcoin: 2 条
2026-09-18 22:01:07 [INFO]   ✓ Crypto Twitter: 1 条
2026-09-18 22:01:07 [INFO]   ✓ 宏观经济: 1 条
2026-09-18 22:01:07 [INFO]   ✓ Binance公告: 20 条
2026-09-18 22:01:07 [INFO]   ✓ OKX公告: 0 条
2026-09-18 22:01:07 [INFO]   ✓ Bitget公告: 0 条
2026-09-18 22:01:07 [INFO]   ✓ Whale Alert: 0 条
2026-09-18 22:01:07 [INFO]   ✓ Fear & Greed Index: 1 条
2026-09-18 22:01:07 [INFO]   ✓ DeFi Llama: 0 条
2026-09-18 22:01:07 [INFO]   ✓ 雪球加密: 1 条
2026-09-18 22:01:07 [INFO] 📊 共抓取 32 条新闻
2026-09-18 22:01:07 [INFO] 📋 原始新闻已保存: reports/2026-09-19-06-raw.json (32 条)
2026-09-18 22:01:07 [INFO] 📋 标题摘要已保存: reports/2026-09-19-06-raw-titles.md
2026-09-18 22:01:07 [INFO] ✅ 抓取完成，共 32 条，已保存到 reports/2026-09-19-06-raw.json
2026-09-18 22:01:08 [INFO] 🤖 开始 AI 筛选 2026-09-19 06:00 币圈消息
2026-09-18 22:01:08 [INFO] 📋 已加载原始新闻: reports/2026-09-19-06-raw.json (32 条)
2026-09-18 22:01:08 [INFO] 📚 已加载历史新闻标题（23796 字符）
2026-09-18 22:01:08 [INFO] 📚 已加载历史筛选标题 0 条、URL 0 个，用于去重
2026-09-18 22:01:08 [INFO] 🔄 尝试 AI 提供商: deepseek
2026-09-18 22:01:08 [INFO] 🤖 使用 AI 提供商: deepseek (模型: deepseek-v4-flash)
2026-09-18 22:01:08 [INFO] 🤖 AI 筛选 [[deepseek] 1/6 策略=仅标题+链接 retry=0]（32 条，6235 字符，temp=0.3）
2026-09-18 22:01:08 [ERROR] AI 调用异常 ([deepseek] 1/6 策略=仅标题+链接 retry=0): Error code: 401 - {'error': {'message': 'Authentication Fails, Your api key: ****df0d is invalid', 'type': 'authentication_error', 'param': None, 'code': 'invalid_request_error'}}
2026-09-18 22:01:08 [WARNING] [[deepseek] 1/6 策略=仅标题+链接 retry=0] AI 调用失败或解析失败，继续下一次尝试
2026-09-18 22:01:08 [INFO] 🤖 AI 筛选 [[deepseek] 2/6 策略=仅标题+链接 retry=1]（32 条，6235 字符，temp=0.3）
2026-09-18 22:01:08 [ERROR] AI 调用异常 ([deepseek] 2/6 策略=仅标题+链接 retry=1): Error code: 401 - {'error': {'message': 'Authentication Fails, Your api key: ****df0d is invalid', 'type': 'authentication_error', 'param': None, 'code': 'invalid_request_error'}}
2026-09-18 22:01:08 [WARNING] [[deepseek] 2/6 策略=仅标题+链接 retry=1] AI 调用失败或解析失败，继续下一次尝试
2026-09-18 22:01:08 [INFO] 🤖 AI 筛选 [[deepseek] 3/6 策略=仅标题+链接 retry=2]（32 条，6235 字符，temp=0.3）
2026-09-18 22:01:09 [ERROR] AI 调用异常 ([deepseek] 3/6 策略=仅标题+链接 retry=2): Error code: 401 - {'error': {'message': 'Authentication Fails, Your api key: ****df0d is invalid', 'type': 'authentication_error', 'param': None, 'code': 'invalid_request_error'}}
2026-09-18 22:01:09 [WARNING] [[deepseek] 3/6 策略=仅标题+链接 retry=2] AI 调用失败或解析失败，继续下一次尝试
2026-09-18 22:01:09 [INFO] 🤖 AI 筛选 [[deepseek] 4/6 策略=完整内容 retry=0]（32 条，9573 字符，temp=0.3）
2026-09-18 22:01:09 [ERROR] AI 调用异常 ([deepseek] 4/6 策略=完整内容 retry=0): Error code: 401 - {'error': {'message': 'Authentication Fails, Your api key: ****df0d is invalid', 'type': 'authentication_error', 'param': None, 'code': 'invalid_request_error'}}
2026-09-18 22:01:09 [WARNING] [[deepseek] 4/6 策略=完整内容 retry=0] AI 调用失败或解析失败，继续下一次尝试
2026-09-18 22:01:09 [INFO] 🤖 AI 筛选 [[deepseek] 5/6 策略=完整内容 retry=1]（32 条，9573 字符，temp=0.3）
2026-09-18 22:01:10 [ERROR] AI 调用异常 ([deepseek] 5/6 策略=完整内容 retry=1): Error code: 401 - {'error': {'message': 'Authentication Fails, Your api key: ****df0d is invalid', 'type': 'authentication_error', 'param': None, 'code': 'invalid_request_error'}}
2026-09-18 22:01:10 [WARNING] [[deepseek] 5/6 策略=完整内容 retry=1] AI 调用失败或解析失败，继续下一次尝试
2026-09-18 22:01:10 [INFO] 🤖 AI 筛选 [[deepseek] 6/6 策略=仅标题（无历史） retry=0]（32 条，6235 字符，temp=0.3）
2026-09-18 22:01:10 [ERROR] AI 调用异常 ([deepseek] 6/6 策略=仅标题（无历史） retry=0): Error code: 401 - {'error': {'message': 'Authentication Fails, Your api key: ****df0d is invalid', 'type': 'authentication_error', 'param': None, 'code': 'invalid_request_error'}}
2026-09-18 22:01:10 [WARNING] [[deepseek] 6/6 策略=仅标题（无历史） retry=0] AI 调用失败或解析失败，继续下一次尝试
2026-09-18 22:01:10 [WARNING] [deepseek] 已达最大尝试次数 6，停止
2026-09-18 22:01:10 [INFO] ⚠️ deepseek 未能产出满意结果，尝试下一个提供商
2026-09-18 22:01:10 [INFO] 🔄 尝试 AI 提供商: zhipu
2026-09-18 22:01:10 [ERROR] 未设置环境变量 ZHIPU_API_KEY，无法使用 zhipu
2026-09-18 22:01:10 [INFO] ⚠️ zhipu 未能产出满意结果，尝试下一个提供商
2026-09-18 22:01:10 [INFO] 🔄 尝试 AI 提供商: kimi
2026-09-18 22:01:10 [ERROR] 未设置环境变量 KIMI_API_KEY，无法使用 kimi
2026-09-18 22:01:10 [INFO] ⚠️ kimi 未能产出满意结果，尝试下一个提供商
2026-09-18 22:01:10 [INFO] 🔄 尝试 AI 提供商: huoshan
2026-09-18 22:01:10 [ERROR] 未设置环境变量 HUOSHAN_API_KEY，无法使用 huoshan
2026-09-18 22:01:10 [INFO] ⚠️ huoshan 未能产出满意结果，尝试下一个提供商
2026-09-18 22:01:10 [ERROR] ❌ 所有提供商均失败，返回空列表
2026-09-18 22:01:10 [INFO] 📦 JSON 已保存: reports/2026-09-19-06.json
2026-09-18 22:01:10 [INFO] ✅ AI 筛选完成，共 0 条交易相关消息
2026-09-18 23:00:51 [INFO] 🚀 开始抓取 2026-09-19 07:00 币圈新闻
2026-09-18 23:00:51 [INFO] 📡 抓取 RSS 新闻源...
2026-09-18 23:00:51 [INFO] 📡 抓取交易所公告 & 链上数据...
2026-09-18 23:00:51 [INFO]   ⏭ CoinTelegraph: 过滤掉 30 条非近期新闻
2026-09-18 23:00:51 [INFO]   ⏭ Decrypt: 过滤掉 49 条非近期新闻
2026-09-18 23:00:51 [INFO]   ⏭ The Block: 过滤掉 20 条非近期新闻
2026-09-18 23:00:51 [INFO]   ⏭ Bitcoin Magazine: 过滤掉 9 条非近期新闻
2026-09-18 23:00:52 [WARNING] 解析失败 Bitget公告: 'NoneType' object is not subscriptable
2026-09-18 23:00:52 [INFO]   ⏭ CoinDesk: 过滤掉 25 条非近期新闻
2026-09-18 23:00:52 [INFO]   ⏭ Reddit r/bitcoin: 过滤掉 24 条非近期新闻
2026-09-18 23:00:52 [INFO]   ⏭ CNBC Crypto: 过滤掉 50 条非近期新闻
2026-09-18 23:00:52 [INFO]   ⏭ 宏观经济: 过滤掉 49 条非近期新闻
2026-09-18 23:00:52 [INFO]   ⏭ Blockworks: 过滤掉 50 条非近期新闻
2026-09-18 23:00:52 [INFO]   ⏭ Reuters Crypto: 过滤掉 50 条非近期新闻
2026-09-18 23:00:52 [INFO]   ⏭ Bloomberg Crypto: 过滤掉 50 条非近期新闻
2026-09-18 23:00:52 [INFO]   ⏭ 律动BlockBeats: 过滤掉 20 条非近期新闻
2026-09-18 23:00:52 [INFO]   ⏭ Blockworks: 过滤掉 2 条非近期新闻
2026-09-18 23:00:52 [INFO]   ⏭ DL News: 过滤掉 50 条非近期新闻
2026-09-18 23:00:53 [INFO]   ⏭ 雪球加密: 过滤掉 49 条非近期新闻
2026-09-18 23:00:53 [INFO]   ⏭ DeFi Llama: 过滤掉 50 条非近期新闻
2026-09-18 23:00:53 [INFO]   ⏭ 吴说区块链: 过滤掉 50 条非近期新闻
2026-09-18 23:00:53 [INFO]   ⏭ The Block: 过滤掉 50 条非近期新闻
2026-09-18 23:00:53 [INFO]   ⏭ 律动BlockBeats: 过滤掉 50 条非近期新闻
2026-09-18 23:00:53 [INFO]   ⏭ CoinDesk: 过滤掉 50 条非近期新闻
2026-09-18 23:00:53 [INFO]   ⏭ Crypto Twitter: 过滤掉 43 条非近期新闻
2026-09-18 23:01:07 [DEBUG] 请求失败 https://rsshub.rssforever.com/panewslab/news: 
2026-09-18 23:01:07 [DEBUG] 请求失败 https://rsshub.rssforever.com/cointelegraph: 
2026-09-18 23:01:07 [INFO]   ⏭ CoinTelegraph: 过滤掉 50 条非近期新闻
2026-09-18 23:01:07 [DEBUG] 请求失败 https://rsshub.rssforever.com/bloomberg/crypto: 
2026-09-18 23:01:08 [INFO]   ⏭ PANews: 过滤掉 50 条非近期新闻
2026-09-18 23:01:08 [INFO]   ✓ CoinDesk: 0 条
2026-09-18 23:01:08 [INFO]   ✓ The Block: 0 条
2026-09-18 23:01:08 [INFO]   ✓ Decrypt: 1 条
2026-09-18 23:01:08 [INFO]   ✓ CoinTelegraph: 0 条
2026-09-18 23:01:08 [INFO]   ✓ Bitcoin Magazine: 1 条
2026-09-18 23:01:08 [INFO]   ✓ Blockworks: 0 条
2026-09-18 23:01:08 [INFO]   ✓ DL News: 0 条
2026-09-18 23:01:08 [INFO]   ✓ 金色财经: 9 条
2026-09-18 23:01:08 [INFO]   ✓ PANews: 0 条
2026-09-18 23:01:08 [INFO]   ✓ 律动BlockBeats: 0 条
2026-09-18 23:01:08 [INFO]   ✓ 吴说区块链: 0 条
2026-09-18 23:01:08 [INFO]   ✓ Bloomberg Crypto: 0 条
2026-09-18 23:01:08 [INFO]   ✓ Reuters Crypto: 0 条
2026-09-18 23:01:08 [INFO]   ✓ CNBC Crypto: 0 条
2026-09-18 23:01:08 [INFO]   ✓ Reddit r/cryptocurrency: 0 条
2026-09-18 23:01:08 [INFO]   ✓ Reddit r/bitcoin: 1 条
2026-09-18 23:01:08 [INFO]   ✓ Crypto Twitter: 7 条
2026-09-18 23:01:08 [INFO]   ✓ 宏观经济: 1 条
2026-09-18 23:01:08 [INFO]   ✓ Binance公告: 20 条
2026-09-18 23:01:08 [INFO]   ✓ OKX公告: 0 条
2026-09-18 23:01:08 [INFO]   ✓ Bitget公告: 0 条
2026-09-18 23:01:08 [INFO]   ✓ Whale Alert: 0 条
2026-09-18 23:01:08 [INFO]   ✓ Fear & Greed Index: 1 条
2026-09-18 23:01:08 [INFO]   ✓ DeFi Llama: 0 条
2026-09-18 23:01:08 [INFO]   ✓ 雪球加密: 1 条
2026-09-18 23:01:08 [INFO] 📊 共抓取 42 条新闻
2026-09-18 23:01:08 [INFO] 📋 原始新闻已保存: reports/2026-09-19-07-raw.json (42 条)
2026-09-18 23:01:08 [INFO] 📋 标题摘要已保存: reports/2026-09-19-07-raw-titles.md
2026-09-18 23:01:08 [INFO] ✅ 抓取完成，共 42 条，已保存到 reports/2026-09-19-07-raw.json
2026-09-18 23:01:08 [INFO] 🤖 开始 AI 筛选 2026-09-19 07:00 币圈消息
2026-09-18 23:01:08 [INFO] 📋 已加载原始新闻: reports/2026-09-19-07-raw.json (42 条)
2026-09-18 23:01:08 [INFO] 📚 已加载历史新闻标题（21442 字符）
2026-09-18 23:01:08 [INFO] 📚 已加载历史筛选标题 0 条、URL 0 个，用于去重
2026-09-18 23:01:08 [INFO] 🔄 尝试 AI 提供商: deepseek
2026-09-18 23:01:08 [INFO] 🤖 使用 AI 提供商: deepseek (模型: deepseek-v4-flash)
2026-09-18 23:01:08 [INFO] 🤖 AI 筛选 [[deepseek] 1/6 策略=仅标题+链接 retry=0]（42 条，8048 字符，temp=0.3）
2026-09-18 23:01:09 [ERROR] AI 调用异常 ([deepseek] 1/6 策略=仅标题+链接 retry=0): Error code: 401 - {'error': {'message': 'Authentication Fails, Your api key: ****df0d is invalid', 'type': 'authentication_error', 'param': None, 'code': 'invalid_request_error'}}
2026-09-18 23:01:09 [WARNING] [[deepseek] 1/6 策略=仅标题+链接 retry=0] AI 调用失败或解析失败，继续下一次尝试
2026-09-18 23:01:09 [INFO] 🤖 AI 筛选 [[deepseek] 2/6 策略=仅标题+链接 retry=1]（42 条，8048 字符，temp=0.3）
2026-09-18 23:01:09 [ERROR] AI 调用异常 ([deepseek] 2/6 策略=仅标题+链接 retry=1): Error code: 401 - {'error': {'message': 'Authentication Fails, Your api key: ****df0d is invalid', 'type': 'authentication_error', 'param': None, 'code': 'invalid_request_error'}}
2026-09-18 23:01:09 [WARNING] [[deepseek] 2/6 策略=仅标题+链接 retry=1] AI 调用失败或解析失败，继续下一次尝试
2026-09-18 23:01:09 [INFO] 🤖 AI 筛选 [[deepseek] 3/6 策略=仅标题+链接 retry=2]（42 条，8048 字符，temp=0.3）
2026-09-18 23:01:10 [ERROR] AI 调用异常 ([deepseek] 3/6 策略=仅标题+链接 retry=2): Error code: 401 - {'error': {'message': 'Authentication Fails, Your api key: ****df0d is invalid', 'type': 'authentication_error', 'param': None, 'code': 'invalid_request_error'}}
2026-09-18 23:01:10 [WARNING] [[deepseek] 3/6 策略=仅标题+链接 retry=2] AI 调用失败或解析失败，继续下一次尝试
2026-09-18 23:01:10 [INFO] 🤖 AI 筛选 [[deepseek] 4/6 策略=完整内容 retry=0]（42 条，12756 字符，temp=0.3）
2026-09-18 23:01:10 [ERROR] AI 调用异常 ([deepseek] 4/6 策略=完整内容 retry=0): Error code: 401 - {'error': {'message': 'Authentication Fails, Your api key: ****df0d is invalid', 'type': 'authentication_error', 'param': None, 'code': 'invalid_request_error'}}
2026-09-18 23:01:10 [WARNING] [[deepseek] 4/6 策略=完整内容 retry=0] AI 调用失败或解析失败，继续下一次尝试
2026-09-18 23:01:10 [INFO] 🤖 AI 筛选 [[deepseek] 5/6 策略=完整内容 retry=1]（42 条，12756 字符，temp=0.3）
2026-09-18 23:01:11 [ERROR] AI 调用异常 ([deepseek] 5/6 策略=完整内容 retry=1): Error code: 401 - {'error': {'message': 'Authentication Fails, Your api key: ****df0d is invalid', 'type': 'authentication_error', 'param': None, 'code': 'invalid_request_error'}}
2026-09-18 23:01:11 [WARNING] [[deepseek] 5/6 策略=完整内容 retry=1] AI 调用失败或解析失败，继续下一次尝试
2026-09-18 23:01:11 [INFO] 🤖 AI 筛选 [[deepseek] 6/6 策略=仅标题（无历史） retry=0]（42 条，8048 字符，temp=0.3）
2026-09-18 23:01:11 [ERROR] AI 调用异常 ([deepseek] 6/6 策略=仅标题（无历史） retry=0): Error code: 401 - {'error': {'message': 'Authentication Fails, Your api key: ****df0d is invalid', 'type': 'authentication_error', 'param': None, 'code': 'invalid_request_error'}}
2026-09-18 23:01:11 [WARNING] [[deepseek] 6/6 策略=仅标题（无历史） retry=0] AI 调用失败或解析失败，继续下一次尝试
2026-09-18 23:01:11 [WARNING] [deepseek] 已达最大尝试次数 6，停止
2026-09-18 23:01:11 [INFO] ⚠️ deepseek 未能产出满意结果，尝试下一个提供商
2026-09-18 23:01:11 [INFO] 🔄 尝试 AI 提供商: zhipu
2026-09-18 23:01:11 [ERROR] 未设置环境变量 ZHIPU_API_KEY，无法使用 zhipu
2026-09-18 23:01:11 [INFO] ⚠️ zhipu 未能产出满意结果，尝试下一个提供商
2026-09-18 23:01:11 [INFO] 🔄 尝试 AI 提供商: kimi
2026-09-18 23:01:11 [ERROR] 未设置环境变量 KIMI_API_KEY，无法使用 kimi
2026-09-18 23:01:11 [INFO] ⚠️ kimi 未能产出满意结果，尝试下一个提供商
2026-09-18 23:01:11 [INFO] 🔄 尝试 AI 提供商: huoshan
2026-09-18 23:01:11 [ERROR] 未设置环境变量 HUOSHAN_API_KEY，无法使用 huoshan
2026-09-18 23:01:11 [INFO] ⚠️ huoshan 未能产出满意结果，尝试下一个提供商
2026-09-18 23:01:11 [ERROR] ❌ 所有提供商均失败，返回空列表
2026-09-18 23:01:11 [INFO] 📦 JSON 已保存: reports/2026-09-19-07.json
2026-09-18 23:01:11 [INFO] ✅ AI 筛选完成，共 0 条交易相关消息
2026-09-19 00:01:02 [INFO] 🚀 开始抓取 2026-09-19 08:00 币圈新闻
2026-09-19 00:01:02 [INFO] 📡 抓取 RSS 新闻源...
2026-09-19 00:01:02 [INFO] 📡 抓取交易所公告 & 链上数据...
2026-09-19 00:01:02 [INFO]   ⏭ The Block: 过滤掉 20 条非近期新闻
2026-09-19 00:01:02 [INFO]   ⏭ Decrypt: 过滤掉 50 条非近期新闻
2026-09-19 00:01:03 [INFO]   ⏭ CoinTelegraph: 过滤掉 30 条非近期新闻
2026-09-19 00:01:03 [INFO]   ⏭ CoinDesk: 过滤掉 25 条非近期新闻
2026-09-19 00:01:03 [INFO]   ⏭ 律动BlockBeats: 过滤掉 20 条非近期新闻
2026-09-19 00:01:03 [WARNING] 解析失败 Bitget公告: 'NoneType' object is not subscriptable
2026-09-19 00:01:03 [INFO]   ⏭ Bitcoin Magazine: 过滤掉 10 条非近期新闻
2026-09-19 00:01:03 [INFO]   ⏭ Blockworks: 过滤掉 50 条非近期新闻
2026-09-19 00:01:03 [INFO]   ⏭ Reddit r/cryptocurrency: 过滤掉 25 条非近期新闻
2026-09-19 00:01:18 [DEBUG] 请求失败 https://rsshub.rssforever.com/panewslab/news: 
2026-09-19 00:01:18 [DEBUG] 请求失败 https://rsshub.rssforever.com/cointelegraph: 
2026-09-19 00:01:24 [DEBUG] 请求失败 https://rsshub.rssforever.com/bloomberg/crypto: 
2026-09-19 00:01:27 [INFO]   ✓ CoinDesk: 0 条
2026-09-19 00:01:27 [INFO]   ✓ The Block: 0 条
2026-09-19 00:01:27 [INFO]   ✓ Decrypt: 0 条
2026-09-19 00:01:27 [INFO]   ✓ CoinTelegraph: 0 条
2026-09-19 00:01:27 [INFO]   ✓ Bitcoin Magazine: 0 条
2026-09-19 00:01:27 [INFO]   ✓ Blockworks: 0 条
2026-09-19 00:01:27 [INFO]   ✓ DL News: 0 条
2026-09-19 00:01:27 [INFO]   ✓ 金色财经: 4 条
2026-09-19 00:01:27 [INFO]   ✓ PANews: 0 条
2026-09-19 00:01:27 [INFO]   ✓ 律动BlockBeats: 0 条
2026-09-19 00:01:27 [INFO]   ✓ 吴说区块链: 0 条
2026-09-19 00:01:27 [INFO]   ✓ Bloomberg Crypto: 0 条
2026-09-19 00:01:27 [INFO]   ✓ Reuters Crypto: 0 条
2026-09-19 00:01:27 [INFO]   ✓ CNBC Crypto: 0 条
2026-09-19 00:01:27 [INFO]   ✓ Reddit r/cryptocurrency: 0 条
2026-09-19 00:01:27 [INFO]   ✓ Reddit r/bitcoin: 0 条
2026-09-19 00:01:27 [INFO]   ✓ Crypto Twitter: 0 条
2026-09-19 00:01:27 [INFO]   ✓ 宏观经济: 0 条
2026-09-19 00:01:27 [INFO]   ✓ Binance公告: 20 条
2026-09-19 00:01:27 [INFO]   ✓ OKX公告: 0 条
2026-09-19 00:01:27 [INFO]   ✓ Bitget公告: 0 条
2026-09-19 00:01:27 [INFO]   ✓ Whale Alert: 0 条
2026-09-19 00:01:27 [INFO]   ✓ Fear & Greed Index: 1 条
2026-09-19 00:01:27 [INFO]   ✓ DeFi Llama: 0 条
2026-09-19 00:01:27 [INFO]   ✓ 雪球加密: 0 条
2026-09-19 00:01:27 [INFO] 📊 共抓取 25 条新闻
2026-09-19 00:01:27 [INFO] 📋 原始新闻已保存: reports/2026-09-19-08-raw.json (25 条)
2026-09-19 00:01:27 [INFO] 📋 标题摘要已保存: reports/2026-09-19-08-raw-titles.md
2026-09-19 00:01:27 [INFO] ✅ 抓取完成，共 25 条，已保存到 reports/2026-09-19-08-raw.json
2026-09-19 00:01:28 [INFO] 🤖 开始 AI 筛选 2026-09-19 08:00 币圈消息
2026-09-19 00:01:28 [INFO] 📋 已加载原始新闻: reports/2026-09-19-08-raw.json (25 条)
2026-09-19 00:01:28 [INFO] 📚 已加载历史新闻标题（19408 字符）
2026-09-19 00:01:28 [INFO] 📚 已加载历史筛选标题 0 条、URL 0 个，用于去重
2026-09-19 00:01:28 [INFO] 🔄 尝试 AI 提供商: deepseek
2026-09-19 00:01:28 [INFO] 🤖 使用 AI 提供商: deepseek (模型: deepseek-v4-flash)
2026-09-19 00:01:28 [INFO] 🤖 AI 筛选 [[deepseek] 1/6 策略=仅标题+链接 retry=0]（25 条，4215 字符，temp=0.3）
2026-09-19 00:01:28 [ERROR] AI 调用异常 ([deepseek] 1/6 策略=仅标题+链接 retry=0): Error code: 401 - {'error': {'message': 'Authentication Fails, Your api key: ****df0d is invalid', 'type': 'authentication_error', 'param': None, 'code': 'invalid_request_error'}}
2026-09-19 00:01:28 [WARNING] [[deepseek] 1/6 策略=仅标题+链接 retry=0] AI 调用失败或解析失败，继续下一次尝试
2026-09-19 00:01:28 [INFO] 🤖 AI 筛选 [[deepseek] 2/6 策略=仅标题+链接 retry=1]（25 条，4215 字符，temp=0.3）
2026-09-19 00:01:29 [ERROR] AI 调用异常 ([deepseek] 2/6 策略=仅标题+链接 retry=1): Error code: 401 - {'error': {'message': 'Authentication Fails, Your api key: ****df0d is invalid', 'type': 'authentication_error', 'param': None, 'code': 'invalid_request_error'}}
2026-09-19 00:01:29 [WARNING] [[deepseek] 2/6 策略=仅标题+链接 retry=1] AI 调用失败或解析失败，继续下一次尝试
2026-09-19 00:01:29 [INFO] 🤖 AI 筛选 [[deepseek] 3/6 策略=仅标题+链接 retry=2]（25 条，4215 字符，temp=0.3）
2026-09-19 00:01:29 [ERROR] AI 调用异常 ([deepseek] 3/6 策略=仅标题+链接 retry=2): Error code: 401 - {'error': {'message': 'Authentication Fails, Your api key: ****df0d is invalid', 'type': 'authentication_error', 'param': None, 'code': 'invalid_request_error'}}
2026-09-19 00:01:29 [WARNING] [[deepseek] 3/6 策略=仅标题+链接 retry=2] AI 调用失败或解析失败，继续下一次尝试
2026-09-19 00:01:29 [INFO] 🤖 AI 筛选 [[deepseek] 4/6 策略=完整内容 retry=0]（25 条，6920 字符，temp=0.3）
2026-09-19 00:01:30 [ERROR] AI 调用异常 ([deepseek] 4/6 策略=完整内容 retry=0): Error code: 401 - {'error': {'message': 'Authentication Fails, Your api key: ****df0d is invalid', 'type': 'authentication_error', 'param': None, 'code': 'invalid_request_error'}}
2026-09-19 00:01:30 [WARNING] [[deepseek] 4/6 策略=完整内容 retry=0] AI 调用失败或解析失败，继续下一次尝试
2026-09-19 00:01:30 [INFO] 🤖 AI 筛选 [[deepseek] 5/6 策略=完整内容 retry=1]（25 条，6920 字符，temp=0.3）
2026-09-19 00:01:30 [ERROR] AI 调用异常 ([deepseek] 5/6 策略=完整内容 retry=1): Error code: 401 - {'error': {'message': 'Authentication Fails, Your api key: ****df0d is invalid', 'type': 'authentication_error', 'param': None, 'code': 'invalid_request_error'}}
2026-09-19 00:01:30 [WARNING] [[deepseek] 5/6 策略=完整内容 retry=1] AI 调用失败或解析失败，继续下一次尝试
2026-09-19 00:01:30 [INFO] 🤖 AI 筛选 [[deepseek] 6/6 策略=仅标题（无历史） retry=0]（25 条，4215 字符，temp=0.3）
2026-09-19 00:01:30 [ERROR] AI 调用异常 ([deepseek] 6/6 策略=仅标题（无历史） retry=0): Error code: 401 - {'error': {'message': 'Authentication Fails, Your api key: ****df0d is invalid', 'type': 'authentication_error', 'param': None, 'code': 'invalid_request_error'}}
2026-09-19 00:01:30 [WARNING] [[deepseek] 6/6 策略=仅标题（无历史） retry=0] AI 调用失败或解析失败，继续下一次尝试
2026-09-19 00:01:30 [WARNING] [deepseek] 已达最大尝试次数 6，停止
2026-09-19 00:01:30 [INFO] ⚠️ deepseek 未能产出满意结果，尝试下一个提供商
2026-09-19 00:01:30 [INFO] 🔄 尝试 AI 提供商: zhipu
2026-09-19 00:01:30 [ERROR] 未设置环境变量 ZHIPU_API_KEY，无法使用 zhipu
2026-09-19 00:01:30 [INFO] ⚠️ zhipu 未能产出满意结果，尝试下一个提供商
2026-09-19 00:01:30 [INFO] 🔄 尝试 AI 提供商: kimi
2026-09-19 00:01:30 [ERROR] 未设置环境变量 KIMI_API_KEY，无法使用 kimi
2026-09-19 00:01:30 [INFO] ⚠️ kimi 未能产出满意结果，尝试下一个提供商
2026-09-19 00:01:30 [INFO] 🔄 尝试 AI 提供商: huoshan
2026-09-19 00:01:30 [ERROR] 未设置环境变量 HUOSHAN_API_KEY，无法使用 huoshan
2026-09-19 00:01:30 [INFO] ⚠️ huoshan 未能产出满意结果，尝试下一个提供商
2026-09-19 00:01:30 [ERROR] ❌ 所有提供商均失败，返回空列表
2026-09-19 00:01:30 [INFO] 📦 JSON 已保存: reports/2026-09-19-08.json
2026-09-19 00:01:30 [INFO] ✅ AI 筛选完成，共 0 条交易相关消息
2026-09-19 01:00:50 [INFO] 🚀 开始抓取 2026-09-19 09:00 币圈新闻
2026-09-19 01:00:50 [INFO] 📡 抓取 RSS 新闻源...
2026-09-19 01:00:50 [INFO] 📡 抓取交易所公告 & 链上数据...
2026-09-19 01:00:50 [INFO]   ⏭ Decrypt: 过滤掉 37 条非近期新闻
2026-09-19 01:00:50 [INFO]   ⏭ The Block: 过滤掉 20 条非近期新闻
2026-09-19 01:00:50 [INFO]   ⏭ CoinTelegraph: 过滤掉 30 条非近期新闻
2026-09-19 01:00:51 [WARNING] 解析失败 Bitget公告: 'NoneType' object is not subscriptable
2026-09-19 01:00:51 [INFO]   ⏭ CoinDesk: 过滤掉 25 条非近期新闻
2026-09-19 01:00:51 [INFO]   ⏭ Bitcoin Magazine: 过滤掉 10 条非近期新闻
2026-09-19 01:00:51 [INFO]   ⏭ Reuters Crypto: 过滤掉 50 条非近期新闻
2026-09-19 01:00:51 [INFO]   ⏭ Bloomberg Crypto: 过滤掉 50 条非近期新闻
2026-09-19 01:00:51 [INFO]   ⏭ Reddit r/cryptocurrency: 过滤掉 25 条非近期新闻
2026-09-19 01:00:51 [INFO]   ⏭ 宏观经济: 过滤掉 48 条非近期新闻
2026-09-19 01:00:51 [INFO]   ⏭ CNBC Crypto: 过滤掉 50 条非近期新闻
2026-09-19 01:00:51 [INFO]   ⏭ Blockworks: 过滤掉 50 条非近期新闻
2026-09-19 01:00:51 [INFO]   ⏭ Decrypt: 过滤掉 50 条非近期新闻
2026-09-19 01:00:51 [INFO]   ⏭ Bitcoin Magazine: 过滤掉 50 条非近期新闻
2026-09-19 01:00:51 [INFO]   ⏭ DL News: 过滤掉 50 条非近期新闻
2026-09-19 01:00:51 [INFO]   ⏭ Blockworks: 过滤掉 2 条非近期新闻
2026-09-19 01:00:52 [INFO]   ⏭ CoinTelegraph: 过滤掉 22 条非近期新闻
2026-09-19 01:00:52 [INFO]   ⏭ The Block: 过滤掉 50 条非近期新闻
2026-09-19 01:00:52 [INFO]   ⏭ DeFi Llama: 过滤掉 50 条非近期新闻
2026-09-19 01:00:52 [INFO]   ⏭ CoinTelegraph: 过滤掉 50 条非近期新闻
2026-09-19 01:00:52 [INFO]   ⏭ 雪球加密: 过滤掉 49 条非近期新闻
2026-09-19 01:00:52 [INFO]   ⏭ 吴说区块链: 过滤掉 50 条非近期新闻
2026-09-19 01:00:52 [INFO]   ⏭ CoinDesk: 过滤掉 50 条非近期新闻
2026-09-19 01:00:52 [INFO]   ⏭ Crypto Twitter: 过滤掉 50 条非近期新闻
2026-09-19 01:01:06 [DEBUG] 请求失败 https://rsshub.rssforever.com/jinse/lives: 
2026-09-19 01:01:06 [DEBUG] 请求失败 https://rsshub.rssforever.com/theblockbeats/newsflash: 
2026-09-19 01:01:06 [DEBUG] 请求失败 https://rsshub.rssforever.com/panewslab/news: 
2026-09-19 01:01:07 [DEBUG] 请求失败 https://rsshub.rssforever.com/bloomberg/crypto: 
2026-09-19 01:01:07 [INFO]   ⏭ PANews: 过滤掉 50 条非近期新闻
2026-09-19 01:01:07 [INFO]   ⏭ 律动BlockBeats: 过滤掉 50 条非近期新闻
2026-09-19 01:01:07 [INFO]   ✓ CoinDesk: 0 条
2026-09-19 01:01:07 [INFO]   ✓ The Block: 0 条
2026-09-19 01:01:07 [INFO]   ✓ Decrypt: 0 条
2026-09-19 01:01:07 [INFO]   ✓ CoinTelegraph: 0 条
2026-09-19 01:01:07 [INFO]   ✓ Bitcoin Magazine: 0 条
2026-09-19 01:01:07 [INFO]   ✓ Blockworks: 0 条
2026-09-19 01:01:07 [INFO]   ✓ DL News: 0 条
2026-09-19 01:01:07 [INFO]   ✓ 金色财经: 0 条
2026-09-19 01:01:07 [INFO]   ✓ PANews: 0 条
2026-09-19 01:01:07 [INFO]   ✓ 律动BlockBeats: 0 条
2026-09-19 01:01:07 [INFO]   ✓ 吴说区块链: 0 条
2026-09-19 01:01:07 [INFO]   ✓ Bloomberg Crypto: 0 条
2026-09-19 01:01:07 [INFO]   ✓ Reuters Crypto: 0 条
2026-09-19 01:01:07 [INFO]   ✓ CNBC Crypto: 0 条
2026-09-19 01:01:07 [INFO]   ✓ Reddit r/cryptocurrency: 0 条
2026-09-19 01:01:07 [INFO]   ✓ Reddit r/bitcoin: 0 条
2026-09-19 01:01:07 [INFO]   ✓ Crypto Twitter: 0 条
2026-09-19 01:01:07 [INFO]   ✓ 宏观经济: 2 条
2026-09-19 01:01:07 [INFO]   ✓ Binance公告: 20 条
2026-09-19 01:01:07 [INFO]   ✓ OKX公告: 0 条
2026-09-19 01:01:07 [INFO]   ✓ Bitget公告: 0 条
2026-09-19 01:01:07 [INFO]   ✓ Whale Alert: 0 条
2026-09-19 01:01:07 [INFO]   ✓ Fear & Greed Index: 1 条
2026-09-19 01:01:07 [INFO]   ✓ DeFi Llama: 0 条
2026-09-19 01:01:07 [INFO]   ✓ 雪球加密: 1 条
2026-09-19 01:01:07 [INFO] 📊 共抓取 24 条新闻
2026-09-19 01:01:07 [INFO] 📋 原始新闻已保存: reports/2026-09-19-09-raw.json (24 条)
2026-09-19 01:01:07 [INFO] 📋 标题摘要已保存: reports/2026-09-19-09-raw-titles.md
2026-09-19 01:01:07 [INFO] ✅ 抓取完成，共 24 条，已保存到 reports/2026-09-19-09-raw.json
2026-09-19 01:01:08 [INFO] 🤖 开始 AI 筛选 2026-09-19 09:00 币圈消息
2026-09-19 01:01:08 [INFO] 📋 已加载原始新闻: reports/2026-09-19-09-raw.json (24 条)
2026-09-19 01:01:08 [INFO] 📚 已加载历史新闻标题（17441 字符）
2026-09-19 01:01:08 [INFO] 📚 已加载历史筛选标题 0 条、URL 0 个，用于去重
2026-09-19 01:01:08 [INFO] 🔄 尝试 AI 提供商: deepseek
2026-09-19 01:01:08 [INFO] 🤖 使用 AI 提供商: deepseek (模型: deepseek-v4-flash)
2026-09-19 01:01:08 [INFO] 🤖 AI 筛选 [[deepseek] 1/6 策略=仅标题+链接 retry=0]（24 条，4837 字符，temp=0.3）
2026-09-19 01:01:08 [ERROR] AI 调用异常 ([deepseek] 1/6 策略=仅标题+链接 retry=0): Error code: 401 - {'error': {'message': 'Authentication Fails, Your api key: ****df0d is invalid', 'type': 'authentication_error', 'param': None, 'code': 'invalid_request_error'}}
2026-09-19 01:01:08 [WARNING] [[deepseek] 1/6 策略=仅标题+链接 retry=0] AI 调用失败或解析失败，继续下一次尝试
2026-09-19 01:01:08 [INFO] 🤖 AI 筛选 [[deepseek] 2/6 策略=仅标题+链接 retry=1]（24 条，4837 字符，temp=0.3）
2026-09-19 01:01:09 [ERROR] AI 调用异常 ([deepseek] 2/6 策略=仅标题+链接 retry=1): Error code: 401 - {'error': {'message': 'Authentication Fails, Your api key: ****df0d is invalid', 'type': 'authentication_error', 'param': None, 'code': 'invalid_request_error'}}
2026-09-19 01:01:09 [WARNING] [[deepseek] 2/6 策略=仅标题+链接 retry=1] AI 调用失败或解析失败，继续下一次尝试
2026-09-19 01:01:09 [INFO] 🤖 AI 筛选 [[deepseek] 3/6 策略=仅标题+链接 retry=2]（24 条，4837 字符，temp=0.3）
2026-09-19 01:01:09 [ERROR] AI 调用异常 ([deepseek] 3/6 策略=仅标题+链接 retry=2): Error code: 401 - {'error': {'message': 'Authentication Fails, Your api key: ****df0d is invalid', 'type': 'authentication_error', 'param': None, 'code': 'invalid_request_error'}}
2026-09-19 01:01:09 [WARNING] [[deepseek] 3/6 策略=仅标题+链接 retry=2] AI 调用失败或解析失败，继续下一次尝试
2026-09-19 01:01:09 [INFO] 🤖 AI 筛选 [[deepseek] 4/6 策略=完整内容 retry=0]（24 条，6954 字符，temp=0.3）
2026-09-19 01:01:10 [ERROR] AI 调用异常 ([deepseek] 4/6 策略=完整内容 retry=0): Error code: 401 - {'error': {'message': 'Authentication Fails, Your api key: ****df0d is invalid', 'type': 'authentication_error', 'param': None, 'code': 'invalid_request_error'}}
2026-09-19 01:01:10 [WARNING] [[deepseek] 4/6 策略=完整内容 retry=0] AI 调用失败或解析失败，继续下一次尝试
2026-09-19 01:01:10 [INFO] 🤖 AI 筛选 [[deepseek] 5/6 策略=完整内容 retry=1]（24 条，6954 字符，temp=0.3）
2026-09-19 01:01:10 [ERROR] AI 调用异常 ([deepseek] 5/6 策略=完整内容 retry=1): Error code: 401 - {'error': {'message': 'Authentication Fails, Your api key: ****df0d is invalid', 'type': 'authentication_error', 'param': None, 'code': 'invalid_request_error'}}
2026-09-19 01:01:10 [WARNING] [[deepseek] 5/6 策略=完整内容 retry=1] AI 调用失败或解析失败，继续下一次尝试
2026-09-19 01:01:10 [INFO] 🤖 AI 筛选 [[deepseek] 6/6 策略=仅标题（无历史） retry=0]（24 条，4837 字符，temp=0.3）
2026-09-19 01:01:10 [ERROR] AI 调用异常 ([deepseek] 6/6 策略=仅标题（无历史） retry=0): Error code: 401 - {'error': {'message': 'Authentication Fails, Your api key: ****df0d is invalid', 'type': 'authentication_error', 'param': None, 'code': 'invalid_request_error'}}
2026-09-19 01:01:10 [WARNING] [[deepseek] 6/6 策略=仅标题（无历史） retry=0] AI 调用失败或解析失败，继续下一次尝试
2026-09-19 01:01:10 [WARNING] [deepseek] 已达最大尝试次数 6，停止
2026-09-19 01:01:10 [INFO] ⚠️ deepseek 未能产出满意结果，尝试下一个提供商
2026-09-19 01:01:10 [INFO] 🔄 尝试 AI 提供商: zhipu
2026-09-19 01:01:10 [ERROR] 未设置环境变量 ZHIPU_API_KEY，无法使用 zhipu
2026-09-19 01:01:10 [INFO] ⚠️ zhipu 未能产出满意结果，尝试下一个提供商
2026-09-19 01:01:10 [INFO] 🔄 尝试 AI 提供商: kimi
2026-09-19 01:01:10 [ERROR] 未设置环境变量 KIMI_API_KEY，无法使用 kimi
2026-09-19 01:01:10 [INFO] ⚠️ kimi 未能产出满意结果，尝试下一个提供商
2026-09-19 01:01:10 [INFO] 🔄 尝试 AI 提供商: huoshan
2026-09-19 01:01:10 [ERROR] 未设置环境变量 HUOSHAN_API_KEY，无法使用 huoshan
2026-09-19 01:01:10 [INFO] ⚠️ huoshan 未能产出满意结果，尝试下一个提供商
2026-09-19 01:01:10 [ERROR] ❌ 所有提供商均失败，返回空列表
2026-09-19 01:01:10 [INFO] 📦 JSON 已保存: reports/2026-09-19-09.json
2026-09-19 01:01:10 [INFO] ✅ AI 筛选完成，共 0 条交易相关消息
2026-09-19 02:00:51 [INFO] 🚀 开始抓取 2026-09-19 10:00 币圈新闻
2026-09-19 02:00:51 [INFO] 📡 抓取 RSS 新闻源...
2026-09-19 02:00:51 [INFO] 📡 抓取交易所公告 & 链上数据...
2026-09-19 02:00:51 [INFO]   ⏭ The Block: 过滤掉 20 条非近期新闻
2026-09-19 02:00:51 [INFO]   ⏭ Decrypt: 过滤掉 37 条非近期新闻
2026-09-19 02:00:51 [INFO]   ⏭ CoinTelegraph: 过滤掉 30 条非近期新闻
2026-09-19 02:00:51 [INFO]   ⏭ CoinDesk: 过滤掉 25 条非近期新闻
2026-09-19 02:00:52 [INFO]   ⏭ Bitcoin Magazine: 过滤掉 10 条非近期新闻
2026-09-19 02:00:52 [INFO]   ⏭ 金色财经: 过滤掉 11 条非近期新闻
2026-09-19 02:00:52 [INFO]   ⏭ 律动BlockBeats: 过滤掉 6 条非近期新闻
2026-09-19 02:00:52 [INFO]   ⏭ Bloomberg Crypto: 过滤掉 50 条非近期新闻
2026-09-19 02:00:52 [INFO]   ⏭ Reuters Crypto: 过滤掉 50 条非近期新闻
2026-09-19 02:00:52 [WARNING] 解析失败 Bitget公告: 'NoneType' object is not subscriptable
2026-09-19 02:00:52 [INFO]   ⏭ 宏观经济: 过滤掉 49 条非近期新闻
2026-09-19 02:00:52 [INFO]   ⏭ CoinTelegraph: 过滤掉 22 条非近期新闻
2026-09-19 02:00:52 [INFO]   ⏭ CNBC Crypto: 过滤掉 50 条非近期新闻
2026-09-19 02:00:52 [INFO]   ⏭ Reddit r/cryptocurrency: 过滤掉 25 条非近期新闻
2026-09-19 02:00:52 [INFO]   ⏭ Decrypt: 过滤掉 50 条非近期新闻
2026-09-19 02:00:52 [INFO]   ⏭ DL News: 过滤掉 50 条非近期新闻
2026-09-19 02:00:52 [INFO]   ⏭ Blockworks: 过滤掉 50 条非近期新闻
2026-09-19 02:00:52 [INFO]   ⏭ CoinTelegraph: 过滤掉 50 条非近期新闻
2026-09-19 02:00:52 [INFO]   ⏭ 雪球加密: 过滤掉 50 条非近期新闻
2026-09-19 02:00:52 [INFO]   ⏭ The Block: 过滤掉 50 条非近期新闻
2026-09-19 02:00:52 [INFO]   ⏭ DeFi Llama: 过滤掉 50 条非近期新闻
2026-09-19 02:00:52 [INFO]   ⏭ Blockworks: 过滤掉 2 条非近期新闻
2026-09-19 02:00:52 [INFO]   ⏭ 吴说区块链: 过滤掉 50 条非近期新闻
2026-09-19 02:00:52 [INFO]   ⏭ Bitcoin Magazine: 过滤掉 50 条非近期新闻
2026-09-19 02:00:53 [INFO]   ⏭ CoinDesk: 过滤掉 50 条非近期新闻
2026-09-19 02:00:53 [INFO]   ⏭ Crypto Twitter: 过滤掉 50 条非近期新闻
2026-09-19 02:01:07 [DEBUG] 请求失败 https://rsshub.rssforever.com/panewslab/news: 
2026-09-19 02:01:07 [DEBUG] 请求失败 https://rsshub.rssforever.com/bloomberg/crypto: 
2026-09-19 02:01:07 [INFO]   ⏭ PANews: 过滤掉 50 条非近期新闻
2026-09-19 02:01:07 [INFO]   ✓ CoinDesk: 0 条
2026-09-19 02:01:07 [INFO]   ✓ The Block: 0 条
2026-09-19 02:01:07 [INFO]   ✓ Decrypt: 0 条
2026-09-19 02:01:07 [INFO]   ✓ CoinTelegraph: 0 条
2026-09-19 02:01:07 [INFO]   ✓ Bitcoin Magazine: 0 条
2026-09-19 02:01:07 [INFO]   ✓ Blockworks: 0 条
2026-09-19 02:01:07 [INFO]   ✓ DL News: 0 条
2026-09-19 02:01:07 [INFO]   ✓ 金色财经: 9 条
2026-09-19 02:01:07 [INFO]   ✓ PANews: 0 条
2026-09-19 02:01:07 [INFO]   ✓ 律动BlockBeats: 14 条
2026-09-19 02:01:07 [INFO]   ✓ 吴说区块链: 0 条
2026-09-19 02:01:07 [INFO]   ✓ Bloomberg Crypto: 0 条
2026-09-19 02:01:07 [INFO]   ✓ Reuters Crypto: 0 条
2026-09-19 02:01:07 [INFO]   ✓ CNBC Crypto: 0 条
2026-09-19 02:01:07 [INFO]   ✓ Reddit r/cryptocurrency: 0 条
2026-09-19 02:01:07 [INFO]   ✓ Reddit r/bitcoin: 0 条
2026-09-19 02:01:07 [INFO]   ✓ Crypto Twitter: 0 条
2026-09-19 02:01:07 [INFO]   ✓ 宏观经济: 1 条
2026-09-19 02:01:07 [INFO]   ✓ Binance公告: 20 条
2026-09-19 02:01:07 [INFO]   ✓ OKX公告: 0 条
2026-09-19 02:01:07 [INFO]   ✓ Bitget公告: 0 条
2026-09-19 02:01:07 [INFO]   ✓ Whale Alert: 0 条
2026-09-19 02:01:07 [INFO]   ✓ Fear & Greed Index: 1 条
2026-09-19 02:01:07 [INFO]   ✓ DeFi Llama: 0 条
2026-09-19 02:01:07 [INFO]   ✓ 雪球加密: 0 条
2026-09-19 02:01:07 [INFO] 📊 共抓取 45 条新闻
2026-09-19 02:01:07 [INFO] 📋 原始新闻已保存: reports/2026-09-19-10-raw.json (45 条)
2026-09-19 02:01:07 [INFO] 📋 标题摘要已保存: reports/2026-09-19-10-raw-titles.md
2026-09-19 02:01:07 [INFO] ✅ 抓取完成，共 45 条，已保存到 reports/2026-09-19-10-raw.json
2026-09-19 02:01:08 [INFO] 🤖 开始 AI 筛选 2026-09-19 10:00 币圈消息
2026-09-19 02:01:08 [INFO] 📋 已加载原始新闻: reports/2026-09-19-10-raw.json (45 条)
2026-09-19 02:01:08 [INFO] 📚 已加载历史新闻标题（16729 字符）
2026-09-19 02:01:08 [INFO] 📚 已加载历史筛选标题 0 条、URL 0 个，用于去重
2026-09-19 02:01:08 [INFO] 🔄 尝试 AI 提供商: deepseek
2026-09-19 02:01:08 [INFO] 🤖 使用 AI 提供商: deepseek (模型: deepseek-v4-flash)
2026-09-19 02:01:08 [INFO] 🤖 AI 筛选 [[deepseek] 1/6 策略=仅标题+链接 retry=0]（45 条，6281 字符，temp=0.3）
2026-09-19 02:01:08 [ERROR] AI 调用异常 ([deepseek] 1/6 策略=仅标题+链接 retry=0): Error code: 401 - {'error': {'message': 'Authentication Fails, Your api key: ****df0d is invalid', 'type': 'authentication_error', 'param': None, 'code': 'invalid_request_error'}}
2026-09-19 02:01:08 [WARNING] [[deepseek] 1/6 策略=仅标题+链接 retry=0] AI 调用失败或解析失败，继续下一次尝试
2026-09-19 02:01:08 [INFO] 🤖 AI 筛选 [[deepseek] 2/6 策略=仅标题+链接 retry=1]（45 条，6281 字符，temp=0.3）
2026-09-19 02:01:09 [ERROR] AI 调用异常 ([deepseek] 2/6 策略=仅标题+链接 retry=1): Error code: 401 - {'error': {'message': 'Authentication Fails, Your api key: ****df0d is invalid', 'type': 'authentication_error', 'param': None, 'code': 'invalid_request_error'}}
2026-09-19 02:01:09 [WARNING] [[deepseek] 2/6 策略=仅标题+链接 retry=1] AI 调用失败或解析失败，继续下一次尝试
2026-09-19 02:01:09 [INFO] 🤖 AI 筛选 [[deepseek] 3/6 策略=仅标题+链接 retry=2]（45 条，6281 字符，temp=0.3）
2026-09-19 02:01:09 [ERROR] AI 调用异常 ([deepseek] 3/6 策略=仅标题+链接 retry=2): Error code: 401 - {'error': {'message': 'Authentication Fails, Your api key: ****df0d is invalid', 'type': 'authentication_error', 'param': None, 'code': 'invalid_request_error'}}
2026-09-19 02:01:09 [WARNING] [[deepseek] 3/6 策略=仅标题+链接 retry=2] AI 调用失败或解析失败，继续下一次尝试
2026-09-19 02:01:09 [INFO] 🤖 AI 筛选 [[deepseek] 4/6 策略=完整内容 retry=0]（45 条，12701 字符，temp=0.3）
2026-09-19 02:01:10 [ERROR] AI 调用异常 ([deepseek] 4/6 策略=完整内容 retry=0): Error code: 401 - {'error': {'message': 'Authentication Fails, Your api key: ****df0d is invalid', 'type': 'authentication_error', 'param': None, 'code': 'invalid_request_error'}}
2026-09-19 02:01:10 [WARNING] [[deepseek] 4/6 策略=完整内容 retry=0] AI 调用失败或解析失败，继续下一次尝试
2026-09-19 02:01:10 [INFO] 🤖 AI 筛选 [[deepseek] 5/6 策略=完整内容 retry=1]（45 条，12701 字符，temp=0.3）
2026-09-19 02:01:10 [ERROR] AI 调用异常 ([deepseek] 5/6 策略=完整内容 retry=1): Error code: 401 - {'error': {'message': 'Authentication Fails, Your api key: ****df0d is invalid', 'type': 'authentication_error', 'param': None, 'code': 'invalid_request_error'}}
2026-09-19 02:01:10 [WARNING] [[deepseek] 5/6 策略=完整内容 retry=1] AI 调用失败或解析失败，继续下一次尝试
2026-09-19 02:01:10 [INFO] 🤖 AI 筛选 [[deepseek] 6/6 策略=仅标题（无历史） retry=0]（45 条，6281 字符，temp=0.3）
2026-09-19 02:01:11 [ERROR] AI 调用异常 ([deepseek] 6/6 策略=仅标题（无历史） retry=0): Error code: 401 - {'error': {'message': 'Authentication Fails, Your api key: ****df0d is invalid', 'type': 'authentication_error', 'param': None, 'code': 'invalid_request_error'}}
2026-09-19 02:01:11 [WARNING] [[deepseek] 6/6 策略=仅标题（无历史） retry=0] AI 调用失败或解析失败，继续下一次尝试
2026-09-19 02:01:11 [WARNING] [deepseek] 已达最大尝试次数 6，停止
2026-09-19 02:01:11 [INFO] ⚠️ deepseek 未能产出满意结果，尝试下一个提供商
2026-09-19 02:01:11 [INFO] 🔄 尝试 AI 提供商: zhipu
2026-09-19 02:01:11 [ERROR] 未设置环境变量 ZHIPU_API_KEY，无法使用 zhipu
2026-09-19 02:01:11 [INFO] ⚠️ zhipu 未能产出满意结果，尝试下一个提供商
2026-09-19 02:01:11 [INFO] 🔄 尝试 AI 提供商: kimi
2026-09-19 02:01:11 [ERROR] 未设置环境变量 KIMI_API_KEY，无法使用 kimi
2026-09-19 02:01:11 [INFO] ⚠️ kimi 未能产出满意结果，尝试下一个提供商
2026-09-19 02:01:11 [INFO] 🔄 尝试 AI 提供商: huoshan
2026-09-19 02:01:11 [ERROR] 未设置环境变量 HUOSHAN_API_KEY，无法使用 huoshan
2026-09-19 02:01:11 [INFO] ⚠️ huoshan 未能产出满意结果，尝试下一个提供商
2026-09-19 02:01:11 [ERROR] ❌ 所有提供商均失败，返回空列表
2026-09-19 02:01:11 [INFO] 📦 JSON 已保存: reports/2026-09-19-10.json
2026-09-19 02:01:11 [INFO] ✅ AI 筛选完成，共 0 条交易相关消息
2026-09-19 03:00:54 [INFO] 🚀 开始抓取 2026-09-19 11:00 币圈新闻
2026-09-19 03:00:54 [INFO] 📡 抓取 RSS 新闻源...
2026-09-19 03:00:54 [INFO] 📡 抓取交易所公告 & 链上数据...
2026-09-19 03:00:54 [INFO]   ⏭ The Block: 过滤掉 20 条非近期新闻
2026-09-19 03:00:54 [INFO]   ⏭ Decrypt: 过滤掉 37 条非近期新闻
2026-09-19 03:00:54 [INFO]   ⏭ CoinTelegraph: 过滤掉 30 条非近期新闻
2026-09-19 03:00:55 [INFO]   ⏭ Bitcoin Magazine: 过滤掉 10 条非近期新闻
2026-09-19 03:00:55 [INFO]   ⏭ CoinDesk: 过滤掉 25 条非近期新闻
2026-09-19 03:00:55 [WARNING] 解析失败 Bitget公告: 'NoneType' object is not subscriptable
2026-09-19 03:00:55 [INFO]   ⏭ Reuters Crypto: 过滤掉 50 条非近期新闻
2026-09-19 03:00:55 [INFO]   ⏭ Bloomberg Crypto: 过滤掉 50 条非近期新闻
2026-09-19 03:00:55 [INFO]   ⏭ CNBC Crypto: 过滤掉 50 条非近期新闻
2026-09-19 03:00:55 [INFO]   ⏭ 宏观经济: 过滤掉 50 条非近期新闻
2026-09-19 03:00:55 [INFO]   ⏭ Decrypt: 过滤掉 50 条非近期新闻
2026-09-19 03:00:55 [INFO]   ⏭ Blockworks: 过滤掉 50 条非近期新闻
2026-09-19 03:00:55 [INFO]   ⏭ Reddit r/cryptocurrency: 过滤掉 25 条非近期新闻
2026-09-19 03:00:55 [INFO]   ⏭ DL News: 过滤掉 50 条非近期新闻
2026-09-19 03:00:55 [INFO]   ⏭ Bitcoin Magazine: 过滤掉 50 条非近期新闻
2026-09-19 03:00:55 [INFO]   ⏭ 宏观经济: 过滤掉 50 条非近期新闻
2026-09-19 03:00:55 [INFO]   ⏭ 律动BlockBeats: 过滤掉 4 条非近期新闻
2026-09-19 03:00:55 [INFO]   ⏭ Blockworks: 过滤掉 2 条非近期新闻
2026-09-19 03:00:56 [INFO]   ⏭ 雪球加密: 过滤掉 50 条非近期新闻
2026-09-19 03:00:56 [INFO]   ⏭ 吴说区块链: 过滤掉 50 条非近期新闻
2026-09-19 03:00:56 [INFO]   ⏭ DeFi Llama: 过滤掉 50 条非近期新闻
2026-09-19 03:00:56 [INFO]   ⏭ The Block: 过滤掉 50 条非近期新闻
2026-09-19 03:00:56 [INFO]   ⏭ Crypto Twitter: 过滤掉 49 条非近期新闻
2026-09-19 03:00:56 [INFO]   ⏭ CoinDesk: 过滤掉 50 条非近期新闻
2026-09-19 03:00:57 [INFO]   ⏭ PANews: 过滤掉 50 条非近期新闻
2026-09-19 03:00:59 [INFO]   ⏭ CoinTelegraph: 过滤掉 22 条非近期新闻
2026-09-19 03:01:00 [INFO]   ⏭ CoinTelegraph: 过滤掉 50 条非近期新闻
2026-09-19 03:01:00 [INFO]   ✓ CoinDesk: 0 条
2026-09-19 03:01:00 [INFO]   ✓ The Block: 0 条
2026-09-19 03:01:00 [INFO]   ✓ Decrypt: 0 条
2026-09-19 03:01:00 [INFO]   ✓ CoinTelegraph: 0 条
2026-09-19 03:01:00 [INFO]   ✓ Bitcoin Magazine: 0 条
2026-09-19 03:01:00 [INFO]   ✓ Blockworks: 0 条
2026-09-19 03:01:00 [INFO]   ✓ DL News: 0 条
2026-09-19 03:01:00 [INFO]   ✓ 金色财经: 2 条
2026-09-19 03:01:00 [INFO]   ✓ PANews: 0 条
2026-09-19 03:01:00 [INFO]   ✓ 律动BlockBeats: 16 条
2026-09-19 03:01:00 [INFO]   ✓ 吴说区块链: 0 条
2026-09-19 03:01:00 [INFO]   ✓ Bloomberg Crypto: 0 条
2026-09-19 03:01:00 [INFO]   ✓ Reuters Crypto: 0 条
2026-09-19 03:01:00 [INFO]   ✓ CNBC Crypto: 0 条
2026-09-19 03:01:00 [INFO]   ✓ Reddit r/cryptocurrency: 0 条
2026-09-19 03:01:00 [INFO]   ✓ Reddit r/bitcoin: 0 条
2026-09-19 03:01:00 [INFO]   ✓ Crypto Twitter: 1 条
2026-09-19 03:01:00 [INFO]   ✓ 宏观经济: 0 条
2026-09-19 03:01:00 [INFO]   ✓ Binance公告: 20 条
2026-09-19 03:01:00 [INFO]   ✓ OKX公告: 0 条
2026-09-19 03:01:00 [INFO]   ✓ Bitget公告: 0 条
2026-09-19 03:01:00 [INFO]   ✓ Whale Alert: 0 条
2026-09-19 03:01:00 [INFO]   ✓ Fear & Greed Index: 1 条
2026-09-19 03:01:00 [INFO]   ✓ DeFi Llama: 0 条
2026-09-19 03:01:00 [INFO]   ✓ 雪球加密: 0 条
2026-09-19 03:01:00 [INFO] 📊 共抓取 40 条新闻
2026-09-19 03:01:00 [INFO] 📋 原始新闻已保存: reports/2026-09-19-11-raw.json (40 条)
2026-09-19 03:01:00 [INFO] 📋 标题摘要已保存: reports/2026-09-19-11-raw-titles.md
2026-09-19 03:01:00 [INFO] ✅ 抓取完成，共 40 条，已保存到 reports/2026-09-19-11-raw.json
2026-09-19 03:01:00 [INFO] 🤖 开始 AI 筛选 2026-09-19 11:00 币圈消息
2026-09-19 03:01:00 [INFO] 📋 已加载原始新闻: reports/2026-09-19-11-raw.json (40 条)
2026-09-19 03:01:00 [INFO] 📚 已加载历史新闻标题（15856 字符）
2026-09-19 03:01:00 [INFO] 📚 已加载历史筛选标题 0 条、URL 0 个，用于去重
2026-09-19 03:01:00 [INFO] 🔄 尝试 AI 提供商: deepseek
2026-09-19 03:01:00 [INFO] 🤖 使用 AI 提供商: deepseek (模型: deepseek-v4-flash)
2026-09-19 03:01:00 [INFO] 🤖 AI 筛选 [[deepseek] 1/6 策略=仅标题+链接 retry=0]（40 条，6009 字符，temp=0.3）
2026-09-19 03:01:01 [ERROR] AI 调用异常 ([deepseek] 1/6 策略=仅标题+链接 retry=0): Error code: 401 - {'error': {'message': 'Authentication Fails, Your api key: ****df0d is invalid', 'type': 'authentication_error', 'param': None, 'code': 'invalid_request_error'}}
2026-09-19 03:01:01 [WARNING] [[deepseek] 1/6 策略=仅标题+链接 retry=0] AI 调用失败或解析失败，继续下一次尝试
2026-09-19 03:01:01 [INFO] 🤖 AI 筛选 [[deepseek] 2/6 策略=仅标题+链接 retry=1]（40 条，6009 字符，temp=0.3）
2026-09-19 03:01:01 [ERROR] AI 调用异常 ([deepseek] 2/6 策略=仅标题+链接 retry=1): Error code: 401 - {'error': {'message': 'Authentication Fails, Your api key: ****df0d is invalid', 'type': 'authentication_error', 'param': None, 'code': 'invalid_request_error'}}
2026-09-19 03:01:01 [WARNING] [[deepseek] 2/6 策略=仅标题+链接 retry=1] AI 调用失败或解析失败，继续下一次尝试
2026-09-19 03:01:01 [INFO] 🤖 AI 筛选 [[deepseek] 3/6 策略=仅标题+链接 retry=2]（40 条，6009 字符，temp=0.3）
2026-09-19 03:01:02 [ERROR] AI 调用异常 ([deepseek] 3/6 策略=仅标题+链接 retry=2): Error code: 401 - {'error': {'message': 'Authentication Fails, Your api key: ****df0d is invalid', 'type': 'authentication_error', 'param': None, 'code': 'invalid_request_error'}}
2026-09-19 03:01:02 [WARNING] [[deepseek] 3/6 策略=仅标题+链接 retry=2] AI 调用失败或解析失败，继续下一次尝试
2026-09-19 03:01:02 [INFO] 🤖 AI 筛选 [[deepseek] 4/6 策略=完整内容 retry=0]（40 条，11579 字符，temp=0.3）
2026-09-19 03:01:02 [ERROR] AI 调用异常 ([deepseek] 4/6 策略=完整内容 retry=0): Error code: 401 - {'error': {'message': 'Authentication Fails, Your api key: ****df0d is invalid', 'type': 'authentication_error', 'param': None, 'code': 'invalid_request_error'}}
2026-09-19 03:01:02 [WARNING] [[deepseek] 4/6 策略=完整内容 retry=0] AI 调用失败或解析失败，继续下一次尝试
2026-09-19 03:01:02 [INFO] 🤖 AI 筛选 [[deepseek] 5/6 策略=完整内容 retry=1]（40 条，11579 字符，temp=0.3）
2026-09-19 03:01:03 [ERROR] AI 调用异常 ([deepseek] 5/6 策略=完整内容 retry=1): Error code: 401 - {'error': {'message': 'Authentication Fails, Your api key: ****df0d is invalid', 'type': 'authentication_error', 'param': None, 'code': 'invalid_request_error'}}
2026-09-19 03:01:03 [WARNING] [[deepseek] 5/6 策略=完整内容 retry=1] AI 调用失败或解析失败，继续下一次尝试
2026-09-19 03:01:03 [INFO] 🤖 AI 筛选 [[deepseek] 6/6 策略=仅标题（无历史） retry=0]（40 条，6009 字符，temp=0.3）
2026-09-19 03:01:03 [ERROR] AI 调用异常 ([deepseek] 6/6 策略=仅标题（无历史） retry=0): Error code: 401 - {'error': {'message': 'Authentication Fails, Your api key: ****df0d is invalid', 'type': 'authentication_error', 'param': None, 'code': 'invalid_request_error'}}
2026-09-19 03:01:03 [WARNING] [[deepseek] 6/6 策略=仅标题（无历史） retry=0] AI 调用失败或解析失败，继续下一次尝试
2026-09-19 03:01:03 [WARNING] [deepseek] 已达最大尝试次数 6，停止
2026-09-19 03:01:03 [INFO] ⚠️ deepseek 未能产出满意结果，尝试下一个提供商
2026-09-19 03:01:03 [INFO] 🔄 尝试 AI 提供商: zhipu
2026-09-19 03:01:03 [ERROR] 未设置环境变量 ZHIPU_API_KEY，无法使用 zhipu
2026-09-19 03:01:03 [INFO] ⚠️ zhipu 未能产出满意结果，尝试下一个提供商
2026-09-19 03:01:03 [INFO] 🔄 尝试 AI 提供商: kimi
2026-09-19 03:01:03 [ERROR] 未设置环境变量 KIMI_API_KEY，无法使用 kimi
2026-09-19 03:01:03 [INFO] ⚠️ kimi 未能产出满意结果，尝试下一个提供商
2026-09-19 03:01:03 [INFO] 🔄 尝试 AI 提供商: huoshan
2026-09-19 03:01:03 [ERROR] 未设置环境变量 HUOSHAN_API_KEY，无法使用 huoshan
2026-09-19 03:01:03 [INFO] ⚠️ huoshan 未能产出满意结果，尝试下一个提供商
2026-09-19 03:01:03 [ERROR] ❌ 所有提供商均失败，返回空列表
2026-09-19 03:01:03 [INFO] 📦 JSON 已保存: reports/2026-09-19-11.json
2026-09-19 03:01:03 [INFO] ✅ AI 筛选完成，共 0 条交易相关消息
2026-09-19 04:00:50 [INFO] 🚀 开始抓取 2026-09-19 12:00 币圈新闻
2026-09-19 04:00:50 [INFO] 📡 抓取 RSS 新闻源...
2026-09-19 04:00:50 [INFO] 📡 抓取交易所公告 & 链上数据...
2026-09-19 04:00:50 [INFO]   ⏭ The Block: 过滤掉 20 条非近期新闻
2026-09-19 04:00:50 [INFO]   ⏭ Decrypt: 过滤掉 37 条非近期新闻
2026-09-19 04:00:50 [INFO]   ⏭ CoinTelegraph: 过滤掉 30 条非近期新闻
2026-09-19 04:00:50 [INFO]   ⏭ Bitcoin Magazine: 过滤掉 10 条非近期新闻
2026-09-19 04:00:51 [INFO]   ⏭ 宏观经济: 过滤掉 50 条非近期新闻
2026-09-19 04:00:51 [WARNING] 解析失败 Bitget公告: 'NoneType' object is not subscriptable
2026-09-19 04:00:51 [INFO]   ⏭ Bloomberg Crypto: 过滤掉 50 条非近期新闻
2026-09-19 04:00:51 [INFO]   ⏭ Reddit r/cryptocurrency: 过滤掉 25 条非近期新闻
2026-09-19 04:00:51 [INFO]   ⏭ CoinDesk: 过滤掉 25 条非近期新闻
2026-09-19 04:00:51 [INFO]   ⏭ CNBC Crypto: 过滤掉 50 条非近期新闻
2026-09-19 04:00:51 [INFO]   ⏭ Blockworks: 过滤掉 50 条非近期新闻
2026-09-19 04:00:51 [INFO]   ⏭ Reuters Crypto: 过滤掉 50 条非近期新闻
2026-09-19 04:00:51 [INFO]   ⏭ DL News: 过滤掉 50 条非近期新闻
2026-09-19 04:00:51 [INFO]   ⏭ Decrypt: 过滤掉 50 条非近期新闻
2026-09-19 04:00:51 [INFO]   ⏭ Blockworks: 过滤掉 2 条非近期新闻
2026-09-19 04:00:51 [INFO]   ⏭ 宏观经济: 过滤掉 50 条非近期新闻
2026-09-19 04:00:51 [INFO]   ⏭ Bitcoin Magazine: 过滤掉 50 条非近期新闻
2026-09-19 04:00:51 [INFO]   ⏭ 律动BlockBeats: 过滤掉 9 条非近期新闻
2026-09-19 04:00:52 [INFO]   ⏭ CoinTelegraph: 过滤掉 22 条非近期新闻
2026-09-19 04:00:52 [INFO]   ⏭ 吴说区块链: 过滤掉 50 条非近期新闻
2026-09-19 04:00:52 [INFO]   ⏭ The Block: 过滤掉 50 条非近期新闻
2026-09-19 04:00:52 [INFO]   ⏭ DeFi Llama: 过滤掉 50 条非近期新闻
2026-09-19 04:00:52 [INFO]   ⏭ CoinTelegraph: 过滤掉 50 条非近期新闻
2026-09-19 04:00:52 [INFO]   ⏭ Crypto Twitter: 过滤掉 49 条非近期新闻
2026-09-19 04:00:52 [INFO]   ⏭ 雪球加密: 过滤掉 50 条非近期新闻
2026-09-19 04:00:52 [INFO]   ⏭ CoinDesk: 过滤掉 50 条非近期新闻
2026-09-19 04:00:56 [INFO]   ⏭ PANews: 过滤掉 50 条非近期新闻
2026-09-19 04:01:03 [INFO]   ✓ CoinDesk: 0 条
2026-09-19 04:01:03 [INFO]   ✓ The Block: 0 条
2026-09-19 04:01:03 [INFO]   ✓ Decrypt: 0 条
2026-09-19 04:01:03 [INFO]   ✓ CoinTelegraph: 0 条
2026-09-19 04:01:03 [INFO]   ✓ Bitcoin Magazine: 0 条
2026-09-19 04:01:03 [INFO]   ✓ Blockworks: 0 条
2026-09-19 04:01:03 [INFO]   ✓ DL News: 0 条
2026-09-19 04:01:03 [INFO]   ✓ 金色财经: 3 条
2026-09-19 04:01:03 [INFO]   ✓ PANews: 0 条
2026-09-19 04:01:03 [INFO]   ✓ 律动BlockBeats: 11 条
2026-09-19 04:01:03 [INFO]   ✓ 吴说区块链: 0 条
2026-09-19 04:01:03 [INFO]   ✓ Bloomberg Crypto: 0 条
2026-09-19 04:01:03 [INFO]   ✓ Reuters Crypto: 0 条
2026-09-19 04:01:03 [INFO]   ✓ CNBC Crypto: 0 条
2026-09-19 04:01:03 [INFO]   ✓ Reddit r/cryptocurrency: 0 条
2026-09-19 04:01:03 [INFO]   ✓ Reddit r/bitcoin: 0 条
2026-09-19 04:01:03 [INFO]   ✓ Crypto Twitter: 1 条
2026-09-19 04:01:03 [INFO]   ✓ 宏观经济: 0 条
2026-09-19 04:01:03 [INFO]   ✓ Binance公告: 20 条
2026-09-19 04:01:03 [INFO]   ✓ OKX公告: 0 条
2026-09-19 04:01:03 [INFO]   ✓ Bitget公告: 0 条
2026-09-19 04:01:03 [INFO]   ✓ Whale Alert: 0 条
2026-09-19 04:01:03 [INFO]   ✓ Fear & Greed Index: 1 条
2026-09-19 04:01:03 [INFO]   ✓ DeFi Llama: 0 条
2026-09-19 04:01:03 [INFO]   ✓ 雪球加密: 0 条
2026-09-19 04:01:03 [INFO] 📊 共抓取 36 条新闻
2026-09-19 04:01:03 [INFO] 📋 原始新闻已保存: reports/2026-09-19-12-raw.json (36 条)
2026-09-19 04:01:03 [INFO] 📋 标题摘要已保存: reports/2026-09-19-12-raw-titles.md
2026-09-19 04:01:03 [INFO] ✅ 抓取完成，共 36 条，已保存到 reports/2026-09-19-12-raw.json
2026-09-19 04:01:04 [INFO] 🤖 开始 AI 筛选 2026-09-19 12:00 币圈消息
2026-09-19 04:01:04 [INFO] 📋 已加载原始新闻: reports/2026-09-19-12-raw.json (36 条)
2026-09-19 04:01:04 [INFO] 📚 已加载历史新闻标题（15523 字符）
2026-09-19 04:01:04 [INFO] 📚 已加载历史筛选标题 0 条、URL 0 个，用于去重
2026-09-19 04:01:04 [INFO] 🔄 尝试 AI 提供商: deepseek
2026-09-19 04:01:04 [INFO] 🤖 使用 AI 提供商: deepseek (模型: deepseek-v4-flash)
2026-09-19 04:01:04 [INFO] 🤖 AI 筛选 [[deepseek] 1/6 策略=仅标题+链接 retry=0]（36 条，5592 字符，temp=0.3）
2026-09-19 04:01:05 [ERROR] AI 调用异常 ([deepseek] 1/6 策略=仅标题+链接 retry=0): Error code: 401 - {'error': {'message': 'Authentication Fails, Your api key: ****df0d is invalid', 'type': 'authentication_error', 'param': None, 'code': 'invalid_request_error'}}
2026-09-19 04:01:05 [WARNING] [[deepseek] 1/6 策略=仅标题+链接 retry=0] AI 调用失败或解析失败，继续下一次尝试
2026-09-19 04:01:05 [INFO] 🤖 AI 筛选 [[deepseek] 2/6 策略=仅标题+链接 retry=1]（36 条，5592 字符，temp=0.3）
2026-09-19 04:01:05 [ERROR] AI 调用异常 ([deepseek] 2/6 策略=仅标题+链接 retry=1): Error code: 401 - {'error': {'message': 'Authentication Fails, Your api key: ****df0d is invalid', 'type': 'authentication_error', 'param': None, 'code': 'invalid_request_error'}}
2026-09-19 04:01:05 [WARNING] [[deepseek] 2/6 策略=仅标题+链接 retry=1] AI 调用失败或解析失败，继续下一次尝试
2026-09-19 04:01:05 [INFO] 🤖 AI 筛选 [[deepseek] 3/6 策略=仅标题+链接 retry=2]（36 条，5592 字符，temp=0.3）
2026-09-19 04:01:06 [ERROR] AI 调用异常 ([deepseek] 3/6 策略=仅标题+链接 retry=2): Error code: 401 - {'error': {'message': 'Authentication Fails, Your api key: ****df0d is invalid', 'type': 'authentication_error', 'param': None, 'code': 'invalid_request_error'}}
2026-09-19 04:01:06 [WARNING] [[deepseek] 3/6 策略=仅标题+链接 retry=2] AI 调用失败或解析失败，继续下一次尝试
2026-09-19 04:01:06 [INFO] 🤖 AI 筛选 [[deepseek] 4/6 策略=完整内容 retry=0]（36 条，10103 字符，temp=0.3）
2026-09-19 04:01:06 [ERROR] AI 调用异常 ([deepseek] 4/6 策略=完整内容 retry=0): Error code: 401 - {'error': {'message': 'Authentication Fails, Your api key: ****df0d is invalid', 'type': 'authentication_error', 'param': None, 'code': 'invalid_request_error'}}
2026-09-19 04:01:06 [WARNING] [[deepseek] 4/6 策略=完整内容 retry=0] AI 调用失败或解析失败，继续下一次尝试
2026-09-19 04:01:06 [INFO] 🤖 AI 筛选 [[deepseek] 5/6 策略=完整内容 retry=1]（36 条，10103 字符，temp=0.3）
2026-09-19 04:01:06 [ERROR] AI 调用异常 ([deepseek] 5/6 策略=完整内容 retry=1): Error code: 401 - {'error': {'message': 'Authentication Fails, Your api key: ****df0d is invalid', 'type': 'authentication_error', 'param': None, 'code': 'invalid_request_error'}}
2026-09-19 04:01:06 [WARNING] [[deepseek] 5/6 策略=完整内容 retry=1] AI 调用失败或解析失败，继续下一次尝试
2026-09-19 04:01:06 [INFO] 🤖 AI 筛选 [[deepseek] 6/6 策略=仅标题（无历史） retry=0]（36 条，5592 字符，temp=0.3）
2026-09-19 04:01:07 [ERROR] AI 调用异常 ([deepseek] 6/6 策略=仅标题（无历史） retry=0): Error code: 401 - {'error': {'message': 'Authentication Fails, Your api key: ****df0d is invalid', 'type': 'authentication_error', 'param': None, 'code': 'invalid_request_error'}}
2026-09-19 04:01:07 [WARNING] [[deepseek] 6/6 策略=仅标题（无历史） retry=0] AI 调用失败或解析失败，继续下一次尝试
2026-09-19 04:01:07 [WARNING] [deepseek] 已达最大尝试次数 6，停止
2026-09-19 04:01:07 [INFO] ⚠️ deepseek 未能产出满意结果，尝试下一个提供商
2026-09-19 04:01:07 [INFO] 🔄 尝试 AI 提供商: zhipu
2026-09-19 04:01:07 [ERROR] 未设置环境变量 ZHIPU_API_KEY，无法使用 zhipu
2026-09-19 04:01:07 [INFO] ⚠️ zhipu 未能产出满意结果，尝试下一个提供商
2026-09-19 04:01:07 [INFO] 🔄 尝试 AI 提供商: kimi
2026-09-19 04:01:07 [ERROR] 未设置环境变量 KIMI_API_KEY，无法使用 kimi
2026-09-19 04:01:07 [INFO] ⚠️ kimi 未能产出满意结果，尝试下一个提供商
2026-09-19 04:01:07 [INFO] 🔄 尝试 AI 提供商: huoshan
2026-09-19 04:01:07 [ERROR] 未设置环境变量 HUOSHAN_API_KEY，无法使用 huoshan
2026-09-19 04:01:07 [INFO] ⚠️ huoshan 未能产出满意结果，尝试下一个提供商
2026-09-19 04:01:07 [ERROR] ❌ 所有提供商均失败，返回空列表
2026-09-19 04:01:07 [INFO] 📦 JSON 已保存: reports/2026-09-19-12.json
2026-09-19 04:01:07 [INFO] ✅ AI 筛选完成，共 0 条交易相关消息
2026-09-19 05:00:50 [INFO] 🚀 开始抓取 2026-09-19 13:00 币圈新闻
2026-09-19 05:00:50 [INFO] 📡 抓取 RSS 新闻源...
2026-09-19 05:00:50 [INFO] 📡 抓取交易所公告 & 链上数据...
2026-09-19 05:00:50 [INFO]   ⏭ Decrypt: 过滤掉 50 条非近期新闻
2026-09-19 05:00:50 [INFO]   ⏭ The Block: 过滤掉 20 条非近期新闻
2026-09-19 05:00:51 [INFO]   ⏭ CoinTelegraph: 过滤掉 30 条非近期新闻
2026-09-19 05:00:51 [WARNING] 解析失败 Bitget公告: 'NoneType' object is not subscriptable
2026-09-19 05:00:51 [INFO]   ⏭ Reddit r/cryptocurrency: 过滤掉 24 条非近期新闻
2026-09-19 05:00:51 [INFO]   ⏭ Bloomberg Crypto: 过滤掉 50 条非近期新闻
2026-09-19 05:00:51 [INFO]   ⏭ Reuters Crypto: 过滤掉 50 条非近期新闻
2026-09-19 05:00:51 [INFO]   ⏭ CNBC Crypto: 过滤掉 50 条非近期新闻
2026-09-19 05:00:51 [INFO]   ⏭ 宏观经济: 过滤掉 50 条非近期新闻
2026-09-19 05:00:51 [INFO]   ⏭ CoinDesk: 过滤掉 25 条非近期新闻
2026-09-19 05:00:51 [INFO]   ⏭ Bitcoin Magazine: 过滤掉 10 条非近期新闻
2026-09-19 05:00:52 [INFO]   ⏭ Blockworks: 过滤掉 50 条非近期新闻
2026-09-19 05:00:52 [INFO]   ⏭ 宏观经济: 过滤掉 50 条非近期新闻
2026-09-19 05:00:52 [INFO]   ⏭ Decrypt: 过滤掉 50 条非近期新闻
2026-09-19 05:00:52 [INFO]   ⏭ DL News: 过滤掉 50 条非近期新闻
2026-09-19 05:00:52 [INFO]   ⏭ 金色财经: 过滤掉 14 条非近期新闻
2026-09-19 05:00:52 [INFO]   ⏭ Bitcoin Magazine: 过滤掉 50 条非近期新闻
2026-09-19 05:00:52 [INFO]   ⏭ Blockworks: 过滤掉 2 条非近期新闻
2026-09-19 05:00:52 [INFO]   ⏭ 雪球加密: 过滤掉 50 条非近期新闻
2026-09-19 05:00:52 [INFO]   ⏭ The Block: 过滤掉 50 条非近期新闻
2026-09-19 05:00:52 [INFO]   ⏭ DeFi Llama: 过滤掉 50 条非近期新闻
2026-09-19 05:00:53 [INFO]   ⏭ 吴说区块链: 过滤掉 50 条非近期新闻
2026-09-19 05:00:53 [INFO]   ⏭ Crypto Twitter: 过滤掉 50 条非近期新闻
2026-09-19 05:00:53 [INFO]   ⏭ CoinDesk: 过滤掉 50 条非近期新闻
2026-09-19 05:00:55 [INFO]   ⏭ 律动BlockBeats: 过滤掉 12 条非近期新闻
2026-09-19 05:00:56 [INFO]   ⏭ PANews: 过滤掉 50 条非近期新闻
2026-09-19 05:01:07 [DEBUG] 请求失败 https://rsshub.rssforever.com/cointelegraph: 
2026-09-19 05:01:07 [DEBUG] 请求失败 https://rsshub.rssforever.com/bloomberg/crypto: 
2026-09-19 05:01:07 [INFO]   ⏭ CoinTelegraph: 过滤掉 50 条非近期新闻
2026-09-19 05:01:07 [INFO]   ✓ CoinDesk: 0 条
2026-09-19 05:01:07 [INFO]   ✓ The Block: 0 条
2026-09-19 05:01:07 [INFO]   ✓ Decrypt: 0 条
2026-09-19 05:01:07 [INFO]   ✓ CoinTelegraph: 0 条
2026-09-19 05:01:07 [INFO]   ✓ Bitcoin Magazine: 0 条
2026-09-19 05:01:07 [INFO]   ✓ Blockworks: 0 条
2026-09-19 05:01:07 [INFO]   ✓ DL News: 0 条
2026-09-19 05:01:07 [INFO]   ✓ 金色财经: 6 条
2026-09-19 05:01:07 [INFO]   ✓ PANews: 0 条
2026-09-19 05:01:07 [INFO]   ✓ 律动BlockBeats: 8 条
2026-09-19 05:01:07 [INFO]   ✓ 吴说区块链: 0 条
2026-09-19 05:01:07 [INFO]   ✓ Bloomberg Crypto: 0 条
2026-09-19 05:01:07 [INFO]   ✓ Reuters Crypto: 0 条
2026-09-19 05:01:07 [INFO]   ✓ CNBC Crypto: 0 条
2026-09-19 05:01:07 [INFO]   ✓ Reddit r/cryptocurrency: 1 条
2026-09-19 05:01:07 [INFO]   ✓ Reddit r/bitcoin: 0 条
2026-09-19 05:01:07 [INFO]   ✓ Crypto Twitter: 0 条
2026-09-19 05:01:07 [INFO]   ✓ 宏观经济: 0 条
2026-09-19 05:01:07 [INFO]   ✓ Binance公告: 20 条
2026-09-19 05:01:07 [INFO]   ✓ OKX公告: 0 条
2026-09-19 05:01:07 [INFO]   ✓ Bitget公告: 0 条
2026-09-19 05:01:07 [INFO]   ✓ Whale Alert: 0 条
2026-09-19 05:01:07 [INFO]   ✓ Fear & Greed Index: 1 条
2026-09-19 05:01:07 [INFO]   ✓ DeFi Llama: 0 条
2026-09-19 05:01:07 [INFO]   ✓ 雪球加密: 0 条
2026-09-19 05:01:07 [INFO] 📊 共抓取 36 条新闻
2026-09-19 05:01:07 [INFO] 📋 原始新闻已保存: reports/2026-09-19-13-raw.json (36 条)
2026-09-19 05:01:07 [INFO] 📋 标题摘要已保存: reports/2026-09-19-13-raw-titles.md
2026-09-19 05:01:07 [INFO] ✅ 抓取完成，共 36 条，已保存到 reports/2026-09-19-13-raw.json
2026-09-19 05:01:08 [INFO] 🤖 开始 AI 筛选 2026-09-19 13:00 币圈消息
2026-09-19 05:01:08 [INFO] 📋 已加载原始新闻: reports/2026-09-19-13-raw.json (36 条)
2026-09-19 05:01:08 [INFO] 📚 已加载历史新闻标题（15347 字符）
2026-09-19 05:01:08 [INFO] 📚 已加载历史筛选标题 0 条、URL 0 个，用于去重
2026-09-19 05:01:08 [INFO] 🔄 尝试 AI 提供商: deepseek
2026-09-19 05:01:08 [INFO] 🤖 使用 AI 提供商: deepseek (模型: deepseek-v4-flash)
2026-09-19 05:01:08 [INFO] 🤖 AI 筛选 [[deepseek] 1/6 策略=仅标题+链接 retry=0]（36 条，5347 字符，temp=0.3）
2026-09-19 05:01:09 [ERROR] AI 调用异常 ([deepseek] 1/6 策略=仅标题+链接 retry=0): Error code: 401 - {'error': {'message': 'Authentication Fails, Your api key: ****df0d is invalid', 'type': 'authentication_error', 'param': None, 'code': 'invalid_request_error'}}
2026-09-19 05:01:09 [WARNING] [[deepseek] 1/6 策略=仅标题+链接 retry=0] AI 调用失败或解析失败，继续下一次尝试
2026-09-19 05:01:09 [INFO] 🤖 AI 筛选 [[deepseek] 2/6 策略=仅标题+链接 retry=1]（36 条，5347 字符，temp=0.3）
2026-09-19 05:01:09 [ERROR] AI 调用异常 ([deepseek] 2/6 策略=仅标题+链接 retry=1): Error code: 401 - {'error': {'message': 'Authentication Fails, Your api key: ****df0d is invalid', 'type': 'authentication_error', 'param': None, 'code': 'invalid_request_error'}}
2026-09-19 05:01:09 [WARNING] [[deepseek] 2/6 策略=仅标题+链接 retry=1] AI 调用失败或解析失败，继续下一次尝试
2026-09-19 05:01:09 [INFO] 🤖 AI 筛选 [[deepseek] 3/6 策略=仅标题+链接 retry=2]（36 条，5347 字符，temp=0.3）
2026-09-19 05:01:10 [ERROR] AI 调用异常 ([deepseek] 3/6 策略=仅标题+链接 retry=2): Error code: 401 - {'error': {'message': 'Authentication Fails, Your api key: ****df0d is invalid', 'type': 'authentication_error', 'param': None, 'code': 'invalid_request_error'}}
2026-09-19 05:01:10 [WARNING] [[deepseek] 3/6 策略=仅标题+链接 retry=2] AI 调用失败或解析失败，继续下一次尝试
2026-09-19 05:01:10 [INFO] 🤖 AI 筛选 [[deepseek] 4/6 策略=完整内容 retry=0]（36 条，10003 字符，temp=0.3）
2026-09-19 05:01:10 [ERROR] AI 调用异常 ([deepseek] 4/6 策略=完整内容 retry=0): Error code: 401 - {'error': {'message': 'Authentication Fails, Your api key: ****df0d is invalid', 'type': 'authentication_error', 'param': None, 'code': 'invalid_request_error'}}
2026-09-19 05:01:10 [WARNING] [[deepseek] 4/6 策略=完整内容 retry=0] AI 调用失败或解析失败，继续下一次尝试
2026-09-19 05:01:10 [INFO] 🤖 AI 筛选 [[deepseek] 5/6 策略=完整内容 retry=1]（36 条，10003 字符，temp=0.3）
2026-09-19 05:01:10 [ERROR] AI 调用异常 ([deepseek] 5/6 策略=完整内容 retry=1): Error code: 401 - {'error': {'message': 'Authentication Fails, Your api key: ****df0d is invalid', 'type': 'authentication_error', 'param': None, 'code': 'invalid_request_error'}}
2026-09-19 05:01:10 [WARNING] [[deepseek] 5/6 策略=完整内容 retry=1] AI 调用失败或解析失败，继续下一次尝试
2026-09-19 05:01:10 [INFO] 🤖 AI 筛选 [[deepseek] 6/6 策略=仅标题（无历史） retry=0]（36 条，5347 字符，temp=0.3）
2026-09-19 05:01:11 [ERROR] AI 调用异常 ([deepseek] 6/6 策略=仅标题（无历史） retry=0): Error code: 401 - {'error': {'message': 'Authentication Fails, Your api key: ****df0d is invalid', 'type': 'authentication_error', 'param': None, 'code': 'invalid_request_error'}}
2026-09-19 05:01:11 [WARNING] [[deepseek] 6/6 策略=仅标题（无历史） retry=0] AI 调用失败或解析失败，继续下一次尝试
2026-09-19 05:01:11 [WARNING] [deepseek] 已达最大尝试次数 6，停止
2026-09-19 05:01:11 [INFO] ⚠️ deepseek 未能产出满意结果，尝试下一个提供商
2026-09-19 05:01:11 [INFO] 🔄 尝试 AI 提供商: zhipu
2026-09-19 05:01:11 [ERROR] 未设置环境变量 ZHIPU_API_KEY，无法使用 zhipu
2026-09-19 05:01:11 [INFO] ⚠️ zhipu 未能产出满意结果，尝试下一个提供商
2026-09-19 05:01:11 [INFO] 🔄 尝试 AI 提供商: kimi
2026-09-19 05:01:11 [ERROR] 未设置环境变量 KIMI_API_KEY，无法使用 kimi
2026-09-19 05:01:11 [INFO] ⚠️ kimi 未能产出满意结果，尝试下一个提供商
2026-09-19 05:01:11 [INFO] 🔄 尝试 AI 提供商: huoshan
2026-09-19 05:01:11 [ERROR] 未设置环境变量 HUOSHAN_API_KEY，无法使用 huoshan
2026-09-19 05:01:11 [INFO] ⚠️ huoshan 未能产出满意结果，尝试下一个提供商
2026-09-19 05:01:11 [ERROR] ❌ 所有提供商均失败，返回空列表
2026-09-19 05:01:11 [INFO] 📦 JSON 已保存: reports/2026-09-19-13.json
2026-09-19 05:01:11 [INFO] ✅ AI 筛选完成，共 0 条交易相关消息
2026-09-19 06:00:50 [INFO] 🚀 开始抓取 2026-09-19 14:00 币圈新闻
2026-09-19 06:00:50 [INFO] 📡 抓取 RSS 新闻源...
2026-09-19 06:00:50 [INFO] 📡 抓取交易所公告 & 链上数据...
2026-09-19 06:00:50 [INFO]   ⏭ Decrypt: 过滤掉 50 条非近期新闻
2026-09-19 06:00:50 [INFO]   ⏭ The Block: 过滤掉 20 条非近期新闻
2026-09-19 06:00:50 [INFO]   ⏭ CoinTelegraph: 过滤掉 30 条非近期新闻
2026-09-19 06:00:50 [INFO]   ⏭ Bitcoin Magazine: 过滤掉 10 条非近期新闻
2026-09-19 06:00:50 [INFO]   ⏭ Bloomberg Crypto: 过滤掉 50 条非近期新闻
2026-09-19 06:00:50 [INFO]   ⏭ 宏观经济: 过滤掉 50 条非近期新闻
2026-09-19 06:00:50 [INFO]   ⏭ Reuters Crypto: 过滤掉 50 条非近期新闻
2026-09-19 06:00:51 [INFO]   ⏭ CNBC Crypto: 过滤掉 49 条非近期新闻
2026-09-19 06:00:51 [INFO]   ⏭ Blockworks: 过滤掉 50 条非近期新闻
2026-09-19 06:00:51 [WARNING] 解析失败 Bitget公告: 'NoneType' object is not subscriptable
2026-09-19 06:00:51 [INFO]   ⏭ Reddit r/bitcoin: 过滤掉 25 条非近期新闻
2026-09-19 06:00:51 [INFO]   ⏭ CoinDesk: 过滤掉 25 条非近期新闻
2026-09-19 06:00:51 [INFO]   ⏭ Bitcoin Magazine: 过滤掉 50 条非近期新闻
2026-09-19 06:00:51 [INFO]   ⏭ Decrypt: 过滤掉 50 条非近期新闻
2026-09-19 06:00:51 [INFO]   ⏭ DL News: 过滤掉 50 条非近期新闻
2026-09-19 06:00:51 [INFO]   ⏭ Blockworks: 过滤掉 2 条非近期新闻
2026-09-19 06:00:51 [INFO]   ⏭ 宏观经济: 过滤掉 50 条非近期新闻
2026-09-19 06:00:51 [INFO]   ⏭ 金色财经: 过滤掉 3 条非近期新闻
2026-09-19 06:00:51 [INFO]   ⏭ 律动BlockBeats: 过滤掉 13 条非近期新闻
2026-09-19 06:00:51 [INFO]   ⏭ CoinTelegraph: 过滤掉 22 条非近期新闻
2026-09-19 06:00:51 [INFO]   ⏭ DeFi Llama: 过滤掉 50 条非近期新闻
2026-09-19 06:00:52 [INFO]   ⏭ 雪球加密: 过滤掉 50 条非近期新闻
2026-09-19 06:00:52 [INFO]   ⏭ 吴说区块链: 过滤掉 50 条非近期新闻
2026-09-19 06:00:52 [INFO]   ⏭ CoinTelegraph: 过滤掉 50 条非近期新闻
2026-09-19 06:00:52 [INFO]   ⏭ Crypto Twitter: 过滤掉 50 条非近期新闻
2026-09-19 06:00:52 [INFO]   ⏭ The Block: 过滤掉 50 条非近期新闻
2026-09-19 06:00:52 [INFO]   ⏭ CoinDesk: 过滤掉 50 条非近期新闻
2026-09-19 06:01:00 [INFO]   ⏭ PANews: 过滤掉 50 条非近期新闻
2026-09-19 06:01:00 [INFO]   ✓ CoinDesk: 0 条
2026-09-19 06:01:00 [INFO]   ✓ The Block: 0 条
2026-09-19 06:01:00 [INFO]   ✓ Decrypt: 0 条
2026-09-19 06:01:00 [INFO]   ✓ CoinTelegraph: 0 条
2026-09-19 06:01:00 [INFO]   ✓ Bitcoin Magazine: 0 条
2026-09-19 06:01:00 [INFO]   ✓ Blockworks: 0 条
2026-09-19 06:01:00 [INFO]   ✓ DL News: 0 条
2026-09-19 06:01:00 [INFO]   ✓ 金色财经: 5 条
2026-09-19 06:01:00 [INFO]   ✓ PANews: 0 条
2026-09-19 06:01:00 [INFO]   ✓ 律动BlockBeats: 7 条
2026-09-19 06:01:00 [INFO]   ✓ 吴说区块链: 0 条
2026-09-19 06:01:00 [INFO]   ✓ Bloomberg Crypto: 0 条
2026-09-19 06:01:00 [INFO]   ✓ Reuters Crypto: 0 条
2026-09-19 06:01:00 [INFO]   ✓ CNBC Crypto: 1 条
2026-09-19 06:01:00 [INFO]   ✓ Reddit r/cryptocurrency: 0 条
2026-09-19 06:01:00 [INFO]   ✓ Reddit r/bitcoin: 0 条
2026-09-19 06:01:00 [INFO]   ✓ Crypto Twitter: 0 条
2026-09-19 06:01:00 [INFO]   ✓ 宏观经济: 0 条
2026-09-19 06:01:00 [INFO]   ✓ Binance公告: 20 条
2026-09-19 06:01:00 [INFO]   ✓ OKX公告: 0 条
2026-09-19 06:01:00 [INFO]   ✓ Bitget公告: 0 条
2026-09-19 06:01:00 [INFO]   ✓ Whale Alert: 0 条
2026-09-19 06:01:00 [INFO]   ✓ Fear & Greed Index: 1 条
2026-09-19 06:01:00 [INFO]   ✓ DeFi Llama: 0 条
2026-09-19 06:01:00 [INFO]   ✓ 雪球加密: 0 条
2026-09-19 06:01:00 [INFO] 📊 共抓取 34 条新闻
2026-09-19 06:01:00 [INFO] 📋 原始新闻已保存: reports/2026-09-19-14-raw.json (34 条)
2026-09-19 06:01:00 [INFO] 📋 标题摘要已保存: reports/2026-09-19-14-raw-titles.md
2026-09-19 06:01:00 [INFO] ✅ 抓取完成，共 34 条，已保存到 reports/2026-09-19-14-raw.json
2026-09-19 06:01:01 [INFO] 🤖 开始 AI 筛选 2026-09-19 14:00 币圈消息
2026-09-19 06:01:01 [INFO] 📋 已加载原始新闻: reports/2026-09-19-14-raw.json (34 条)
2026-09-19 06:01:01 [INFO] 📚 已加载历史新闻标题（14680 字符）
2026-09-19 06:01:01 [INFO] 📚 已加载历史筛选标题 0 条、URL 0 个，用于去重
2026-09-19 06:01:01 [INFO] 🔄 尝试 AI 提供商: deepseek
2026-09-19 06:01:01 [INFO] 🤖 使用 AI 提供商: deepseek (模型: deepseek-v4-flash)
2026-09-19 06:01:01 [INFO] 🤖 AI 筛选 [[deepseek] 1/6 策略=仅标题+链接 retry=0]（34 条，5562 字符，temp=0.3）
2026-09-19 06:01:02 [ERROR] AI 调用异常 ([deepseek] 1/6 策略=仅标题+链接 retry=0): Error code: 401 - {'error': {'message': 'Authentication Fails, Your api key: ****df0d is invalid', 'type': 'authentication_error', 'param': None, 'code': 'invalid_request_error'}}
2026-09-19 06:01:02 [WARNING] [[deepseek] 1/6 策略=仅标题+链接 retry=0] AI 调用失败或解析失败，继续下一次尝试
2026-09-19 06:01:02 [INFO] 🤖 AI 筛选 [[deepseek] 2/6 策略=仅标题+链接 retry=1]（34 条，5562 字符，temp=0.3）
2026-09-19 06:01:02 [ERROR] AI 调用异常 ([deepseek] 2/6 策略=仅标题+链接 retry=1): Error code: 401 - {'error': {'message': 'Authentication Fails, Your api key: ****df0d is invalid', 'type': 'authentication_error', 'param': None, 'code': 'invalid_request_error'}}
2026-09-19 06:01:02 [WARNING] [[deepseek] 2/6 策略=仅标题+链接 retry=1] AI 调用失败或解析失败，继续下一次尝试
2026-09-19 06:01:02 [INFO] 🤖 AI 筛选 [[deepseek] 3/6 策略=仅标题+链接 retry=2]（34 条，5562 字符，temp=0.3）
2026-09-19 06:01:02 [ERROR] AI 调用异常 ([deepseek] 3/6 策略=仅标题+链接 retry=2): Error code: 401 - {'error': {'message': 'Authentication Fails, Your api key: ****df0d is invalid', 'type': 'authentication_error', 'param': None, 'code': 'invalid_request_error'}}
2026-09-19 06:01:02 [WARNING] [[deepseek] 3/6 策略=仅标题+链接 retry=2] AI 调用失败或解析失败，继续下一次尝试
2026-09-19 06:01:02 [INFO] 🤖 AI 筛选 [[deepseek] 4/6 策略=完整内容 retry=0]（34 条，9790 字符，temp=0.3）
2026-09-19 06:01:03 [ERROR] AI 调用异常 ([deepseek] 4/6 策略=完整内容 retry=0): Error code: 401 - {'error': {'message': 'Authentication Fails, Your api key: ****df0d is invalid', 'type': 'authentication_error', 'param': None, 'code': 'invalid_request_error'}}
2026-09-19 06:01:03 [WARNING] [[deepseek] 4/6 策略=完整内容 retry=0] AI 调用失败或解析失败，继续下一次尝试
2026-09-19 06:01:03 [INFO] 🤖 AI 筛选 [[deepseek] 5/6 策略=完整内容 retry=1]（34 条，9790 字符，temp=0.3）
2026-09-19 06:01:03 [ERROR] AI 调用异常 ([deepseek] 5/6 策略=完整内容 retry=1): Error code: 401 - {'error': {'message': 'Authentication Fails, Your api key: ****df0d is invalid', 'type': 'authentication_error', 'param': None, 'code': 'invalid_request_error'}}
2026-09-19 06:01:03 [WARNING] [[deepseek] 5/6 策略=完整内容 retry=1] AI 调用失败或解析失败，继续下一次尝试
2026-09-19 06:01:03 [INFO] 🤖 AI 筛选 [[deepseek] 6/6 策略=仅标题（无历史） retry=0]（34 条，5562 字符，temp=0.3）
2026-09-19 06:01:04 [ERROR] AI 调用异常 ([deepseek] 6/6 策略=仅标题（无历史） retry=0): Error code: 401 - {'error': {'message': 'Authentication Fails, Your api key: ****df0d is invalid', 'type': 'authentication_error', 'param': None, 'code': 'invalid_request_error'}}
2026-09-19 06:01:04 [WARNING] [[deepseek] 6/6 策略=仅标题（无历史） retry=0] AI 调用失败或解析失败，继续下一次尝试
2026-09-19 06:01:04 [WARNING] [deepseek] 已达最大尝试次数 6，停止
2026-09-19 06:01:04 [INFO] ⚠️ deepseek 未能产出满意结果，尝试下一个提供商
2026-09-19 06:01:04 [INFO] 🔄 尝试 AI 提供商: zhipu
2026-09-19 06:01:04 [ERROR] 未设置环境变量 ZHIPU_API_KEY，无法使用 zhipu
2026-09-19 06:01:04 [INFO] ⚠️ zhipu 未能产出满意结果，尝试下一个提供商
2026-09-19 06:01:04 [INFO] 🔄 尝试 AI 提供商: kimi
2026-09-19 06:01:04 [ERROR] 未设置环境变量 KIMI_API_KEY，无法使用 kimi
2026-09-19 06:01:04 [INFO] ⚠️ kimi 未能产出满意结果，尝试下一个提供商
2026-09-19 06:01:04 [INFO] 🔄 尝试 AI 提供商: huoshan
2026-09-19 06:01:04 [ERROR] 未设置环境变量 HUOSHAN_API_KEY，无法使用 huoshan
2026-09-19 06:01:04 [INFO] ⚠️ huoshan 未能产出满意结果，尝试下一个提供商
2026-09-19 06:01:04 [ERROR] ❌ 所有提供商均失败，返回空列表
2026-09-19 06:01:04 [INFO] 📦 JSON 已保存: reports/2026-09-19-14.json
2026-09-19 06:01:04 [INFO] ✅ AI 筛选完成，共 0 条交易相关消息
2026-09-19 07:00:51 [INFO] 🚀 开始抓取 2026-09-19 15:00 币圈新闻
2026-09-19 07:00:52 [INFO] 📡 抓取 RSS 新闻源...
2026-09-19 07:00:52 [INFO] 📡 抓取交易所公告 & 链上数据...
2026-09-19 07:00:52 [INFO]   ⏭ Decrypt: 过滤掉 37 条非近期新闻
2026-09-19 07:00:52 [INFO]   ⏭ The Block: 过滤掉 20 条非近期新闻
2026-09-19 07:00:52 [INFO]   ⏭ CoinTelegraph: 过滤掉 30 条非近期新闻
2026-09-19 07:00:52 [WARNING] 解析失败 Bitget公告: 'NoneType' object is not subscriptable
2026-09-19 07:00:52 [INFO]   ⏭ Bloomberg Crypto: 过滤掉 50 条非近期新闻
2026-09-19 07:00:52 [INFO]   ⏭ Reuters Crypto: 过滤掉 50 条非近期新闻
2026-09-19 07:00:52 [INFO]   ⏭ CNBC Crypto: 过滤掉 50 条非近期新闻
2026-09-19 07:00:52 [INFO]   ⏭ 宏观经济: 过滤掉 50 条非近期新闻
2026-09-19 07:00:52 [INFO]   ⏭ Bitcoin Magazine: 过滤掉 10 条非近期新闻
2026-09-19 07:00:52 [INFO]   ⏭ Reddit r/cryptocurrency: 过滤掉 24 条非近期新闻
2026-09-19 07:00:52 [INFO]   ⏭ CoinDesk: 过滤掉 25 条非近期新闻
2026-09-19 07:00:53 [INFO]   ⏭ Blockworks: 过滤掉 50 条非近期新闻
2026-09-19 07:00:53 [INFO]   ⏭ 宏观经济: 过滤掉 50 条非近期新闻
2026-09-19 07:00:53 [INFO]   ⏭ Decrypt: 过滤掉 50 条非近期新闻
2026-09-19 07:00:53 [INFO]   ⏭ DL News: 过滤掉 50 条非近期新闻
2026-09-19 07:00:53 [INFO]   ⏭ Blockworks: 过滤掉 2 条非近期新闻
2026-09-19 07:00:53 [INFO]   ⏭ The Block: 过滤掉 50 条非近期新闻
2026-09-19 07:00:53 [INFO]   ⏭ Bitcoin Magazine: 过滤掉 50 条非近期新闻
2026-09-19 07:00:53 [INFO]   ⏭ 律动BlockBeats: 过滤掉 13 条非近期新闻
2026-09-19 07:00:53 [INFO]   ⏭ CoinDesk: 过滤掉 50 条非近期新闻
2026-09-19 07:00:53 [INFO]   ⏭ 雪球加密: 过滤掉 49 条非近期新闻
2026-09-19 07:00:53 [INFO]   ⏭ 吴说区块链: 过滤掉 50 条非近期新闻
2026-09-19 07:00:53 [INFO]   ⏭ DeFi Llama: 过滤掉 50 条非近期新闻
2026-09-19 07:00:54 [INFO]   ⏭ Crypto Twitter: 过滤掉 50 条非近期新闻
2026-09-19 07:01:07 [DEBUG] 请求失败 https://rsshub.rssforever.com/cointelegraph: 
2026-09-19 07:01:07 [DEBUG] 请求失败 https://rsshub.rssforever.com/bloomberg/crypto: 
2026-09-19 07:01:08 [DEBUG] 请求失败 https://rsshub.rssforever.com/jinse/lives: 
2026-09-19 07:01:08 [INFO]   ⏭ CoinTelegraph: 过滤掉 50 条非近期新闻
2026-09-19 07:01:08 [DEBUG] 请求失败 https://rsshub.rssforever.com/panewslab/news: 
2026-09-19 07:01:09 [INFO]   ⏭ PANews: 过滤掉 50 条非近期新闻
2026-09-19 07:01:09 [INFO]   ✓ CoinDesk: 0 条
2026-09-19 07:01:09 [INFO]   ✓ The Block: 0 条
2026-09-19 07:01:09 [INFO]   ✓ Decrypt: 0 条
2026-09-19 07:01:09 [INFO]   ✓ CoinTelegraph: 0 条
2026-09-19 07:01:09 [INFO]   ✓ Bitcoin Magazine: 0 条
2026-09-19 07:01:09 [INFO]   ✓ Blockworks: 0 条
2026-09-19 07:01:09 [INFO]   ✓ DL News: 0 条
2026-09-19 07:01:09 [INFO]   ✓ 金色财经: 0 条
2026-09-19 07:01:09 [INFO]   ✓ PANews: 0 条
2026-09-19 07:01:09 [INFO]   ✓ 律动BlockBeats: 7 条
2026-09-19 07:01:09 [INFO]   ✓ 吴说区块链: 0 条
2026-09-19 07:01:09 [INFO]   ✓ Bloomberg Crypto: 0 条
2026-09-19 07:01:09 [INFO]   ✓ Reuters Crypto: 0 条
2026-09-19 07:01:09 [INFO]   ✓ CNBC Crypto: 0 条
2026-09-19 07:01:09 [INFO]   ✓ Reddit r/cryptocurrency: 1 条
2026-09-19 07:01:09 [INFO]   ✓ Reddit r/bitcoin: 0 条
2026-09-19 07:01:09 [INFO]   ✓ Crypto Twitter: 0 条
2026-09-19 07:01:09 [INFO]   ✓ 宏观经济: 0 条
2026-09-19 07:01:09 [INFO]   ✓ Binance公告: 20 条
2026-09-19 07:01:09 [INFO]   ✓ OKX公告: 0 条
2026-09-19 07:01:09 [INFO]   ✓ Bitget公告: 0 条
2026-09-19 07:01:09 [INFO]   ✓ Whale Alert: 0 条
2026-09-19 07:01:09 [INFO]   ✓ Fear & Greed Index: 1 条
2026-09-19 07:01:09 [INFO]   ✓ DeFi Llama: 0 条
2026-09-19 07:01:09 [INFO]   ✓ 雪球加密: 1 条
2026-09-19 07:01:09 [INFO] 📊 共抓取 30 条新闻
2026-09-19 07:01:09 [INFO] 📋 原始新闻已保存: reports/2026-09-19-15-raw.json (30 条)
2026-09-19 07:01:09 [INFO] 📋 标题摘要已保存: reports/2026-09-19-15-raw-titles.md
2026-09-19 07:01:09 [INFO] ✅ 抓取完成，共 30 条，已保存到 reports/2026-09-19-15-raw.json
2026-09-19 07:01:09 [INFO] 🤖 开始 AI 筛选 2026-09-19 15:00 币圈消息
2026-09-19 07:01:09 [INFO] 📋 已加载原始新闻: reports/2026-09-19-15-raw.json (30 条)
2026-09-19 07:01:09 [INFO] 📚 已加载历史新闻标题（15158 字符）
2026-09-19 07:01:09 [INFO] 📚 已加载历史筛选标题 0 条、URL 0 个，用于去重
2026-09-19 07:01:09 [INFO] 🔄 尝试 AI 提供商: deepseek
2026-09-19 07:01:09 [INFO] 🤖 使用 AI 提供商: deepseek (模型: deepseek-v4-flash)
2026-09-19 07:01:09 [INFO] 🤖 AI 筛选 [[deepseek] 1/6 策略=仅标题+链接 retry=0]（30 条，5086 字符，temp=0.3）
2026-09-19 07:01:10 [ERROR] AI 调用异常 ([deepseek] 1/6 策略=仅标题+链接 retry=0): Error code: 401 - {'error': {'message': 'Authentication Fails, Your api key: ****df0d is invalid', 'type': 'authentication_error', 'param': None, 'code': 'invalid_request_error'}}
2026-09-19 07:01:10 [WARNING] [[deepseek] 1/6 策略=仅标题+链接 retry=0] AI 调用失败或解析失败，继续下一次尝试
2026-09-19 07:01:10 [INFO] 🤖 AI 筛选 [[deepseek] 2/6 策略=仅标题+链接 retry=1]（30 条，5086 字符，temp=0.3）
2026-09-19 07:01:10 [ERROR] AI 调用异常 ([deepseek] 2/6 策略=仅标题+链接 retry=1): Error code: 401 - {'error': {'message': 'Authentication Fails, Your api key: ****df0d is invalid', 'type': 'authentication_error', 'param': None, 'code': 'invalid_request_error'}}
2026-09-19 07:01:10 [WARNING] [[deepseek] 2/6 策略=仅标题+链接 retry=1] AI 调用失败或解析失败，继续下一次尝试
2026-09-19 07:01:10 [INFO] 🤖 AI 筛选 [[deepseek] 3/6 策略=仅标题+链接 retry=2]（30 条，5086 字符，temp=0.3）
2026-09-19 07:01:10 [ERROR] AI 调用异常 ([deepseek] 3/6 策略=仅标题+链接 retry=2): Error code: 401 - {'error': {'message': 'Authentication Fails, Your api key: ****df0d is invalid', 'type': 'authentication_error', 'param': None, 'code': 'invalid_request_error'}}
2026-09-19 07:01:10 [WARNING] [[deepseek] 3/6 策略=仅标题+链接 retry=2] AI 调用失败或解析失败，继续下一次尝试
2026-09-19 07:01:10 [INFO] 🤖 AI 筛选 [[deepseek] 4/6 策略=完整内容 retry=0]（30 条，8282 字符，temp=0.3）
2026-09-19 07:01:11 [ERROR] AI 调用异常 ([deepseek] 4/6 策略=完整内容 retry=0): Error code: 401 - {'error': {'message': 'Authentication Fails, Your api key: ****df0d is invalid', 'type': 'authentication_error', 'param': None, 'code': 'invalid_request_error'}}
2026-09-19 07:01:11 [WARNING] [[deepseek] 4/6 策略=完整内容 retry=0] AI 调用失败或解析失败，继续下一次尝试
2026-09-19 07:01:11 [INFO] 🤖 AI 筛选 [[deepseek] 5/6 策略=完整内容 retry=1]（30 条，8282 字符，temp=0.3）
2026-09-19 07:01:11 [ERROR] AI 调用异常 ([deepseek] 5/6 策略=完整内容 retry=1): Error code: 401 - {'error': {'message': 'Authentication Fails, Your api key: ****df0d is invalid', 'type': 'authentication_error', 'param': None, 'code': 'invalid_request_error'}}
2026-09-19 07:01:11 [WARNING] [[deepseek] 5/6 策略=完整内容 retry=1] AI 调用失败或解析失败，继续下一次尝试
2026-09-19 07:01:11 [INFO] 🤖 AI 筛选 [[deepseek] 6/6 策略=仅标题（无历史） retry=0]（30 条，5086 字符，temp=0.3）
2026-09-19 07:01:11 [ERROR] AI 调用异常 ([deepseek] 6/6 策略=仅标题（无历史） retry=0): Error code: 401 - {'error': {'message': 'Authentication Fails, Your api key: ****df0d is invalid', 'type': 'authentication_error', 'param': None, 'code': 'invalid_request_error'}}
2026-09-19 07:01:11 [WARNING] [[deepseek] 6/6 策略=仅标题（无历史） retry=0] AI 调用失败或解析失败，继续下一次尝试
2026-09-19 07:01:11 [WARNING] [deepseek] 已达最大尝试次数 6，停止
2026-09-19 07:01:11 [INFO] ⚠️ deepseek 未能产出满意结果，尝试下一个提供商
2026-09-19 07:01:11 [INFO] 🔄 尝试 AI 提供商: zhipu
2026-09-19 07:01:11 [ERROR] 未设置环境变量 ZHIPU_API_KEY，无法使用 zhipu
2026-09-19 07:01:11 [INFO] ⚠️ zhipu 未能产出满意结果，尝试下一个提供商
2026-09-19 07:01:11 [INFO] 🔄 尝试 AI 提供商: kimi
2026-09-19 07:01:11 [ERROR] 未设置环境变量 KIMI_API_KEY，无法使用 kimi
2026-09-19 07:01:11 [INFO] ⚠️ kimi 未能产出满意结果，尝试下一个提供商
2026-09-19 07:01:11 [INFO] 🔄 尝试 AI 提供商: huoshan
2026-09-19 07:01:11 [ERROR] 未设置环境变量 HUOSHAN_API_KEY，无法使用 huoshan
2026-09-19 07:01:11 [INFO] ⚠️ huoshan 未能产出满意结果，尝试下一个提供商
2026-09-19 07:01:11 [ERROR] ❌ 所有提供商均失败，返回空列表
2026-09-19 07:01:11 [INFO] 📦 JSON 已保存: reports/2026-09-19-15.json
2026-09-19 07:01:11 [INFO] ✅ AI 筛选完成，共 0 条交易相关消息
2026-09-19 08:00:57 [INFO] 🚀 开始抓取 2026-09-19 16:00 币圈新闻
2026-09-19 08:00:57 [INFO] 📡 抓取 RSS 新闻源...
2026-09-19 08:00:57 [INFO] 📡 抓取交易所公告 & 链上数据...
2026-09-19 08:00:57 [INFO]   ⏭ Decrypt: 过滤掉 37 条非近期新闻
2026-09-19 08:00:57 [INFO]   ⏭ The Block: 过滤掉 20 条非近期新闻
2026-09-19 08:00:57 [INFO]   ⏭ CoinTelegraph: 过滤掉 29 条非近期新闻
2026-09-19 08:00:57 [INFO]   ⏭ Bloomberg Crypto: 过滤掉 50 条非近期新闻
2026-09-19 08:00:57 [INFO]   ⏭ Reuters Crypto: 过滤掉 50 条非近期新闻
2026-09-19 08:00:57 [WARNING] 解析失败 Bitget公告: 'NoneType' object is not subscriptable
2026-09-19 08:00:58 [INFO]   ⏭ 宏观经济: 过滤掉 49 条非近期新闻
2026-09-19 08:00:58 [INFO]   ⏭ CNBC Crypto: 过滤掉 50 条非近期新闻
2026-09-19 08:00:58 [INFO]   ⏭ CoinDesk: 过滤掉 25 条非近期新闻
2026-09-19 08:00:58 [INFO]   ⏭ Bitcoin Magazine: 过滤掉 10 条非近期新闻
2026-09-19 08:00:58 [INFO]   ⏭ Blockworks: 过滤掉 50 条非近期新闻
2026-09-19 08:00:58 [INFO]   ⏭ DL News: 过滤掉 50 条非近期新闻
2026-09-19 08:00:58 [INFO]   ⏭ The Block: 过滤掉 50 条非近期新闻
2026-09-19 08:00:58 [INFO]   ⏭ Reddit r/cryptocurrency: 过滤掉 25 条非近期新闻
2026-09-19 08:00:58 [INFO]   ⏭ Decrypt: 过滤掉 50 条非近期新闻
2026-09-19 08:00:58 [INFO]   ⏭ Blockworks: 过滤掉 2 条非近期新闻
2026-09-19 08:00:58 [INFO]   ⏭ Bitcoin Magazine: 过滤掉 50 条非近期新闻
2026-09-19 08:00:58 [INFO]   ⏭ CoinDesk: 过滤掉 50 条非近期新闻
2026-09-19 08:00:59 [INFO]   ⏭ DeFi Llama: 过滤掉 50 条非近期新闻
2026-09-19 08:00:59 [INFO]   ⏭ 吴说区块链: 过滤掉 50 条非近期新闻
2026-09-19 08:00:59 [INFO]   ⏭ 雪球加密: 过滤掉 49 条非近期新闻
2026-09-19 08:00:59 [INFO]   ⏭ Crypto Twitter: 过滤掉 47 条非近期新闻
2026-09-19 08:01:13 [DEBUG] 请求失败 https://rsshub.rssforever.com/bloomberg/crypto: 
2026-09-19 08:01:13 [DEBUG] 请求失败 https://rsshub.rssforever.com/theblockbeats/newsflash: 
2026-09-19 08:01:13 [DEBUG] 请求失败 https://rsshub.rssforever.com/jinse/lives: 
2026-09-19 08:01:13 [DEBUG] 请求失败 https://rsshub.rssforever.com/panewslab/news: 
2026-09-19 08:01:13 [INFO]   ⏭ PANews: 过滤掉 50 条非近期新闻
2026-09-19 08:01:13 [INFO]   ⏭ 律动BlockBeats: 过滤掉 50 条非近期新闻
2026-09-19 08:01:13 [INFO]   ✓ CoinDesk: 0 条
2026-09-19 08:01:13 [INFO]   ✓ The Block: 0 条
2026-09-19 08:01:13 [INFO]   ✓ Decrypt: 0 条
2026-09-19 08:01:13 [INFO]   ✓ CoinTelegraph: 1 条
2026-09-19 08:01:13 [INFO]   ✓ Bitcoin Magazine: 0 条
2026-09-19 08:01:13 [INFO]   ✓ Blockworks: 0 条
2026-09-19 08:01:13 [INFO]   ✓ DL News: 0 条
2026-09-19 08:01:13 [INFO]   ✓ 金色财经: 0 条
2026-09-19 08:01:13 [INFO]   ✓ PANews: 0 条
2026-09-19 08:01:13 [INFO]   ✓ 律动BlockBeats: 0 条
2026-09-19 08:01:13 [INFO]   ✓ 吴说区块链: 0 条
2026-09-19 08:01:13 [INFO]   ✓ Bloomberg Crypto: 0 条
2026-09-19 08:01:13 [INFO]   ✓ Reuters Crypto: 0 条
2026-09-19 08:01:13 [INFO]   ✓ CNBC Crypto: 0 条
2026-09-19 08:01:13 [INFO]   ✓ Reddit r/cryptocurrency: 0 条
2026-09-19 08:01:13 [INFO]   ✓ Reddit r/bitcoin: 0 条
2026-09-19 08:01:13 [INFO]   ✓ Crypto Twitter: 3 条
2026-09-19 08:01:13 [INFO]   ✓ 宏观经济: 1 条
2026-09-19 08:01:13 [INFO]   ✓ Binance公告: 20 条
2026-09-19 08:01:13 [INFO]   ✓ OKX公告: 0 条
2026-09-19 08:01:13 [INFO]   ✓ Bitget公告: 0 条
2026-09-19 08:01:13 [INFO]   ✓ Whale Alert: 0 条
2026-09-19 08:01:13 [INFO]   ✓ Fear & Greed Index: 1 条
2026-09-19 08:01:13 [INFO]   ✓ DeFi Llama: 0 条
2026-09-19 08:01:13 [INFO]   ✓ 雪球加密: 1 条
2026-09-19 08:01:13 [INFO] 📊 共抓取 27 条新闻
2026-09-19 08:01:13 [INFO] 📋 原始新闻已保存: reports/2026-09-19-16-raw.json (27 条)
2026-09-19 08:01:13 [INFO] 📋 标题摘要已保存: reports/2026-09-19-16-raw-titles.md
2026-09-19 08:01:13 [INFO] ✅ 抓取完成，共 27 条，已保存到 reports/2026-09-19-16-raw.json
2026-09-19 08:01:14 [INFO] 🤖 开始 AI 筛选 2026-09-19 16:00 币圈消息
2026-09-19 08:01:14 [INFO] 📋 已加载原始新闻: reports/2026-09-19-16-raw.json (27 条)
2026-09-19 08:01:14 [INFO] 📚 已加载历史新闻标题（15429 字符）
2026-09-19 08:01:14 [INFO] 📚 已加载历史筛选标题 0 条、URL 0 个，用于去重
2026-09-19 08:01:14 [INFO] 🔄 尝试 AI 提供商: deepseek
2026-09-19 08:01:14 [INFO] 🤖 使用 AI 提供商: deepseek (模型: deepseek-v4-flash)
2026-09-19 08:01:14 [INFO] 🤖 AI 筛选 [[deepseek] 1/6 策略=仅标题+链接 retry=0]（27 条，5710 字符，temp=0.3）
2026-09-19 08:01:15 [ERROR] AI 调用异常 ([deepseek] 1/6 策略=仅标题+链接 retry=0): Error code: 401 - {'error': {'message': 'Authentication Fails, Your api key: ****df0d is invalid', 'type': 'authentication_error', 'param': None, 'code': 'invalid_request_error'}}
2026-09-19 08:01:15 [WARNING] [[deepseek] 1/6 策略=仅标题+链接 retry=0] AI 调用失败或解析失败，继续下一次尝试
2026-09-19 08:01:15 [INFO] 🤖 AI 筛选 [[deepseek] 2/6 策略=仅标题+链接 retry=1]（27 条，5710 字符，temp=0.3）
2026-09-19 08:01:15 [ERROR] AI 调用异常 ([deepseek] 2/6 策略=仅标题+链接 retry=1): Error code: 401 - {'error': {'message': 'Authentication Fails, Your api key: ****df0d is invalid', 'type': 'authentication_error', 'param': None, 'code': 'invalid_request_error'}}
2026-09-19 08:01:15 [WARNING] [[deepseek] 2/6 策略=仅标题+链接 retry=1] AI 调用失败或解析失败，继续下一次尝试
2026-09-19 08:01:15 [INFO] 🤖 AI 筛选 [[deepseek] 3/6 策略=仅标题+链接 retry=2]（27 条，5710 字符，temp=0.3）
2026-09-19 08:01:15 [ERROR] AI 调用异常 ([deepseek] 3/6 策略=仅标题+链接 retry=2): Error code: 401 - {'error': {'message': 'Authentication Fails, Your api key: ****df0d is invalid', 'type': 'authentication_error', 'param': None, 'code': 'invalid_request_error'}}
2026-09-19 08:01:15 [WARNING] [[deepseek] 3/6 策略=仅标题+链接 retry=2] AI 调用失败或解析失败，继续下一次尝试
2026-09-19 08:01:15 [INFO] 🤖 AI 筛选 [[deepseek] 4/6 策略=完整内容 retry=0]（27 条，8102 字符，temp=0.3）
2026-09-19 08:01:16 [ERROR] AI 调用异常 ([deepseek] 4/6 策略=完整内容 retry=0): Error code: 401 - {'error': {'message': 'Authentication Fails, Your api key: ****df0d is invalid', 'type': 'authentication_error', 'param': None, 'code': 'invalid_request_error'}}
2026-09-19 08:01:16 [WARNING] [[deepseek] 4/6 策略=完整内容 retry=0] AI 调用失败或解析失败，继续下一次尝试
2026-09-19 08:01:16 [INFO] 🤖 AI 筛选 [[deepseek] 5/6 策略=完整内容 retry=1]（27 条，8102 字符，temp=0.3）
2026-09-19 08:01:16 [ERROR] AI 调用异常 ([deepseek] 5/6 策略=完整内容 retry=1): Error code: 401 - {'error': {'message': 'Authentication Fails, Your api key: ****df0d is invalid', 'type': 'authentication_error', 'param': None, 'code': 'invalid_request_error'}}
2026-09-19 08:01:16 [WARNING] [[deepseek] 5/6 策略=完整内容 retry=1] AI 调用失败或解析失败，继续下一次尝试
2026-09-19 08:01:16 [INFO] 🤖 AI 筛选 [[deepseek] 6/6 策略=仅标题（无历史） retry=0]（27 条，5710 字符，temp=0.3）
2026-09-19 08:01:16 [ERROR] AI 调用异常 ([deepseek] 6/6 策略=仅标题（无历史） retry=0): Error code: 401 - {'error': {'message': 'Authentication Fails, Your api key: ****df0d is invalid', 'type': 'authentication_error', 'param': None, 'code': 'invalid_request_error'}}
2026-09-19 08:01:16 [WARNING] [[deepseek] 6/6 策略=仅标题（无历史） retry=0] AI 调用失败或解析失败，继续下一次尝试
2026-09-19 08:01:16 [WARNING] [deepseek] 已达最大尝试次数 6，停止
2026-09-19 08:01:16 [INFO] ⚠️ deepseek 未能产出满意结果，尝试下一个提供商
2026-09-19 08:01:16 [INFO] 🔄 尝试 AI 提供商: zhipu
2026-09-19 08:01:16 [ERROR] 未设置环境变量 ZHIPU_API_KEY，无法使用 zhipu
2026-09-19 08:01:16 [INFO] ⚠️ zhipu 未能产出满意结果，尝试下一个提供商
2026-09-19 08:01:16 [INFO] 🔄 尝试 AI 提供商: kimi
2026-09-19 08:01:16 [ERROR] 未设置环境变量 KIMI_API_KEY，无法使用 kimi
2026-09-19 08:01:16 [INFO] ⚠️ kimi 未能产出满意结果，尝试下一个提供商
2026-09-19 08:01:16 [INFO] 🔄 尝试 AI 提供商: huoshan
2026-09-19 08:01:16 [ERROR] 未设置环境变量 HUOSHAN_API_KEY，无法使用 huoshan
2026-09-19 08:01:16 [INFO] ⚠️ huoshan 未能产出满意结果，尝试下一个提供商
2026-09-19 08:01:16 [ERROR] ❌ 所有提供商均失败，返回空列表
2026-09-19 08:01:16 [INFO] 📦 JSON 已保存: reports/2026-09-19-16.json
2026-09-19 08:01:16 [INFO] ✅ AI 筛选完成，共 0 条交易相关消息
2026-09-19 09:00:54 [INFO] 🚀 开始抓取 2026-09-19 17:00 币圈新闻
2026-09-19 09:00:54 [INFO] 📡 抓取 RSS 新闻源...
2026-09-19 09:00:54 [INFO] 📡 抓取交易所公告 & 链上数据...
2026-09-19 09:00:54 [INFO]   ⏭ The Block: 过滤掉 20 条非近期新闻
2026-09-19 09:00:54 [INFO]   ⏭ Decrypt: 过滤掉 37 条非近期新闻
2026-09-19 09:00:54 [INFO]   ⏭ CoinTelegraph: 过滤掉 29 条非近期新闻
2026-09-19 09:00:55 [INFO]   ⏭ CoinDesk: 过滤掉 25 条非近期新闻
2026-09-19 09:00:55 [INFO]   ⏭ Bitcoin Magazine: 过滤掉 10 条非近期新闻
2026-09-19 09:00:55 [WARNING] 解析失败 Bitget公告: 'NoneType' object is not subscriptable
2026-09-19 09:00:55 [INFO]   ⏭ Bloomberg Crypto: 过滤掉 50 条非近期新闻
2026-09-19 09:00:55 [INFO]   ⏭ Reuters Crypto: 过滤掉 50 条非近期新闻
2026-09-19 09:00:55 [INFO]   ⏭ Reddit r/cryptocurrency: 过滤掉 24 条非近期新闻
2026-09-19 09:00:55 [INFO]   ⏭ 宏观经济: 过滤掉 49 条非近期新闻
2026-09-19 09:00:55 [INFO]   ⏭ CNBC Crypto: 过滤掉 50 条非近期新闻
2026-09-19 09:00:55 [INFO]   ⏭ Blockworks: 过滤掉 50 条非近期新闻
2026-09-19 09:00:55 [INFO]   ⏭ DeFi Llama: 过滤掉 50 条非近期新闻
2026-09-19 09:00:55 [INFO]   ⏭ Decrypt: 过滤掉 50 条非近期新闻
2026-09-19 09:00:55 [INFO]   ⏭ 吴说区块链: 过滤掉 50 条非近期新闻
2026-09-19 09:00:55 [INFO]   ⏭ Bitcoin Magazine: 过滤掉 50 条非近期新闻
2026-09-19 09:00:55 [INFO]   ⏭ 雪球加密: 过滤掉 50 条非近期新闻
2026-09-19 09:00:56 [INFO]   ⏭ DL News: 过滤掉 50 条非近期新闻
2026-09-19 09:00:56 [INFO]   ⏭ Crypto Twitter: 过滤掉 46 条非近期新闻
2026-09-19 09:00:56 [INFO]   ⏭ The Block: 过滤掉 50 条非近期新闻
2026-09-19 09:00:56 [INFO]   ⏭ Blockworks: 过滤掉 2 条非近期新闻
2026-09-19 09:00:56 [INFO]   ⏭ CoinDesk: 过滤掉 50 条非近期新闻
2026-09-19 09:00:57 [INFO]   ⏭ PANews: 过滤掉 50 条非近期新闻
2026-09-19 09:01:10 [DEBUG] 请求失败 https://rsshub.rssforever.com/theblockbeats/newsflash: 
2026-09-19 09:01:10 [INFO]   ⏭ 律动BlockBeats: 过滤掉 50 条非近期新闻
2026-09-19 09:01:11 [DEBUG] 请求失败 https://rsshub.rssforever.com/bloomberg/crypto: 
2026-09-19 09:01:11 [INFO]   ✓ CoinDesk: 0 条
2026-09-19 09:01:11 [INFO]   ✓ The Block: 0 条
2026-09-19 09:01:11 [INFO]   ✓ Decrypt: 0 条
2026-09-19 09:01:11 [INFO]   ✓ CoinTelegraph: 1 条
2026-09-19 09:01:11 [INFO]   ✓ Bitcoin Magazine: 0 条
2026-09-19 09:01:11 [INFO]   ✓ Blockworks: 0 条
2026-09-19 09:01:11 [INFO]   ✓ DL News: 0 条
2026-09-19 09:01:11 [INFO]   ✓ 金色财经: 0 条
2026-09-19 09:01:11 [INFO]   ✓ PANews: 0 条
2026-09-19 09:01:11 [INFO]   ✓ 律动BlockBeats: 0 条
2026-09-19 09:01:11 [INFO]   ✓ 吴说区块链: 0 条
2026-09-19 09:01:11 [INFO]   ✓ Bloomberg Crypto: 0 条
2026-09-19 09:01:11 [INFO]   ✓ Reuters Crypto: 0 条
2026-09-19 09:01:11 [INFO]   ✓ CNBC Crypto: 0 条
2026-09-19 09:01:11 [INFO]   ✓ Reddit r/cryptocurrency: 1 条
2026-09-19 09:01:11 [INFO]   ✓ Reddit r/bitcoin: 0 条
2026-09-19 09:01:11 [INFO]   ✓ Crypto Twitter: 4 条
2026-09-19 09:01:11 [INFO]   ✓ 宏观经济: 1 条
2026-09-19 09:01:11 [INFO]   ✓ Binance公告: 20 条
2026-09-19 09:01:11 [INFO]   ✓ OKX公告: 0 条
2026-09-19 09:01:11 [INFO]   ✓ Bitget公告: 0 条
2026-09-19 09:01:11 [INFO]   ✓ Whale Alert: 0 条
2026-09-19 09:01:11 [INFO]   ✓ Fear & Greed Index: 1 条
2026-09-19 09:01:11 [INFO]   ✓ DeFi Llama: 0 条
2026-09-19 09:01:11 [INFO]   ✓ 雪球加密: 0 条
2026-09-19 09:01:11 [INFO] 📊 共抓取 28 条新闻
2026-09-19 09:01:11 [INFO] 📋 原始新闻已保存: reports/2026-09-19-17-raw.json (28 条)
2026-09-19 09:01:11 [INFO] 📋 标题摘要已保存: reports/2026-09-19-17-raw-titles.md
2026-09-19 09:01:11 [INFO] ✅ 抓取完成，共 28 条，已保存到 reports/2026-09-19-17-raw.json
2026-09-19 09:01:11 [INFO] 🤖 开始 AI 筛选 2026-09-19 17:00 币圈消息
2026-09-19 09:01:11 [INFO] 📋 已加载原始新闻: reports/2026-09-19-17-raw.json (28 条)
2026-09-19 09:01:11 [INFO] 📚 已加载历史新闻标题（15032 字符）
2026-09-19 09:01:11 [INFO] 📚 已加载历史筛选标题 0 条、URL 0 个，用于去重
2026-09-19 09:01:11 [INFO] 🔄 尝试 AI 提供商: deepseek
2026-09-19 09:01:11 [INFO] 🤖 使用 AI 提供商: deepseek (模型: deepseek-v4-flash)
2026-09-19 09:01:11 [INFO] 🤖 AI 筛选 [[deepseek] 1/6 策略=仅标题+链接 retry=0]（28 条，6047 字符，temp=0.3）
2026-09-19 09:01:12 [ERROR] AI 调用异常 ([deepseek] 1/6 策略=仅标题+链接 retry=0): Error code: 401 - {'error': {'message': 'Authentication Fails, Your api key: ****df0d is invalid', 'type': 'authentication_error', 'param': None, 'code': 'invalid_request_error'}}
2026-09-19 09:01:12 [WARNING] [[deepseek] 1/6 策略=仅标题+链接 retry=0] AI 调用失败或解析失败，继续下一次尝试
2026-09-19 09:01:12 [INFO] 🤖 AI 筛选 [[deepseek] 2/6 策略=仅标题+链接 retry=1]（28 条，6047 字符，temp=0.3）
2026-09-19 09:01:12 [ERROR] AI 调用异常 ([deepseek] 2/6 策略=仅标题+链接 retry=1): Error code: 401 - {'error': {'message': 'Authentication Fails, Your api key: ****df0d is invalid', 'type': 'authentication_error', 'param': None, 'code': 'invalid_request_error'}}
2026-09-19 09:01:12 [WARNING] [[deepseek] 2/6 策略=仅标题+链接 retry=1] AI 调用失败或解析失败，继续下一次尝试
2026-09-19 09:01:12 [INFO] 🤖 AI 筛选 [[deepseek] 3/6 策略=仅标题+链接 retry=2]（28 条，6047 字符，temp=0.3）
2026-09-19 09:01:13 [ERROR] AI 调用异常 ([deepseek] 3/6 策略=仅标题+链接 retry=2): Error code: 401 - {'error': {'message': 'Authentication Fails, Your api key: ****df0d is invalid', 'type': 'authentication_error', 'param': None, 'code': 'invalid_request_error'}}
2026-09-19 09:01:13 [WARNING] [[deepseek] 3/6 策略=仅标题+链接 retry=2] AI 调用失败或解析失败，继续下一次尝试
2026-09-19 09:01:13 [INFO] 🤖 AI 筛选 [[deepseek] 4/6 策略=完整内容 retry=0]（28 条，8542 字符，temp=0.3）
2026-09-19 09:01:13 [ERROR] AI 调用异常 ([deepseek] 4/6 策略=完整内容 retry=0): Error code: 401 - {'error': {'message': 'Authentication Fails, Your api key: ****df0d is invalid', 'type': 'authentication_error', 'param': None, 'code': 'invalid_request_error'}}
2026-09-19 09:01:13 [WARNING] [[deepseek] 4/6 策略=完整内容 retry=0] AI 调用失败或解析失败，继续下一次尝试
2026-09-19 09:01:13 [INFO] 🤖 AI 筛选 [[deepseek] 5/6 策略=完整内容 retry=1]（28 条，8542 字符，temp=0.3）
2026-09-19 09:01:13 [ERROR] AI 调用异常 ([deepseek] 5/6 策略=完整内容 retry=1): Error code: 401 - {'error': {'message': 'Authentication Fails, Your api key: ****df0d is invalid', 'type': 'authentication_error', 'param': None, 'code': 'invalid_request_error'}}
2026-09-19 09:01:13 [WARNING] [[deepseek] 5/6 策略=完整内容 retry=1] AI 调用失败或解析失败，继续下一次尝试
2026-09-19 09:01:13 [INFO] 🤖 AI 筛选 [[deepseek] 6/6 策略=仅标题（无历史） retry=0]（28 条，6047 字符，temp=0.3）
2026-09-19 09:01:14 [ERROR] AI 调用异常 ([deepseek] 6/6 策略=仅标题（无历史） retry=0): Error code: 401 - {'error': {'message': 'Authentication Fails, Your api key: ****df0d is invalid', 'type': 'authentication_error', 'param': None, 'code': 'invalid_request_error'}}
2026-09-19 09:01:14 [WARNING] [[deepseek] 6/6 策略=仅标题（无历史） retry=0] AI 调用失败或解析失败，继续下一次尝试
2026-09-19 09:01:14 [WARNING] [deepseek] 已达最大尝试次数 6，停止
2026-09-19 09:01:14 [INFO] ⚠️ deepseek 未能产出满意结果，尝试下一个提供商
2026-09-19 09:01:14 [INFO] 🔄 尝试 AI 提供商: zhipu
2026-09-19 09:01:14 [ERROR] 未设置环境变量 ZHIPU_API_KEY，无法使用 zhipu
2026-09-19 09:01:14 [INFO] ⚠️ zhipu 未能产出满意结果，尝试下一个提供商
2026-09-19 09:01:14 [INFO] 🔄 尝试 AI 提供商: kimi
2026-09-19 09:01:14 [ERROR] 未设置环境变量 KIMI_API_KEY，无法使用 kimi
2026-09-19 09:01:14 [INFO] ⚠️ kimi 未能产出满意结果，尝试下一个提供商
2026-09-19 09:01:14 [INFO] 🔄 尝试 AI 提供商: huoshan
2026-09-19 09:01:14 [ERROR] 未设置环境变量 HUOSHAN_API_KEY，无法使用 huoshan
2026-09-19 09:01:14 [INFO] ⚠️ huoshan 未能产出满意结果，尝试下一个提供商
2026-09-19 09:01:14 [ERROR] ❌ 所有提供商均失败，返回空列表
2026-09-19 09:01:14 [INFO] 📦 JSON 已保存: reports/2026-09-19-17.json
2026-09-19 09:01:14 [INFO] ✅ AI 筛选完成，共 0 条交易相关消息
2026-09-19 10:00:58 [INFO] 🚀 开始抓取 2026-09-19 18:00 币圈新闻
2026-09-19 10:00:58 [INFO] 📡 抓取 RSS 新闻源...
2026-09-19 10:00:58 [INFO] 📡 抓取交易所公告 & 链上数据...
2026-09-19 10:00:58 [INFO]   ⏭ Decrypt: 过滤掉 37 条非近期新闻
2026-09-19 10:00:58 [INFO]   ⏭ The Block: 过滤掉 20 条非近期新闻
2026-09-19 10:00:58 [INFO]   ⏭ CoinTelegraph: 过滤掉 30 条非近期新闻
2026-09-19 10:00:58 [INFO]   ⏭ CoinDesk: 过滤掉 25 条非近期新闻
2026-09-19 10:00:58 [INFO]   ⏭ Bitcoin Magazine: 过滤掉 10 条非近期新闻
2026-09-19 10:00:58 [WARNING] 解析失败 Bitget公告: 'NoneType' object is not subscriptable
2026-09-19 10:00:59 [INFO]   ⏭ Bloomberg Crypto: 过滤掉 50 条非近期新闻
2026-09-19 10:00:59 [INFO]   ⏭ Reuters Crypto: 过滤掉 50 条非近期新闻
2026-09-19 10:00:59 [INFO]   ⏭ Blockworks: 过滤掉 50 条非近期新闻
2026-09-19 10:00:59 [INFO]   ⏭ Reddit r/cryptocurrency: 过滤掉 24 条非近期新闻
2026-09-19 10:00:59 [INFO]   ⏭ Decrypt: 过滤掉 50 条非近期新闻
2026-09-19 10:00:59 [INFO]   ⏭ CNBC Crypto: 过滤掉 50 条非近期新闻
2026-09-19 10:00:59 [INFO]   ⏭ 宏观经济: 过滤掉 50 条非近期新闻
2026-09-19 10:00:59 [INFO]   ⏭ Blockworks: 过滤掉 2 条非近期新闻
2026-09-19 10:00:59 [INFO]   ⏭ 金色财经: 过滤掉 9 条非近期新闻
2026-09-19 10:00:59 [INFO]   ⏭ DL News: 过滤掉 50 条非近期新闻
2026-09-19 10:00:59 [INFO]   ⏭ 宏观经济: 过滤掉 50 条非近期新闻
2026-09-19 10:00:59 [INFO]   ⏭ DeFi Llama: 过滤掉 50 条非近期新闻
2026-09-19 10:00:59 [INFO]   ⏭ 雪球加密: 过滤掉 50 条非近期新闻
2026-09-19 10:00:59 [INFO]   ⏭ Bitcoin Magazine: 过滤掉 49 条非近期新闻
2026-09-19 10:00:59 [INFO]   ⏭ The Block: 过滤掉 50 条非近期新闻
2026-09-19 10:00:59 [INFO]   ⏭ 吴说区块链: 过滤掉 50 条非近期新闻
2026-09-19 10:01:00 [INFO]   ⏭ CoinDesk: 过滤掉 50 条非近期新闻
2026-09-19 10:01:00 [INFO]   ⏭ Crypto Twitter: 过滤掉 47 条非近期新闻
2026-09-19 10:01:14 [DEBUG] 请求失败 https://rsshub.rssforever.com/panewslab/news: 
2026-09-19 10:01:14 [DEBUG] 请求失败 https://rsshub.rssforever.com/cointelegraph: 
2026-09-19 10:01:14 [DEBUG] 请求失败 https://rsshub.rssforever.com/bloomberg/crypto: 
2026-09-19 10:01:14 [DEBUG] 请求失败 https://rsshub.rssforever.com/theblockbeats/newsflash: 
2026-09-19 10:01:14 [INFO]   ⏭ 律动BlockBeats: 过滤掉 50 条非近期新闻
2026-09-19 10:01:14 [INFO]   ⏭ PANews: 过滤掉 50 条非近期新闻
2026-09-19 10:01:14 [INFO]   ⏭ CoinTelegraph: 过滤掉 50 条非近期新闻
2026-09-19 10:01:14 [INFO]   ✓ CoinDesk: 0 条
2026-09-19 10:01:14 [INFO]   ✓ The Block: 0 条
2026-09-19 10:01:14 [INFO]   ✓ Decrypt: 0 条
2026-09-19 10:01:14 [INFO]   ✓ CoinTelegraph: 0 条
2026-09-19 10:01:14 [INFO]   ✓ Bitcoin Magazine: 1 条
2026-09-19 10:01:14 [INFO]   ✓ Blockworks: 0 条
2026-09-19 10:01:14 [INFO]   ✓ DL News: 0 条
2026-09-19 10:01:14 [INFO]   ✓ 金色财经: 11 条
2026-09-19 10:01:14 [INFO]   ✓ PANews: 0 条
2026-09-19 10:01:14 [INFO]   ✓ 律动BlockBeats: 0 条
2026-09-19 10:01:14 [INFO]   ✓ 吴说区块链: 0 条
2026-09-19 10:01:14 [INFO]   ✓ Bloomberg Crypto: 0 条
2026-09-19 10:01:14 [INFO]   ✓ Reuters Crypto: 0 条
2026-09-19 10:01:14 [INFO]   ✓ CNBC Crypto: 0 条
2026-09-19 10:01:14 [INFO]   ✓ Reddit r/cryptocurrency: 1 条
2026-09-19 10:01:14 [INFO]   ✓ Reddit r/bitcoin: 0 条
2026-09-19 10:01:14 [INFO]   ✓ Crypto Twitter: 3 条
2026-09-19 10:01:14 [INFO]   ✓ 宏观经济: 0 条
2026-09-19 10:01:14 [INFO]   ✓ Binance公告: 20 条
2026-09-19 10:01:14 [INFO]   ✓ OKX公告: 0 条
2026-09-19 10:01:14 [INFO]   ✓ Bitget公告: 0 条
2026-09-19 10:01:14 [INFO]   ✓ Whale Alert: 0 条
2026-09-19 10:01:14 [INFO]   ✓ Fear & Greed Index: 1 条
2026-09-19 10:01:14 [INFO]   ✓ DeFi Llama: 0 条
2026-09-19 10:01:14 [INFO]   ✓ 雪球加密: 0 条
2026-09-19 10:01:14 [INFO] 📊 共抓取 37 条新闻
2026-09-19 10:01:14 [INFO] 📋 原始新闻已保存: reports/2026-09-19-18-raw.json (37 条)
2026-09-19 10:01:14 [INFO] 📋 标题摘要已保存: reports/2026-09-19-18-raw-titles.md
2026-09-19 10:01:14 [INFO] ✅ 抓取完成，共 37 条，已保存到 reports/2026-09-19-18-raw.json
2026-09-19 10:01:15 [INFO] 🤖 开始 AI 筛选 2026-09-19 18:00 币圈消息
2026-09-19 10:01:15 [INFO] 📋 已加载原始新闻: reports/2026-09-19-18-raw.json (37 条)
2026-09-19 10:01:15 [INFO] 📚 已加载历史新闻标题（14864 字符）
2026-09-19 10:01:15 [INFO] 📚 已加载历史筛选标题 0 条、URL 0 个，用于去重
2026-09-19 10:01:15 [INFO] 🔄 尝试 AI 提供商: deepseek
2026-09-19 10:01:15 [INFO] 🤖 使用 AI 提供商: deepseek (模型: deepseek-v4-flash)
2026-09-19 10:01:15 [INFO] 🤖 AI 筛选 [[deepseek] 1/6 策略=仅标题+链接 retry=0]（37 条，6320 字符，temp=0.3）
2026-09-19 10:01:16 [ERROR] AI 调用异常 ([deepseek] 1/6 策略=仅标题+链接 retry=0): Error code: 401 - {'error': {'message': 'Authentication Fails, Your api key: ****df0d is invalid', 'type': 'authentication_error', 'param': None, 'code': 'invalid_request_error'}}
2026-09-19 10:01:16 [WARNING] [[deepseek] 1/6 策略=仅标题+链接 retry=0] AI 调用失败或解析失败，继续下一次尝试
2026-09-19 10:01:16 [INFO] 🤖 AI 筛选 [[deepseek] 2/6 策略=仅标题+链接 retry=1]（37 条，6320 字符，temp=0.3）
2026-09-19 10:01:16 [ERROR] AI 调用异常 ([deepseek] 2/6 策略=仅标题+链接 retry=1): Error code: 401 - {'error': {'message': 'Authentication Fails, Your api key: ****df0d is invalid', 'type': 'authentication_error', 'param': None, 'code': 'invalid_request_error'}}
2026-09-19 10:01:16 [WARNING] [[deepseek] 2/6 策略=仅标题+链接 retry=1] AI 调用失败或解析失败，继续下一次尝试
2026-09-19 10:01:16 [INFO] 🤖 AI 筛选 [[deepseek] 3/6 策略=仅标题+链接 retry=2]（37 条，6320 字符，temp=0.3）
2026-09-19 10:01:16 [ERROR] AI 调用异常 ([deepseek] 3/6 策略=仅标题+链接 retry=2): Error code: 401 - {'error': {'message': 'Authentication Fails, Your api key: ****df0d is invalid', 'type': 'authentication_error', 'param': None, 'code': 'invalid_request_error'}}
2026-09-19 10:01:16 [WARNING] [[deepseek] 3/6 策略=仅标题+链接 retry=2] AI 调用失败或解析失败，继续下一次尝试
2026-09-19 10:01:16 [INFO] 🤖 AI 筛选 [[deepseek] 4/6 策略=完整内容 retry=0]（37 条，10523 字符，temp=0.3）
2026-09-19 10:01:17 [ERROR] AI 调用异常 ([deepseek] 4/6 策略=完整内容 retry=0): Error code: 401 - {'error': {'message': 'Authentication Fails, Your api key: ****df0d is invalid', 'type': 'authentication_error', 'param': None, 'code': 'invalid_request_error'}}
2026-09-19 10:01:17 [WARNING] [[deepseek] 4/6 策略=完整内容 retry=0] AI 调用失败或解析失败，继续下一次尝试
2026-09-19 10:01:17 [INFO] 🤖 AI 筛选 [[deepseek] 5/6 策略=完整内容 retry=1]（37 条，10523 字符，temp=0.3）
2026-09-19 10:01:17 [ERROR] AI 调用异常 ([deepseek] 5/6 策略=完整内容 retry=1): Error code: 401 - {'error': {'message': 'Authentication Fails, Your api key: ****df0d is invalid', 'type': 'authentication_error', 'param': None, 'code': 'invalid_request_error'}}
2026-09-19 10:01:17 [WARNING] [[deepseek] 5/6 策略=完整内容 retry=1] AI 调用失败或解析失败，继续下一次尝试
2026-09-19 10:01:17 [INFO] 🤖 AI 筛选 [[deepseek] 6/6 策略=仅标题（无历史） retry=0]（37 条，6320 字符，temp=0.3）
2026-09-19 10:01:17 [ERROR] AI 调用异常 ([deepseek] 6/6 策略=仅标题（无历史） retry=0): Error code: 401 - {'error': {'message': 'Authentication Fails, Your api key: ****df0d is invalid', 'type': 'authentication_error', 'param': None, 'code': 'invalid_request_error'}}
2026-09-19 10:01:17 [WARNING] [[deepseek] 6/6 策略=仅标题（无历史） retry=0] AI 调用失败或解析失败，继续下一次尝试
2026-09-19 10:01:17 [WARNING] [deepseek] 已达最大尝试次数 6，停止
2026-09-19 10:01:17 [INFO] ⚠️ deepseek 未能产出满意结果，尝试下一个提供商
2026-09-19 10:01:17 [INFO] 🔄 尝试 AI 提供商: zhipu
2026-09-19 10:01:17 [ERROR] 未设置环境变量 ZHIPU_API_KEY，无法使用 zhipu
2026-09-19 10:01:17 [INFO] ⚠️ zhipu 未能产出满意结果，尝试下一个提供商
2026-09-19 10:01:17 [INFO] 🔄 尝试 AI 提供商: kimi
2026-09-19 10:01:17 [ERROR] 未设置环境变量 KIMI_API_KEY，无法使用 kimi
2026-09-19 10:01:17 [INFO] ⚠️ kimi 未能产出满意结果，尝试下一个提供商
2026-09-19 10:01:17 [INFO] 🔄 尝试 AI 提供商: huoshan
2026-09-19 10:01:17 [ERROR] 未设置环境变量 HUOSHAN_API_KEY，无法使用 huoshan
2026-09-19 10:01:17 [INFO] ⚠️ huoshan 未能产出满意结果，尝试下一个提供商
2026-09-19 10:01:17 [ERROR] ❌ 所有提供商均失败，返回空列表
2026-09-19 10:01:17 [INFO] 📦 JSON 已保存: reports/2026-09-19-18.json
2026-09-19 10:01:17 [INFO] ✅ AI 筛选完成，共 0 条交易相关消息
2026-09-19 11:00:51 [INFO] 🚀 开始抓取 2026-09-19 19:00 币圈新闻
2026-09-19 11:00:51 [INFO] 📡 抓取 RSS 新闻源...
2026-09-19 11:00:51 [INFO] 📡 抓取交易所公告 & 链上数据...
2026-09-19 11:00:51 [INFO]   ⏭ Decrypt: 过滤掉 50 条非近期新闻
2026-09-19 11:00:51 [INFO]   ⏭ The Block: 过滤掉 20 条非近期新闻
2026-09-19 11:00:51 [INFO]   ⏭ CoinTelegraph: 过滤掉 29 条非近期新闻
2026-09-19 11:00:51 [INFO]   ⏭ CoinDesk: 过滤掉 25 条非近期新闻
2026-09-19 11:00:51 [INFO]   ⏭ Bitcoin Magazine: 过滤掉 10 条非近期新闻
2026-09-19 11:00:51 [WARNING] 解析失败 Bitget公告: 'NoneType' object is not subscriptable
2026-09-19 11:00:52 [INFO]   ⏭ Reddit r/bitcoin: 过滤掉 23 条非近期新闻
2026-09-19 11:00:52 [INFO]   ⏭ Bloomberg Crypto: 过滤掉 50 条非近期新闻
2026-09-19 11:00:52 [INFO]   ⏭ Blockworks: 过滤掉 50 条非近期新闻
2026-09-19 11:00:52 [INFO]   ⏭ CNBC Crypto: 过滤掉 50 条非近期新闻
2026-09-19 11:00:52 [INFO]   ⏭ 宏观经济: 过滤掉 50 条非近期新闻
2026-09-19 11:00:52 [INFO]   ⏭ Reuters Crypto: 过滤掉 50 条非近期新闻
2026-09-19 11:00:52 [INFO]   ⏭ Decrypt: 过滤掉 50 条非近期新闻
2026-09-19 11:00:52 [INFO]   ⏭ Bitcoin Magazine: 过滤掉 49 条非近期新闻
2026-09-19 11:00:52 [INFO]   ⏭ DL News: 过滤掉 50 条非近期新闻
2026-09-19 11:00:52 [INFO]   ⏭ Blockworks: 过滤掉 2 条非近期新闻
2026-09-19 11:00:52 [INFO]   ⏭ 宏观经济: 过滤掉 50 条非近期新闻
2026-09-19 11:00:52 [INFO]   ⏭ The Block: 过滤掉 50 条非近期新闻
2026-09-19 11:00:52 [INFO]   ⏭ 雪球加密: 过滤掉 50 条非近期新闻
2026-09-19 11:00:52 [INFO]   ⏭ CoinDesk: 过滤掉 50 条非近期新闻
2026-09-19 11:00:53 [INFO]   ⏭ 吴说区块链: 过滤掉 50 条非近期新闻
2026-09-19 11:00:53 [INFO]   ⏭ DeFi Llama: 过滤掉 50 条非近期新闻
2026-09-19 11:00:53 [INFO]   ⏭ Crypto Twitter: 过滤掉 46 条非近期新闻
2026-09-19 11:01:07 [DEBUG] 请求失败 https://rsshub.rssforever.com/theblockbeats/newsflash: 
2026-09-19 11:01:07 [DEBUG] 请求失败 https://rsshub.rssforever.com/panewslab/news: 
2026-09-19 11:01:07 [DEBUG] 请求失败 https://rsshub.rssforever.com/bloomberg/crypto: 
2026-09-19 11:01:08 [INFO]   ⏭ PANews: 过滤掉 50 条非近期新闻
2026-09-19 11:01:08 [INFO]   ⏭ 律动BlockBeats: 过滤掉 50 条非近期新闻
2026-09-19 11:01:08 [INFO]   ✓ CoinDesk: 0 条
2026-09-19 11:01:08 [INFO]   ✓ The Block: 0 条
2026-09-19 11:01:08 [INFO]   ✓ Decrypt: 0 条
2026-09-19 11:01:08 [INFO]   ✓ CoinTelegraph: 1 条
2026-09-19 11:01:08 [INFO]   ✓ Bitcoin Magazine: 1 条
2026-09-19 11:01:08 [INFO]   ✓ Blockworks: 0 条
2026-09-19 11:01:08 [INFO]   ✓ DL News: 0 条
2026-09-19 11:01:08 [INFO]   ✓ 金色财经: 10 条
2026-09-19 11:01:08 [INFO]   ✓ PANews: 0 条
2026-09-19 11:01:08 [INFO]   ✓ 律动BlockBeats: 0 条
2026-09-19 11:01:08 [INFO]   ✓ 吴说区块链: 0 条
2026-09-19 11:01:08 [INFO]   ✓ Bloomberg Crypto: 0 条
2026-09-19 11:01:08 [INFO]   ✓ Reuters Crypto: 0 条
2026-09-19 11:01:08 [INFO]   ✓ CNBC Crypto: 0 条
2026-09-19 11:01:08 [INFO]   ✓ Reddit r/cryptocurrency: 0 条
2026-09-19 11:01:08 [INFO]   ✓ Reddit r/bitcoin: 2 条
2026-09-19 11:01:08 [INFO]   ✓ Crypto Twitter: 4 条
2026-09-19 11:01:08 [INFO]   ✓ 宏观经济: 0 条
2026-09-19 11:01:08 [INFO]   ✓ Binance公告: 20 条
2026-09-19 11:01:08 [INFO]   ✓ OKX公告: 0 条
2026-09-19 11:01:08 [INFO]   ✓ Bitget公告: 0 条
2026-09-19 11:01:08 [INFO]   ✓ Whale Alert: 0 条
2026-09-19 11:01:08 [INFO]   ✓ Fear & Greed Index: 1 条
2026-09-19 11:01:08 [INFO]   ✓ DeFi Llama: 0 条
2026-09-19 11:01:08 [INFO]   ✓ 雪球加密: 0 条
2026-09-19 11:01:08 [INFO] 📊 共抓取 39 条新闻
2026-09-19 11:01:08 [INFO] 📋 原始新闻已保存: reports/2026-09-19-19-raw.json (39 条)
2026-09-19 11:01:08 [INFO] 📋 标题摘要已保存: reports/2026-09-19-19-raw-titles.md
2026-09-19 11:01:08 [INFO] ✅ 抓取完成，共 39 条，已保存到 reports/2026-09-19-19-raw.json
2026-09-19 11:01:09 [INFO] 🤖 开始 AI 筛选 2026-09-19 19:00 币圈消息
2026-09-19 11:01:09 [INFO] 📋 已加载原始新闻: reports/2026-09-19-19-raw.json (39 条)
2026-09-19 11:01:09 [INFO] 📚 已加载历史新闻标题（15086 字符）
2026-09-19 11:01:09 [INFO] 📚 已加载历史筛选标题 0 条、URL 0 个，用于去重
2026-09-19 11:01:09 [INFO] 🔄 尝试 AI 提供商: deepseek
2026-09-19 11:01:09 [INFO] 🤖 使用 AI 提供商: deepseek (模型: deepseek-v4-flash)
2026-09-19 11:01:09 [INFO] 🤖 AI 筛选 [[deepseek] 1/6 策略=仅标题+链接 retry=0]（39 条，6904 字符，temp=0.3）
2026-09-19 11:01:09 [ERROR] AI 调用异常 ([deepseek] 1/6 策略=仅标题+链接 retry=0): Error code: 401 - {'error': {'message': 'Authentication Fails, Your api key: ****df0d is invalid', 'type': 'authentication_error', 'param': None, 'code': 'invalid_request_error'}}
2026-09-19 11:01:09 [WARNING] [[deepseek] 1/6 策略=仅标题+链接 retry=0] AI 调用失败或解析失败，继续下一次尝试
2026-09-19 11:01:09 [INFO] 🤖 AI 筛选 [[deepseek] 2/6 策略=仅标题+链接 retry=1]（39 条，6904 字符，temp=0.3）
2026-09-19 11:01:10 [ERROR] AI 调用异常 ([deepseek] 2/6 策略=仅标题+链接 retry=1): Error code: 401 - {'error': {'message': 'Authentication Fails, Your api key: ****df0d is invalid', 'type': 'authentication_error', 'param': None, 'code': 'invalid_request_error'}}
2026-09-19 11:01:10 [WARNING] [[deepseek] 2/6 策略=仅标题+链接 retry=1] AI 调用失败或解析失败，继续下一次尝试
2026-09-19 11:01:10 [INFO] 🤖 AI 筛选 [[deepseek] 3/6 策略=仅标题+链接 retry=2]（39 条，6904 字符，temp=0.3）
2026-09-19 11:01:10 [ERROR] AI 调用异常 ([deepseek] 3/6 策略=仅标题+链接 retry=2): Error code: 401 - {'error': {'message': 'Authentication Fails, Your api key: ****df0d is invalid', 'type': 'authentication_error', 'param': None, 'code': 'invalid_request_error'}}
2026-09-19 11:01:10 [WARNING] [[deepseek] 3/6 策略=仅标题+链接 retry=2] AI 调用失败或解析失败，继续下一次尝试
2026-09-19 11:01:10 [INFO] 🤖 AI 筛选 [[deepseek] 4/6 策略=完整内容 retry=0]（39 条，11301 字符，temp=0.3）
2026-09-19 11:01:11 [ERROR] AI 调用异常 ([deepseek] 4/6 策略=完整内容 retry=0): Error code: 401 - {'error': {'message': 'Authentication Fails, Your api key: ****df0d is invalid', 'type': 'authentication_error', 'param': None, 'code': 'invalid_request_error'}}
2026-09-19 11:01:11 [WARNING] [[deepseek] 4/6 策略=完整内容 retry=0] AI 调用失败或解析失败，继续下一次尝试
2026-09-19 11:01:11 [INFO] 🤖 AI 筛选 [[deepseek] 5/6 策略=完整内容 retry=1]（39 条，11301 字符，temp=0.3）
2026-09-19 11:01:11 [ERROR] AI 调用异常 ([deepseek] 5/6 策略=完整内容 retry=1): Error code: 401 - {'error': {'message': 'Authentication Fails, Your api key: ****df0d is invalid', 'type': 'authentication_error', 'param': None, 'code': 'invalid_request_error'}}
2026-09-19 11:01:11 [WARNING] [[deepseek] 5/6 策略=完整内容 retry=1] AI 调用失败或解析失败，继续下一次尝试
2026-09-19 11:01:11 [INFO] 🤖 AI 筛选 [[deepseek] 6/6 策略=仅标题（无历史） retry=0]（39 条，6904 字符，temp=0.3）
2026-09-19 11:01:11 [ERROR] AI 调用异常 ([deepseek] 6/6 策略=仅标题（无历史） retry=0): Error code: 401 - {'error': {'message': 'Authentication Fails, Your api key: ****df0d is invalid', 'type': 'authentication_error', 'param': None, 'code': 'invalid_request_error'}}
2026-09-19 11:01:11 [WARNING] [[deepseek] 6/6 策略=仅标题（无历史） retry=0] AI 调用失败或解析失败，继续下一次尝试
2026-09-19 11:01:11 [WARNING] [deepseek] 已达最大尝试次数 6，停止
2026-09-19 11:01:11 [INFO] ⚠️ deepseek 未能产出满意结果，尝试下一个提供商
2026-09-19 11:01:11 [INFO] 🔄 尝试 AI 提供商: zhipu
2026-09-19 11:01:11 [ERROR] 未设置环境变量 ZHIPU_API_KEY，无法使用 zhipu
2026-09-19 11:01:11 [INFO] ⚠️ zhipu 未能产出满意结果，尝试下一个提供商
2026-09-19 11:01:11 [INFO] 🔄 尝试 AI 提供商: kimi
2026-09-19 11:01:11 [ERROR] 未设置环境变量 KIMI_API_KEY，无法使用 kimi
2026-09-19 11:01:11 [INFO] ⚠️ kimi 未能产出满意结果，尝试下一个提供商
2026-09-19 11:01:11 [INFO] 🔄 尝试 AI 提供商: huoshan
2026-09-19 11:01:11 [ERROR] 未设置环境变量 HUOSHAN_API_KEY，无法使用 huoshan
2026-09-19 11:01:11 [INFO] ⚠️ huoshan 未能产出满意结果，尝试下一个提供商
2026-09-19 11:01:11 [ERROR] ❌ 所有提供商均失败，返回空列表
2026-09-19 11:01:11 [INFO] 📦 JSON 已保存: reports/2026-09-19-19.json
2026-09-19 11:01:11 [INFO] ✅ AI 筛选完成，共 0 条交易相关消息
2026-09-19 12:00:53 [INFO] 🚀 开始抓取 2026-09-19 20:00 币圈新闻
2026-09-19 12:00:53 [INFO] 📡 抓取 RSS 新闻源...
2026-09-19 12:00:53 [INFO] 📡 抓取交易所公告 & 链上数据...
2026-09-19 12:00:53 [INFO]   ⏭ Decrypt: 过滤掉 37 条非近期新闻
2026-09-19 12:00:53 [INFO]   ⏭ The Block: 过滤掉 20 条非近期新闻
2026-09-19 12:00:53 [INFO]   ⏭ CoinTelegraph: 过滤掉 29 条非近期新闻
2026-09-19 12:00:54 [INFO]   ⏭ Bitcoin Magazine: 过滤掉 10 条非近期新闻
2026-09-19 12:00:54 [WARNING] 解析失败 Bitget公告: 'NoneType' object is not subscriptable
2026-09-19 12:00:54 [INFO]   ⏭ CoinDesk: 过滤掉 23 条非近期新闻
2026-09-19 12:00:54 [INFO]   ⏭ Blockworks: 过滤掉 50 条非近期新闻
2026-09-19 12:00:54 [INFO]   ⏭ Reuters Crypto: 过滤掉 50 条非近期新闻
2026-09-19 12:00:54 [INFO]   ⏭ Bloomberg Crypto: 过滤掉 50 条非近期新闻
2026-09-19 12:00:54 [INFO]   ⏭ CNBC Crypto: 过滤掉 50 条非近期新闻
2026-09-19 12:00:54 [INFO]   ⏭ 宏观经济: 过滤掉 48 条非近期新闻
2026-09-19 12:00:54 [INFO]   ⏭ DL News: 过滤掉 50 条非近期新闻
2026-09-19 12:00:54 [INFO]   ⏭ Reddit r/bitcoin: 过滤掉 22 条非近期新闻
2026-09-19 12:00:54 [INFO]   ⏭ Decrypt: 过滤掉 50 条非近期新闻
2026-09-19 12:00:54 [INFO]   ⏭ Bitcoin Magazine: 过滤掉 50 条非近期新闻
2026-09-19 12:00:54 [INFO]   ⏭ 金色财经: 过滤掉 14 条非近期新闻
2026-09-19 12:00:54 [INFO]   ⏭ Blockworks: 过滤掉 2 条非近期新闻
2026-09-19 12:00:55 [INFO]   ⏭ DeFi Llama: 过滤掉 50 条非近期新闻
2026-09-19 12:00:55 [INFO]   ⏭ 吴说区块链: 过滤掉 50 条非近期新闻
2026-09-19 12:00:55 [INFO]   ⏭ 雪球加密: 过滤掉 50 条非近期新闻
2026-09-19 12:00:55 [INFO]   ⏭ The Block: 过滤掉 50 条非近期新闻
2026-09-19 12:00:55 [INFO]   ⏭ Crypto Twitter: 过滤掉 46 条非近期新闻
2026-09-19 12:01:09 [DEBUG] 请求失败 https://rsshub.rssforever.com/theblockbeats/newsflash: 
2026-09-19 12:01:09 [DEBUG] 请求失败 https://rsshub.rssforever.com/panewslab/news: 
2026-09-19 12:01:09 [INFO]   ⏭ PANews: 过滤掉 50 条非近期新闻
2026-09-19 12:01:09 [DEBUG] 请求失败 https://rsshub.rssforever.com/bloomberg/crypto: 
2026-09-19 12:01:10 [INFO]   ⏭ 律动BlockBeats: 过滤掉 50 条非近期新闻
2026-09-19 12:01:10 [INFO]   ✓ CoinDesk: 2 条
2026-09-19 12:01:10 [INFO]   ✓ The Block: 0 条
2026-09-19 12:01:10 [INFO]   ✓ Decrypt: 0 条
2026-09-19 12:01:10 [INFO]   ✓ CoinTelegraph: 1 条
2026-09-19 12:01:10 [INFO]   ✓ Bitcoin Magazine: 0 条
2026-09-19 12:01:10 [INFO]   ✓ Blockworks: 0 条
2026-09-19 12:01:10 [INFO]   ✓ DL News: 0 条
2026-09-19 12:01:10 [INFO]   ✓ 金色财经: 6 条
2026-09-19 12:01:10 [INFO]   ✓ PANews: 0 条
2026-09-19 12:01:10 [INFO]   ✓ 律动BlockBeats: 0 条
2026-09-19 12:01:10 [INFO]   ✓ 吴说区块链: 0 条
2026-09-19 12:01:10 [INFO]   ✓ Bloomberg Crypto: 0 条
2026-09-19 12:01:10 [INFO]   ✓ Reuters Crypto: 0 条
2026-09-19 12:01:10 [INFO]   ✓ CNBC Crypto: 0 条
2026-09-19 12:01:10 [INFO]   ✓ Reddit r/cryptocurrency: 0 条
2026-09-19 12:01:10 [INFO]   ✓ Reddit r/bitcoin: 3 条
2026-09-19 12:01:10 [INFO]   ✓ Crypto Twitter: 4 条
2026-09-19 12:01:10 [INFO]   ✓ 宏观经济: 2 条
2026-09-19 12:01:10 [INFO]   ✓ Binance公告: 20 条
2026-09-19 12:01:10 [INFO]   ✓ OKX公告: 0 条
2026-09-19 12:01:10 [INFO]   ✓ Bitget公告: 0 条
2026-09-19 12:01:10 [INFO]   ✓ Whale Alert: 0 条
2026-09-19 12:01:10 [INFO]   ✓ Fear & Greed Index: 1 条
2026-09-19 12:01:10 [INFO]   ✓ DeFi Llama: 0 条
2026-09-19 12:01:10 [INFO]   ✓ 雪球加密: 0 条
2026-09-19 12:01:10 [INFO] 📊 共抓取 39 条新闻
2026-09-19 12:01:10 [INFO] 📋 原始新闻已保存: reports/2026-09-19-20-raw.json (39 条)
2026-09-19 12:01:10 [INFO] 📋 标题摘要已保存: reports/2026-09-19-20-raw-titles.md
2026-09-19 12:01:10 [INFO] ✅ 抓取完成，共 39 条，已保存到 reports/2026-09-19-20-raw.json
2026-09-19 12:01:10 [INFO] 🤖 开始 AI 筛选 2026-09-19 20:00 币圈消息
2026-09-19 12:01:10 [INFO] 📋 已加载原始新闻: reports/2026-09-19-20-raw.json (39 条)
2026-09-19 12:01:10 [INFO] 📚 已加载历史新闻标题（15466 字符）
2026-09-19 12:01:10 [INFO] 📚 已加载历史筛选标题 0 条、URL 0 个，用于去重
2026-09-19 12:01:10 [INFO] 🔄 尝试 AI 提供商: deepseek
2026-09-19 12:01:10 [INFO] 🤖 使用 AI 提供商: deepseek (模型: deepseek-v4-flash)
2026-09-19 12:01:10 [INFO] 🤖 AI 筛选 [[deepseek] 1/6 策略=仅标题+链接 retry=0]（39 条，7839 字符，temp=0.3）
2026-09-19 12:01:11 [ERROR] AI 调用异常 ([deepseek] 1/6 策略=仅标题+链接 retry=0): Error code: 401 - {'error': {'message': 'Authentication Fails, Your api key: ****df0d is invalid', 'type': 'authentication_error', 'param': None, 'code': 'invalid_request_error'}}
2026-09-19 12:01:11 [WARNING] [[deepseek] 1/6 策略=仅标题+链接 retry=0] AI 调用失败或解析失败，继续下一次尝试
2026-09-19 12:01:11 [INFO] 🤖 AI 筛选 [[deepseek] 2/6 策略=仅标题+链接 retry=1]（39 条，7839 字符，temp=0.3）
2026-09-19 12:01:11 [ERROR] AI 调用异常 ([deepseek] 2/6 策略=仅标题+链接 retry=1): Error code: 401 - {'error': {'message': 'Authentication Fails, Your api key: ****df0d is invalid', 'type': 'authentication_error', 'param': None, 'code': 'invalid_request_error'}}
2026-09-19 12:01:11 [WARNING] [[deepseek] 2/6 策略=仅标题+链接 retry=1] AI 调用失败或解析失败，继续下一次尝试
2026-09-19 12:01:11 [INFO] 🤖 AI 筛选 [[deepseek] 3/6 策略=仅标题+链接 retry=2]（39 条，7839 字符，temp=0.3）
2026-09-19 12:01:11 [ERROR] AI 调用异常 ([deepseek] 3/6 策略=仅标题+链接 retry=2): Error code: 401 - {'error': {'message': 'Authentication Fails, Your api key: ****df0d is invalid', 'type': 'authentication_error', 'param': None, 'code': 'invalid_request_error'}}
2026-09-19 12:01:11 [WARNING] [[deepseek] 3/6 策略=仅标题+链接 retry=2] AI 调用失败或解析失败，继续下一次尝试
2026-09-19 12:01:11 [INFO] 🤖 AI 筛选 [[deepseek] 4/6 策略=完整内容 retry=0]（39 条，11861 字符，temp=0.3）
2026-09-19 12:01:12 [ERROR] AI 调用异常 ([deepseek] 4/6 策略=完整内容 retry=0): Error code: 401 - {'error': {'message': 'Authentication Fails, Your api key: ****df0d is invalid', 'type': 'authentication_error', 'param': None, 'code': 'invalid_request_error'}}
2026-09-19 12:01:12 [WARNING] [[deepseek] 4/6 策略=完整内容 retry=0] AI 调用失败或解析失败，继续下一次尝试
2026-09-19 12:01:12 [INFO] 🤖 AI 筛选 [[deepseek] 5/6 策略=完整内容 retry=1]（39 条，11861 字符，temp=0.3）
2026-09-19 12:01:12 [ERROR] AI 调用异常 ([deepseek] 5/6 策略=完整内容 retry=1): Error code: 401 - {'error': {'message': 'Authentication Fails, Your api key: ****df0d is invalid', 'type': 'authentication_error', 'param': None, 'code': 'invalid_request_error'}}
2026-09-19 12:01:12 [WARNING] [[deepseek] 5/6 策略=完整内容 retry=1] AI 调用失败或解析失败，继续下一次尝试
2026-09-19 12:01:12 [INFO] 🤖 AI 筛选 [[deepseek] 6/6 策略=仅标题（无历史） retry=0]（39 条，7839 字符，temp=0.3）
2026-09-19 12:01:12 [ERROR] AI 调用异常 ([deepseek] 6/6 策略=仅标题（无历史） retry=0): Error code: 401 - {'error': {'message': 'Authentication Fails, Your api key: ****df0d is invalid', 'type': 'authentication_error', 'param': None, 'code': 'invalid_request_error'}}
2026-09-19 12:01:12 [WARNING] [[deepseek] 6/6 策略=仅标题（无历史） retry=0] AI 调用失败或解析失败，继续下一次尝试
2026-09-19 12:01:12 [WARNING] [deepseek] 已达最大尝试次数 6，停止
2026-09-19 12:01:12 [INFO] ⚠️ deepseek 未能产出满意结果，尝试下一个提供商
2026-09-19 12:01:12 [INFO] 🔄 尝试 AI 提供商: zhipu
2026-09-19 12:01:12 [ERROR] 未设置环境变量 ZHIPU_API_KEY，无法使用 zhipu
2026-09-19 12:01:12 [INFO] ⚠️ zhipu 未能产出满意结果，尝试下一个提供商
2026-09-19 12:01:12 [INFO] 🔄 尝试 AI 提供商: kimi
2026-09-19 12:01:12 [ERROR] 未设置环境变量 KIMI_API_KEY，无法使用 kimi
2026-09-19 12:01:12 [INFO] ⚠️ kimi 未能产出满意结果，尝试下一个提供商
2026-09-19 12:01:12 [INFO] 🔄 尝试 AI 提供商: huoshan
2026-09-19 12:01:12 [ERROR] 未设置环境变量 HUOSHAN_API_KEY，无法使用 huoshan
2026-09-19 12:01:12 [INFO] ⚠️ huoshan 未能产出满意结果，尝试下一个提供商
2026-09-19 12:01:12 [ERROR] ❌ 所有提供商均失败，返回空列表
2026-09-19 12:01:12 [INFO] 📦 JSON 已保存: reports/2026-09-19-20.json
2026-09-19 12:01:12 [INFO] ✅ AI 筛选完成，共 0 条交易相关消息
2026-09-19 13:00:51 [INFO] 🚀 开始抓取 2026-09-19 21:00 币圈新闻
2026-09-19 13:00:51 [INFO] 📡 抓取 RSS 新闻源...
2026-09-19 13:00:51 [INFO] 📡 抓取交易所公告 & 链上数据...
2026-09-19 13:00:51 [INFO]   ⏭ Decrypt: 过滤掉 37 条非近期新闻
2026-09-19 13:00:51 [INFO]   ⏭ The Block: 过滤掉 20 条非近期新闻
2026-09-19 13:00:51 [INFO]   ⏭ CoinTelegraph: 过滤掉 29 条非近期新闻
2026-09-19 13:00:51 [WARNING] 解析失败 Bitget公告: 'NoneType' object is not subscriptable
2026-09-19 13:00:51 [INFO]   ⏭ Bloomberg Crypto: 过滤掉 50 条非近期新闻
2026-09-19 13:00:51 [INFO]   ⏭ Reddit r/bitcoin: 过滤掉 23 条非近期新闻
2026-09-19 13:00:51 [INFO]   ⏭ Reuters Crypto: 过滤掉 50 条非近期新闻
2026-09-19 13:00:52 [INFO]   ⏭ 宏观经济: 过滤掉 48 条非近期新闻
2026-09-19 13:00:52 [INFO]   ⏭ CNBC Crypto: 过滤掉 50 条非近期新闻
2026-09-19 13:00:52 [INFO]   ⏭ Bitcoin Magazine: 过滤掉 10 条非近期新闻
2026-09-19 13:00:52 [INFO]   ⏭ CoinDesk: 过滤掉 22 条非近期新闻
2026-09-19 13:00:52 [INFO]   ⏭ 律动BlockBeats: 过滤掉 14 条非近期新闻
2026-09-19 13:00:52 [INFO]   ⏭ Blockworks: 过滤掉 50 条非近期新闻
2026-09-19 13:00:52 [INFO]   ⏭ Bitcoin Magazine: 过滤掉 49 条非近期新闻
2026-09-19 13:00:52 [INFO]   ⏭ Blockworks: 过滤掉 2 条非近期新闻
2026-09-19 13:00:52 [INFO]   ⏭ DeFi Llama: 过滤掉 50 条非近期新闻
2026-09-19 13:00:52 [INFO]   ⏭ DL News: 过滤掉 50 条非近期新闻
2026-09-19 13:00:52 [INFO]   ⏭ Decrypt: 过滤掉 50 条非近期新闻
2026-09-19 13:00:52 [INFO]   ⏭ 吴说区块链: 过滤掉 50 条非近期新闻
2026-09-19 13:00:52 [INFO]   ⏭ 雪球加密: 过滤掉 48 条非近期新闻
2026-09-19 13:00:53 [INFO]   ⏭ Crypto Twitter: 过滤掉 44 条非近期新闻
2026-09-19 13:00:53 [INFO]   ⏭ The Block: 过滤掉 50 条非近期新闻
2026-09-19 13:00:54 [INFO]   ⏭ PANews: 过滤掉 50 条非近期新闻
2026-09-19 13:01:00 [INFO]   ⏭ 金色财经: 过滤掉 15 条非近期新闻
2026-09-19 13:01:07 [DEBUG] 请求失败 https://rsshub.rssforever.com/bloomberg/crypto: 
2026-09-19 13:01:07 [INFO]   ✓ CoinDesk: 3 条
2026-09-19 13:01:07 [INFO]   ✓ The Block: 0 条
2026-09-19 13:01:07 [INFO]   ✓ Decrypt: 0 条
2026-09-19 13:01:07 [INFO]   ✓ CoinTelegraph: 1 条
2026-09-19 13:01:07 [INFO]   ✓ Bitcoin Magazine: 1 条
2026-09-19 13:01:07 [INFO]   ✓ Blockworks: 0 条
2026-09-19 13:01:07 [INFO]   ✓ DL News: 0 条
2026-09-19 13:01:07 [INFO]   ✓ 金色财经: 5 条
2026-09-19 13:01:07 [INFO]   ✓ PANews: 0 条
2026-09-19 13:01:07 [INFO]   ✓ 律动BlockBeats: 6 条
2026-09-19 13:01:07 [INFO]   ✓ 吴说区块链: 0 条
2026-09-19 13:01:07 [INFO]   ✓ Bloomberg Crypto: 0 条
2026-09-19 13:01:07 [INFO]   ✓ Reuters Crypto: 0 条
2026-09-19 13:01:07 [INFO]   ✓ CNBC Crypto: 0 条
2026-09-19 13:01:07 [INFO]   ✓ Reddit r/cryptocurrency: 0 条
2026-09-19 13:01:07 [INFO]   ✓ Reddit r/bitcoin: 2 条
2026-09-19 13:01:07 [INFO]   ✓ Crypto Twitter: 6 条
2026-09-19 13:01:07 [INFO]   ✓ 宏观经济: 2 条
2026-09-19 13:01:07 [INFO]   ✓ Binance公告: 20 条
2026-09-19 13:01:07 [INFO]   ✓ OKX公告: 0 条
2026-09-19 13:01:07 [INFO]   ✓ Bitget公告: 0 条
2026-09-19 13:01:07 [INFO]   ✓ Whale Alert: 0 条
2026-09-19 13:01:07 [INFO]   ✓ Fear & Greed Index: 1 条
2026-09-19 13:01:07 [INFO]   ✓ DeFi Llama: 0 条
2026-09-19 13:01:07 [INFO]   ✓ 雪球加密: 2 条
2026-09-19 13:01:07 [INFO] 📊 共抓取 49 条新闻
2026-09-19 13:01:07 [INFO] 📋 原始新闻已保存: reports/2026-09-19-21-raw.json (49 条)
2026-09-19 13:01:07 [INFO] 📋 标题摘要已保存: reports/2026-09-19-21-raw-titles.md
2026-09-19 13:01:07 [INFO] ✅ 抓取完成，共 49 条，已保存到 reports/2026-09-19-21-raw.json
2026-09-19 13:01:08 [INFO] 🤖 开始 AI 筛选 2026-09-19 21:00 币圈消息
2026-09-19 13:01:08 [INFO] 📋 已加载原始新闻: reports/2026-09-19-21-raw.json (49 条)
2026-09-19 13:01:08 [INFO] 📚 已加载历史新闻标题（16094 字符）
2026-09-19 13:01:08 [INFO] 📚 已加载历史筛选标题 0 条、URL 0 个，用于去重
2026-09-19 13:01:08 [INFO] 🔄 尝试 AI 提供商: deepseek
2026-09-19 13:01:08 [INFO] 🤖 使用 AI 提供商: deepseek (模型: deepseek-v4-flash)
2026-09-19 13:01:08 [INFO] 🤖 AI 筛选 [[deepseek] 1/6 策略=仅标题+链接 retry=0]（49 条，10523 字符，temp=0.3）
2026-09-19 13:01:08 [ERROR] AI 调用异常 ([deepseek] 1/6 策略=仅标题+链接 retry=0): Error code: 401 - {'error': {'message': 'Authentication Fails, Your api key: ****df0d is invalid', 'type': 'authentication_error', 'param': None, 'code': 'invalid_request_error'}}
2026-09-19 13:01:08 [WARNING] [[deepseek] 1/6 策略=仅标题+链接 retry=0] AI 调用失败或解析失败，继续下一次尝试
2026-09-19 13:01:09 [INFO] 🤖 AI 筛选 [[deepseek] 2/6 策略=仅标题+链接 retry=1]（49 条，10523 字符，temp=0.3）
2026-09-19 13:01:09 [ERROR] AI 调用异常 ([deepseek] 2/6 策略=仅标题+链接 retry=1): Error code: 401 - {'error': {'message': 'Authentication Fails, Your api key: ****df0d is invalid', 'type': 'authentication_error', 'param': None, 'code': 'invalid_request_error'}}
2026-09-19 13:01:09 [WARNING] [[deepseek] 2/6 策略=仅标题+链接 retry=1] AI 调用失败或解析失败，继续下一次尝试
2026-09-19 13:01:09 [INFO] 🤖 AI 筛选 [[deepseek] 3/6 策略=仅标题+链接 retry=2]（49 条，10523 字符，temp=0.3）
2026-09-19 13:01:09 [ERROR] AI 调用异常 ([deepseek] 3/6 策略=仅标题+链接 retry=2): Error code: 401 - {'error': {'message': 'Authentication Fails, Your api key: ****df0d is invalid', 'type': 'authentication_error', 'param': None, 'code': 'invalid_request_error'}}
2026-09-19 13:01:09 [WARNING] [[deepseek] 3/6 策略=仅标题+链接 retry=2] AI 调用失败或解析失败，继续下一次尝试
2026-09-19 13:01:09 [INFO] 🤖 AI 筛选 [[deepseek] 4/6 策略=完整内容 retry=0]（49 条，15996 字符，temp=0.3）
2026-09-19 13:01:10 [ERROR] AI 调用异常 ([deepseek] 4/6 策略=完整内容 retry=0): Error code: 401 - {'error': {'message': 'Authentication Fails, Your api key: ****df0d is invalid', 'type': 'authentication_error', 'param': None, 'code': 'invalid_request_error'}}
2026-09-19 13:01:10 [WARNING] [[deepseek] 4/6 策略=完整内容 retry=0] AI 调用失败或解析失败，继续下一次尝试
2026-09-19 13:01:10 [INFO] 🤖 AI 筛选 [[deepseek] 5/6 策略=完整内容 retry=1]（49 条，15996 字符，temp=0.3）
2026-09-19 13:01:10 [ERROR] AI 调用异常 ([deepseek] 5/6 策略=完整内容 retry=1): Error code: 401 - {'error': {'message': 'Authentication Fails, Your api key: ****df0d is invalid', 'type': 'authentication_error', 'param': None, 'code': 'invalid_request_error'}}
2026-09-19 13:01:10 [WARNING] [[deepseek] 5/6 策略=完整内容 retry=1] AI 调用失败或解析失败，继续下一次尝试
2026-09-19 13:01:10 [INFO] 🤖 AI 筛选 [[deepseek] 6/6 策略=仅标题（无历史） retry=0]（49 条，10523 字符，temp=0.3）
2026-09-19 13:01:11 [ERROR] AI 调用异常 ([deepseek] 6/6 策略=仅标题（无历史） retry=0): Error code: 401 - {'error': {'message': 'Authentication Fails, Your api key: ****df0d is invalid', 'type': 'authentication_error', 'param': None, 'code': 'invalid_request_error'}}
2026-09-19 13:01:11 [WARNING] [[deepseek] 6/6 策略=仅标题（无历史） retry=0] AI 调用失败或解析失败，继续下一次尝试
2026-09-19 13:01:11 [WARNING] [deepseek] 已达最大尝试次数 6，停止
2026-09-19 13:01:11 [INFO] ⚠️ deepseek 未能产出满意结果，尝试下一个提供商
2026-09-19 13:01:11 [INFO] 🔄 尝试 AI 提供商: zhipu
2026-09-19 13:01:11 [ERROR] 未设置环境变量 ZHIPU_API_KEY，无法使用 zhipu
2026-09-19 13:01:11 [INFO] ⚠️ zhipu 未能产出满意结果，尝试下一个提供商
2026-09-19 13:01:11 [INFO] 🔄 尝试 AI 提供商: kimi
2026-09-19 13:01:11 [ERROR] 未设置环境变量 KIMI_API_KEY，无法使用 kimi
2026-09-19 13:01:11 [INFO] ⚠️ kimi 未能产出满意结果，尝试下一个提供商
2026-09-19 13:01:11 [INFO] 🔄 尝试 AI 提供商: huoshan
2026-09-19 13:01:11 [ERROR] 未设置环境变量 HUOSHAN_API_KEY，无法使用 huoshan
2026-09-19 13:01:11 [INFO] ⚠️ huoshan 未能产出满意结果，尝试下一个提供商
2026-09-19 13:01:11 [ERROR] ❌ 所有提供商均失败，返回空列表
2026-09-19 13:01:11 [INFO] 📦 JSON 已保存: reports/2026-09-19-21.json
2026-09-19 13:01:11 [INFO] ✅ AI 筛选完成，共 0 条交易相关消息
