2026-08-04 16:01:02 [INFO] 🚀 开始抓取 2026-08-05 00:00 币圈新闻
2026-08-04 16:01:02 [INFO] 📡 抓取 RSS 新闻源...
2026-08-04 16:01:02 [INFO] 📡 抓取交易所公告 & 链上数据...
2026-08-04 16:01:03 [INFO]   ⏭ The Block: 过滤掉 16 条非近期新闻
2026-08-04 16:01:03 [INFO]   ⏭ Decrypt: 过滤掉 50 条非近期新闻
2026-08-04 16:01:03 [INFO]   ⏭ CoinTelegraph: 过滤掉 28 条非近期新闻
2026-08-04 16:01:03 [INFO]   ⏭ Bitcoin Magazine: 过滤掉 9 条非近期新闻
2026-08-04 16:01:03 [WARNING] 解析失败 Bitget公告: 'NoneType' object is not subscriptable
2026-08-04 16:01:03 [INFO]   ⏭ Bloomberg Crypto: 过滤掉 50 条非近期新闻
2026-08-04 16:01:03 [INFO]   ⏭ Reuters Crypto: 过滤掉 50 条非近期新闻
2026-08-04 16:01:03 [INFO]   ⏭ 宏观经济: 过滤掉 50 条非近期新闻
2026-08-04 16:01:03 [INFO]   ⏭ CNBC Crypto: 过滤掉 49 条非近期新闻
2026-08-04 16:01:03 [INFO]   ⏭ CoinDesk: 过滤掉 21 条非近期新闻
2026-08-04 16:01:03 [INFO]   ⏭ Decrypt: 过滤掉 50 条非近期新闻
2026-08-04 16:01:03 [INFO]   ⏭ Reddit r/bitcoin: 过滤掉 22 条非近期新闻
2026-08-04 16:01:03 [INFO]   ⏭ Blockworks: 过滤掉 50 条非近期新闻
2026-08-04 16:01:03 [INFO]   ⏭ 宏观经济: 过滤掉 50 条非近期新闻
2026-08-04 16:01:04 [INFO]   ⏭ DL News: 过滤掉 50 条非近期新闻
2026-08-04 16:01:04 [INFO]   ⏭ Blockworks: 过滤掉 8 条非近期新闻
2026-08-04 16:01:18 [DEBUG] 请求失败 https://rsshub.rssforever.com/twitter/list/crypto_news: 
2026-08-04 16:01:18 [DEBUG] 请求失败 https://rsshub.rssforever.com/panewslab/news: 
2026-08-04 16:01:18 [DEBUG] 请求失败 https://rsshub.rssforever.com/wublock: 
2026-08-04 16:01:18 [DEBUG] 请求失败 https://rsshub.rssforever.com/defillama/protocol: 
2026-08-04 16:01:18 [DEBUG] 请求失败 https://rsshub.rssforever.com/theblockbeats/newsflash: 
2026-08-04 16:01:18 [DEBUG] 请求失败 https://rsshub.rssforever.com/jinse/lives: 
2026-08-04 16:01:18 [DEBUG] 请求失败 https://rsshub.rssforever.com/whalealert/recent: 
2026-08-04 16:01:18 [DEBUG] 请求失败 https://rsshub.rssforever.com/xueqiu/hotstock/0: 
2026-08-04 16:01:18 [DEBUG] 请求失败 https://rsshub.rssforever.com/reddit/subreddit/cryptocurrency/hot: 
2026-08-04 16:01:18 [DEBUG] 请求失败 https://rsshub.rssforever.com/bloomberg/crypto: 
2026-08-04 16:01:18 [INFO]   ⏭ DeFi Llama: 过滤掉 50 条非近期新闻
2026-08-04 16:01:18 [INFO]   ⏭ 吴说区块链: 过滤掉 50 条非近期新闻
2026-08-04 16:01:19 [INFO]   ⏭ 律动BlockBeats: 过滤掉 50 条非近期新闻
2026-08-04 16:01:19 [INFO]   ⏭ 雪球加密: 过滤掉 50 条非近期新闻
2026-08-04 16:01:19 [INFO]   ⏭ PANews: 过滤掉 50 条非近期新闻
2026-08-04 16:01:19 [INFO]   ⏭ Crypto Twitter: 过滤掉 41 条非近期新闻
2026-08-04 16:01:19 [INFO]   ✓ CoinDesk: 4 条
2026-08-04 16:01:19 [INFO]   ✓ The Block: 4 条
2026-08-04 16:01:19 [INFO]   ✓ Decrypt: 0 条
2026-08-04 16:01:19 [INFO]   ✓ CoinTelegraph: 2 条
2026-08-04 16:01:19 [INFO]   ✓ Bitcoin Magazine: 1 条
2026-08-04 16:01:19 [INFO]   ✓ Blockworks: 0 条
2026-08-04 16:01:19 [INFO]   ✓ DL News: 0 条
2026-08-04 16:01:19 [INFO]   ✓ 金色财经: 0 条
2026-08-04 16:01:19 [INFO]   ✓ PANews: 0 条
2026-08-04 16:01:19 [INFO]   ✓ 律动BlockBeats: 0 条
2026-08-04 16:01:19 [INFO]   ✓ 吴说区块链: 0 条
2026-08-04 16:01:19 [INFO]   ✓ Bloomberg Crypto: 0 条
2026-08-04 16:01:19 [INFO]   ✓ Reuters Crypto: 0 条
2026-08-04 16:01:19 [INFO]   ✓ CNBC Crypto: 1 条
2026-08-04 16:01:19 [INFO]   ✓ Reddit r/cryptocurrency: 0 条
2026-08-04 16:01:19 [INFO]   ✓ Reddit r/bitcoin: 3 条
2026-08-04 16:01:19 [INFO]   ✓ Crypto Twitter: 9 条
2026-08-04 16:01:19 [INFO]   ✓ 宏观经济: 0 条
2026-08-04 16:01:19 [INFO]   ✓ Binance公告: 20 条
2026-08-04 16:01:19 [INFO]   ✓ OKX公告: 0 条
2026-08-04 16:01:19 [INFO]   ✓ Bitget公告: 0 条
2026-08-04 16:01:19 [INFO]   ✓ Whale Alert: 0 条
2026-08-04 16:01:19 [INFO]   ✓ Fear & Greed Index: 1 条
2026-08-04 16:01:19 [INFO]   ✓ DeFi Llama: 0 条
2026-08-04 16:01:19 [INFO]   ✓ 雪球加密: 0 条
2026-08-04 16:01:19 [INFO] 📊 共抓取 45 条新闻
2026-08-04 16:01:19 [INFO] 📋 原始新闻已保存: reports/2026-08-05-00-raw.json (45 条)
2026-08-04 16:01:19 [INFO] 📋 标题摘要已保存: reports/2026-08-05-00-raw-titles.md
2026-08-04 16:01:19 [INFO] ✅ 抓取完成，共 45 条，已保存到 reports/2026-08-05-00-raw.json
2026-08-04 16:01:19 [INFO] 🤖 开始 AI 筛选 2026-08-05 00:00 币圈消息
2026-08-04 16:01:19 [INFO] 📋 已加载原始新闻: reports/2026-08-05-00-raw.json (45 条)
2026-08-04 16:01:19 [INFO] 📚 已加载历史新闻标题（28485 字符）
2026-08-04 16:01:19 [INFO] 📚 已加载历史筛选标题 0 条、URL 0 个，用于去重
2026-08-04 16:01:19 [INFO] 🔄 尝试 AI 提供商: deepseek
2026-08-04 16:01:19 [INFO] 🤖 使用 AI 提供商: deepseek (模型: deepseek-v4-flash)
2026-08-04 16:01:19 [INFO] 🤖 AI 筛选 [[deepseek] 1/6 策略=仅标题+链接 retry=0]（45 条，11253 字符，temp=0.3）
2026-08-04 16:01:20 [ERROR] AI 调用异常 ([deepseek] 1/6 策略=仅标题+链接 retry=0): Error code: 401 - {'error': {'message': 'Authentication Fails, Your api key: ****df0d is invalid', 'type': 'authentication_error', 'param': None, 'code': 'invalid_request_error'}}
2026-08-04 16:01:20 [WARNING] [[deepseek] 1/6 策略=仅标题+链接 retry=0] AI 调用失败或解析失败，继续下一次尝试
2026-08-04 16:01:20 [INFO] 🤖 AI 筛选 [[deepseek] 2/6 策略=仅标题+链接 retry=1]（45 条，11253 字符，temp=0.3）
2026-08-04 16:01:21 [ERROR] AI 调用异常 ([deepseek] 2/6 策略=仅标题+链接 retry=1): Error code: 401 - {'error': {'message': 'Authentication Fails, Your api key: ****df0d is invalid', 'type': 'authentication_error', 'param': None, 'code': 'invalid_request_error'}}
2026-08-04 16:01:21 [WARNING] [[deepseek] 2/6 策略=仅标题+链接 retry=1] AI 调用失败或解析失败，继续下一次尝试
2026-08-04 16:01:21 [INFO] 🤖 AI 筛选 [[deepseek] 3/6 策略=仅标题+链接 retry=2]（45 条，11253 字符，temp=0.3）
2026-08-04 16:01:21 [ERROR] AI 调用异常 ([deepseek] 3/6 策略=仅标题+链接 retry=2): Error code: 401 - {'error': {'message': 'Authentication Fails, Your api key: ****df0d is invalid', 'type': 'authentication_error', 'param': None, 'code': 'invalid_request_error'}}
2026-08-04 16:01:21 [WARNING] [[deepseek] 3/6 策略=仅标题+链接 retry=2] AI 调用失败或解析失败，继续下一次尝试
2026-08-04 16:01:21 [INFO] 🤖 AI 筛选 [[deepseek] 4/6 策略=完整内容 retry=0]（45 条，15470 字符，temp=0.3）
2026-08-04 16:01:22 [ERROR] AI 调用异常 ([deepseek] 4/6 策略=完整内容 retry=0): Error code: 401 - {'error': {'message': 'Authentication Fails, Your api key: ****df0d is invalid', 'type': 'authentication_error', 'param': None, 'code': 'invalid_request_error'}}
2026-08-04 16:01:22 [WARNING] [[deepseek] 4/6 策略=完整内容 retry=0] AI 调用失败或解析失败，继续下一次尝试
2026-08-04 16:01:22 [INFO] 🤖 AI 筛选 [[deepseek] 5/6 策略=完整内容 retry=1]（45 条，15470 字符，temp=0.3）
2026-08-04 16:01:22 [ERROR] AI 调用异常 ([deepseek] 5/6 策略=完整内容 retry=1): Error code: 401 - {'error': {'message': 'Authentication Fails, Your api key: ****df0d is invalid', 'type': 'authentication_error', 'param': None, 'code': 'invalid_request_error'}}
2026-08-04 16:01:22 [WARNING] [[deepseek] 5/6 策略=完整内容 retry=1] AI 调用失败或解析失败，继续下一次尝试
2026-08-04 16:01:22 [INFO] 🤖 AI 筛选 [[deepseek] 6/6 策略=仅标题（无历史） retry=0]（45 条，11253 字符，temp=0.3）
2026-08-04 16:01:23 [ERROR] AI 调用异常 ([deepseek] 6/6 策略=仅标题（无历史） retry=0): Error code: 401 - {'error': {'message': 'Authentication Fails, Your api key: ****df0d is invalid', 'type': 'authentication_error', 'param': None, 'code': 'invalid_request_error'}}
2026-08-04 16:01:23 [WARNING] [[deepseek] 6/6 策略=仅标题（无历史） retry=0] AI 调用失败或解析失败，继续下一次尝试
2026-08-04 16:01:23 [WARNING] [deepseek] 已达最大尝试次数 6，停止
2026-08-04 16:01:23 [INFO] ⚠️ deepseek 未能产出满意结果，尝试下一个提供商
2026-08-04 16:01:23 [INFO] 🔄 尝试 AI 提供商: zhipu
2026-08-04 16:01:23 [ERROR] 未设置环境变量 ZHIPU_API_KEY，无法使用 zhipu
2026-08-04 16:01:23 [INFO] ⚠️ zhipu 未能产出满意结果，尝试下一个提供商
2026-08-04 16:01:23 [INFO] 🔄 尝试 AI 提供商: kimi
2026-08-04 16:01:23 [ERROR] 未设置环境变量 KIMI_API_KEY，无法使用 kimi
2026-08-04 16:01:23 [INFO] ⚠️ kimi 未能产出满意结果，尝试下一个提供商
2026-08-04 16:01:23 [INFO] 🔄 尝试 AI 提供商: huoshan
2026-08-04 16:01:23 [ERROR] 未设置环境变量 HUOSHAN_API_KEY，无法使用 huoshan
2026-08-04 16:01:23 [INFO] ⚠️ huoshan 未能产出满意结果，尝试下一个提供商
2026-08-04 16:01:23 [ERROR] ❌ 所有提供商均失败，返回空列表
2026-08-04 16:01:23 [INFO] 📦 JSON 已保存: reports/2026-08-05-00.json
2026-08-04 16:01:23 [INFO] ✅ AI 筛选完成，共 0 条交易相关消息
2026-08-04 17:00:54 [INFO] 🚀 开始抓取 2026-08-05 01:00 币圈新闻
2026-08-04 17:00:54 [INFO] 📡 抓取 RSS 新闻源...
2026-08-04 17:00:54 [INFO] 📡 抓取交易所公告 & 链上数据...
2026-08-04 17:00:54 [INFO]   ⏭ The Block: 过滤掉 17 条非近期新闻
2026-08-04 17:00:54 [INFO]   ⏭ Decrypt: 过滤掉 49 条非近期新闻
2026-08-04 17:00:54 [INFO]   ⏭ CoinTelegraph: 过滤掉 28 条非近期新闻
2026-08-04 17:00:55 [INFO]   ⏭ Bitcoin Magazine: 过滤掉 9 条非近期新闻
2026-08-04 17:00:55 [INFO]   ⏭ Reuters Crypto: 过滤掉 50 条非近期新闻
2026-08-04 17:00:55 [INFO]   ⏭ Blockworks: 过滤掉 50 条非近期新闻
2026-08-04 17:00:55 [INFO]   ⏭ Bloomberg Crypto: 过滤掉 50 条非近期新闻
2026-08-04 17:00:55 [INFO]   ⏭ Reddit r/bitcoin: 过滤掉 21 条非近期新闻
2026-08-04 17:00:55 [WARNING] 解析失败 Bitget公告: 'NoneType' object is not subscriptable
2026-08-04 17:00:55 [INFO]   ⏭ CNBC Crypto: 过滤掉 49 条非近期新闻
2026-08-04 17:00:55 [INFO]   ⏭ 宏观经济: 过滤掉 50 条非近期新闻
2026-08-04 17:00:55 [INFO]   ⏭ CoinDesk: 过滤掉 23 条非近期新闻
2026-08-04 17:00:55 [INFO]   ⏭ DL News: 过滤掉 50 条非近期新闻
2026-08-04 17:00:55 [INFO]   ⏭ 宏观经济: 过滤掉 50 条非近期新闻
2026-08-04 17:00:55 [INFO]   ⏭ Blockworks: 过滤掉 9 条非近期新闻
2026-08-04 17:00:56 [INFO]   ⏭ DeFi Llama: 过滤掉 50 条非近期新闻
2026-08-04 17:00:56 [INFO]   ⏭ 吴说区块链: 过滤掉 50 条非近期新闻
2026-08-04 17:00:56 [INFO]   ⏭ Crypto Twitter: 过滤掉 46 条非近期新闻
2026-08-04 17:00:56 [INFO]   ⏭ 雪球加密: 过滤掉 50 条非近期新闻
2026-08-04 17:00:56 [INFO]   ⏭ PANews: 过滤掉 50 条非近期新闻
2026-08-04 17:00:57 [INFO]   ⏭ 律动BlockBeats: 过滤掉 50 条非近期新闻
2026-08-04 17:00:58 [INFO]   ⏭ 金色财经: 过滤掉 15 条非近期新闻
2026-08-04 17:00:58 [INFO]   ✓ CoinDesk: 2 条
2026-08-04 17:00:58 [INFO]   ✓ The Block: 3 条
2026-08-04 17:00:58 [INFO]   ✓ Decrypt: 1 条
2026-08-04 17:00:58 [INFO]   ✓ CoinTelegraph: 2 条
2026-08-04 17:00:58 [INFO]   ✓ Bitcoin Magazine: 1 条
2026-08-04 17:00:58 [INFO]   ✓ Blockworks: 0 条
2026-08-04 17:00:58 [INFO]   ✓ DL News: 0 条
2026-08-04 17:00:58 [INFO]   ✓ 金色财经: 5 条
2026-08-04 17:00:58 [INFO]   ✓ PANews: 0 条
2026-08-04 17:00:58 [INFO]   ✓ 律动BlockBeats: 0 条
2026-08-04 17:00:58 [INFO]   ✓ 吴说区块链: 0 条
2026-08-04 17:00:58 [INFO]   ✓ Bloomberg Crypto: 0 条
2026-08-04 17:00:58 [INFO]   ✓ Reuters Crypto: 0 条
2026-08-04 17:00:58 [INFO]   ✓ CNBC Crypto: 1 条
2026-08-04 17:00:58 [INFO]   ✓ Reddit r/cryptocurrency: 0 条
2026-08-04 17:00:58 [INFO]   ✓ Reddit r/bitcoin: 4 条
2026-08-04 17:00:58 [INFO]   ✓ Crypto Twitter: 4 条
2026-08-04 17:00:58 [INFO]   ✓ 宏观经济: 0 条
2026-08-04 17:00:58 [INFO]   ✓ Binance公告: 20 条
2026-08-04 17:00:58 [INFO]   ✓ OKX公告: 0 条
2026-08-04 17:00:58 [INFO]   ✓ Bitget公告: 0 条
2026-08-04 17:00:58 [INFO]   ✓ Whale Alert: 0 条
2026-08-04 17:00:58 [INFO]   ✓ Fear & Greed Index: 1 条
2026-08-04 17:00:58 [INFO]   ✓ DeFi Llama: 0 条
2026-08-04 17:00:58 [INFO]   ✓ 雪球加密: 0 条
2026-08-04 17:00:58 [INFO] 📊 共抓取 44 条新闻
2026-08-04 17:00:58 [INFO] 📋 原始新闻已保存: reports/2026-08-05-01-raw.json (44 条)
2026-08-04 17:00:58 [INFO] 📋 标题摘要已保存: reports/2026-08-05-01-raw-titles.md
2026-08-04 17:00:58 [INFO] ✅ 抓取完成，共 44 条，已保存到 reports/2026-08-05-01-raw.json
2026-08-04 17:00:59 [INFO] 🤖 开始 AI 筛选 2026-08-05 01:00 币圈消息
2026-08-04 17:00:59 [INFO] 📋 已加载原始新闻: reports/2026-08-05-01-raw.json (44 条)
2026-08-04 17:00:59 [INFO] 📚 已加载历史新闻标题（27174 字符）
2026-08-04 17:00:59 [INFO] 📚 已加载历史筛选标题 0 条、URL 0 个，用于去重
2026-08-04 17:00:59 [INFO] 🔄 尝试 AI 提供商: deepseek
2026-08-04 17:00:59 [INFO] 🤖 使用 AI 提供商: deepseek (模型: deepseek-v4-flash)
2026-08-04 17:00:59 [INFO] 🤖 AI 筛选 [[deepseek] 1/6 策略=仅标题+链接 retry=0]（44 条，9345 字符，temp=0.3）
2026-08-04 17:01:00 [ERROR] AI 调用异常 ([deepseek] 1/6 策略=仅标题+链接 retry=0): Error code: 401 - {'error': {'message': 'Authentication Fails, Your api key: ****df0d is invalid', 'type': 'authentication_error', 'param': None, 'code': 'invalid_request_error'}}
2026-08-04 17:01:00 [WARNING] [[deepseek] 1/6 策略=仅标题+链接 retry=0] AI 调用失败或解析失败，继续下一次尝试
2026-08-04 17:01:00 [INFO] 🤖 AI 筛选 [[deepseek] 2/6 策略=仅标题+链接 retry=1]（44 条，9345 字符，temp=0.3）
2026-08-04 17:01:01 [ERROR] AI 调用异常 ([deepseek] 2/6 策略=仅标题+链接 retry=1): Error code: 401 - {'error': {'message': 'Authentication Fails, Your api key: ****df0d is invalid', 'type': 'authentication_error', 'param': None, 'code': 'invalid_request_error'}}
2026-08-04 17:01:01 [WARNING] [[deepseek] 2/6 策略=仅标题+链接 retry=1] AI 调用失败或解析失败，继续下一次尝试
2026-08-04 17:01:01 [INFO] 🤖 AI 筛选 [[deepseek] 3/6 策略=仅标题+链接 retry=2]（44 条，9345 字符，temp=0.3）
2026-08-04 17:01:01 [ERROR] AI 调用异常 ([deepseek] 3/6 策略=仅标题+链接 retry=2): Error code: 401 - {'error': {'message': 'Authentication Fails, Your api key: ****df0d is invalid', 'type': 'authentication_error', 'param': None, 'code': 'invalid_request_error'}}
2026-08-04 17:01:01 [WARNING] [[deepseek] 3/6 策略=仅标题+链接 retry=2] AI 调用失败或解析失败，继续下一次尝试
2026-08-04 17:01:01 [INFO] 🤖 AI 筛选 [[deepseek] 4/6 策略=完整内容 retry=0]（44 条，14288 字符，temp=0.3）
2026-08-04 17:01:02 [ERROR] AI 调用异常 ([deepseek] 4/6 策略=完整内容 retry=0): Error code: 401 - {'error': {'message': 'Authentication Fails, Your api key: ****df0d is invalid', 'type': 'authentication_error', 'param': None, 'code': 'invalid_request_error'}}
2026-08-04 17:01:02 [WARNING] [[deepseek] 4/6 策略=完整内容 retry=0] AI 调用失败或解析失败，继续下一次尝试
2026-08-04 17:01:02 [INFO] 🤖 AI 筛选 [[deepseek] 5/6 策略=完整内容 retry=1]（44 条，14288 字符，temp=0.3）
2026-08-04 17:01:02 [ERROR] AI 调用异常 ([deepseek] 5/6 策略=完整内容 retry=1): Error code: 401 - {'error': {'message': 'Authentication Fails, Your api key: ****df0d is invalid', 'type': 'authentication_error', 'param': None, 'code': 'invalid_request_error'}}
2026-08-04 17:01:02 [WARNING] [[deepseek] 5/6 策略=完整内容 retry=1] AI 调用失败或解析失败，继续下一次尝试
2026-08-04 17:01:02 [INFO] 🤖 AI 筛选 [[deepseek] 6/6 策略=仅标题（无历史） retry=0]（44 条，9345 字符，temp=0.3）
2026-08-04 17:01:03 [ERROR] AI 调用异常 ([deepseek] 6/6 策略=仅标题（无历史） retry=0): Error code: 401 - {'error': {'message': 'Authentication Fails, Your api key: ****df0d is invalid', 'type': 'authentication_error', 'param': None, 'code': 'invalid_request_error'}}
2026-08-04 17:01:03 [WARNING] [[deepseek] 6/6 策略=仅标题（无历史） retry=0] AI 调用失败或解析失败，继续下一次尝试
2026-08-04 17:01:03 [WARNING] [deepseek] 已达最大尝试次数 6，停止
2026-08-04 17:01:03 [INFO] ⚠️ deepseek 未能产出满意结果，尝试下一个提供商
2026-08-04 17:01:03 [INFO] 🔄 尝试 AI 提供商: zhipu
2026-08-04 17:01:03 [ERROR] 未设置环境变量 ZHIPU_API_KEY，无法使用 zhipu
2026-08-04 17:01:03 [INFO] ⚠️ zhipu 未能产出满意结果，尝试下一个提供商
2026-08-04 17:01:03 [INFO] 🔄 尝试 AI 提供商: kimi
2026-08-04 17:01:03 [ERROR] 未设置环境变量 KIMI_API_KEY，无法使用 kimi
2026-08-04 17:01:03 [INFO] ⚠️ kimi 未能产出满意结果，尝试下一个提供商
2026-08-04 17:01:03 [INFO] 🔄 尝试 AI 提供商: huoshan
2026-08-04 17:01:03 [ERROR] 未设置环境变量 HUOSHAN_API_KEY，无法使用 huoshan
2026-08-04 17:01:03 [INFO] ⚠️ huoshan 未能产出满意结果，尝试下一个提供商
2026-08-04 17:01:03 [ERROR] ❌ 所有提供商均失败，返回空列表
2026-08-04 17:01:03 [INFO] 📦 JSON 已保存: reports/2026-08-05-01.json
2026-08-04 17:01:03 [INFO] ✅ AI 筛选完成，共 0 条交易相关消息
2026-08-04 18:00:54 [INFO] 🚀 开始抓取 2026-08-05 02:00 币圈新闻
2026-08-04 18:00:55 [INFO] 📡 抓取 RSS 新闻源...
2026-08-04 18:00:55 [INFO] 📡 抓取交易所公告 & 链上数据...
2026-08-04 18:00:55 [INFO]   ⏭ CoinTelegraph: 过滤掉 28 条非近期新闻
2026-08-04 18:00:55 [INFO]   ⏭ Decrypt: 过滤掉 37 条非近期新闻
2026-08-04 18:00:55 [INFO]   ⏭ The Block: 过滤掉 18 条非近期新闻
2026-08-04 18:00:55 [INFO]   ⏭ Reuters Crypto: 过滤掉 50 条非近期新闻
2026-08-04 18:00:55 [INFO]   ⏭ Bloomberg Crypto: 过滤掉 50 条非近期新闻
2026-08-04 18:00:55 [INFO]   ⏭ CNBC Crypto: 过滤掉 50 条非近期新闻
2026-08-04 18:00:55 [INFO]   ⏭ CoinDesk: 过滤掉 22 条非近期新闻
2026-08-04 18:00:55 [INFO]   ⏭ Bitcoin Magazine: 过滤掉 9 条非近期新闻
2026-08-04 18:00:55 [INFO]   ⏭ Blockworks: 过滤掉 50 条非近期新闻
2026-08-04 18:00:55 [INFO]   ⏭ 宏观经济: 过滤掉 50 条非近期新闻
2026-08-04 18:00:55 [WARNING] 解析失败 Bitget公告: 'NoneType' object is not subscriptable
2026-08-04 18:00:56 [INFO]   ⏭ DL News: 过滤掉 50 条非近期新闻
2026-08-04 18:00:56 [INFO]   ⏭ Blockworks: 过滤掉 9 条非近期新闻
2026-08-04 18:00:56 [INFO]   ⏭ 宏观经济: 过滤掉 50 条非近期新闻
2026-08-04 18:00:56 [INFO]   ⏭ 吴说区块链: 过滤掉 50 条非近期新闻
2026-08-04 18:00:56 [INFO]   ⏭ DeFi Llama: 过滤掉 50 条非近期新闻
2026-08-04 18:00:56 [INFO]   ⏭ 雪球加密: 过滤掉 50 条非近期新闻
2026-08-04 18:00:56 [INFO]   ⏭ Reddit r/cryptocurrency: 过滤掉 20 条非近期新闻
2026-08-04 18:00:56 [INFO]   ⏭ Crypto Twitter: 过滤掉 46 条非近期新闻
2026-08-04 18:00:56 [INFO]   ⏭ PANews: 过滤掉 50 条非近期新闻
2026-08-04 18:00:56 [INFO]   ⏭ 律动BlockBeats: 过滤掉 50 条非近期新闻
2026-08-04 18:00:57 [INFO]   ⏭ 金色财经: 过滤掉 4 条非近期新闻
2026-08-04 18:00:57 [INFO]   ✓ CoinDesk: 3 条
2026-08-04 18:00:57 [INFO]   ✓ The Block: 2 条
2026-08-04 18:00:57 [INFO]   ✓ Decrypt: 2 条
2026-08-04 18:00:57 [INFO]   ✓ CoinTelegraph: 2 条
2026-08-04 18:00:57 [INFO]   ✓ Bitcoin Magazine: 1 条
2026-08-04 18:00:57 [INFO]   ✓ Blockworks: 0 条
2026-08-04 18:00:57 [INFO]   ✓ DL News: 0 条
2026-08-04 18:00:57 [INFO]   ✓ 金色财经: 6 条
2026-08-04 18:00:57 [INFO]   ✓ PANews: 0 条
2026-08-04 18:00:57 [INFO]   ✓ 律动BlockBeats: 0 条
2026-08-04 18:00:57 [INFO]   ✓ 吴说区块链: 0 条
2026-08-04 18:00:57 [INFO]   ✓ Bloomberg Crypto: 0 条
2026-08-04 18:00:57 [INFO]   ✓ Reuters Crypto: 0 条
2026-08-04 18:00:57 [INFO]   ✓ CNBC Crypto: 0 条
2026-08-04 18:00:57 [INFO]   ✓ Reddit r/cryptocurrency: 5 条
2026-08-04 18:00:57 [INFO]   ✓ Reddit r/bitcoin: 0 条
2026-08-04 18:00:57 [INFO]   ✓ Crypto Twitter: 4 条
2026-08-04 18:00:57 [INFO]   ✓ 宏观经济: 0 条
2026-08-04 18:00:57 [INFO]   ✓ Binance公告: 20 条
2026-08-04 18:00:57 [INFO]   ✓ OKX公告: 0 条
2026-08-04 18:00:57 [INFO]   ✓ Bitget公告: 0 条
2026-08-04 18:00:57 [INFO]   ✓ Whale Alert: 0 条
2026-08-04 18:00:57 [INFO]   ✓ Fear & Greed Index: 1 条
2026-08-04 18:00:57 [INFO]   ✓ DeFi Llama: 0 条
2026-08-04 18:00:57 [INFO]   ✓ 雪球加密: 0 条
2026-08-04 18:00:57 [INFO] 📊 共抓取 46 条新闻
2026-08-04 18:00:57 [INFO] 📋 原始新闻已保存: reports/2026-08-05-02-raw.json (46 条)
2026-08-04 18:00:57 [INFO] 📋 标题摘要已保存: reports/2026-08-05-02-raw-titles.md
2026-08-04 18:00:57 [INFO] ✅ 抓取完成，共 46 条，已保存到 reports/2026-08-05-02-raw.json
2026-08-04 18:00:58 [INFO] 🤖 开始 AI 筛选 2026-08-05 02:00 币圈消息
2026-08-04 18:00:58 [INFO] 📋 已加载原始新闻: reports/2026-08-05-02-raw.json (46 条)
2026-08-04 18:00:58 [INFO] 📚 已加载历史新闻标题（26779 字符）
2026-08-04 18:00:58 [INFO] 📚 已加载历史筛选标题 0 条、URL 0 个，用于去重
2026-08-04 18:00:58 [INFO] 🔄 尝试 AI 提供商: deepseek
2026-08-04 18:00:58 [INFO] 🤖 使用 AI 提供商: deepseek (模型: deepseek-v4-flash)
2026-08-04 18:00:58 [INFO] 🤖 AI 筛选 [[deepseek] 1/6 策略=仅标题+链接 retry=0]（46 条，9014 字符，temp=0.3）
2026-08-04 18:00:59 [ERROR] AI 调用异常 ([deepseek] 1/6 策略=仅标题+链接 retry=0): Error code: 401 - {'error': {'message': 'Authentication Fails, Your api key: ****df0d is invalid', 'type': 'authentication_error', 'param': None, 'code': 'invalid_request_error'}}
2026-08-04 18:00:59 [WARNING] [[deepseek] 1/6 策略=仅标题+链接 retry=0] AI 调用失败或解析失败，继续下一次尝试
2026-08-04 18:00:59 [INFO] 🤖 AI 筛选 [[deepseek] 2/6 策略=仅标题+链接 retry=1]（46 条，9014 字符，temp=0.3）
2026-08-04 18:01:00 [ERROR] AI 调用异常 ([deepseek] 2/6 策略=仅标题+链接 retry=1): Error code: 401 - {'error': {'message': 'Authentication Fails, Your api key: ****df0d is invalid', 'type': 'authentication_error', 'param': None, 'code': 'invalid_request_error'}}
2026-08-04 18:01:00 [WARNING] [[deepseek] 2/6 策略=仅标题+链接 retry=1] AI 调用失败或解析失败，继续下一次尝试
2026-08-04 18:01:00 [INFO] 🤖 AI 筛选 [[deepseek] 3/6 策略=仅标题+链接 retry=2]（46 条，9014 字符，temp=0.3）
2026-08-04 18:01:00 [ERROR] AI 调用异常 ([deepseek] 3/6 策略=仅标题+链接 retry=2): Error code: 401 - {'error': {'message': 'Authentication Fails, Your api key: ****df0d is invalid', 'type': 'authentication_error', 'param': None, 'code': 'invalid_request_error'}}
2026-08-04 18:01:00 [WARNING] [[deepseek] 3/6 策略=仅标题+链接 retry=2] AI 调用失败或解析失败，继续下一次尝试
2026-08-04 18:01:00 [INFO] 🤖 AI 筛选 [[deepseek] 4/6 策略=完整内容 retry=0]（46 条，13791 字符，temp=0.3）
2026-08-04 18:01:01 [ERROR] AI 调用异常 ([deepseek] 4/6 策略=完整内容 retry=0): Error code: 401 - {'error': {'message': 'Authentication Fails, Your api key: ****df0d is invalid', 'type': 'authentication_error', 'param': None, 'code': 'invalid_request_error'}}
2026-08-04 18:01:01 [WARNING] [[deepseek] 4/6 策略=完整内容 retry=0] AI 调用失败或解析失败，继续下一次尝试
2026-08-04 18:01:01 [INFO] 🤖 AI 筛选 [[deepseek] 5/6 策略=完整内容 retry=1]（46 条，13791 字符，temp=0.3）
2026-08-04 18:01:01 [ERROR] AI 调用异常 ([deepseek] 5/6 策略=完整内容 retry=1): Error code: 401 - {'error': {'message': 'Authentication Fails, Your api key: ****df0d is invalid', 'type': 'authentication_error', 'param': None, 'code': 'invalid_request_error'}}
2026-08-04 18:01:01 [WARNING] [[deepseek] 5/6 策略=完整内容 retry=1] AI 调用失败或解析失败，继续下一次尝试
2026-08-04 18:01:01 [INFO] 🤖 AI 筛选 [[deepseek] 6/6 策略=仅标题（无历史） retry=0]（46 条，9014 字符，temp=0.3）
2026-08-04 18:01:02 [ERROR] AI 调用异常 ([deepseek] 6/6 策略=仅标题（无历史） retry=0): Error code: 401 - {'error': {'message': 'Authentication Fails, Your api key: ****df0d is invalid', 'type': 'authentication_error', 'param': None, 'code': 'invalid_request_error'}}
2026-08-04 18:01:02 [WARNING] [[deepseek] 6/6 策略=仅标题（无历史） retry=0] AI 调用失败或解析失败，继续下一次尝试
2026-08-04 18:01:02 [WARNING] [deepseek] 已达最大尝试次数 6，停止
2026-08-04 18:01:02 [INFO] ⚠️ deepseek 未能产出满意结果，尝试下一个提供商
2026-08-04 18:01:02 [INFO] 🔄 尝试 AI 提供商: zhipu
2026-08-04 18:01:02 [ERROR] 未设置环境变量 ZHIPU_API_KEY，无法使用 zhipu
2026-08-04 18:01:02 [INFO] ⚠️ zhipu 未能产出满意结果，尝试下一个提供商
2026-08-04 18:01:02 [INFO] 🔄 尝试 AI 提供商: kimi
2026-08-04 18:01:02 [ERROR] 未设置环境变量 KIMI_API_KEY，无法使用 kimi
2026-08-04 18:01:02 [INFO] ⚠️ kimi 未能产出满意结果，尝试下一个提供商
2026-08-04 18:01:02 [INFO] 🔄 尝试 AI 提供商: huoshan
2026-08-04 18:01:02 [ERROR] 未设置环境变量 HUOSHAN_API_KEY，无法使用 huoshan
2026-08-04 18:01:02 [INFO] ⚠️ huoshan 未能产出满意结果，尝试下一个提供商
2026-08-04 18:01:02 [ERROR] ❌ 所有提供商均失败，返回空列表
2026-08-04 18:01:02 [INFO] 📦 JSON 已保存: reports/2026-08-05-02.json
2026-08-04 18:01:02 [INFO] ✅ AI 筛选完成，共 0 条交易相关消息
2026-08-04 19:00:57 [INFO] 🚀 开始抓取 2026-08-05 03:00 币圈新闻
2026-08-04 19:00:57 [INFO] 📡 抓取 RSS 新闻源...
2026-08-04 19:00:57 [INFO] 📡 抓取交易所公告 & 链上数据...
2026-08-04 19:00:57 [INFO]   ⏭ Decrypt: 过滤掉 37 条非近期新闻
2026-08-04 19:00:57 [INFO]   ⏭ The Block: 过滤掉 19 条非近期新闻
2026-08-04 19:00:57 [INFO]   ⏭ CoinTelegraph: 过滤掉 29 条非近期新闻
2026-08-04 19:00:57 [INFO]   ⏭ Bitcoin Magazine: 过滤掉 8 条非近期新闻
2026-08-04 19:00:57 [INFO]   ⏭ CoinDesk: 过滤掉 23 条非近期新闻
2026-08-04 19:00:58 [INFO]   ⏭ Blockworks: 过滤掉 50 条非近期新闻
2026-08-04 19:00:58 [INFO]   ⏭ Bloomberg Crypto: 过滤掉 50 条非近期新闻
2026-08-04 19:00:58 [WARNING] 解析失败 Bitget公告: 'NoneType' object is not subscriptable
2026-08-04 19:00:58 [INFO]   ⏭ Reuters Crypto: 过滤掉 50 条非近期新闻
2026-08-04 19:00:58 [INFO]   ⏭ CNBC Crypto: 过滤掉 49 条非近期新闻
2026-08-04 19:00:58 [INFO]   ⏭ 宏观经济: 过滤掉 50 条非近期新闻
2026-08-04 19:00:58 [INFO]   ⏭ DL News: 过滤掉 50 条非近期新闻
2026-08-04 19:00:58 [INFO]   ⏭ Blockworks: 过滤掉 9 条非近期新闻
2026-08-04 19:00:58 [INFO]   ⏭ Reddit r/bitcoin: 过滤掉 22 条非近期新闻
2026-08-04 19:00:58 [INFO]   ⏭ 宏观经济: 过滤掉 50 条非近期新闻
2026-08-04 19:00:58 [INFO]   ⏭ DeFi Llama: 过滤掉 50 条非近期新闻
2026-08-04 19:00:58 [INFO]   ⏭ 雪球加密: 过滤掉 50 条非近期新闻
2026-08-04 19:00:58 [INFO]   ⏭ 吴说区块链: 过滤掉 50 条非近期新闻
2026-08-04 19:00:59 [INFO]   ⏭ Crypto Twitter: 过滤掉 44 条非近期新闻
2026-08-04 19:00:59 [INFO]   ⏭ PANews: 过滤掉 50 条非近期新闻
2026-08-04 19:00:59 [INFO]   ⏭ 律动BlockBeats: 过滤掉 50 条非近期新闻
2026-08-04 19:01:00 [INFO]   ✓ CoinDesk: 2 条
2026-08-04 19:01:00 [INFO]   ✓ The Block: 1 条
2026-08-04 19:01:00 [INFO]   ✓ Decrypt: 2 条
2026-08-04 19:01:00 [INFO]   ✓ CoinTelegraph: 1 条
2026-08-04 19:01:00 [INFO]   ✓ Bitcoin Magazine: 2 条
2026-08-04 19:01:00 [INFO]   ✓ Blockworks: 0 条
2026-08-04 19:01:00 [INFO]   ✓ DL News: 0 条
2026-08-04 19:01:00 [INFO]   ✓ 金色财经: 2 条
2026-08-04 19:01:00 [INFO]   ✓ PANews: 0 条
2026-08-04 19:01:00 [INFO]   ✓ 律动BlockBeats: 0 条
2026-08-04 19:01:00 [INFO]   ✓ 吴说区块链: 0 条
2026-08-04 19:01:00 [INFO]   ✓ Bloomberg Crypto: 0 条
2026-08-04 19:01:00 [INFO]   ✓ Reuters Crypto: 0 条
2026-08-04 19:01:00 [INFO]   ✓ CNBC Crypto: 1 条
2026-08-04 19:01:00 [INFO]   ✓ Reddit r/cryptocurrency: 0 条
2026-08-04 19:01:00 [INFO]   ✓ Reddit r/bitcoin: 3 条
2026-08-04 19:01:00 [INFO]   ✓ Crypto Twitter: 6 条
2026-08-04 19:01:00 [INFO]   ✓ 宏观经济: 0 条
2026-08-04 19:01:00 [INFO]   ✓ Binance公告: 20 条
2026-08-04 19:01:00 [INFO]   ✓ OKX公告: 0 条
2026-08-04 19:01:00 [INFO]   ✓ Bitget公告: 0 条
2026-08-04 19:01:00 [INFO]   ✓ Whale Alert: 0 条
2026-08-04 19:01:00 [INFO]   ✓ Fear & Greed Index: 1 条
2026-08-04 19:01:00 [INFO]   ✓ DeFi Llama: 0 条
2026-08-04 19:01:00 [INFO]   ✓ 雪球加密: 0 条
2026-08-04 19:01:00 [INFO] 📊 共抓取 41 条新闻
2026-08-04 19:01:00 [INFO] 📋 原始新闻已保存: reports/2026-08-05-03-raw.json (41 条)
2026-08-04 19:01:00 [INFO] 📋 标题摘要已保存: reports/2026-08-05-03-raw-titles.md
2026-08-04 19:01:00 [INFO] ✅ 抓取完成，共 41 条，已保存到 reports/2026-08-05-03-raw.json
2026-08-04 19:01:00 [INFO] 🤖 开始 AI 筛选 2026-08-05 03:00 币圈消息
2026-08-04 19:01:00 [INFO] 📋 已加载原始新闻: reports/2026-08-05-03-raw.json (41 条)
2026-08-04 19:01:00 [INFO] 📚 已加载历史新闻标题（25401 字符）
2026-08-04 19:01:00 [INFO] 📚 已加载历史筛选标题 0 条、URL 0 个，用于去重
2026-08-04 19:01:00 [INFO] 🔄 尝试 AI 提供商: deepseek
2026-08-04 19:01:00 [INFO] 🤖 使用 AI 提供商: deepseek (模型: deepseek-v4-flash)
2026-08-04 19:01:00 [INFO] 🤖 AI 筛选 [[deepseek] 1/6 策略=仅标题+链接 retry=0]（41 条，8705 字符，temp=0.3）
2026-08-04 19:01:01 [ERROR] AI 调用异常 ([deepseek] 1/6 策略=仅标题+链接 retry=0): Error code: 401 - {'error': {'message': 'Authentication Fails, Your api key: ****df0d is invalid', 'type': 'authentication_error', 'param': None, 'code': 'invalid_request_error'}}
2026-08-04 19:01:01 [WARNING] [[deepseek] 1/6 策略=仅标题+链接 retry=0] AI 调用失败或解析失败，继续下一次尝试
2026-08-04 19:01:01 [INFO] 🤖 AI 筛选 [[deepseek] 2/6 策略=仅标题+链接 retry=1]（41 条，8705 字符，temp=0.3）
2026-08-04 19:01:02 [ERROR] AI 调用异常 ([deepseek] 2/6 策略=仅标题+链接 retry=1): Error code: 401 - {'error': {'message': 'Authentication Fails, Your api key: ****df0d is invalid', 'type': 'authentication_error', 'param': None, 'code': 'invalid_request_error'}}
2026-08-04 19:01:02 [WARNING] [[deepseek] 2/6 策略=仅标题+链接 retry=1] AI 调用失败或解析失败，继续下一次尝试
2026-08-04 19:01:02 [INFO] 🤖 AI 筛选 [[deepseek] 3/6 策略=仅标题+链接 retry=2]（41 条，8705 字符，temp=0.3）
2026-08-04 19:01:02 [ERROR] AI 调用异常 ([deepseek] 3/6 策略=仅标题+链接 retry=2): Error code: 401 - {'error': {'message': 'Authentication Fails, Your api key: ****df0d is invalid', 'type': 'authentication_error', 'param': None, 'code': 'invalid_request_error'}}
2026-08-04 19:01:02 [WARNING] [[deepseek] 3/6 策略=仅标题+链接 retry=2] AI 调用失败或解析失败，继续下一次尝试
2026-08-04 19:01:02 [INFO] 🤖 AI 筛选 [[deepseek] 4/6 策略=完整内容 retry=0]（41 条，12697 字符，temp=0.3）
2026-08-04 19:01:03 [ERROR] AI 调用异常 ([deepseek] 4/6 策略=完整内容 retry=0): Error code: 401 - {'error': {'message': 'Authentication Fails, Your api key: ****df0d is invalid', 'type': 'authentication_error', 'param': None, 'code': 'invalid_request_error'}}
2026-08-04 19:01:03 [WARNING] [[deepseek] 4/6 策略=完整内容 retry=0] AI 调用失败或解析失败，继续下一次尝试
2026-08-04 19:01:03 [INFO] 🤖 AI 筛选 [[deepseek] 5/6 策略=完整内容 retry=1]（41 条，12697 字符，temp=0.3）
2026-08-04 19:01:03 [ERROR] AI 调用异常 ([deepseek] 5/6 策略=完整内容 retry=1): Error code: 401 - {'error': {'message': 'Authentication Fails, Your api key: ****df0d is invalid', 'type': 'authentication_error', 'param': None, 'code': 'invalid_request_error'}}
2026-08-04 19:01:03 [WARNING] [[deepseek] 5/6 策略=完整内容 retry=1] AI 调用失败或解析失败，继续下一次尝试
2026-08-04 19:01:03 [INFO] 🤖 AI 筛选 [[deepseek] 6/6 策略=仅标题（无历史） retry=0]（41 条，8705 字符，temp=0.3）
2026-08-04 19:01:04 [ERROR] AI 调用异常 ([deepseek] 6/6 策略=仅标题（无历史） retry=0): Error code: 401 - {'error': {'message': 'Authentication Fails, Your api key: ****df0d is invalid', 'type': 'authentication_error', 'param': None, 'code': 'invalid_request_error'}}
2026-08-04 19:01:04 [WARNING] [[deepseek] 6/6 策略=仅标题（无历史） retry=0] AI 调用失败或解析失败，继续下一次尝试
2026-08-04 19:01:04 [WARNING] [deepseek] 已达最大尝试次数 6，停止
2026-08-04 19:01:04 [INFO] ⚠️ deepseek 未能产出满意结果，尝试下一个提供商
2026-08-04 19:01:04 [INFO] 🔄 尝试 AI 提供商: zhipu
2026-08-04 19:01:04 [ERROR] 未设置环境变量 ZHIPU_API_KEY，无法使用 zhipu
2026-08-04 19:01:04 [INFO] ⚠️ zhipu 未能产出满意结果，尝试下一个提供商
2026-08-04 19:01:04 [INFO] 🔄 尝试 AI 提供商: kimi
2026-08-04 19:01:04 [ERROR] 未设置环境变量 KIMI_API_KEY，无法使用 kimi
2026-08-04 19:01:04 [INFO] ⚠️ kimi 未能产出满意结果，尝试下一个提供商
2026-08-04 19:01:04 [INFO] 🔄 尝试 AI 提供商: huoshan
2026-08-04 19:01:04 [ERROR] 未设置环境变量 HUOSHAN_API_KEY，无法使用 huoshan
2026-08-04 19:01:04 [INFO] ⚠️ huoshan 未能产出满意结果，尝试下一个提供商
2026-08-04 19:01:04 [ERROR] ❌ 所有提供商均失败，返回空列表
2026-08-04 19:01:04 [INFO] 📦 JSON 已保存: reports/2026-08-05-03.json
2026-08-04 19:01:04 [INFO] ✅ AI 筛选完成，共 0 条交易相关消息
2026-08-04 20:00:56 [INFO] 🚀 开始抓取 2026-08-05 04:00 币圈新闻
2026-08-04 20:00:56 [INFO] 📡 抓取 RSS 新闻源...
2026-08-04 20:00:56 [INFO] 📡 抓取交易所公告 & 链上数据...
2026-08-04 20:00:56 [INFO]   ⏭ Decrypt: 过滤掉 37 条非近期新闻
2026-08-04 20:00:56 [INFO]   ⏭ The Block: 过滤掉 18 条非近期新闻
2026-08-04 20:00:56 [INFO]   ⏭ CoinTelegraph: 过滤掉 30 条非近期新闻
2026-08-04 20:00:56 [INFO]   ⏭ Bloomberg Crypto: 过滤掉 49 条非近期新闻
2026-08-04 20:00:56 [WARNING] 解析失败 Bitget公告: 'NoneType' object is not subscriptable
2026-08-04 20:00:56 [INFO]   ⏭ CNBC Crypto: 过滤掉 50 条非近期新闻
2026-08-04 20:00:56 [INFO]   ⏭ 宏观经济: 过滤掉 50 条非近期新闻
2026-08-04 20:00:56 [INFO]   ⏭ Reuters Crypto: 过滤掉 50 条非近期新闻
2026-08-04 20:00:57 [INFO]   ⏭ CoinDesk: 过滤掉 25 条非近期新闻
2026-08-04 20:00:57 [INFO]   ⏭ Bitcoin Magazine: 过滤掉 9 条非近期新闻
2026-08-04 20:00:57 [INFO]   ⏭ Blockworks: 过滤掉 50 条非近期新闻
2026-08-04 20:00:57 [INFO]   ⏭ 宏观经济: 过滤掉 50 条非近期新闻
2026-08-04 20:00:57 [INFO]   ⏭ DL News: 过滤掉 50 条非近期新闻
2026-08-04 20:00:57 [INFO]   ⏭ Crypto Twitter: 过滤掉 41 条非近期新闻
2026-08-04 20:00:57 [INFO]   ⏭ Blockworks: 过滤掉 10 条非近期新闻
2026-08-04 20:00:57 [INFO]   ⏭ 吴说区块链: 过滤掉 50 条非近期新闻
2026-08-04 20:00:57 [INFO]   ⏭ DeFi Llama: 过滤掉 50 条非近期新闻
2026-08-04 20:00:57 [INFO]   ⏭ 雪球加密: 过滤掉 50 条非近期新闻
2026-08-04 20:00:57 [INFO]   ⏭ CoinDesk: 过滤掉 50 条非近期新闻
2026-08-04 20:00:58 [INFO]   ⏭ Reddit r/bitcoin: 过滤掉 24 条非近期新闻
2026-08-04 20:00:58 [INFO]   ⏭ PANews: 过滤掉 50 条非近期新闻
2026-08-04 20:00:59 [INFO]   ⏭ CoinTelegraph: 过滤掉 22 条非近期新闻
2026-08-04 20:00:59 [INFO]   ⏭ CoinTelegraph: 过滤掉 50 条非近期新闻
2026-08-04 20:01:04 [INFO]   ⏭ 律动BlockBeats: 过滤掉 50 条非近期新闻
2026-08-04 20:01:04 [INFO]   ✓ CoinDesk: 0 条
2026-08-04 20:01:04 [INFO]   ✓ The Block: 2 条
2026-08-04 20:01:04 [INFO]   ✓ Decrypt: 2 条
2026-08-04 20:01:04 [INFO]   ✓ CoinTelegraph: 0 条
2026-08-04 20:01:04 [INFO]   ✓ Bitcoin Magazine: 1 条
2026-08-04 20:01:04 [INFO]   ✓ Blockworks: 0 条
2026-08-04 20:01:04 [INFO]   ✓ DL News: 0 条
2026-08-04 20:01:04 [INFO]   ✓ 金色财经: 1 条
2026-08-04 20:01:04 [INFO]   ✓ PANews: 0 条
2026-08-04 20:01:04 [INFO]   ✓ 律动BlockBeats: 0 条
2026-08-04 20:01:04 [INFO]   ✓ 吴说区块链: 0 条
2026-08-04 20:01:04 [INFO]   ✓ Bloomberg Crypto: 1 条
2026-08-04 20:01:04 [INFO]   ✓ Reuters Crypto: 0 条
2026-08-04 20:01:04 [INFO]   ✓ CNBC Crypto: 0 条
2026-08-04 20:01:04 [INFO]   ✓ Reddit r/cryptocurrency: 0 条
2026-08-04 20:01:04 [INFO]   ✓ Reddit r/bitcoin: 1 条
2026-08-04 20:01:04 [INFO]   ✓ Crypto Twitter: 9 条
2026-08-04 20:01:04 [INFO]   ✓ 宏观经济: 0 条
2026-08-04 20:01:04 [INFO]   ✓ Binance公告: 20 条
2026-08-04 20:01:04 [INFO]   ✓ OKX公告: 0 条
2026-08-04 20:01:04 [INFO]   ✓ Bitget公告: 0 条
2026-08-04 20:01:04 [INFO]   ✓ Whale Alert: 0 条
2026-08-04 20:01:04 [INFO]   ✓ Fear & Greed Index: 1 条
2026-08-04 20:01:04 [INFO]   ✓ DeFi Llama: 0 条
2026-08-04 20:01:04 [INFO]   ✓ 雪球加密: 0 条
2026-08-04 20:01:04 [INFO] 📊 共抓取 38 条新闻
2026-08-04 20:01:04 [INFO] 📋 原始新闻已保存: reports/2026-08-05-04-raw.json (38 条)
2026-08-04 20:01:04 [INFO] 📋 标题摘要已保存: reports/2026-08-05-04-raw-titles.md
2026-08-04 20:01:04 [INFO] ✅ 抓取完成，共 38 条，已保存到 reports/2026-08-05-04-raw.json
2026-08-04 20:01:05 [INFO] 🤖 开始 AI 筛选 2026-08-05 04:00 币圈消息
2026-08-04 20:01:05 [INFO] 📋 已加载原始新闻: reports/2026-08-05-04-raw.json (38 条)
2026-08-04 20:01:05 [INFO] 📚 已加载历史新闻标题（24195 字符）
2026-08-04 20:01:05 [INFO] 📚 已加载历史筛选标题 0 条、URL 0 个，用于去重
2026-08-04 20:01:05 [INFO] 🔄 尝试 AI 提供商: deepseek
2026-08-04 20:01:05 [INFO] 🤖 使用 AI 提供商: deepseek (模型: deepseek-v4-flash)
2026-08-04 20:01:05 [INFO] 🤖 AI 筛选 [[deepseek] 1/6 策略=仅标题+链接 retry=0]（38 条，8679 字符，temp=0.3）
2026-08-04 20:01:06 [ERROR] AI 调用异常 ([deepseek] 1/6 策略=仅标题+链接 retry=0): Error code: 401 - {'error': {'message': 'Authentication Fails, Your api key: ****df0d is invalid', 'type': 'authentication_error', 'param': None, 'code': 'invalid_request_error'}}
2026-08-04 20:01:06 [WARNING] [[deepseek] 1/6 策略=仅标题+链接 retry=0] AI 调用失败或解析失败，继续下一次尝试
2026-08-04 20:01:06 [INFO] 🤖 AI 筛选 [[deepseek] 2/6 策略=仅标题+链接 retry=1]（38 条，8679 字符，temp=0.3）
2026-08-04 20:01:06 [ERROR] AI 调用异常 ([deepseek] 2/6 策略=仅标题+链接 retry=1): Error code: 401 - {'error': {'message': 'Authentication Fails, Your api key: ****df0d is invalid', 'type': 'authentication_error', 'param': None, 'code': 'invalid_request_error'}}
2026-08-04 20:01:06 [WARNING] [[deepseek] 2/6 策略=仅标题+链接 retry=1] AI 调用失败或解析失败，继续下一次尝试
2026-08-04 20:01:06 [INFO] 🤖 AI 筛选 [[deepseek] 3/6 策略=仅标题+链接 retry=2]（38 条，8679 字符，temp=0.3）
2026-08-04 20:01:07 [ERROR] AI 调用异常 ([deepseek] 3/6 策略=仅标题+链接 retry=2): Error code: 401 - {'error': {'message': 'Authentication Fails, Your api key: ****df0d is invalid', 'type': 'authentication_error', 'param': None, 'code': 'invalid_request_error'}}
2026-08-04 20:01:07 [WARNING] [[deepseek] 3/6 策略=仅标题+链接 retry=2] AI 调用失败或解析失败，继续下一次尝试
2026-08-04 20:01:07 [INFO] 🤖 AI 筛选 [[deepseek] 4/6 策略=完整内容 retry=0]（38 条，12489 字符，temp=0.3）
2026-08-04 20:01:07 [ERROR] AI 调用异常 ([deepseek] 4/6 策略=完整内容 retry=0): Error code: 401 - {'error': {'message': 'Authentication Fails, Your api key: ****df0d is invalid', 'type': 'authentication_error', 'param': None, 'code': 'invalid_request_error'}}
2026-08-04 20:01:07 [WARNING] [[deepseek] 4/6 策略=完整内容 retry=0] AI 调用失败或解析失败，继续下一次尝试
2026-08-04 20:01:07 [INFO] 🤖 AI 筛选 [[deepseek] 5/6 策略=完整内容 retry=1]（38 条，12489 字符，temp=0.3）
2026-08-04 20:01:08 [ERROR] AI 调用异常 ([deepseek] 5/6 策略=完整内容 retry=1): Error code: 401 - {'error': {'message': 'Authentication Fails, Your api key: ****df0d is invalid', 'type': 'authentication_error', 'param': None, 'code': 'invalid_request_error'}}
2026-08-04 20:01:08 [WARNING] [[deepseek] 5/6 策略=完整内容 retry=1] AI 调用失败或解析失败，继续下一次尝试
2026-08-04 20:01:08 [INFO] 🤖 AI 筛选 [[deepseek] 6/6 策略=仅标题（无历史） retry=0]（38 条，8679 字符，temp=0.3）
2026-08-04 20:01:08 [ERROR] AI 调用异常 ([deepseek] 6/6 策略=仅标题（无历史） retry=0): Error code: 401 - {'error': {'message': 'Authentication Fails, Your api key: ****df0d is invalid', 'type': 'authentication_error', 'param': None, 'code': 'invalid_request_error'}}
2026-08-04 20:01:08 [WARNING] [[deepseek] 6/6 策略=仅标题（无历史） retry=0] AI 调用失败或解析失败，继续下一次尝试
2026-08-04 20:01:08 [WARNING] [deepseek] 已达最大尝试次数 6，停止
2026-08-04 20:01:08 [INFO] ⚠️ deepseek 未能产出满意结果，尝试下一个提供商
2026-08-04 20:01:08 [INFO] 🔄 尝试 AI 提供商: zhipu
2026-08-04 20:01:08 [ERROR] 未设置环境变量 ZHIPU_API_KEY，无法使用 zhipu
2026-08-04 20:01:08 [INFO] ⚠️ zhipu 未能产出满意结果，尝试下一个提供商
2026-08-04 20:01:08 [INFO] 🔄 尝试 AI 提供商: kimi
2026-08-04 20:01:08 [ERROR] 未设置环境变量 KIMI_API_KEY，无法使用 kimi
2026-08-04 20:01:08 [INFO] ⚠️ kimi 未能产出满意结果，尝试下一个提供商
2026-08-04 20:01:08 [INFO] 🔄 尝试 AI 提供商: huoshan
2026-08-04 20:01:08 [ERROR] 未设置环境变量 HUOSHAN_API_KEY，无法使用 huoshan
2026-08-04 20:01:08 [INFO] ⚠️ huoshan 未能产出满意结果，尝试下一个提供商
2026-08-04 20:01:08 [ERROR] ❌ 所有提供商均失败，返回空列表
2026-08-04 20:01:08 [INFO] 📦 JSON 已保存: reports/2026-08-05-04.json
2026-08-04 20:01:08 [INFO] ✅ AI 筛选完成，共 0 条交易相关消息
2026-08-04 21:01:04 [INFO] 🚀 开始抓取 2026-08-05 05:00 币圈新闻
2026-08-04 21:01:04 [INFO] 📡 抓取 RSS 新闻源...
2026-08-04 21:01:04 [INFO] 📡 抓取交易所公告 & 链上数据...
2026-08-04 21:01:04 [INFO]   ⏭ Decrypt: 过滤掉 36 条非近期新闻
2026-08-04 21:01:04 [INFO]   ⏭ The Block: 过滤掉 18 条非近期新闻
2026-08-04 21:01:04 [INFO]   ⏭ CoinTelegraph: 过滤掉 28 条非近期新闻
2026-08-04 21:01:05 [WARNING] 解析失败 Bitget公告: 'NoneType' object is not subscriptable
2026-08-04 21:01:05 [INFO]   ⏭ Bitcoin Magazine: 过滤掉 7 条非近期新闻
2026-08-04 21:01:05 [INFO]   ⏭ CoinDesk: 过滤掉 24 条非近期新闻
2026-08-04 21:01:05 [INFO]   ⏭ CNBC Crypto: 过滤掉 49 条非近期新闻
2026-08-04 21:01:05 [INFO]   ⏭ Bloomberg Crypto: 过滤掉 49 条非近期新闻
2026-08-04 21:01:05 [INFO]   ⏭ Blockworks: 过滤掉 50 条非近期新闻
2026-08-04 21:01:05 [INFO]   ⏭ Reuters Crypto: 过滤掉 50 条非近期新闻
2026-08-04 21:01:05 [INFO]   ⏭ 宏观经济: 过滤掉 50 条非近期新闻
2026-08-04 21:01:05 [INFO]   ⏭ Reddit r/cryptocurrency: 过滤掉 22 条非近期新闻
2026-08-04 21:01:05 [INFO]   ⏭ DL News: 过滤掉 50 条非近期新闻
2026-08-04 21:01:05 [INFO]   ⏭ Blockworks: 过滤掉 9 条非近期新闻
2026-08-04 21:01:05 [INFO]   ⏭ 宏观经济: 过滤掉 50 条非近期新闻
2026-08-04 21:01:06 [INFO]   ⏭ 雪球加密: 过滤掉 50 条非近期新闻
2026-08-04 21:01:06 [INFO]   ⏭ DeFi Llama: 过滤掉 50 条非近期新闻
2026-08-04 21:01:06 [INFO]   ⏭ 吴说区块链: 过滤掉 50 条非近期新闻
2026-08-04 21:01:06 [INFO]   ⏭ Crypto Twitter: 过滤掉 41 条非近期新闻
2026-08-04 21:01:06 [INFO]   ⏭ 律动BlockBeats: 过滤掉 50 条非近期新闻
2026-08-04 21:01:07 [INFO]   ⏭ PANews: 过滤掉 50 条非近期新闻
2026-08-04 21:01:14 [INFO]   ✓ CoinDesk: 1 条
2026-08-04 21:01:14 [INFO]   ✓ The Block: 2 条
2026-08-04 21:01:14 [INFO]   ✓ Decrypt: 3 条
2026-08-04 21:01:14 [INFO]   ✓ CoinTelegraph: 2 条
2026-08-04 21:01:14 [INFO]   ✓ Bitcoin Magazine: 3 条
2026-08-04 21:01:14 [INFO]   ✓ Blockworks: 0 条
2026-08-04 21:01:14 [INFO]   ✓ DL News: 0 条
2026-08-04 21:01:14 [INFO]   ✓ 金色财经: 8 条
2026-08-04 21:01:14 [INFO]   ✓ PANews: 0 条
2026-08-04 21:01:14 [INFO]   ✓ 律动BlockBeats: 0 条
2026-08-04 21:01:14 [INFO]   ✓ 吴说区块链: 0 条
2026-08-04 21:01:14 [INFO]   ✓ Bloomberg Crypto: 1 条
2026-08-04 21:01:14 [INFO]   ✓ Reuters Crypto: 0 条
2026-08-04 21:01:14 [INFO]   ✓ CNBC Crypto: 1 条
2026-08-04 21:01:14 [INFO]   ✓ Reddit r/cryptocurrency: 3 条
2026-08-04 21:01:14 [INFO]   ✓ Reddit r/bitcoin: 0 条
2026-08-04 21:01:14 [INFO]   ✓ Crypto Twitter: 9 条
2026-08-04 21:01:14 [INFO]   ✓ 宏观经济: 0 条
2026-08-04 21:01:14 [INFO]   ✓ Binance公告: 20 条
2026-08-04 21:01:14 [INFO]   ✓ OKX公告: 0 条
2026-08-04 21:01:14 [INFO]   ✓ Bitget公告: 0 条
2026-08-04 21:01:14 [INFO]   ✓ Whale Alert: 0 条
2026-08-04 21:01:14 [INFO]   ✓ Fear & Greed Index: 1 条
2026-08-04 21:01:14 [INFO]   ✓ DeFi Llama: 0 条
2026-08-04 21:01:14 [INFO]   ✓ 雪球加密: 0 条
2026-08-04 21:01:14 [INFO] 📊 共抓取 54 条新闻
2026-08-04 21:01:14 [INFO] 📋 原始新闻已保存: reports/2026-08-05-05-raw.json (54 条)
2026-08-04 21:01:14 [INFO] 📋 标题摘要已保存: reports/2026-08-05-05-raw-titles.md
2026-08-04 21:01:14 [INFO] ✅ 抓取完成，共 54 条，已保存到 reports/2026-08-05-05-raw.json
2026-08-04 21:01:15 [INFO] 🤖 开始 AI 筛选 2026-08-05 05:00 币圈消息
2026-08-04 21:01:15 [INFO] 📋 已加载原始新闻: reports/2026-08-05-05-raw.json (54 条)
2026-08-04 21:01:15 [INFO] 📚 已加载历史新闻标题（23171 字符）
2026-08-04 21:01:15 [INFO] 📚 已加载历史筛选标题 0 条、URL 0 个，用于去重
2026-08-04 21:01:15 [INFO] 🔄 尝试 AI 提供商: deepseek
2026-08-04 21:01:15 [INFO] 🤖 使用 AI 提供商: deepseek (模型: deepseek-v4-flash)
2026-08-04 21:01:15 [INFO] 🤖 AI 筛选 [[deepseek] 1/6 策略=仅标题+链接 retry=0]（54 条，11491 字符，temp=0.3）
2026-08-04 21:01:16 [ERROR] AI 调用异常 ([deepseek] 1/6 策略=仅标题+链接 retry=0): Error code: 401 - {'error': {'message': 'Authentication Fails, Your api key: ****df0d is invalid', 'type': 'authentication_error', 'param': None, 'code': 'invalid_request_error'}}
2026-08-04 21:01:16 [WARNING] [[deepseek] 1/6 策略=仅标题+链接 retry=0] AI 调用失败或解析失败，继续下一次尝试
2026-08-04 21:01:16 [INFO] 🤖 AI 筛选 [[deepseek] 2/6 策略=仅标题+链接 retry=1]（54 条，11491 字符，temp=0.3）
2026-08-04 21:01:16 [ERROR] AI 调用异常 ([deepseek] 2/6 策略=仅标题+链接 retry=1): Error code: 401 - {'error': {'message': 'Authentication Fails, Your api key: ****df0d is invalid', 'type': 'authentication_error', 'param': None, 'code': 'invalid_request_error'}}
2026-08-04 21:01:16 [WARNING] [[deepseek] 2/6 策略=仅标题+链接 retry=1] AI 调用失败或解析失败，继续下一次尝试
2026-08-04 21:01:16 [INFO] 🤖 AI 筛选 [[deepseek] 3/6 策略=仅标题+链接 retry=2]（54 条，11491 字符，temp=0.3）
2026-08-04 21:01:17 [ERROR] AI 调用异常 ([deepseek] 3/6 策略=仅标题+链接 retry=2): Error code: 401 - {'error': {'message': 'Authentication Fails, Your api key: ****df0d is invalid', 'type': 'authentication_error', 'param': None, 'code': 'invalid_request_error'}}
2026-08-04 21:01:17 [WARNING] [[deepseek] 3/6 策略=仅标题+链接 retry=2] AI 调用失败或解析失败，继续下一次尝试
2026-08-04 21:01:17 [INFO] 🤖 AI 筛选 [[deepseek] 4/6 策略=完整内容 retry=0]（54 条，18160 字符，temp=0.3）
2026-08-04 21:01:17 [ERROR] AI 调用异常 ([deepseek] 4/6 策略=完整内容 retry=0): Error code: 401 - {'error': {'message': 'Authentication Fails, Your api key: ****df0d is invalid', 'type': 'authentication_error', 'param': None, 'code': 'invalid_request_error'}}
2026-08-04 21:01:17 [WARNING] [[deepseek] 4/6 策略=完整内容 retry=0] AI 调用失败或解析失败，继续下一次尝试
2026-08-04 21:01:17 [INFO] 🤖 AI 筛选 [[deepseek] 5/6 策略=完整内容 retry=1]（54 条，18160 字符，temp=0.3）
2026-08-04 21:01:18 [ERROR] AI 调用异常 ([deepseek] 5/6 策略=完整内容 retry=1): Error code: 401 - {'error': {'message': 'Authentication Fails, Your api key: ****df0d is invalid', 'type': 'authentication_error', 'param': None, 'code': 'invalid_request_error'}}
2026-08-04 21:01:18 [WARNING] [[deepseek] 5/6 策略=完整内容 retry=1] AI 调用失败或解析失败，继续下一次尝试
2026-08-04 21:01:18 [INFO] 🤖 AI 筛选 [[deepseek] 6/6 策略=仅标题（无历史） retry=0]（54 条，11491 字符，temp=0.3）
2026-08-04 21:01:18 [ERROR] AI 调用异常 ([deepseek] 6/6 策略=仅标题（无历史） retry=0): Error code: 401 - {'error': {'message': 'Authentication Fails, Your api key: ****df0d is invalid', 'type': 'authentication_error', 'param': None, 'code': 'invalid_request_error'}}
2026-08-04 21:01:18 [WARNING] [[deepseek] 6/6 策略=仅标题（无历史） retry=0] AI 调用失败或解析失败，继续下一次尝试
2026-08-04 21:01:18 [WARNING] [deepseek] 已达最大尝试次数 6，停止
2026-08-04 21:01:18 [INFO] ⚠️ deepseek 未能产出满意结果，尝试下一个提供商
2026-08-04 21:01:18 [INFO] 🔄 尝试 AI 提供商: zhipu
2026-08-04 21:01:18 [ERROR] 未设置环境变量 ZHIPU_API_KEY，无法使用 zhipu
2026-08-04 21:01:18 [INFO] ⚠️ zhipu 未能产出满意结果，尝试下一个提供商
2026-08-04 21:01:18 [INFO] 🔄 尝试 AI 提供商: kimi
2026-08-04 21:01:18 [ERROR] 未设置环境变量 KIMI_API_KEY，无法使用 kimi
2026-08-04 21:01:18 [INFO] ⚠️ kimi 未能产出满意结果，尝试下一个提供商
2026-08-04 21:01:18 [INFO] 🔄 尝试 AI 提供商: huoshan
2026-08-04 21:01:18 [ERROR] 未设置环境变量 HUOSHAN_API_KEY，无法使用 huoshan
2026-08-04 21:01:18 [INFO] ⚠️ huoshan 未能产出满意结果，尝试下一个提供商
2026-08-04 21:01:18 [ERROR] ❌ 所有提供商均失败，返回空列表
2026-08-04 21:01:18 [INFO] 📦 JSON 已保存: reports/2026-08-05-05.json
2026-08-04 21:01:18 [INFO] ✅ AI 筛选完成，共 0 条交易相关消息
2026-08-04 22:01:02 [INFO] 🚀 开始抓取 2026-08-05 06:00 币圈新闻
2026-08-04 22:01:02 [INFO] 📡 抓取 RSS 新闻源...
2026-08-04 22:01:02 [INFO] 📡 抓取交易所公告 & 链上数据...
2026-08-04 22:01:02 [INFO]   ⏭ Decrypt: 过滤掉 35 条非近期新闻
2026-08-04 22:01:02 [INFO]   ⏭ The Block: 过滤掉 19 条非近期新闻
2026-08-04 22:01:03 [INFO]   ⏭ CoinTelegraph: 过滤掉 30 条非近期新闻
2026-08-04 22:01:03 [INFO]   ⏭ Bitcoin Magazine: 过滤掉 6 条非近期新闻
2026-08-04 22:01:03 [WARNING] 解析失败 Bitget公告: 'NoneType' object is not subscriptable
2026-08-04 22:01:03 [INFO]   ⏭ Bloomberg Crypto: 过滤掉 50 条非近期新闻
2026-08-04 22:01:03 [INFO]   ⏭ Reuters Crypto: 过滤掉 50 条非近期新闻
2026-08-04 22:01:03 [INFO]   ⏭ 宏观经济: 过滤掉 50 条非近期新闻
2026-08-04 22:01:03 [INFO]   ⏭ Blockworks: 过滤掉 50 条非近期新闻
2026-08-04 22:01:03 [INFO]   ⏭ CNBC Crypto: 过滤掉 50 条非近期新闻
2026-08-04 22:01:03 [INFO]   ⏭ CoinDesk: 过滤掉 24 条非近期新闻
2026-08-04 22:01:03 [INFO]   ⏭ 吴说区块链: 过滤掉 50 条非近期新闻
2026-08-04 22:01:03 [INFO]   ⏭ DL News: 过滤掉 50 条非近期新闻
2026-08-04 22:01:03 [INFO]   ⏭ Reddit r/bitcoin: 过滤掉 23 条非近期新闻
2026-08-04 22:01:03 [INFO]   ⏭ DeFi Llama: 过滤掉 50 条非近期新闻
2026-08-04 22:01:03 [INFO]   ⏭ 雪球加密: 过滤掉 50 条非近期新闻
2026-08-04 22:01:04 [INFO]   ⏭ 宏观经济: 过滤掉 50 条非近期新闻
2026-08-04 22:01:04 [INFO]   ⏭ Blockworks: 过滤掉 10 条非近期新闻
2026-08-04 22:01:04 [INFO]   ⏭ Crypto Twitter: 过滤掉 43 条非近期新闻
2026-08-04 22:01:09 [INFO]   ⏭ CoinTelegraph: 过滤掉 23 条非近期新闻
2026-08-04 22:01:10 [INFO]   ⏭ CoinTelegraph: 过滤掉 50 条非近期新闻
2026-08-04 22:01:18 [DEBUG] 请求失败 https://rsshub.rssforever.com/panewslab/news: 
2026-08-04 22:01:18 [DEBUG] 请求失败 https://rsshub.rssforever.com/jinse/lives: 
2026-08-04 22:01:18 [DEBUG] 请求失败 https://rsshub.rssforever.com/theblockbeats/newsflash: 
2026-08-04 22:01:18 [INFO]   ⏭ 律动BlockBeats: 过滤掉 50 条非近期新闻
2026-08-04 22:01:19 [INFO]   ⏭ PANews: 过滤掉 50 条非近期新闻
2026-08-04 22:01:19 [INFO]   ✓ CoinDesk: 1 条
2026-08-04 22:01:19 [INFO]   ✓ The Block: 1 条
2026-08-04 22:01:19 [INFO]   ✓ Decrypt: 4 条
2026-08-04 22:01:19 [INFO]   ✓ CoinTelegraph: 0 条
2026-08-04 22:01:19 [INFO]   ✓ Bitcoin Magazine: 4 条
2026-08-04 22:01:19 [INFO]   ✓ Blockworks: 0 条
2026-08-04 22:01:19 [INFO]   ✓ DL News: 0 条
2026-08-04 22:01:19 [INFO]   ✓ 金色财经: 0 条
2026-08-04 22:01:19 [INFO]   ✓ PANews: 0 条
2026-08-04 22:01:19 [INFO]   ✓ 律动BlockBeats: 0 条
2026-08-04 22:01:19 [INFO]   ✓ 吴说区块链: 0 条
2026-08-04 22:01:19 [INFO]   ✓ Bloomberg Crypto: 0 条
2026-08-04 22:01:19 [INFO]   ✓ Reuters Crypto: 0 条
2026-08-04 22:01:19 [INFO]   ✓ CNBC Crypto: 0 条
2026-08-04 22:01:19 [INFO]   ✓ Reddit r/cryptocurrency: 0 条
2026-08-04 22:01:19 [INFO]   ✓ Reddit r/bitcoin: 2 条
2026-08-04 22:01:19 [INFO]   ✓ Crypto Twitter: 7 条
2026-08-04 22:01:19 [INFO]   ✓ 宏观经济: 0 条
2026-08-04 22:01:19 [INFO]   ✓ Binance公告: 20 条
2026-08-04 22:01:19 [INFO]   ✓ OKX公告: 0 条
2026-08-04 22:01:19 [INFO]   ✓ Bitget公告: 0 条
2026-08-04 22:01:19 [INFO]   ✓ Whale Alert: 0 条
2026-08-04 22:01:19 [INFO]   ✓ Fear & Greed Index: 1 条
2026-08-04 22:01:19 [INFO]   ✓ DeFi Llama: 0 条
2026-08-04 22:01:19 [INFO]   ✓ 雪球加密: 0 条
2026-08-04 22:01:19 [INFO] 📊 共抓取 40 条新闻
2026-08-04 22:01:19 [INFO] 📋 原始新闻已保存: reports/2026-08-05-06-raw.json (40 条)
2026-08-04 22:01:19 [INFO] 📋 标题摘要已保存: reports/2026-08-05-06-raw-titles.md
2026-08-04 22:01:19 [INFO] ✅ 抓取完成，共 40 条，已保存到 reports/2026-08-05-06-raw.json
2026-08-04 22:01:19 [INFO] 🤖 开始 AI 筛选 2026-08-05 06:00 币圈消息
2026-08-04 22:01:19 [INFO] 📋 已加载原始新闻: reports/2026-08-05-06-raw.json (40 条)
2026-08-04 22:01:19 [INFO] 📚 已加载历史新闻标题（22791 字符）
2026-08-04 22:01:19 [INFO] 📚 已加载历史筛选标题 0 条、URL 0 个，用于去重
2026-08-04 22:01:19 [INFO] 🔄 尝试 AI 提供商: deepseek
2026-08-04 22:01:19 [INFO] 🤖 使用 AI 提供商: deepseek (模型: deepseek-v4-flash)
2026-08-04 22:01:19 [INFO] 🤖 AI 筛选 [[deepseek] 1/6 策略=仅标题+链接 retry=0]（40 条，8483 字符，temp=0.3）
2026-08-04 22:01:20 [ERROR] AI 调用异常 ([deepseek] 1/6 策略=仅标题+链接 retry=0): Error code: 401 - {'error': {'message': 'Authentication Fails, Your api key: ****df0d is invalid', 'type': 'authentication_error', 'param': None, 'code': 'invalid_request_error'}}
2026-08-04 22:01:20 [WARNING] [[deepseek] 1/6 策略=仅标题+链接 retry=0] AI 调用失败或解析失败，继续下一次尝试
2026-08-04 22:01:20 [INFO] 🤖 AI 筛选 [[deepseek] 2/6 策略=仅标题+链接 retry=1]（40 条，8483 字符，temp=0.3）
2026-08-04 22:01:20 [ERROR] AI 调用异常 ([deepseek] 2/6 策略=仅标题+链接 retry=1): Error code: 401 - {'error': {'message': 'Authentication Fails, Your api key: ****df0d is invalid', 'type': 'authentication_error', 'param': None, 'code': 'invalid_request_error'}}
2026-08-04 22:01:20 [WARNING] [[deepseek] 2/6 策略=仅标题+链接 retry=1] AI 调用失败或解析失败，继续下一次尝试
2026-08-04 22:01:20 [INFO] 🤖 AI 筛选 [[deepseek] 3/6 策略=仅标题+链接 retry=2]（40 条，8483 字符，temp=0.3）
2026-08-04 22:01:21 [ERROR] AI 调用异常 ([deepseek] 3/6 策略=仅标题+链接 retry=2): Error code: 401 - {'error': {'message': 'Authentication Fails, Your api key: ****df0d is invalid', 'type': 'authentication_error', 'param': None, 'code': 'invalid_request_error'}}
2026-08-04 22:01:21 [WARNING] [[deepseek] 3/6 策略=仅标题+链接 retry=2] AI 调用失败或解析失败，继续下一次尝试
2026-08-04 22:01:21 [INFO] 🤖 AI 筛选 [[deepseek] 4/6 策略=完整内容 retry=0]（40 条，12451 字符，temp=0.3）
2026-08-04 22:01:21 [ERROR] AI 调用异常 ([deepseek] 4/6 策略=完整内容 retry=0): Error code: 401 - {'error': {'message': 'Authentication Fails, Your api key: ****df0d is invalid', 'type': 'authentication_error', 'param': None, 'code': 'invalid_request_error'}}
2026-08-04 22:01:21 [WARNING] [[deepseek] 4/6 策略=完整内容 retry=0] AI 调用失败或解析失败，继续下一次尝试
2026-08-04 22:01:21 [INFO] 🤖 AI 筛选 [[deepseek] 5/6 策略=完整内容 retry=1]（40 条，12451 字符，temp=0.3）
2026-08-04 22:01:22 [ERROR] AI 调用异常 ([deepseek] 5/6 策略=完整内容 retry=1): Error code: 401 - {'error': {'message': 'Authentication Fails, Your api key: ****df0d is invalid', 'type': 'authentication_error', 'param': None, 'code': 'invalid_request_error'}}
2026-08-04 22:01:22 [WARNING] [[deepseek] 5/6 策略=完整内容 retry=1] AI 调用失败或解析失败，继续下一次尝试
2026-08-04 22:01:22 [INFO] 🤖 AI 筛选 [[deepseek] 6/6 策略=仅标题（无历史） retry=0]（40 条，8483 字符，temp=0.3）
2026-08-04 22:01:22 [ERROR] AI 调用异常 ([deepseek] 6/6 策略=仅标题（无历史） retry=0): Error code: 401 - {'error': {'message': 'Authentication Fails, Your api key: ****df0d is invalid', 'type': 'authentication_error', 'param': None, 'code': 'invalid_request_error'}}
2026-08-04 22:01:22 [WARNING] [[deepseek] 6/6 策略=仅标题（无历史） retry=0] AI 调用失败或解析失败，继续下一次尝试
2026-08-04 22:01:22 [WARNING] [deepseek] 已达最大尝试次数 6，停止
2026-08-04 22:01:22 [INFO] ⚠️ deepseek 未能产出满意结果，尝试下一个提供商
2026-08-04 22:01:22 [INFO] 🔄 尝试 AI 提供商: zhipu
2026-08-04 22:01:22 [ERROR] 未设置环境变量 ZHIPU_API_KEY，无法使用 zhipu
2026-08-04 22:01:22 [INFO] ⚠️ zhipu 未能产出满意结果，尝试下一个提供商
2026-08-04 22:01:22 [INFO] 🔄 尝试 AI 提供商: kimi
2026-08-04 22:01:22 [ERROR] 未设置环境变量 KIMI_API_KEY，无法使用 kimi
2026-08-04 22:01:22 [INFO] ⚠️ kimi 未能产出满意结果，尝试下一个提供商
2026-08-04 22:01:22 [INFO] 🔄 尝试 AI 提供商: huoshan
2026-08-04 22:01:22 [ERROR] 未设置环境变量 HUOSHAN_API_KEY，无法使用 huoshan
2026-08-04 22:01:22 [INFO] ⚠️ huoshan 未能产出满意结果，尝试下一个提供商
2026-08-04 22:01:22 [ERROR] ❌ 所有提供商均失败，返回空列表
2026-08-04 22:01:22 [INFO] 📦 JSON 已保存: reports/2026-08-05-06.json
2026-08-04 22:01:22 [INFO] ✅ AI 筛选完成，共 0 条交易相关消息
2026-08-04 23:00:52 [INFO] 🚀 开始抓取 2026-08-05 07:00 币圈新闻
2026-08-04 23:00:52 [INFO] 📡 抓取 RSS 新闻源...
2026-08-04 23:00:52 [INFO] 📡 抓取交易所公告 & 链上数据...
2026-08-04 23:00:53 [INFO]   ⏭ The Block: 过滤掉 18 条非近期新闻
2026-08-04 23:00:53 [INFO]   ⏭ Decrypt: 过滤掉 35 条非近期新闻
2026-08-04 23:00:53 [INFO]   ⏭ CoinTelegraph: 过滤掉 30 条非近期新闻
2026-08-04 23:00:53 [WARNING] 解析失败 Bitget公告: 'NoneType' object is not subscriptable
2026-08-04 23:00:53 [INFO]   ⏭ Bitcoin Magazine: 过滤掉 9 条非近期新闻
2026-08-04 23:00:53 [INFO]   ⏭ CoinDesk: 过滤掉 25 条非近期新闻
2026-08-04 23:00:53 [INFO]   ⏭ Bloomberg Crypto: 过滤掉 50 条非近期新闻
2026-08-04 23:00:53 [INFO]   ⏭ Reuters Crypto: 过滤掉 50 条非近期新闻
2026-08-04 23:00:53 [INFO]   ⏭ 宏观经济: 过滤掉 50 条非近期新闻
2026-08-04 23:00:53 [INFO]   ⏭ CNBC Crypto: 过滤掉 50 条非近期新闻
2026-08-04 23:00:53 [INFO]   ⏭ Reddit r/cryptocurrency: 过滤掉 23 条非近期新闻
2026-08-04 23:00:53 [INFO]   ⏭ Blockworks: 过滤掉 50 条非近期新闻
2026-08-04 23:00:53 [INFO]   ⏭ DL News: 过滤掉 50 条非近期新闻
2026-08-04 23:00:54 [INFO]   ⏭ Blockworks: 过滤掉 10 条非近期新闻
2026-08-04 23:00:54 [INFO]   ⏭ 宏观经济: 过滤掉 50 条非近期新闻
2026-08-04 23:00:54 [INFO]   ⏭ 吴说区块链: 过滤掉 50 条非近期新闻
2026-08-04 23:00:54 [INFO]   ⏭ DeFi Llama: 过滤掉 50 条非近期新闻
2026-08-04 23:00:54 [INFO]   ⏭ 雪球加密: 过滤掉 50 条非近期新闻
2026-08-04 23:00:54 [INFO]   ⏭ 律动BlockBeats: 过滤掉 50 条非近期新闻
2026-08-04 23:00:54 [INFO]   ⏭ Crypto Twitter: 过滤掉 40 条非近期新闻
2026-08-04 23:00:54 [INFO]   ⏭ CoinDesk: 过滤掉 49 条非近期新闻
2026-08-04 23:00:54 [INFO]   ⏭ PANews: 过滤掉 50 条非近期新闻
2026-08-04 23:01:08 [DEBUG] 请求失败 https://rsshub.rssforever.com/cointelegraph: 
2026-08-04 23:01:09 [DEBUG] 请求失败 https://rsshub.rssforever.com/bloomberg/crypto: 
2026-08-04 23:01:09 [INFO]   ⏭ CoinTelegraph: 过滤掉 50 条非近期新闻
2026-08-04 23:01:09 [INFO]   ✓ CoinDesk: 1 条
2026-08-04 23:01:09 [INFO]   ✓ The Block: 2 条
2026-08-04 23:01:09 [INFO]   ✓ Decrypt: 4 条
2026-08-04 23:01:09 [INFO]   ✓ CoinTelegraph: 0 条
2026-08-04 23:01:09 [INFO]   ✓ Bitcoin Magazine: 1 条
2026-08-04 23:01:09 [INFO]   ✓ Blockworks: 0 条
2026-08-04 23:01:09 [INFO]   ✓ DL News: 0 条
2026-08-04 23:01:09 [INFO]   ✓ 金色财经: 5 条
2026-08-04 23:01:09 [INFO]   ✓ PANews: 0 条
2026-08-04 23:01:09 [INFO]   ✓ 律动BlockBeats: 0 条
2026-08-04 23:01:09 [INFO]   ✓ 吴说区块链: 0 条
2026-08-04 23:01:09 [INFO]   ✓ Bloomberg Crypto: 0 条
2026-08-04 23:01:09 [INFO]   ✓ Reuters Crypto: 0 条
2026-08-04 23:01:09 [INFO]   ✓ CNBC Crypto: 0 条
2026-08-04 23:01:09 [INFO]   ✓ Reddit r/cryptocurrency: 2 条
2026-08-04 23:01:09 [INFO]   ✓ Reddit r/bitcoin: 0 条
2026-08-04 23:01:09 [INFO]   ✓ Crypto Twitter: 10 条
2026-08-04 23:01:09 [INFO]   ✓ 宏观经济: 0 条
2026-08-04 23:01:09 [INFO]   ✓ Binance公告: 20 条
2026-08-04 23:01:09 [INFO]   ✓ OKX公告: 0 条
2026-08-04 23:01:09 [INFO]   ✓ Bitget公告: 0 条
2026-08-04 23:01:09 [INFO]   ✓ Whale Alert: 0 条
2026-08-04 23:01:09 [INFO]   ✓ Fear & Greed Index: 1 条
2026-08-04 23:01:09 [INFO]   ✓ DeFi Llama: 0 条
2026-08-04 23:01:09 [INFO]   ✓ 雪球加密: 0 条
2026-08-04 23:01:09 [INFO] 📊 共抓取 46 条新闻
2026-08-04 23:01:09 [INFO] 📋 原始新闻已保存: reports/2026-08-05-07-raw.json (46 条)
2026-08-04 23:01:09 [INFO] 📋 标题摘要已保存: reports/2026-08-05-07-raw-titles.md
2026-08-04 23:01:09 [INFO] ✅ 抓取完成，共 46 条，已保存到 reports/2026-08-05-07-raw.json
2026-08-04 23:01:10 [INFO] 🤖 开始 AI 筛选 2026-08-05 07:00 币圈消息
2026-08-04 23:01:10 [INFO] 📋 已加载原始新闻: reports/2026-08-05-07-raw.json (46 条)
2026-08-04 23:01:10 [INFO] 📚 已加载历史新闻标题（21935 字符）
2026-08-04 23:01:10 [INFO] 📚 已加载历史筛选标题 0 条、URL 0 个，用于去重
2026-08-04 23:01:10 [INFO] 🔄 尝试 AI 提供商: deepseek
2026-08-04 23:01:10 [INFO] 🤖 使用 AI 提供商: deepseek (模型: deepseek-v4-flash)
2026-08-04 23:01:10 [INFO] 🤖 AI 筛选 [[deepseek] 1/6 策略=仅标题+链接 retry=0]（46 条，10455 字符，temp=0.3）
2026-08-04 23:01:10 [ERROR] AI 调用异常 ([deepseek] 1/6 策略=仅标题+链接 retry=0): Error code: 401 - {'error': {'message': 'Authentication Fails, Your api key: ****df0d is invalid', 'type': 'authentication_error', 'param': None, 'code': 'invalid_request_error'}}
2026-08-04 23:01:10 [WARNING] [[deepseek] 1/6 策略=仅标题+链接 retry=0] AI 调用失败或解析失败，继续下一次尝试
2026-08-04 23:01:10 [INFO] 🤖 AI 筛选 [[deepseek] 2/6 策略=仅标题+链接 retry=1]（46 条，10455 字符，temp=0.3）
2026-08-04 23:01:11 [ERROR] AI 调用异常 ([deepseek] 2/6 策略=仅标题+链接 retry=1): Error code: 401 - {'error': {'message': 'Authentication Fails, Your api key: ****df0d is invalid', 'type': 'authentication_error', 'param': None, 'code': 'invalid_request_error'}}
2026-08-04 23:01:11 [WARNING] [[deepseek] 2/6 策略=仅标题+链接 retry=1] AI 调用失败或解析失败，继续下一次尝试
2026-08-04 23:01:11 [INFO] 🤖 AI 筛选 [[deepseek] 3/6 策略=仅标题+链接 retry=2]（46 条，10455 字符，temp=0.3）
2026-08-04 23:01:11 [ERROR] AI 调用异常 ([deepseek] 3/6 策略=仅标题+链接 retry=2): Error code: 401 - {'error': {'message': 'Authentication Fails, Your api key: ****df0d is invalid', 'type': 'authentication_error', 'param': None, 'code': 'invalid_request_error'}}
2026-08-04 23:01:11 [WARNING] [[deepseek] 3/6 策略=仅标题+链接 retry=2] AI 调用失败或解析失败，继续下一次尝试
2026-08-04 23:01:11 [INFO] 🤖 AI 筛选 [[deepseek] 4/6 策略=完整内容 retry=0]（46 条，15507 字符，temp=0.3）
2026-08-04 23:01:12 [ERROR] AI 调用异常 ([deepseek] 4/6 策略=完整内容 retry=0): Error code: 401 - {'error': {'message': 'Authentication Fails, Your api key: ****df0d is invalid', 'type': 'authentication_error', 'param': None, 'code': 'invalid_request_error'}}
2026-08-04 23:01:12 [WARNING] [[deepseek] 4/6 策略=完整内容 retry=0] AI 调用失败或解析失败，继续下一次尝试
2026-08-04 23:01:12 [INFO] 🤖 AI 筛选 [[deepseek] 5/6 策略=完整内容 retry=1]（46 条，15507 字符，temp=0.3）
2026-08-04 23:01:12 [ERROR] AI 调用异常 ([deepseek] 5/6 策略=完整内容 retry=1): Error code: 401 - {'error': {'message': 'Authentication Fails, Your api key: ****df0d is invalid', 'type': 'authentication_error', 'param': None, 'code': 'invalid_request_error'}}
2026-08-04 23:01:12 [WARNING] [[deepseek] 5/6 策略=完整内容 retry=1] AI 调用失败或解析失败，继续下一次尝试
2026-08-04 23:01:12 [INFO] 🤖 AI 筛选 [[deepseek] 6/6 策略=仅标题（无历史） retry=0]（46 条，10455 字符，temp=0.3）
2026-08-04 23:01:12 [ERROR] AI 调用异常 ([deepseek] 6/6 策略=仅标题（无历史） retry=0): Error code: 401 - {'error': {'message': 'Authentication Fails, Your api key: ****df0d is invalid', 'type': 'authentication_error', 'param': None, 'code': 'invalid_request_error'}}
2026-08-04 23:01:12 [WARNING] [[deepseek] 6/6 策略=仅标题（无历史） retry=0] AI 调用失败或解析失败，继续下一次尝试
2026-08-04 23:01:12 [WARNING] [deepseek] 已达最大尝试次数 6，停止
2026-08-04 23:01:12 [INFO] ⚠️ deepseek 未能产出满意结果，尝试下一个提供商
2026-08-04 23:01:12 [INFO] 🔄 尝试 AI 提供商: zhipu
2026-08-04 23:01:12 [ERROR] 未设置环境变量 ZHIPU_API_KEY，无法使用 zhipu
2026-08-04 23:01:12 [INFO] ⚠️ zhipu 未能产出满意结果，尝试下一个提供商
2026-08-04 23:01:12 [INFO] 🔄 尝试 AI 提供商: kimi
2026-08-04 23:01:12 [ERROR] 未设置环境变量 KIMI_API_KEY，无法使用 kimi
2026-08-04 23:01:12 [INFO] ⚠️ kimi 未能产出满意结果，尝试下一个提供商
2026-08-04 23:01:12 [INFO] 🔄 尝试 AI 提供商: huoshan
2026-08-04 23:01:12 [ERROR] 未设置环境变量 HUOSHAN_API_KEY，无法使用 huoshan
2026-08-04 23:01:12 [INFO] ⚠️ huoshan 未能产出满意结果，尝试下一个提供商
2026-08-04 23:01:12 [ERROR] ❌ 所有提供商均失败，返回空列表
2026-08-04 23:01:12 [INFO] 📦 JSON 已保存: reports/2026-08-05-07.json
2026-08-04 23:01:12 [INFO] ✅ AI 筛选完成，共 0 条交易相关消息
2026-08-05 00:00:58 [INFO] 🚀 开始抓取 2026-08-05 08:00 币圈新闻
2026-08-05 00:00:58 [INFO] 📡 抓取 RSS 新闻源...
2026-08-05 00:00:58 [INFO] 📡 抓取交易所公告 & 链上数据...
2026-08-05 00:00:59 [INFO]   ⏭ CoinTelegraph: 过滤掉 30 条非近期新闻
2026-08-05 00:00:59 [INFO]   ⏭ The Block: 过滤掉 19 条非近期新闻
2026-08-05 00:00:59 [INFO]   ⏭ Decrypt: 过滤掉 37 条非近期新闻
2026-08-05 00:00:59 [WARNING] 解析失败 Bitget公告: 'NoneType' object is not subscriptable
2026-08-05 00:00:59 [INFO]   ⏭ Bloomberg Crypto: 过滤掉 50 条非近期新闻
2026-08-05 00:00:59 [INFO]   ⏭ Reuters Crypto: 过滤掉 50 条非近期新闻
2026-08-05 00:00:59 [INFO]   ⏭ Bitcoin Magazine: 过滤掉 10 条非近期新闻
2026-08-05 00:00:59 [INFO]   ⏭ CNBC Crypto: 过滤掉 50 条非近期新闻
2026-08-05 00:00:59 [INFO]   ⏭ 宏观经济: 过滤掉 50 条非近期新闻
2026-08-05 00:00:59 [INFO]   ⏭ Reddit r/bitcoin: 过滤掉 22 条非近期新闻
2026-08-05 00:00:59 [INFO]   ⏭ CoinDesk: 过滤掉 25 条非近期新闻
2026-08-05 00:00:59 [INFO]   ⏭ Blockworks: 过滤掉 50 条非近期新闻
2026-08-05 00:00:59 [INFO]   ⏭ DL News: 过滤掉 50 条非近期新闻
2026-08-05 00:00:59 [INFO]   ⏭ Bitcoin Magazine: 过滤掉 50 条非近期新闻
2026-08-05 00:01:00 [INFO]   ⏭ 宏观经济: 过滤掉 50 条非近期新闻
2026-08-05 00:01:00 [INFO]   ⏭ CoinTelegraph: 过滤掉 23 条非近期新闻
2026-08-05 00:01:00 [INFO]   ⏭ Blockworks: 过滤掉 10 条非近期新闻
2026-08-05 00:01:00 [INFO]   ⏭ 吴说区块链: 过滤掉 50 条非近期新闻
2026-08-05 00:01:00 [INFO]   ⏭ DeFi Llama: 过滤掉 50 条非近期新闻
2026-08-05 00:01:00 [INFO]   ⏭ CoinTelegraph: 过滤掉 50 条非近期新闻
2026-08-05 00:01:00 [INFO]   ⏭ 雪球加密: 过滤掉 50 条非近期新闻
2026-08-05 00:01:00 [INFO]   ⏭ Crypto Twitter: 过滤掉 43 条非近期新闻
2026-08-05 00:01:00 [INFO]   ⏭ PANews: 过滤掉 50 条非近期新闻
2026-08-05 00:01:00 [INFO]   ⏭ 律动BlockBeats: 过滤掉 12 条非近期新闻
2026-08-05 00:01:00 [INFO]   ⏭ CoinDesk: 过滤掉 49 条非近期新闻
2026-08-05 00:01:00 [INFO]   ✓ CoinDesk: 1 条
2026-08-05 00:01:00 [INFO]   ✓ The Block: 1 条
2026-08-05 00:01:00 [INFO]   ✓ Decrypt: 2 条
2026-08-05 00:01:00 [INFO]   ✓ CoinTelegraph: 0 条
2026-08-05 00:01:00 [INFO]   ✓ Bitcoin Magazine: 0 条
2026-08-05 00:01:00 [INFO]   ✓ Blockworks: 0 条
2026-08-05 00:01:00 [INFO]   ✓ DL News: 0 条
2026-08-05 00:01:00 [INFO]   ✓ 金色财经: 20 条
2026-08-05 00:01:00 [INFO]   ✓ PANews: 0 条
2026-08-05 00:01:00 [INFO]   ✓ 律动BlockBeats: 8 条
2026-08-05 00:01:00 [INFO]   ✓ 吴说区块链: 0 条
2026-08-05 00:01:00 [INFO]   ✓ Bloomberg Crypto: 0 条
2026-08-05 00:01:00 [INFO]   ✓ Reuters Crypto: 0 条
2026-08-05 00:01:00 [INFO]   ✓ CNBC Crypto: 0 条
2026-08-05 00:01:00 [INFO]   ✓ Reddit r/cryptocurrency: 0 条
2026-08-05 00:01:00 [INFO]   ✓ Reddit r/bitcoin: 3 条
2026-08-05 00:01:00 [INFO]   ✓ Crypto Twitter: 7 条
2026-08-05 00:01:00 [INFO]   ✓ 宏观经济: 0 条
2026-08-05 00:01:00 [INFO]   ✓ Binance公告: 20 条
2026-08-05 00:01:00 [INFO]   ✓ OKX公告: 0 条
2026-08-05 00:01:00 [INFO]   ✓ Bitget公告: 0 条
2026-08-05 00:01:00 [INFO]   ✓ Whale Alert: 0 条
2026-08-05 00:01:00 [INFO]   ✓ Fear & Greed Index: 1 条
2026-08-05 00:01:00 [INFO]   ✓ DeFi Llama: 0 条
2026-08-05 00:01:00 [INFO]   ✓ 雪球加密: 0 条
2026-08-05 00:01:00 [INFO] 📊 共抓取 63 条新闻
2026-08-05 00:01:00 [INFO] 📋 原始新闻已保存: reports/2026-08-05-08-raw.json (63 条)
2026-08-05 00:01:00 [INFO] 📋 标题摘要已保存: reports/2026-08-05-08-raw-titles.md
2026-08-05 00:01:00 [INFO] ✅ 抓取完成，共 63 条，已保存到 reports/2026-08-05-08-raw.json
2026-08-05 00:01:01 [INFO] 🤖 开始 AI 筛选 2026-08-05 08:00 币圈消息
2026-08-05 00:01:01 [INFO] 📋 已加载原始新闻: reports/2026-08-05-08-raw.json (63 条)
2026-08-05 00:01:01 [INFO] 📚 已加载历史新闻标题（21988 字符）
2026-08-05 00:01:01 [INFO] 📚 已加载历史筛选标题 0 条、URL 0 个，用于去重
2026-08-05 00:01:01 [INFO] 🔄 尝试 AI 提供商: deepseek
2026-08-05 00:01:01 [INFO] 🤖 使用 AI 提供商: deepseek (模型: deepseek-v4-flash)
2026-08-05 00:01:01 [INFO] 🤖 AI 筛选 [[deepseek] 1/6 策略=仅标题+链接 retry=0]（63 条，10548 字符，temp=0.3）
2026-08-05 00:01:06 [ERROR] AI 调用异常 ([deepseek] 1/6 策略=仅标题+链接 retry=0): Error code: 401 - {'error': {'message': 'Authentication Fails, Your api key: ****df0d is invalid', 'type': 'authentication_error', 'param': None, 'code': 'invalid_request_error'}}
2026-08-05 00:01:06 [WARNING] [[deepseek] 1/6 策略=仅标题+链接 retry=0] AI 调用失败或解析失败，继续下一次尝试
2026-08-05 00:01:06 [INFO] 🤖 AI 筛选 [[deepseek] 2/6 策略=仅标题+链接 retry=1]（63 条，10548 字符，temp=0.3）
2026-08-05 00:01:06 [ERROR] AI 调用异常 ([deepseek] 2/6 策略=仅标题+链接 retry=1): Error code: 401 - {'error': {'message': 'Authentication Fails, Your api key: ****df0d is invalid', 'type': 'authentication_error', 'param': None, 'code': 'invalid_request_error'}}
2026-08-05 00:01:06 [WARNING] [[deepseek] 2/6 策略=仅标题+链接 retry=1] AI 调用失败或解析失败，继续下一次尝试
2026-08-05 00:01:06 [INFO] 🤖 AI 筛选 [[deepseek] 3/6 策略=仅标题+链接 retry=2]（63 条，10548 字符，temp=0.3）
2026-08-05 00:01:07 [ERROR] AI 调用异常 ([deepseek] 3/6 策略=仅标题+链接 retry=2): Error code: 401 - {'error': {'message': 'Authentication Fails, Your api key: ****df0d is invalid', 'type': 'authentication_error', 'param': None, 'code': 'invalid_request_error'}}
2026-08-05 00:01:07 [WARNING] [[deepseek] 3/6 策略=仅标题+链接 retry=2] AI 调用失败或解析失败，继续下一次尝试
2026-08-05 00:01:07 [INFO] 🤖 AI 筛选 [[deepseek] 4/6 策略=完整内容 retry=0]（63 条，19448 字符，temp=0.3）
2026-08-05 00:01:07 [ERROR] AI 调用异常 ([deepseek] 4/6 策略=完整内容 retry=0): Error code: 401 - {'error': {'message': 'Authentication Fails, Your api key: ****df0d is invalid', 'type': 'authentication_error', 'param': None, 'code': 'invalid_request_error'}}
2026-08-05 00:01:07 [WARNING] [[deepseek] 4/6 策略=完整内容 retry=0] AI 调用失败或解析失败，继续下一次尝试
2026-08-05 00:01:07 [INFO] 🤖 AI 筛选 [[deepseek] 5/6 策略=完整内容 retry=1]（63 条，19448 字符，temp=0.3）
2026-08-05 00:01:08 [ERROR] AI 调用异常 ([deepseek] 5/6 策略=完整内容 retry=1): Error code: 401 - {'error': {'message': 'Authentication Fails, Your api key: ****df0d is invalid', 'type': 'authentication_error', 'param': None, 'code': 'invalid_request_error'}}
2026-08-05 00:01:08 [WARNING] [[deepseek] 5/6 策略=完整内容 retry=1] AI 调用失败或解析失败，继续下一次尝试
2026-08-05 00:01:08 [INFO] 🤖 AI 筛选 [[deepseek] 6/6 策略=仅标题（无历史） retry=0]（63 条，10548 字符，temp=0.3）
2026-08-05 00:01:08 [ERROR] AI 调用异常 ([deepseek] 6/6 策略=仅标题（无历史） retry=0): Error code: 401 - {'error': {'message': 'Authentication Fails, Your api key: ****df0d is invalid', 'type': 'authentication_error', 'param': None, 'code': 'invalid_request_error'}}
2026-08-05 00:01:08 [WARNING] [[deepseek] 6/6 策略=仅标题（无历史） retry=0] AI 调用失败或解析失败，继续下一次尝试
2026-08-05 00:01:08 [WARNING] [deepseek] 已达最大尝试次数 6，停止
2026-08-05 00:01:08 [INFO] ⚠️ deepseek 未能产出满意结果，尝试下一个提供商
2026-08-05 00:01:08 [INFO] 🔄 尝试 AI 提供商: zhipu
2026-08-05 00:01:08 [ERROR] 未设置环境变量 ZHIPU_API_KEY，无法使用 zhipu
2026-08-05 00:01:08 [INFO] ⚠️ zhipu 未能产出满意结果，尝试下一个提供商
2026-08-05 00:01:08 [INFO] 🔄 尝试 AI 提供商: kimi
2026-08-05 00:01:08 [ERROR] 未设置环境变量 KIMI_API_KEY，无法使用 kimi
2026-08-05 00:01:08 [INFO] ⚠️ kimi 未能产出满意结果，尝试下一个提供商
2026-08-05 00:01:08 [INFO] 🔄 尝试 AI 提供商: huoshan
2026-08-05 00:01:08 [ERROR] 未设置环境变量 HUOSHAN_API_KEY，无法使用 huoshan
2026-08-05 00:01:08 [INFO] ⚠️ huoshan 未能产出满意结果，尝试下一个提供商
2026-08-05 00:01:08 [ERROR] ❌ 所有提供商均失败，返回空列表
2026-08-05 00:01:08 [INFO] 📦 JSON 已保存: reports/2026-08-05-08.json
2026-08-05 00:01:08 [INFO] ✅ AI 筛选完成，共 0 条交易相关消息
2026-08-05 01:00:58 [INFO] 🚀 开始抓取 2026-08-05 09:00 币圈新闻
2026-08-05 01:00:58 [INFO] 📡 抓取 RSS 新闻源...
2026-08-05 01:00:58 [INFO] 📡 抓取交易所公告 & 链上数据...
2026-08-05 01:00:58 [INFO]   ⏭ Decrypt: 过滤掉 39 条非近期新闻
2026-08-05 01:00:58 [INFO]   ⏭ The Block: 过滤掉 20 条非近期新闻
2026-08-05 01:00:58 [INFO]   ⏭ CoinTelegraph: 过滤掉 30 条非近期新闻
2026-08-05 01:00:58 [INFO]   ⏭ Reuters Crypto: 过滤掉 50 条非近期新闻
2026-08-05 01:00:59 [INFO]   ⏭ 宏观经济: 过滤掉 50 条非近期新闻
2026-08-05 01:00:59 [INFO]   ⏭ Bloomberg Crypto: 过滤掉 50 条非近期新闻
2026-08-05 01:00:59 [INFO]   ⏭ CNBC Crypto: 过滤掉 50 条非近期新闻
2026-08-05 01:00:59 [INFO]   ⏭ Reddit r/cryptocurrency: 过滤掉 22 条非近期新闻
2026-08-05 01:00:59 [INFO]   ⏭ Decrypt: 过滤掉 50 条非近期新闻
2026-08-05 01:00:59 [INFO]   ⏭ CoinDesk: 过滤掉 25 条非近期新闻
2026-08-05 01:00:59 [WARNING] 解析失败 Bitget公告: 'NoneType' object is not subscriptable
2026-08-05 01:00:59 [INFO]   ⏭ Bitcoin Magazine: 过滤掉 10 条非近期新闻
2026-08-05 01:00:59 [INFO]   ⏭ 宏观经济: 过滤掉 50 条非近期新闻
2026-08-05 01:00:59 [INFO]   ⏭ Blockworks: 过滤掉 50 条非近期新闻
2026-08-05 01:00:59 [INFO]   ⏭ DL News: 过滤掉 50 条非近期新闻
2026-08-05 01:00:59 [INFO]   ⏭ Blockworks: 过滤掉 10 条非近期新闻
2026-08-05 01:00:59 [INFO]   ⏭ DeFi Llama: 过滤掉 50 条非近期新闻
2026-08-05 01:00:59 [INFO]   ⏭ The Block: 过滤掉 50 条非近期新闻
2026-08-05 01:00:59 [INFO]   ⏭ Bitcoin Magazine: 过滤掉 50 条非近期新闻
2026-08-05 01:00:59 [INFO]   ⏭ 雪球加密: 过滤掉 50 条非近期新闻
2026-08-05 01:01:00 [INFO]   ⏭ 吴说区块链: 过滤掉 50 条非近期新闻
2026-08-05 01:01:00 [INFO]   ⏭ Crypto Twitter: 过滤掉 45 条非近期新闻
2026-08-05 01:01:00 [INFO]   ⏭ CoinDesk: 过滤掉 49 条非近期新闻
2026-08-05 01:01:01 [INFO]   ⏭ PANews: 过滤掉 50 条非近期新闻
2026-08-05 01:01:06 [INFO]   ⏭ CoinTelegraph: 过滤掉 23 条非近期新闻
2026-08-05 01:01:07 [INFO]   ⏭ CoinTelegraph: 过滤掉 50 条非近期新闻
2026-08-05 01:01:09 [INFO]   ✓ CoinDesk: 1 条
2026-08-05 01:01:09 [INFO]   ✓ The Block: 0 条
2026-08-05 01:01:09 [INFO]   ✓ Decrypt: 0 条
2026-08-05 01:01:09 [INFO]   ✓ CoinTelegraph: 0 条
2026-08-05 01:01:09 [INFO]   ✓ Bitcoin Magazine: 0 条
2026-08-05 01:01:09 [INFO]   ✓ Blockworks: 0 条
2026-08-05 01:01:09 [INFO]   ✓ DL News: 0 条
2026-08-05 01:01:09 [INFO]   ✓ 金色财经: 9 条
2026-08-05 01:01:09 [INFO]   ✓ PANews: 0 条
2026-08-05 01:01:09 [INFO]   ✓ 律动BlockBeats: 20 条
2026-08-05 01:01:09 [INFO]   ✓ 吴说区块链: 0 条
2026-08-05 01:01:09 [INFO]   ✓ Bloomberg Crypto: 0 条
2026-08-05 01:01:09 [INFO]   ✓ Reuters Crypto: 0 条
2026-08-05 01:01:09 [INFO]   ✓ CNBC Crypto: 0 条
2026-08-05 01:01:09 [INFO]   ✓ Reddit r/cryptocurrency: 3 条
2026-08-05 01:01:09 [INFO]   ✓ Reddit r/bitcoin: 0 条
2026-08-05 01:01:09 [INFO]   ✓ Crypto Twitter: 5 条
2026-08-05 01:01:09 [INFO]   ✓ 宏观经济: 0 条
2026-08-05 01:01:09 [INFO]   ✓ Binance公告: 20 条
2026-08-05 01:01:09 [INFO]   ✓ OKX公告: 0 条
2026-08-05 01:01:09 [INFO]   ✓ Bitget公告: 0 条
2026-08-05 01:01:09 [INFO]   ✓ Whale Alert: 0 条
2026-08-05 01:01:09 [INFO]   ✓ Fear & Greed Index: 1 条
2026-08-05 01:01:09 [INFO]   ✓ DeFi Llama: 0 条
2026-08-05 01:01:09 [INFO]   ✓ 雪球加密: 0 条
2026-08-05 01:01:09 [INFO] 📊 共抓取 59 条新闻
2026-08-05 01:01:09 [INFO] 📋 原始新闻已保存: reports/2026-08-05-09-raw.json (59 条)
2026-08-05 01:01:09 [INFO] 📋 标题摘要已保存: reports/2026-08-05-09-raw-titles.md
2026-08-05 01:01:09 [INFO] ✅ 抓取完成，共 59 条，已保存到 reports/2026-08-05-09-raw.json
2026-08-05 01:01:10 [INFO] 🤖 开始 AI 筛选 2026-08-05 09:00 币圈消息
2026-08-05 01:01:10 [INFO] 📋 已加载原始新闻: reports/2026-08-05-09-raw.json (59 条)
2026-08-05 01:01:10 [INFO] 📚 已加载历史新闻标题（22290 字符）
2026-08-05 01:01:10 [INFO] 📚 已加载历史筛选标题 0 条、URL 0 个，用于去重
2026-08-05 01:01:10 [INFO] 🔄 尝试 AI 提供商: deepseek
2026-08-05 01:01:10 [INFO] 🤖 使用 AI 提供商: deepseek (模型: deepseek-v4-flash)
2026-08-05 01:01:10 [INFO] 🤖 AI 筛选 [[deepseek] 1/6 策略=仅标题+链接 retry=0]（59 条，9687 字符，temp=0.3）
2026-08-05 01:01:11 [ERROR] AI 调用异常 ([deepseek] 1/6 策略=仅标题+链接 retry=0): Error code: 401 - {'error': {'message': 'Authentication Fails, Your api key: ****df0d is invalid', 'type': 'authentication_error', 'param': None, 'code': 'invalid_request_error'}}
2026-08-05 01:01:11 [WARNING] [[deepseek] 1/6 策略=仅标题+链接 retry=0] AI 调用失败或解析失败，继续下一次尝试
2026-08-05 01:01:11 [INFO] 🤖 AI 筛选 [[deepseek] 2/6 策略=仅标题+链接 retry=1]（59 条，9687 字符，temp=0.3）
2026-08-05 01:01:11 [ERROR] AI 调用异常 ([deepseek] 2/6 策略=仅标题+链接 retry=1): Error code: 401 - {'error': {'message': 'Authentication Fails, Your api key: ****df0d is invalid', 'type': 'authentication_error', 'param': None, 'code': 'invalid_request_error'}}
2026-08-05 01:01:11 [WARNING] [[deepseek] 2/6 策略=仅标题+链接 retry=1] AI 调用失败或解析失败，继续下一次尝试
2026-08-05 01:01:11 [INFO] 🤖 AI 筛选 [[deepseek] 3/6 策略=仅标题+链接 retry=2]（59 条，9687 字符，temp=0.3）
2026-08-05 01:01:11 [ERROR] AI 调用异常 ([deepseek] 3/6 策略=仅标题+链接 retry=2): Error code: 401 - {'error': {'message': 'Authentication Fails, Your api key: ****df0d is invalid', 'type': 'authentication_error', 'param': None, 'code': 'invalid_request_error'}}
2026-08-05 01:01:11 [WARNING] [[deepseek] 3/6 策略=仅标题+链接 retry=2] AI 调用失败或解析失败，继续下一次尝试
2026-08-05 01:01:11 [INFO] 🤖 AI 筛选 [[deepseek] 4/6 策略=完整内容 retry=0]（59 条，18070 字符，temp=0.3）
2026-08-05 01:01:12 [ERROR] AI 调用异常 ([deepseek] 4/6 策略=完整内容 retry=0): Error code: 401 - {'error': {'message': 'Authentication Fails, Your api key: ****df0d is invalid', 'type': 'authentication_error', 'param': None, 'code': 'invalid_request_error'}}
2026-08-05 01:01:12 [WARNING] [[deepseek] 4/6 策略=完整内容 retry=0] AI 调用失败或解析失败，继续下一次尝试
2026-08-05 01:01:12 [INFO] 🤖 AI 筛选 [[deepseek] 5/6 策略=完整内容 retry=1]（59 条，18070 字符，temp=0.3）
2026-08-05 01:01:12 [ERROR] AI 调用异常 ([deepseek] 5/6 策略=完整内容 retry=1): Error code: 401 - {'error': {'message': 'Authentication Fails, Your api key: ****df0d is invalid', 'type': 'authentication_error', 'param': None, 'code': 'invalid_request_error'}}
2026-08-05 01:01:12 [WARNING] [[deepseek] 5/6 策略=完整内容 retry=1] AI 调用失败或解析失败，继续下一次尝试
2026-08-05 01:01:12 [INFO] 🤖 AI 筛选 [[deepseek] 6/6 策略=仅标题（无历史） retry=0]（59 条，9687 字符，temp=0.3）
2026-08-05 01:01:13 [ERROR] AI 调用异常 ([deepseek] 6/6 策略=仅标题（无历史） retry=0): Error code: 401 - {'error': {'message': 'Authentication Fails, Your api key: ****df0d is invalid', 'type': 'authentication_error', 'param': None, 'code': 'invalid_request_error'}}
2026-08-05 01:01:13 [WARNING] [[deepseek] 6/6 策略=仅标题（无历史） retry=0] AI 调用失败或解析失败，继续下一次尝试
2026-08-05 01:01:13 [WARNING] [deepseek] 已达最大尝试次数 6，停止
2026-08-05 01:01:13 [INFO] ⚠️ deepseek 未能产出满意结果，尝试下一个提供商
2026-08-05 01:01:13 [INFO] 🔄 尝试 AI 提供商: zhipu
2026-08-05 01:01:13 [ERROR] 未设置环境变量 ZHIPU_API_KEY，无法使用 zhipu
2026-08-05 01:01:13 [INFO] ⚠️ zhipu 未能产出满意结果，尝试下一个提供商
2026-08-05 01:01:13 [INFO] 🔄 尝试 AI 提供商: kimi
2026-08-05 01:01:13 [ERROR] 未设置环境变量 KIMI_API_KEY，无法使用 kimi
2026-08-05 01:01:13 [INFO] ⚠️ kimi 未能产出满意结果，尝试下一个提供商
2026-08-05 01:01:13 [INFO] 🔄 尝试 AI 提供商: huoshan
2026-08-05 01:01:13 [ERROR] 未设置环境变量 HUOSHAN_API_KEY，无法使用 huoshan
2026-08-05 01:01:13 [INFO] ⚠️ huoshan 未能产出满意结果，尝试下一个提供商
2026-08-05 01:01:13 [ERROR] ❌ 所有提供商均失败，返回空列表
2026-08-05 01:01:13 [INFO] 📦 JSON 已保存: reports/2026-08-05-09.json
2026-08-05 01:01:13 [INFO] ✅ AI 筛选完成，共 0 条交易相关消息
2026-08-05 02:01:07 [INFO] 🚀 开始抓取 2026-08-05 10:00 币圈新闻
2026-08-05 02:01:08 [INFO] 📡 抓取 RSS 新闻源...
2026-08-05 02:01:08 [INFO] 📡 抓取交易所公告 & 链上数据...
2026-08-05 02:01:08 [INFO]   ⏭ The Block: 过滤掉 20 条非近期新闻
2026-08-05 02:01:08 [INFO]   ⏭ Decrypt: 过滤掉 39 条非近期新闻
2026-08-05 02:01:08 [INFO]   ⏭ CoinTelegraph: 过滤掉 30 条非近期新闻
2026-08-05 02:01:08 [INFO]   ⏭ Reuters Crypto: 过滤掉 50 条非近期新闻
2026-08-05 02:01:08 [WARNING] 解析失败 Bitget公告: 'NoneType' object is not subscriptable
2026-08-05 02:01:08 [INFO]   ⏭ 宏观经济: 过滤掉 50 条非近期新闻
2026-08-05 02:01:08 [INFO]   ⏭ Bloomberg Crypto: 过滤掉 50 条非近期新闻
2026-08-05 02:01:08 [INFO]   ⏭ CNBC Crypto: 过滤掉 50 条非近期新闻
2026-08-05 02:01:08 [INFO]   ⏭ Reddit r/cryptocurrency: 过滤掉 24 条非近期新闻
2026-08-05 02:01:08 [INFO]   ⏭ CoinDesk: 过滤掉 25 条非近期新闻
2026-08-05 02:01:09 [INFO]   ⏭ Blockworks: 过滤掉 50 条非近期新闻
2026-08-05 02:01:09 [INFO]   ⏭ Bitcoin Magazine: 过滤掉 10 条非近期新闻
2026-08-05 02:01:09 [INFO]   ⏭ 宏观经济: 过滤掉 50 条非近期新闻
2026-08-05 02:01:09 [INFO]   ⏭ DL News: 过滤掉 50 条非近期新闻
2026-08-05 02:01:09 [INFO]   ⏭ Decrypt: 过滤掉 50 条非近期新闻
2026-08-05 02:01:09 [INFO]   ⏭ Blockworks: 过滤掉 10 条非近期新闻
2026-08-05 02:01:09 [INFO]   ⏭ DeFi Llama: 过滤掉 50 条非近期新闻
2026-08-05 02:01:09 [INFO]   ⏭ 雪球加密: 过滤掉 50 条非近期新闻
2026-08-05 02:01:09 [INFO]   ⏭ The Block: 过滤掉 50 条非近期新闻
2026-08-05 02:01:09 [INFO]   ⏭ 吴说区块链: 过滤掉 50 条非近期新闻
2026-08-05 02:01:09 [INFO]   ⏭ Bitcoin Magazine: 过滤掉 50 条非近期新闻
2026-08-05 02:01:09 [INFO]   ⏭ CoinDesk: 过滤掉 50 条非近期新闻
2026-08-05 02:01:09 [INFO]   ⏭ Crypto Twitter: 过滤掉 47 条非近期新闻
2026-08-05 02:01:16 [INFO]   ⏭ CoinTelegraph: 过滤掉 23 条非近期新闻
2026-08-05 02:01:16 [INFO]   ⏭ CoinTelegraph: 过滤掉 50 条非近期新闻
2026-08-05 02:01:23 [DEBUG] 请求失败 https://rsshub.rssforever.com/theblockbeats/newsflash: 
2026-08-05 02:01:23 [DEBUG] 请求失败 https://rsshub.rssforever.com/jinse/lives: 
2026-08-05 02:01:23 [DEBUG] 请求失败 https://rsshub.rssforever.com/panewslab/news: 
2026-08-05 02:01:24 [INFO]   ⏭ 律动BlockBeats: 过滤掉 50 条非近期新闻
2026-08-05 02:01:24 [INFO]   ⏭ PANews: 过滤掉 50 条非近期新闻
2026-08-05 02:01:24 [INFO]   ✓ CoinDesk: 0 条
2026-08-05 02:01:24 [INFO]   ✓ The Block: 0 条
2026-08-05 02:01:24 [INFO]   ✓ Decrypt: 0 条
2026-08-05 02:01:24 [INFO]   ✓ CoinTelegraph: 0 条
2026-08-05 02:01:24 [INFO]   ✓ Bitcoin Magazine: 0 条
2026-08-05 02:01:24 [INFO]   ✓ Blockworks: 0 条
2026-08-05 02:01:24 [INFO]   ✓ DL News: 0 条
2026-08-05 02:01:24 [INFO]   ✓ 金色财经: 0 条
2026-08-05 02:01:24 [INFO]   ✓ PANews: 0 条
2026-08-05 02:01:24 [INFO]   ✓ 律动BlockBeats: 0 条
2026-08-05 02:01:24 [INFO]   ✓ 吴说区块链: 0 条
2026-08-05 02:01:24 [INFO]   ✓ Bloomberg Crypto: 0 条
2026-08-05 02:01:24 [INFO]   ✓ Reuters Crypto: 0 条
2026-08-05 02:01:24 [INFO]   ✓ CNBC Crypto: 0 条
2026-08-05 02:01:24 [INFO]   ✓ Reddit r/cryptocurrency: 1 条
2026-08-05 02:01:24 [INFO]   ✓ Reddit r/bitcoin: 0 条
2026-08-05 02:01:24 [INFO]   ✓ Crypto Twitter: 3 条
2026-08-05 02:01:24 [INFO]   ✓ 宏观经济: 0 条
2026-08-05 02:01:24 [INFO]   ✓ Binance公告: 20 条
2026-08-05 02:01:24 [INFO]   ✓ OKX公告: 0 条
2026-08-05 02:01:24 [INFO]   ✓ Bitget公告: 0 条
2026-08-05 02:01:24 [INFO]   ✓ Whale Alert: 0 条
2026-08-05 02:01:24 [INFO]   ✓ Fear & Greed Index: 1 条
2026-08-05 02:01:24 [INFO]   ✓ DeFi Llama: 0 条
2026-08-05 02:01:24 [INFO]   ✓ 雪球加密: 0 条
2026-08-05 02:01:24 [INFO] 📊 共抓取 25 条新闻
2026-08-05 02:01:24 [INFO] 📋 原始新闻已保存: reports/2026-08-05-10-raw.json (25 条)
2026-08-05 02:01:24 [INFO] 📋 标题摘要已保存: reports/2026-08-05-10-raw-titles.md
2026-08-05 02:01:24 [INFO] ✅ 抓取完成，共 25 条，已保存到 reports/2026-08-05-10-raw.json
2026-08-05 02:01:25 [INFO] 🤖 开始 AI 筛选 2026-08-05 10:00 币圈消息
2026-08-05 02:01:25 [INFO] 📋 已加载原始新闻: reports/2026-08-05-10-raw.json (25 条)
2026-08-05 02:01:25 [INFO] 📚 已加载历史新闻标题（22709 字符）
2026-08-05 02:01:25 [INFO] 📚 已加载历史筛选标题 0 条、URL 0 个，用于去重
2026-08-05 02:01:25 [INFO] 🔄 尝试 AI 提供商: deepseek
2026-08-05 02:01:25 [INFO] 🤖 使用 AI 提供商: deepseek (模型: deepseek-v4-flash)
2026-08-05 02:01:25 [INFO] 🤖 AI 筛选 [[deepseek] 1/6 策略=仅标题+链接 retry=0]（25 条，5245 字符，temp=0.3）
2026-08-05 02:01:26 [ERROR] AI 调用异常 ([deepseek] 1/6 策略=仅标题+链接 retry=0): Error code: 401 - {'error': {'message': 'Authentication Fails, Your api key: ****df0d is invalid', 'type': 'authentication_error', 'param': None, 'code': 'invalid_request_error'}}
2026-08-05 02:01:26 [WARNING] [[deepseek] 1/6 策略=仅标题+链接 retry=0] AI 调用失败或解析失败，继续下一次尝试
2026-08-05 02:01:26 [INFO] 🤖 AI 筛选 [[deepseek] 2/6 策略=仅标题+链接 retry=1]（25 条，5245 字符，temp=0.3）
2026-08-05 02:01:26 [ERROR] AI 调用异常 ([deepseek] 2/6 策略=仅标题+链接 retry=1): Error code: 401 - {'error': {'message': 'Authentication Fails, Your api key: ****df0d is invalid', 'type': 'authentication_error', 'param': None, 'code': 'invalid_request_error'}}
2026-08-05 02:01:26 [WARNING] [[deepseek] 2/6 策略=仅标题+链接 retry=1] AI 调用失败或解析失败，继续下一次尝试
2026-08-05 02:01:26 [INFO] 🤖 AI 筛选 [[deepseek] 3/6 策略=仅标题+链接 retry=2]（25 条，5245 字符，temp=0.3）
2026-08-05 02:01:26 [ERROR] AI 调用异常 ([deepseek] 3/6 策略=仅标题+链接 retry=2): Error code: 401 - {'error': {'message': 'Authentication Fails, Your api key: ****df0d is invalid', 'type': 'authentication_error', 'param': None, 'code': 'invalid_request_error'}}
2026-08-05 02:01:26 [WARNING] [[deepseek] 3/6 策略=仅标题+链接 retry=2] AI 调用失败或解析失败，继续下一次尝试
2026-08-05 02:01:26 [INFO] 🤖 AI 筛选 [[deepseek] 4/6 策略=完整内容 retry=0]（25 条，7374 字符，temp=0.3）
2026-08-05 02:01:27 [ERROR] AI 调用异常 ([deepseek] 4/6 策略=完整内容 retry=0): Error code: 401 - {'error': {'message': 'Authentication Fails, Your api key: ****df0d is invalid', 'type': 'authentication_error', 'param': None, 'code': 'invalid_request_error'}}
2026-08-05 02:01:27 [WARNING] [[deepseek] 4/6 策略=完整内容 retry=0] AI 调用失败或解析失败，继续下一次尝试
2026-08-05 02:01:27 [INFO] 🤖 AI 筛选 [[deepseek] 5/6 策略=完整内容 retry=1]（25 条，7374 字符，temp=0.3）
2026-08-05 02:01:27 [ERROR] AI 调用异常 ([deepseek] 5/6 策略=完整内容 retry=1): Error code: 401 - {'error': {'message': 'Authentication Fails, Your api key: ****df0d is invalid', 'type': 'authentication_error', 'param': None, 'code': 'invalid_request_error'}}
2026-08-05 02:01:27 [WARNING] [[deepseek] 5/6 策略=完整内容 retry=1] AI 调用失败或解析失败，继续下一次尝试
2026-08-05 02:01:27 [INFO] 🤖 AI 筛选 [[deepseek] 6/6 策略=仅标题（无历史） retry=0]（25 条，5245 字符，temp=0.3）
2026-08-05 02:01:27 [ERROR] AI 调用异常 ([deepseek] 6/6 策略=仅标题（无历史） retry=0): Error code: 401 - {'error': {'message': 'Authentication Fails, Your api key: ****df0d is invalid', 'type': 'authentication_error', 'param': None, 'code': 'invalid_request_error'}}
2026-08-05 02:01:27 [WARNING] [[deepseek] 6/6 策略=仅标题（无历史） retry=0] AI 调用失败或解析失败，继续下一次尝试
2026-08-05 02:01:27 [WARNING] [deepseek] 已达最大尝试次数 6，停止
2026-08-05 02:01:27 [INFO] ⚠️ deepseek 未能产出满意结果，尝试下一个提供商
2026-08-05 02:01:27 [INFO] 🔄 尝试 AI 提供商: zhipu
2026-08-05 02:01:27 [ERROR] 未设置环境变量 ZHIPU_API_KEY，无法使用 zhipu
2026-08-05 02:01:27 [INFO] ⚠️ zhipu 未能产出满意结果，尝试下一个提供商
2026-08-05 02:01:27 [INFO] 🔄 尝试 AI 提供商: kimi
2026-08-05 02:01:27 [ERROR] 未设置环境变量 KIMI_API_KEY，无法使用 kimi
2026-08-05 02:01:27 [INFO] ⚠️ kimi 未能产出满意结果，尝试下一个提供商
2026-08-05 02:01:27 [INFO] 🔄 尝试 AI 提供商: huoshan
2026-08-05 02:01:27 [ERROR] 未设置环境变量 HUOSHAN_API_KEY，无法使用 huoshan
2026-08-05 02:01:27 [INFO] ⚠️ huoshan 未能产出满意结果，尝试下一个提供商
2026-08-05 02:01:27 [ERROR] ❌ 所有提供商均失败，返回空列表
2026-08-05 02:01:27 [INFO] 📦 JSON 已保存: reports/2026-08-05-10.json
2026-08-05 02:01:27 [INFO] ✅ AI 筛选完成，共 0 条交易相关消息
2026-08-05 03:00:57 [INFO] 🚀 开始抓取 2026-08-05 11:00 币圈新闻
2026-08-05 03:00:57 [INFO] 📡 抓取 RSS 新闻源...
2026-08-05 03:00:57 [INFO] 📡 抓取交易所公告 & 链上数据...
2026-08-05 03:00:57 [INFO]   ⏭ The Block: 过滤掉 18 条非近期新闻
2026-08-05 03:00:57 [INFO]   ⏭ Decrypt: 过滤掉 39 条非近期新闻
2026-08-05 03:00:57 [INFO]   ⏭ CoinTelegraph: 过滤掉 29 条非近期新闻
2026-08-05 03:00:57 [INFO]   ⏭ Bitcoin Magazine: 过滤掉 10 条非近期新闻
2026-08-05 03:00:57 [INFO]   ⏭ CoinDesk: 过滤掉 25 条非近期新闻
2026-08-05 03:00:57 [INFO]   ⏭ Bloomberg Crypto: 过滤掉 50 条非近期新闻
2026-08-05 03:00:58 [INFO]   ⏭ Blockworks: 过滤掉 50 条非近期新闻
2026-08-05 03:00:58 [WARNING] 解析失败 Bitget公告: 'NoneType' object is not subscriptable
2026-08-05 03:00:58 [INFO]   ⏭ 宏观经济: 过滤掉 50 条非近期新闻
2026-08-05 03:00:58 [INFO]   ⏭ Reuters Crypto: 过滤掉 50 条非近期新闻
2026-08-05 03:00:58 [INFO]   ⏭ CNBC Crypto: 过滤掉 50 条非近期新闻
2026-08-05 03:00:58 [INFO]   ⏭ Reddit r/bitcoin: 过滤掉 22 条非近期新闻
2026-08-05 03:00:58 [INFO]   ⏭ DL News: 过滤掉 50 条非近期新闻
2026-08-05 03:00:58 [INFO]   ⏭ Decrypt: 过滤掉 50 条非近期新闻
2026-08-05 03:00:58 [INFO]   ⏭ Blockworks: 过滤掉 10 条非近期新闻
2026-08-05 03:00:58 [INFO]   ⏭ Bitcoin Magazine: 过滤掉 50 条非近期新闻
2026-08-05 03:00:58 [INFO]   ⏭ 宏观经济: 过滤掉 50 条非近期新闻
2026-08-05 03:00:58 [INFO]   ⏭ 吴说区块链: 过滤掉 50 条非近期新闻
2026-08-05 03:00:58 [INFO]   ⏭ DeFi Llama: 过滤掉 50 条非近期新闻
2026-08-05 03:00:58 [INFO]   ⏭ 雪球加密: 过滤掉 49 条非近期新闻
2026-08-05 03:00:59 [INFO]   ⏭ Crypto Twitter: 过滤掉 47 条非近期新闻
2026-08-05 03:00:59 [INFO]   ⏭ CoinDesk: 过滤掉 50 条非近期新闻
2026-08-05 03:00:59 [INFO]   ⏭ PANews: 过滤掉 50 条非近期新闻
2026-08-05 03:01:13 [DEBUG] 请求失败 https://rsshub.rssforever.com/bloomberg/crypto: 
2026-08-05 03:01:13 [INFO]   ✓ CoinDesk: 0 条
2026-08-05 03:01:13 [INFO]   ✓ The Block: 2 条
2026-08-05 03:01:13 [INFO]   ✓ Decrypt: 0 条
2026-08-05 03:01:13 [INFO]   ✓ CoinTelegraph: 1 条
2026-08-05 03:01:13 [INFO]   ✓ Bitcoin Magazine: 0 条
2026-08-05 03:01:13 [INFO]   ✓ Blockworks: 0 条
2026-08-05 03:01:13 [INFO]   ✓ DL News: 0 条
2026-08-05 03:01:13 [INFO]   ✓ 金色财经: 20 条
2026-08-05 03:01:13 [INFO]   ✓ PANews: 0 条
2026-08-05 03:01:13 [INFO]   ✓ 律动BlockBeats: 20 条
2026-08-05 03:01:13 [INFO]   ✓ 吴说区块链: 0 条
2026-08-05 03:01:13 [INFO]   ✓ Bloomberg Crypto: 0 条
2026-08-05 03:01:13 [INFO]   ✓ Reuters Crypto: 0 条
2026-08-05 03:01:13 [INFO]   ✓ CNBC Crypto: 0 条
2026-08-05 03:01:13 [INFO]   ✓ Reddit r/cryptocurrency: 0 条
2026-08-05 03:01:13 [INFO]   ✓ Reddit r/bitcoin: 3 条
2026-08-05 03:01:13 [INFO]   ✓ Crypto Twitter: 3 条
2026-08-05 03:01:13 [INFO]   ✓ 宏观经济: 0 条
2026-08-05 03:01:13 [INFO]   ✓ Binance公告: 20 条
2026-08-05 03:01:13 [INFO]   ✓ OKX公告: 0 条
2026-08-05 03:01:13 [INFO]   ✓ Bitget公告: 0 条
2026-08-05 03:01:13 [INFO]   ✓ Whale Alert: 0 条
2026-08-05 03:01:13 [INFO]   ✓ Fear & Greed Index: 1 条
2026-08-05 03:01:13 [INFO]   ✓ DeFi Llama: 0 条
2026-08-05 03:01:13 [INFO]   ✓ 雪球加密: 1 条
2026-08-05 03:01:13 [INFO] 📊 共抓取 71 条新闻
2026-08-05 03:01:13 [INFO] 📋 原始新闻已保存: reports/2026-08-05-11-raw.json (71 条)
2026-08-05 03:01:13 [INFO] 📋 标题摘要已保存: reports/2026-08-05-11-raw-titles.md
2026-08-05 03:01:13 [INFO] ✅ 抓取完成，共 71 条，已保存到 reports/2026-08-05-11-raw.json
2026-08-05 03:01:14 [INFO] 🤖 开始 AI 筛选 2026-08-05 11:00 币圈消息
2026-08-05 03:01:14 [INFO] 📋 已加载原始新闻: reports/2026-08-05-11-raw.json (71 条)
2026-08-05 03:01:14 [INFO] 📚 已加载历史新闻标题（21562 字符）
2026-08-05 03:01:14 [INFO] 📚 已加载历史筛选标题 0 条、URL 0 个，用于去重
2026-08-05 03:01:14 [INFO] 🔄 尝试 AI 提供商: deepseek
2026-08-05 03:01:14 [INFO] 🤖 使用 AI 提供商: deepseek (模型: deepseek-v4-flash)
2026-08-05 03:01:14 [INFO] 🤖 AI 筛选 [[deepseek] 1/6 策略=仅标题+链接 retry=0]（71 条，10121 字符，temp=0.3）
2026-08-05 03:01:15 [ERROR] AI 调用异常 ([deepseek] 1/6 策略=仅标题+链接 retry=0): Error code: 401 - {'error': {'message': 'Authentication Fails, Your api key: ****df0d is invalid', 'type': 'authentication_error', 'param': None, 'code': 'invalid_request_error'}}
2026-08-05 03:01:15 [WARNING] [[deepseek] 1/6 策略=仅标题+链接 retry=0] AI 调用失败或解析失败，继续下一次尝试
2026-08-05 03:01:15 [INFO] 🤖 AI 筛选 [[deepseek] 2/6 策略=仅标题+链接 retry=1]（71 条，10121 字符，temp=0.3）
2026-08-05 03:01:15 [ERROR] AI 调用异常 ([deepseek] 2/6 策略=仅标题+链接 retry=1): Error code: 401 - {'error': {'message': 'Authentication Fails, Your api key: ****df0d is invalid', 'type': 'authentication_error', 'param': None, 'code': 'invalid_request_error'}}
2026-08-05 03:01:15 [WARNING] [[deepseek] 2/6 策略=仅标题+链接 retry=1] AI 调用失败或解析失败，继续下一次尝试
2026-08-05 03:01:15 [INFO] 🤖 AI 筛选 [[deepseek] 3/6 策略=仅标题+链接 retry=2]（71 条，10121 字符，temp=0.3）
2026-08-05 03:01:16 [ERROR] AI 调用异常 ([deepseek] 3/6 策略=仅标题+链接 retry=2): Error code: 401 - {'error': {'message': 'Authentication Fails, Your api key: ****df0d is invalid', 'type': 'authentication_error', 'param': None, 'code': 'invalid_request_error'}}
2026-08-05 03:01:16 [WARNING] [[deepseek] 3/6 策略=仅标题+链接 retry=2] AI 调用失败或解析失败，继续下一次尝试
2026-08-05 03:01:16 [INFO] 🤖 AI 筛选 [[deepseek] 4/6 策略=完整内容 retry=0]（71 条，20947 字符，temp=0.3）
2026-08-05 03:01:16 [ERROR] AI 调用异常 ([deepseek] 4/6 策略=完整内容 retry=0): Error code: 401 - {'error': {'message': 'Authentication Fails, Your api key: ****df0d is invalid', 'type': 'authentication_error', 'param': None, 'code': 'invalid_request_error'}}
2026-08-05 03:01:16 [WARNING] [[deepseek] 4/6 策略=完整内容 retry=0] AI 调用失败或解析失败，继续下一次尝试
2026-08-05 03:01:16 [INFO] 🤖 AI 筛选 [[deepseek] 5/6 策略=完整内容 retry=1]（71 条，20947 字符，temp=0.3）
2026-08-05 03:01:17 [ERROR] AI 调用异常 ([deepseek] 5/6 策略=完整内容 retry=1): Error code: 401 - {'error': {'message': 'Authentication Fails, Your api key: ****df0d is invalid', 'type': 'authentication_error', 'param': None, 'code': 'invalid_request_error'}}
2026-08-05 03:01:17 [WARNING] [[deepseek] 5/6 策略=完整内容 retry=1] AI 调用失败或解析失败，继续下一次尝试
2026-08-05 03:01:17 [INFO] 🤖 AI 筛选 [[deepseek] 6/6 策略=仅标题（无历史） retry=0]（71 条，10121 字符，temp=0.3）
2026-08-05 03:01:17 [ERROR] AI 调用异常 ([deepseek] 6/6 策略=仅标题（无历史） retry=0): Error code: 401 - {'error': {'message': 'Authentication Fails, Your api key: ****df0d is invalid', 'type': 'authentication_error', 'param': None, 'code': 'invalid_request_error'}}
2026-08-05 03:01:17 [WARNING] [[deepseek] 6/6 策略=仅标题（无历史） retry=0] AI 调用失败或解析失败，继续下一次尝试
2026-08-05 03:01:17 [WARNING] [deepseek] 已达最大尝试次数 6，停止
2026-08-05 03:01:17 [INFO] ⚠️ deepseek 未能产出满意结果，尝试下一个提供商
2026-08-05 03:01:17 [INFO] 🔄 尝试 AI 提供商: zhipu
2026-08-05 03:01:17 [ERROR] 未设置环境变量 ZHIPU_API_KEY，无法使用 zhipu
2026-08-05 03:01:17 [INFO] ⚠️ zhipu 未能产出满意结果，尝试下一个提供商
2026-08-05 03:01:17 [INFO] 🔄 尝试 AI 提供商: kimi
2026-08-05 03:01:17 [ERROR] 未设置环境变量 KIMI_API_KEY，无法使用 kimi
2026-08-05 03:01:17 [INFO] ⚠️ kimi 未能产出满意结果，尝试下一个提供商
2026-08-05 03:01:17 [INFO] 🔄 尝试 AI 提供商: huoshan
2026-08-05 03:01:17 [ERROR] 未设置环境变量 HUOSHAN_API_KEY，无法使用 huoshan
2026-08-05 03:01:17 [INFO] ⚠️ huoshan 未能产出满意结果，尝试下一个提供商
2026-08-05 03:01:17 [ERROR] ❌ 所有提供商均失败，返回空列表
2026-08-05 03:01:17 [INFO] 📦 JSON 已保存: reports/2026-08-05-11.json
2026-08-05 03:01:17 [INFO] ✅ AI 筛选完成，共 0 条交易相关消息
2026-08-05 04:01:09 [INFO] 🚀 开始抓取 2026-08-05 12:00 币圈新闻
2026-08-05 04:01:09 [INFO] 📡 抓取 RSS 新闻源...
2026-08-05 04:01:09 [INFO] 📡 抓取交易所公告 & 链上数据...
2026-08-05 04:01:10 [INFO]   ⏭ Decrypt: 过滤掉 39 条非近期新闻
2026-08-05 04:01:10 [INFO]   ⏭ The Block: 过滤掉 18 条非近期新闻
2026-08-05 04:01:10 [INFO]   ⏭ CoinTelegraph: 过滤掉 29 条非近期新闻
2026-08-05 04:01:10 [INFO]   ⏭ CoinDesk: 过滤掉 25 条非近期新闻
2026-08-05 04:01:10 [INFO]   ⏭ Bitcoin Magazine: 过滤掉 10 条非近期新闻
2026-08-05 04:01:10 [INFO]   ⏭ Bloomberg Crypto: 过滤掉 50 条非近期新闻
2026-08-05 04:01:10 [INFO]   ⏭ Reuters Crypto: 过滤掉 50 条非近期新闻
2026-08-05 04:01:10 [INFO]   ⏭ Blockworks: 过滤掉 50 条非近期新闻
2026-08-05 04:01:10 [WARNING] 解析失败 Bitget公告: 'NoneType' object is not subscriptable
2026-08-05 04:01:10 [INFO]   ⏭ CNBC Crypto: 过滤掉 50 条非近期新闻
2026-08-05 04:01:10 [INFO]   ⏭ 宏观经济: 过滤掉 50 条非近期新闻
2026-08-05 04:01:10 [INFO]   ⏭ DL News: 过滤掉 50 条非近期新闻
2026-08-05 04:01:11 [INFO]   ⏭ Decrypt: 过滤掉 50 条非近期新闻
2026-08-05 04:01:11 [INFO]   ⏭ 雪球加密: 过滤掉 50 条非近期新闻
2026-08-05 04:01:11 [INFO]   ⏭ Reddit r/bitcoin: 过滤掉 23 条非近期新闻
2026-08-05 04:01:11 [INFO]   ⏭ DeFi Llama: 过滤掉 50 条非近期新闻
2026-08-05 04:01:11 [INFO]   ⏭ Blockworks: 过滤掉 10 条非近期新闻
2026-08-05 04:01:11 [INFO]   ⏭ Bitcoin Magazine: 过滤掉 50 条非近期新闻
2026-08-05 04:01:11 [INFO]   ⏭ 宏观经济: 过滤掉 50 条非近期新闻
2026-08-05 04:01:11 [INFO]   ⏭ 吴说区块链: 过滤掉 50 条非近期新闻
2026-08-05 04:01:11 [INFO]   ⏭ CoinDesk: 过滤掉 50 条非近期新闻
2026-08-05 04:01:11 [INFO]   ⏭ Crypto Twitter: 过滤掉 49 条非近期新闻
2026-08-05 04:01:15 [INFO]   ⏭ 律动BlockBeats: 过滤掉 50 条非近期新闻
2026-08-05 04:01:15 [INFO]   ⏭ PANews: 过滤掉 50 条非近期新闻
2026-08-05 04:01:15 [INFO]   ✓ CoinDesk: 0 条
2026-08-05 04:01:15 [INFO]   ✓ The Block: 2 条
2026-08-05 04:01:15 [INFO]   ✓ Decrypt: 0 条
2026-08-05 04:01:15 [INFO]   ✓ CoinTelegraph: 1 条
2026-08-05 04:01:15 [INFO]   ✓ Bitcoin Magazine: 0 条
2026-08-05 04:01:15 [INFO]   ✓ Blockworks: 0 条
2026-08-05 04:01:15 [INFO]   ✓ DL News: 0 条
2026-08-05 04:01:15 [INFO]   ✓ 金色财经: 5 条
2026-08-05 04:01:15 [INFO]   ✓ PANews: 0 条
2026-08-05 04:01:15 [INFO]   ✓ 律动BlockBeats: 0 条
2026-08-05 04:01:15 [INFO]   ✓ 吴说区块链: 0 条
2026-08-05 04:01:15 [INFO]   ✓ Bloomberg Crypto: 0 条
2026-08-05 04:01:15 [INFO]   ✓ Reuters Crypto: 0 条
2026-08-05 04:01:15 [INFO]   ✓ CNBC Crypto: 0 条
2026-08-05 04:01:15 [INFO]   ✓ Reddit r/cryptocurrency: 0 条
2026-08-05 04:01:15 [INFO]   ✓ Reddit r/bitcoin: 2 条
2026-08-05 04:01:15 [INFO]   ✓ Crypto Twitter: 1 条
2026-08-05 04:01:15 [INFO]   ✓ 宏观经济: 0 条
2026-08-05 04:01:15 [INFO]   ✓ Binance公告: 20 条
2026-08-05 04:01:15 [INFO]   ✓ OKX公告: 0 条
2026-08-05 04:01:15 [INFO]   ✓ Bitget公告: 0 条
2026-08-05 04:01:15 [INFO]   ✓ Whale Alert: 0 条
2026-08-05 04:01:15 [INFO]   ✓ Fear & Greed Index: 1 条
2026-08-05 04:01:15 [INFO]   ✓ DeFi Llama: 0 条
2026-08-05 04:01:15 [INFO]   ✓ 雪球加密: 0 条
2026-08-05 04:01:15 [INFO] 📊 共抓取 32 条新闻
2026-08-05 04:01:15 [INFO] 📋 原始新闻已保存: reports/2026-08-05-12-raw.json (32 条)
2026-08-05 04:01:15 [INFO] 📋 标题摘要已保存: reports/2026-08-05-12-raw-titles.md
2026-08-05 04:01:15 [INFO] ✅ 抓取完成，共 32 条，已保存到 reports/2026-08-05-12-raw.json
2026-08-05 04:01:16 [INFO] 🤖 开始 AI 筛选 2026-08-05 12:00 币圈消息
2026-08-05 04:01:16 [INFO] 📋 已加载原始新闻: reports/2026-08-05-12-raw.json (32 条)
2026-08-05 04:01:16 [INFO] 📚 已加载历史新闻标题（21146 字符）
2026-08-05 04:01:16 [INFO] 📚 已加载历史筛选标题 0 条、URL 0 个，用于去重
2026-08-05 04:01:16 [INFO] 🔄 尝试 AI 提供商: deepseek
2026-08-05 04:01:16 [INFO] 🤖 使用 AI 提供商: deepseek (模型: deepseek-v4-flash)
2026-08-05 04:01:16 [INFO] 🤖 AI 筛选 [[deepseek] 1/6 策略=仅标题+链接 retry=0]（32 条，5801 字符，temp=0.3）
2026-08-05 04:01:16 [ERROR] AI 调用异常 ([deepseek] 1/6 策略=仅标题+链接 retry=0): Error code: 401 - {'error': {'message': 'Authentication Fails, Your api key: ****df0d is invalid', 'type': 'authentication_error', 'param': None, 'code': 'invalid_request_error'}}
2026-08-05 04:01:16 [WARNING] [[deepseek] 1/6 策略=仅标题+链接 retry=0] AI 调用失败或解析失败，继续下一次尝试
2026-08-05 04:01:16 [INFO] 🤖 AI 筛选 [[deepseek] 2/6 策略=仅标题+链接 retry=1]（32 条，5801 字符，temp=0.3）
2026-08-05 04:01:17 [ERROR] AI 调用异常 ([deepseek] 2/6 策略=仅标题+链接 retry=1): Error code: 401 - {'error': {'message': 'Authentication Fails, Your api key: ****df0d is invalid', 'type': 'authentication_error', 'param': None, 'code': 'invalid_request_error'}}
2026-08-05 04:01:17 [WARNING] [[deepseek] 2/6 策略=仅标题+链接 retry=1] AI 调用失败或解析失败，继续下一次尝试
2026-08-05 04:01:17 [INFO] 🤖 AI 筛选 [[deepseek] 3/6 策略=仅标题+链接 retry=2]（32 条，5801 字符，temp=0.3）
2026-08-05 04:01:17 [ERROR] AI 调用异常 ([deepseek] 3/6 策略=仅标题+链接 retry=2): Error code: 401 - {'error': {'message': 'Authentication Fails, Your api key: ****df0d is invalid', 'type': 'authentication_error', 'param': None, 'code': 'invalid_request_error'}}
2026-08-05 04:01:17 [WARNING] [[deepseek] 3/6 策略=仅标题+链接 retry=2] AI 调用失败或解析失败，继续下一次尝试
2026-08-05 04:01:17 [INFO] 🤖 AI 筛选 [[deepseek] 4/6 策略=完整内容 retry=0]（32 条，9367 字符，temp=0.3）
2026-08-05 04:01:18 [ERROR] AI 调用异常 ([deepseek] 4/6 策略=完整内容 retry=0): Error code: 401 - {'error': {'message': 'Authentication Fails, Your api key: ****df0d is invalid', 'type': 'authentication_error', 'param': None, 'code': 'invalid_request_error'}}
2026-08-05 04:01:18 [WARNING] [[deepseek] 4/6 策略=完整内容 retry=0] AI 调用失败或解析失败，继续下一次尝试
2026-08-05 04:01:18 [INFO] 🤖 AI 筛选 [[deepseek] 5/6 策略=完整内容 retry=1]（32 条，9367 字符，temp=0.3）
2026-08-05 04:01:18 [ERROR] AI 调用异常 ([deepseek] 5/6 策略=完整内容 retry=1): Error code: 401 - {'error': {'message': 'Authentication Fails, Your api key: ****df0d is invalid', 'type': 'authentication_error', 'param': None, 'code': 'invalid_request_error'}}
2026-08-05 04:01:18 [WARNING] [[deepseek] 5/6 策略=完整内容 retry=1] AI 调用失败或解析失败，继续下一次尝试
2026-08-05 04:01:18 [INFO] 🤖 AI 筛选 [[deepseek] 6/6 策略=仅标题（无历史） retry=0]（32 条，5801 字符，temp=0.3）
2026-08-05 04:01:19 [ERROR] AI 调用异常 ([deepseek] 6/6 策略=仅标题（无历史） retry=0): Error code: 401 - {'error': {'message': 'Authentication Fails, Your api key: ****df0d is invalid', 'type': 'authentication_error', 'param': None, 'code': 'invalid_request_error'}}
2026-08-05 04:01:19 [WARNING] [[deepseek] 6/6 策略=仅标题（无历史） retry=0] AI 调用失败或解析失败，继续下一次尝试
2026-08-05 04:01:19 [WARNING] [deepseek] 已达最大尝试次数 6，停止
2026-08-05 04:01:19 [INFO] ⚠️ deepseek 未能产出满意结果，尝试下一个提供商
2026-08-05 04:01:19 [INFO] 🔄 尝试 AI 提供商: zhipu
2026-08-05 04:01:19 [ERROR] 未设置环境变量 ZHIPU_API_KEY，无法使用 zhipu
2026-08-05 04:01:19 [INFO] ⚠️ zhipu 未能产出满意结果，尝试下一个提供商
2026-08-05 04:01:19 [INFO] 🔄 尝试 AI 提供商: kimi
2026-08-05 04:01:19 [ERROR] 未设置环境变量 KIMI_API_KEY，无法使用 kimi
2026-08-05 04:01:19 [INFO] ⚠️ kimi 未能产出满意结果，尝试下一个提供商
2026-08-05 04:01:19 [INFO] 🔄 尝试 AI 提供商: huoshan
2026-08-05 04:01:19 [ERROR] 未设置环境变量 HUOSHAN_API_KEY，无法使用 huoshan
2026-08-05 04:01:19 [INFO] ⚠️ huoshan 未能产出满意结果，尝试下一个提供商
2026-08-05 04:01:19 [ERROR] ❌ 所有提供商均失败，返回空列表
2026-08-05 04:01:19 [INFO] 📦 JSON 已保存: reports/2026-08-05-12.json
2026-08-05 04:01:19 [INFO] ✅ AI 筛选完成，共 0 条交易相关消息
2026-08-05 05:01:04 [INFO] 🚀 开始抓取 2026-08-05 13:00 币圈新闻
2026-08-05 05:01:04 [INFO] 📡 抓取 RSS 新闻源...
2026-08-05 05:01:04 [INFO] 📡 抓取交易所公告 & 链上数据...
2026-08-05 05:01:04 [INFO]   ⏭ CoinTelegraph: 过滤掉 29 条非近期新闻
2026-08-05 05:01:04 [INFO]   ⏭ Decrypt: 过滤掉 39 条非近期新闻
2026-08-05 05:01:04 [INFO]   ⏭ The Block: 过滤掉 20 条非近期新闻
2026-08-05 05:01:04 [INFO]   ⏭ CoinDesk: 过滤掉 24 条非近期新闻
2026-08-05 05:01:04 [INFO]   ⏭ Bloomberg Crypto: 过滤掉 50 条非近期新闻
2026-08-05 05:01:04 [WARNING] 解析失败 Bitget公告: 'NoneType' object is not subscriptable
2026-08-05 05:01:04 [INFO]   ⏭ Reuters Crypto: 过滤掉 50 条非近期新闻
2026-08-05 05:01:04 [INFO]   ⏭ Bitcoin Magazine: 过滤掉 10 条非近期新闻
2026-08-05 05:01:04 [INFO]   ⏭ CNBC Crypto: 过滤掉 48 条非近期新闻
2026-08-05 05:01:04 [INFO]   ⏭ 宏观经济: 过滤掉 50 条非近期新闻
2026-08-05 05:01:04 [INFO]   ⏭ Reddit r/cryptocurrency: 过滤掉 24 条非近期新闻
2026-08-05 05:01:05 [INFO]   ⏭ DL News: 过滤掉 50 条非近期新闻
2026-08-05 05:01:05 [INFO]   ⏭ Decrypt: 过滤掉 50 条非近期新闻
2026-08-05 05:01:05 [INFO]   ⏭ Blockworks: 过滤掉 50 条非近期新闻
2026-08-05 05:01:05 [INFO]   ⏭ Bitcoin Magazine: 过滤掉 50 条非近期新闻
2026-08-05 05:01:05 [INFO]   ⏭ 吴说区块链: 过滤掉 50 条非近期新闻
2026-08-05 05:01:05 [INFO]   ⏭ 宏观经济: 过滤掉 50 条非近期新闻
2026-08-05 05:01:05 [INFO]   ⏭ DeFi Llama: 过滤掉 50 条非近期新闻
2026-08-05 05:01:05 [INFO]   ⏭ 雪球加密: 过滤掉 50 条非近期新闻
2026-08-05 05:01:05 [INFO]   ⏭ The Block: 过滤掉 50 条非近期新闻
2026-08-05 05:01:05 [INFO]   ⏭ Blockworks: 过滤掉 10 条非近期新闻
2026-08-05 05:01:05 [INFO]   ⏭ Crypto Twitter: 过滤掉 49 条非近期新闻
2026-08-05 05:01:16 [INFO]   ⏭ PANews: 过滤掉 50 条非近期新闻
2026-08-05 05:01:19 [DEBUG] 请求失败 https://rsshub.rssforever.com/jinse/lives: 
2026-08-05 05:01:19 [INFO]   ✓ CoinDesk: 1 条
2026-08-05 05:01:19 [INFO]   ✓ The Block: 0 条
2026-08-05 05:01:19 [INFO]   ✓ Decrypt: 0 条
2026-08-05 05:01:19 [INFO]   ✓ CoinTelegraph: 1 条
2026-08-05 05:01:19 [INFO]   ✓ Bitcoin Magazine: 0 条
2026-08-05 05:01:19 [INFO]   ✓ Blockworks: 0 条
2026-08-05 05:01:19 [INFO]   ✓ DL News: 0 条
2026-08-05 05:01:19 [INFO]   ✓ 金色财经: 0 条
2026-08-05 05:01:19 [INFO]   ✓ PANews: 0 条
2026-08-05 05:01:19 [INFO]   ✓ 律动BlockBeats: 20 条
2026-08-05 05:01:19 [INFO]   ✓ 吴说区块链: 0 条
2026-08-05 05:01:19 [INFO]   ✓ Bloomberg Crypto: 0 条
2026-08-05 05:01:19 [INFO]   ✓ Reuters Crypto: 0 条
2026-08-05 05:01:19 [INFO]   ✓ CNBC Crypto: 2 条
2026-08-05 05:01:19 [INFO]   ✓ Reddit r/cryptocurrency: 1 条
2026-08-05 05:01:19 [INFO]   ✓ Reddit r/bitcoin: 0 条
2026-08-05 05:01:19 [INFO]   ✓ Crypto Twitter: 1 条
2026-08-05 05:01:19 [INFO]   ✓ 宏观经济: 0 条
2026-08-05 05:01:19 [INFO]   ✓ Binance公告: 20 条
2026-08-05 05:01:19 [INFO]   ✓ OKX公告: 0 条
2026-08-05 05:01:19 [INFO]   ✓ Bitget公告: 0 条
2026-08-05 05:01:19 [INFO]   ✓ Whale Alert: 0 条
2026-08-05 05:01:19 [INFO]   ✓ Fear & Greed Index: 1 条
2026-08-05 05:01:19 [INFO]   ✓ DeFi Llama: 0 条
2026-08-05 05:01:19 [INFO]   ✓ 雪球加密: 0 条
2026-08-05 05:01:19 [INFO] 📊 共抓取 47 条新闻
2026-08-05 05:01:19 [INFO] 📋 原始新闻已保存: reports/2026-08-05-13-raw.json (47 条)
2026-08-05 05:01:19 [INFO] 📋 标题摘要已保存: reports/2026-08-05-13-raw-titles.md
2026-08-05 05:01:19 [INFO] ✅ 抓取完成，共 47 条，已保存到 reports/2026-08-05-13-raw.json
2026-08-05 05:01:20 [INFO] 🤖 开始 AI 筛选 2026-08-05 13:00 币圈消息
2026-08-05 05:01:20 [INFO] 📋 已加载原始新闻: reports/2026-08-05-13-raw.json (47 条)
2026-08-05 05:01:20 [INFO] 📚 已加载历史新闻标题（20422 字符）
2026-08-05 05:01:20 [INFO] 📚 已加载历史筛选标题 0 条、URL 0 个，用于去重
2026-08-05 05:01:20 [INFO] 🔄 尝试 AI 提供商: deepseek
2026-08-05 05:01:20 [INFO] 🤖 使用 AI 提供商: deepseek (模型: deepseek-v4-flash)
2026-08-05 05:01:20 [INFO] 🤖 AI 筛选 [[deepseek] 1/6 策略=仅标题+链接 retry=0]（47 条，7743 字符，temp=0.3）
2026-08-05 05:01:21 [ERROR] AI 调用异常 ([deepseek] 1/6 策略=仅标题+链接 retry=0): Error code: 401 - {'error': {'message': 'Authentication Fails, Your api key: ****df0d is invalid', 'type': 'authentication_error', 'param': None, 'code': 'invalid_request_error'}}
2026-08-05 05:01:21 [WARNING] [[deepseek] 1/6 策略=仅标题+链接 retry=0] AI 调用失败或解析失败，继续下一次尝试
2026-08-05 05:01:21 [INFO] 🤖 AI 筛选 [[deepseek] 2/6 策略=仅标题+链接 retry=1]（47 条，7743 字符，temp=0.3）
2026-08-05 05:01:21 [ERROR] AI 调用异常 ([deepseek] 2/6 策略=仅标题+链接 retry=1): Error code: 401 - {'error': {'message': 'Authentication Fails, Your api key: ****df0d is invalid', 'type': 'authentication_error', 'param': None, 'code': 'invalid_request_error'}}
2026-08-05 05:01:21 [WARNING] [[deepseek] 2/6 策略=仅标题+链接 retry=1] AI 调用失败或解析失败，继续下一次尝试
2026-08-05 05:01:21 [INFO] 🤖 AI 筛选 [[deepseek] 3/6 策略=仅标题+链接 retry=2]（47 条，7743 字符，temp=0.3）
2026-08-05 05:01:22 [ERROR] AI 调用异常 ([deepseek] 3/6 策略=仅标题+链接 retry=2): Error code: 401 - {'error': {'message': 'Authentication Fails, Your api key: ****df0d is invalid', 'type': 'authentication_error', 'param': None, 'code': 'invalid_request_error'}}
2026-08-05 05:01:22 [WARNING] [[deepseek] 3/6 策略=仅标题+链接 retry=2] AI 调用失败或解析失败，继续下一次尝试
2026-08-05 05:01:22 [INFO] 🤖 AI 筛选 [[deepseek] 4/6 策略=完整内容 retry=0]（47 条，13520 字符，temp=0.3）
2026-08-05 05:01:22 [ERROR] AI 调用异常 ([deepseek] 4/6 策略=完整内容 retry=0): Error code: 401 - {'error': {'message': 'Authentication Fails, Your api key: ****df0d is invalid', 'type': 'authentication_error', 'param': None, 'code': 'invalid_request_error'}}
2026-08-05 05:01:22 [WARNING] [[deepseek] 4/6 策略=完整内容 retry=0] AI 调用失败或解析失败，继续下一次尝试
2026-08-05 05:01:22 [INFO] 🤖 AI 筛选 [[deepseek] 5/6 策略=完整内容 retry=1]（47 条，13520 字符，temp=0.3）
2026-08-05 05:01:23 [ERROR] AI 调用异常 ([deepseek] 5/6 策略=完整内容 retry=1): Error code: 401 - {'error': {'message': 'Authentication Fails, Your api key: ****df0d is invalid', 'type': 'authentication_error', 'param': None, 'code': 'invalid_request_error'}}
2026-08-05 05:01:23 [WARNING] [[deepseek] 5/6 策略=完整内容 retry=1] AI 调用失败或解析失败，继续下一次尝试
2026-08-05 05:01:23 [INFO] 🤖 AI 筛选 [[deepseek] 6/6 策略=仅标题（无历史） retry=0]（47 条，7743 字符，temp=0.3）
2026-08-05 05:01:23 [ERROR] AI 调用异常 ([deepseek] 6/6 策略=仅标题（无历史） retry=0): Error code: 401 - {'error': {'message': 'Authentication Fails, Your api key: ****df0d is invalid', 'type': 'authentication_error', 'param': None, 'code': 'invalid_request_error'}}
2026-08-05 05:01:23 [WARNING] [[deepseek] 6/6 策略=仅标题（无历史） retry=0] AI 调用失败或解析失败，继续下一次尝试
2026-08-05 05:01:23 [WARNING] [deepseek] 已达最大尝试次数 6，停止
2026-08-05 05:01:23 [INFO] ⚠️ deepseek 未能产出满意结果，尝试下一个提供商
2026-08-05 05:01:23 [INFO] 🔄 尝试 AI 提供商: zhipu
2026-08-05 05:01:23 [ERROR] 未设置环境变量 ZHIPU_API_KEY，无法使用 zhipu
2026-08-05 05:01:23 [INFO] ⚠️ zhipu 未能产出满意结果，尝试下一个提供商
2026-08-05 05:01:23 [INFO] 🔄 尝试 AI 提供商: kimi
2026-08-05 05:01:23 [ERROR] 未设置环境变量 KIMI_API_KEY，无法使用 kimi
2026-08-05 05:01:23 [INFO] ⚠️ kimi 未能产出满意结果，尝试下一个提供商
2026-08-05 05:01:23 [INFO] 🔄 尝试 AI 提供商: huoshan
2026-08-05 05:01:23 [ERROR] 未设置环境变量 HUOSHAN_API_KEY，无法使用 huoshan
2026-08-05 05:01:23 [INFO] ⚠️ huoshan 未能产出满意结果，尝试下一个提供商
2026-08-05 05:01:23 [ERROR] ❌ 所有提供商均失败，返回空列表
2026-08-05 05:01:23 [INFO] 📦 JSON 已保存: reports/2026-08-05-13.json
2026-08-05 05:01:23 [INFO] ✅ AI 筛选完成，共 0 条交易相关消息
2026-08-05 06:01:41 [INFO] 🚀 开始抓取 2026-08-05 14:00 币圈新闻
2026-08-05 06:01:41 [INFO] 📡 抓取 RSS 新闻源...
2026-08-05 06:01:41 [INFO] 📡 抓取交易所公告 & 链上数据...
2026-08-05 06:01:41 [INFO]   ⏭ The Block: 过滤掉 20 条非近期新闻
2026-08-05 06:01:41 [INFO]   ⏭ Decrypt: 过滤掉 39 条非近期新闻
2026-08-05 06:01:41 [INFO]   ⏭ CoinTelegraph: 过滤掉 27 条非近期新闻
2026-08-05 06:01:42 [INFO]   ⏭ Bloomberg Crypto: 过滤掉 49 条非近期新闻
2026-08-05 06:01:42 [INFO]   ⏭ 宏观经济: 过滤掉 50 条非近期新闻
2026-08-05 06:01:42 [WARNING] 解析失败 Bitget公告: 'NoneType' object is not subscriptable
2026-08-05 06:01:42 [INFO]   ⏭ Reuters Crypto: 过滤掉 50 条非近期新闻
2026-08-05 06:01:42 [INFO]   ⏭ Reddit r/bitcoin: 过滤掉 23 条非近期新闻
2026-08-05 06:01:42 [INFO]   ⏭ CNBC Crypto: 过滤掉 49 条非近期新闻
2026-08-05 06:01:42 [INFO]   ⏭ Bitcoin Magazine: 过滤掉 10 条非近期新闻
2026-08-05 06:01:42 [INFO]   ⏭ CoinDesk: 过滤掉 22 条非近期新闻
2026-08-05 06:01:42 [INFO]   ⏭ Blockworks: 过滤掉 50 条非近期新闻
2026-08-05 06:01:42 [INFO]   ⏭ 宏观经济: 过滤掉 50 条非近期新闻
2026-08-05 06:01:42 [INFO]   ⏭ DL News: 过滤掉 50 条非近期新闻
2026-08-05 06:01:42 [INFO]   ⏭ Blockworks: 过滤掉 10 条非近期新闻
2026-08-05 06:01:42 [INFO]   ⏭ Bitcoin Magazine: 过滤掉 50 条非近期新闻
2026-08-05 06:01:42 [INFO]   ⏭ Decrypt: 过滤掉 50 条非近期新闻
2026-08-05 06:01:42 [INFO]   ⏭ DeFi Llama: 过滤掉 50 条非近期新闻
2026-08-05 06:01:43 [INFO]   ⏭ 雪球加密: 过滤掉 50 条非近期新闻
2026-08-05 06:01:43 [INFO]   ⏭ The Block: 过滤掉 50 条非近期新闻
2026-08-05 06:01:43 [INFO]   ⏭ 吴说区块链: 过滤掉 50 条非近期新闻
2026-08-05 06:01:43 [INFO]   ⏭ 律动BlockBeats: 过滤掉 50 条非近期新闻
2026-08-05 06:01:43 [INFO]   ⏭ Crypto Twitter: 过滤掉 46 条非近期新闻
2026-08-05 06:01:43 [INFO]   ⏭ PANews: 过滤掉 50 条非近期新闻
2026-08-05 06:01:44 [INFO]   ✓ CoinDesk: 3 条
2026-08-05 06:01:44 [INFO]   ✓ The Block: 0 条
2026-08-05 06:01:44 [INFO]   ✓ Decrypt: 0 条
2026-08-05 06:01:44 [INFO]   ✓ CoinTelegraph: 3 条
2026-08-05 06:01:44 [INFO]   ✓ Bitcoin Magazine: 0 条
2026-08-05 06:01:44 [INFO]   ✓ Blockworks: 0 条
2026-08-05 06:01:44 [INFO]   ✓ DL News: 0 条
2026-08-05 06:01:44 [INFO]   ✓ 金色财经: 2 条
2026-08-05 06:01:44 [INFO]   ✓ PANews: 0 条
2026-08-05 06:01:44 [INFO]   ✓ 律动BlockBeats: 0 条
2026-08-05 06:01:44 [INFO]   ✓ 吴说区块链: 0 条
2026-08-05 06:01:44 [INFO]   ✓ Bloomberg Crypto: 1 条
2026-08-05 06:01:44 [INFO]   ✓ Reuters Crypto: 0 条
2026-08-05 06:01:44 [INFO]   ✓ CNBC Crypto: 1 条
2026-08-05 06:01:44 [INFO]   ✓ Reddit r/cryptocurrency: 0 条
2026-08-05 06:01:44 [INFO]   ✓ Reddit r/bitcoin: 2 条
2026-08-05 06:01:44 [INFO]   ✓ Crypto Twitter: 4 条
2026-08-05 06:01:44 [INFO]   ✓ 宏观经济: 0 条
2026-08-05 06:01:44 [INFO]   ✓ Binance公告: 20 条
2026-08-05 06:01:44 [INFO]   ✓ OKX公告: 0 条
2026-08-05 06:01:44 [INFO]   ✓ Bitget公告: 0 条
2026-08-05 06:01:44 [INFO]   ✓ Whale Alert: 0 条
2026-08-05 06:01:44 [INFO]   ✓ Fear & Greed Index: 1 条
2026-08-05 06:01:44 [INFO]   ✓ DeFi Llama: 0 条
2026-08-05 06:01:44 [INFO]   ✓ 雪球加密: 0 条
2026-08-05 06:01:44 [INFO] 📊 共抓取 37 条新闻
2026-08-05 06:01:44 [INFO] 📋 原始新闻已保存: reports/2026-08-05-14-raw.json (37 条)
2026-08-05 06:01:44 [INFO] 📋 标题摘要已保存: reports/2026-08-05-14-raw-titles.md
2026-08-05 06:01:44 [INFO] ✅ 抓取完成，共 37 条，已保存到 reports/2026-08-05-14-raw.json
2026-08-05 06:01:45 [INFO] 🤖 开始 AI 筛选 2026-08-05 14:00 币圈消息
2026-08-05 06:01:45 [INFO] 📋 已加载原始新闻: reports/2026-08-05-14-raw.json (37 条)
2026-08-05 06:01:45 [INFO] 📚 已加载历史新闻标题（19663 字符）
2026-08-05 06:01:45 [INFO] 📚 已加载历史筛选标题 0 条、URL 0 个，用于去重
2026-08-05 06:01:45 [INFO] 🔄 尝试 AI 提供商: deepseek
2026-08-05 06:01:45 [INFO] 🤖 使用 AI 提供商: deepseek (模型: deepseek-v4-flash)
2026-08-05 06:01:45 [INFO] 🤖 AI 筛选 [[deepseek] 1/6 策略=仅标题+链接 retry=0]（37 条，8235 字符，temp=0.3）
2026-08-05 06:01:46 [ERROR] AI 调用异常 ([deepseek] 1/6 策略=仅标题+链接 retry=0): Error code: 401 - {'error': {'message': 'Authentication Fails, Your api key: ****df0d is invalid', 'type': 'authentication_error', 'param': None, 'code': 'invalid_request_error'}}
2026-08-05 06:01:46 [WARNING] [[deepseek] 1/6 策略=仅标题+链接 retry=0] AI 调用失败或解析失败，继续下一次尝试
2026-08-05 06:01:46 [INFO] 🤖 AI 筛选 [[deepseek] 2/6 策略=仅标题+链接 retry=1]（37 条，8235 字符，temp=0.3）
2026-08-05 06:01:46 [ERROR] AI 调用异常 ([deepseek] 2/6 策略=仅标题+链接 retry=1): Error code: 401 - {'error': {'message': 'Authentication Fails, Your api key: ****df0d is invalid', 'type': 'authentication_error', 'param': None, 'code': 'invalid_request_error'}}
2026-08-05 06:01:46 [WARNING] [[deepseek] 2/6 策略=仅标题+链接 retry=1] AI 调用失败或解析失败，继续下一次尝试
2026-08-05 06:01:46 [INFO] 🤖 AI 筛选 [[deepseek] 3/6 策略=仅标题+链接 retry=2]（37 条，8235 字符，temp=0.3）
2026-08-05 06:01:47 [ERROR] AI 调用异常 ([deepseek] 3/6 策略=仅标题+链接 retry=2): Error code: 401 - {'error': {'message': 'Authentication Fails, Your api key: ****df0d is invalid', 'type': 'authentication_error', 'param': None, 'code': 'invalid_request_error'}}
2026-08-05 06:01:47 [WARNING] [[deepseek] 3/6 策略=仅标题+链接 retry=2] AI 调用失败或解析失败，继续下一次尝试
2026-08-05 06:01:47 [INFO] 🤖 AI 筛选 [[deepseek] 4/6 策略=完整内容 retry=0]（37 条，11599 字符，temp=0.3）
2026-08-05 06:01:47 [ERROR] AI 调用异常 ([deepseek] 4/6 策略=完整内容 retry=0): Error code: 401 - {'error': {'message': 'Authentication Fails, Your api key: ****df0d is invalid', 'type': 'authentication_error', 'param': None, 'code': 'invalid_request_error'}}
2026-08-05 06:01:47 [WARNING] [[deepseek] 4/6 策略=完整内容 retry=0] AI 调用失败或解析失败，继续下一次尝试
2026-08-05 06:01:47 [INFO] 🤖 AI 筛选 [[deepseek] 5/6 策略=完整内容 retry=1]（37 条，11599 字符，temp=0.3）
2026-08-05 06:01:47 [ERROR] AI 调用异常 ([deepseek] 5/6 策略=完整内容 retry=1): Error code: 401 - {'error': {'message': 'Authentication Fails, Your api key: ****df0d is invalid', 'type': 'authentication_error', 'param': None, 'code': 'invalid_request_error'}}
2026-08-05 06:01:47 [WARNING] [[deepseek] 5/6 策略=完整内容 retry=1] AI 调用失败或解析失败，继续下一次尝试
2026-08-05 06:01:47 [INFO] 🤖 AI 筛选 [[deepseek] 6/6 策略=仅标题（无历史） retry=0]（37 条，8235 字符，temp=0.3）
2026-08-05 06:01:48 [ERROR] AI 调用异常 ([deepseek] 6/6 策略=仅标题（无历史） retry=0): Error code: 401 - {'error': {'message': 'Authentication Fails, Your api key: ****df0d is invalid', 'type': 'authentication_error', 'param': None, 'code': 'invalid_request_error'}}
2026-08-05 06:01:48 [WARNING] [[deepseek] 6/6 策略=仅标题（无历史） retry=0] AI 调用失败或解析失败，继续下一次尝试
2026-08-05 06:01:48 [WARNING] [deepseek] 已达最大尝试次数 6，停止
2026-08-05 06:01:48 [INFO] ⚠️ deepseek 未能产出满意结果，尝试下一个提供商
2026-08-05 06:01:48 [INFO] 🔄 尝试 AI 提供商: zhipu
2026-08-05 06:01:48 [ERROR] 未设置环境变量 ZHIPU_API_KEY，无法使用 zhipu
2026-08-05 06:01:48 [INFO] ⚠️ zhipu 未能产出满意结果，尝试下一个提供商
2026-08-05 06:01:48 [INFO] 🔄 尝试 AI 提供商: kimi
2026-08-05 06:01:48 [ERROR] 未设置环境变量 KIMI_API_KEY，无法使用 kimi
2026-08-05 06:01:48 [INFO] ⚠️ kimi 未能产出满意结果，尝试下一个提供商
2026-08-05 06:01:48 [INFO] 🔄 尝试 AI 提供商: huoshan
2026-08-05 06:01:48 [ERROR] 未设置环境变量 HUOSHAN_API_KEY，无法使用 huoshan
2026-08-05 06:01:48 [INFO] ⚠️ huoshan 未能产出满意结果，尝试下一个提供商
2026-08-05 06:01:48 [ERROR] ❌ 所有提供商均失败，返回空列表
2026-08-05 06:01:48 [INFO] 📦 JSON 已保存: reports/2026-08-05-14.json
2026-08-05 06:01:48 [INFO] ✅ AI 筛选完成，共 0 条交易相关消息
2026-08-05 07:00:56 [INFO] 🚀 开始抓取 2026-08-05 15:00 币圈新闻
2026-08-05 07:00:56 [INFO] 📡 抓取 RSS 新闻源...
2026-08-05 07:00:56 [INFO] 📡 抓取交易所公告 & 链上数据...
2026-08-05 07:00:56 [INFO]   ⏭ The Block: 过滤掉 19 条非近期新闻
2026-08-05 07:00:56 [INFO]   ⏭ Decrypt: 过滤掉 39 条非近期新闻
2026-08-05 07:00:56 [INFO]   ⏭ CoinTelegraph: 过滤掉 27 条非近期新闻
2026-08-05 07:00:56 [WARNING] 解析失败 Bitget公告: 'NoneType' object is not subscriptable
2026-08-05 07:00:56 [INFO]   ⏭ Bitcoin Magazine: 过滤掉 10 条非近期新闻
2026-08-05 07:00:56 [INFO]   ⏭ CoinDesk: 过滤掉 23 条非近期新闻
2026-08-05 07:00:56 [INFO]   ⏭ Bloomberg Crypto: 过滤掉 50 条非近期新闻
2026-08-05 07:00:57 [INFO]   ⏭ 宏观经济: 过滤掉 50 条非近期新闻
2026-08-05 07:00:57 [INFO]   ⏭ Reuters Crypto: 过滤掉 50 条非近期新闻
2026-08-05 07:00:57 [INFO]   ⏭ CNBC Crypto: 过滤掉 50 条非近期新闻
2026-08-05 07:00:57 [INFO]   ⏭ Blockworks: 过滤掉 50 条非近期新闻
2026-08-05 07:00:57 [INFO]   ⏭ Reddit r/cryptocurrency: 过滤掉 21 条非近期新闻
2026-08-05 07:00:57 [INFO]   ⏭ DL News: 过滤掉 50 条非近期新闻
2026-08-05 07:00:57 [INFO]   ⏭ Decrypt: 过滤掉 50 条非近期新闻
2026-08-05 07:00:57 [INFO]   ⏭ Bitcoin Magazine: 过滤掉 50 条非近期新闻
2026-08-05 07:00:57 [INFO]   ⏭ 宏观经济: 过滤掉 50 条非近期新闻
2026-08-05 07:00:57 [INFO]   ⏭ DeFi Llama: 过滤掉 50 条非近期新闻
2026-08-05 07:00:57 [INFO]   ⏭ Blockworks: 过滤掉 10 条非近期新闻
2026-08-05 07:00:57 [INFO]   ⏭ 雪球加密: 过滤掉 50 条非近期新闻
2026-08-05 07:00:57 [INFO]   ⏭ 吴说区块链: 过滤掉 50 条非近期新闻
2026-08-05 07:00:58 [INFO]   ⏭ Crypto Twitter: 过滤掉 48 条非近期新闻
2026-08-05 07:01:02 [INFO]   ⏭ 律动BlockBeats: 过滤掉 8 条非近期新闻
2026-08-05 07:01:04 [INFO]   ⏭ PANews: 过滤掉 50 条非近期新闻
2026-08-05 07:01:12 [DEBUG] 请求失败 https://rsshub.rssforever.com/jinse/lives: 
2026-08-05 07:01:12 [INFO]   ✓ CoinDesk: 2 条
2026-08-05 07:01:12 [INFO]   ✓ The Block: 1 条
2026-08-05 07:01:12 [INFO]   ✓ Decrypt: 0 条
2026-08-05 07:01:12 [INFO]   ✓ CoinTelegraph: 3 条
2026-08-05 07:01:12 [INFO]   ✓ Bitcoin Magazine: 0 条
2026-08-05 07:01:12 [INFO]   ✓ Blockworks: 0 条
2026-08-05 07:01:12 [INFO]   ✓ DL News: 0 条
2026-08-05 07:01:12 [INFO]   ✓ 金色财经: 0 条
2026-08-05 07:01:12 [INFO]   ✓ PANews: 0 条
2026-08-05 07:01:12 [INFO]   ✓ 律动BlockBeats: 12 条
2026-08-05 07:01:12 [INFO]   ✓ 吴说区块链: 0 条
2026-08-05 07:01:12 [INFO]   ✓ Bloomberg Crypto: 0 条
2026-08-05 07:01:12 [INFO]   ✓ Reuters Crypto: 0 条
2026-08-05 07:01:12 [INFO]   ✓ CNBC Crypto: 0 条
2026-08-05 07:01:12 [INFO]   ✓ Reddit r/cryptocurrency: 4 条
2026-08-05 07:01:12 [INFO]   ✓ Reddit r/bitcoin: 0 条
2026-08-05 07:01:12 [INFO]   ✓ Crypto Twitter: 2 条
2026-08-05 07:01:12 [INFO]   ✓ 宏观经济: 0 条
2026-08-05 07:01:12 [INFO]   ✓ Binance公告: 20 条
2026-08-05 07:01:12 [INFO]   ✓ OKX公告: 0 条
2026-08-05 07:01:12 [INFO]   ✓ Bitget公告: 0 条
2026-08-05 07:01:12 [INFO]   ✓ Whale Alert: 0 条
2026-08-05 07:01:12 [INFO]   ✓ Fear & Greed Index: 1 条
2026-08-05 07:01:12 [INFO]   ✓ DeFi Llama: 0 条
2026-08-05 07:01:12 [INFO]   ✓ 雪球加密: 0 条
2026-08-05 07:01:12 [INFO] 📊 共抓取 45 条新闻
2026-08-05 07:01:12 [INFO] 📋 原始新闻已保存: reports/2026-08-05-15-raw.json (45 条)
2026-08-05 07:01:12 [INFO] 📋 标题摘要已保存: reports/2026-08-05-15-raw-titles.md
2026-08-05 07:01:12 [INFO] ✅ 抓取完成，共 45 条，已保存到 reports/2026-08-05-15-raw.json
2026-08-05 07:01:13 [INFO] 🤖 开始 AI 筛选 2026-08-05 15:00 币圈消息
2026-08-05 07:01:13 [INFO] 📋 已加载原始新闻: reports/2026-08-05-15-raw.json (45 条)
2026-08-05 07:01:13 [INFO] 📚 已加载历史新闻标题（18795 字符）
2026-08-05 07:01:13 [INFO] 📚 已加载历史筛选标题 0 条、URL 0 个，用于去重
2026-08-05 07:01:13 [INFO] 🔄 尝试 AI 提供商: deepseek
2026-08-05 07:01:13 [INFO] 🤖 使用 AI 提供商: deepseek (模型: deepseek-v4-flash)
2026-08-05 07:01:13 [INFO] 🤖 AI 筛选 [[deepseek] 1/6 策略=仅标题+链接 retry=0]（45 条，7868 字符，temp=0.3）
2026-08-05 07:01:14 [ERROR] AI 调用异常 ([deepseek] 1/6 策略=仅标题+链接 retry=0): Error code: 401 - {'error': {'message': 'Authentication Fails, Your api key: ****df0d is invalid', 'type': 'authentication_error', 'param': None, 'code': 'invalid_request_error'}}
2026-08-05 07:01:14 [WARNING] [[deepseek] 1/6 策略=仅标题+链接 retry=0] AI 调用失败或解析失败，继续下一次尝试
2026-08-05 07:01:14 [INFO] 🤖 AI 筛选 [[deepseek] 2/6 策略=仅标题+链接 retry=1]（45 条，7868 字符，temp=0.3）
2026-08-05 07:01:14 [ERROR] AI 调用异常 ([deepseek] 2/6 策略=仅标题+链接 retry=1): Error code: 401 - {'error': {'message': 'Authentication Fails, Your api key: ****df0d is invalid', 'type': 'authentication_error', 'param': None, 'code': 'invalid_request_error'}}
2026-08-05 07:01:14 [WARNING] [[deepseek] 2/6 策略=仅标题+链接 retry=1] AI 调用失败或解析失败，继续下一次尝试
2026-08-05 07:01:14 [INFO] 🤖 AI 筛选 [[deepseek] 3/6 策略=仅标题+链接 retry=2]（45 条，7868 字符，temp=0.3）
2026-08-05 07:01:15 [ERROR] AI 调用异常 ([deepseek] 3/6 策略=仅标题+链接 retry=2): Error code: 401 - {'error': {'message': 'Authentication Fails, Your api key: ****df0d is invalid', 'type': 'authentication_error', 'param': None, 'code': 'invalid_request_error'}}
2026-08-05 07:01:15 [WARNING] [[deepseek] 3/6 策略=仅标题+链接 retry=2] AI 调用失败或解析失败，继续下一次尝试
2026-08-05 07:01:15 [INFO] 🤖 AI 筛选 [[deepseek] 4/6 策略=完整内容 retry=0]（45 条，13453 字符，temp=0.3）
2026-08-05 07:01:15 [ERROR] AI 调用异常 ([deepseek] 4/6 策略=完整内容 retry=0): Error code: 401 - {'error': {'message': 'Authentication Fails, Your api key: ****df0d is invalid', 'type': 'authentication_error', 'param': None, 'code': 'invalid_request_error'}}
2026-08-05 07:01:15 [WARNING] [[deepseek] 4/6 策略=完整内容 retry=0] AI 调用失败或解析失败，继续下一次尝试
2026-08-05 07:01:15 [INFO] 🤖 AI 筛选 [[deepseek] 5/6 策略=完整内容 retry=1]（45 条，13453 字符，temp=0.3）
2026-08-05 07:01:16 [ERROR] AI 调用异常 ([deepseek] 5/6 策略=完整内容 retry=1): Error code: 401 - {'error': {'message': 'Authentication Fails, Your api key: ****df0d is invalid', 'type': 'authentication_error', 'param': None, 'code': 'invalid_request_error'}}
2026-08-05 07:01:16 [WARNING] [[deepseek] 5/6 策略=完整内容 retry=1] AI 调用失败或解析失败，继续下一次尝试
2026-08-05 07:01:16 [INFO] 🤖 AI 筛选 [[deepseek] 6/6 策略=仅标题（无历史） retry=0]（45 条，7868 字符，temp=0.3）
2026-08-05 07:01:16 [ERROR] AI 调用异常 ([deepseek] 6/6 策略=仅标题（无历史） retry=0): Error code: 401 - {'error': {'message': 'Authentication Fails, Your api key: ****df0d is invalid', 'type': 'authentication_error', 'param': None, 'code': 'invalid_request_error'}}
2026-08-05 07:01:16 [WARNING] [[deepseek] 6/6 策略=仅标题（无历史） retry=0] AI 调用失败或解析失败，继续下一次尝试
2026-08-05 07:01:16 [WARNING] [deepseek] 已达最大尝试次数 6，停止
2026-08-05 07:01:16 [INFO] ⚠️ deepseek 未能产出满意结果，尝试下一个提供商
2026-08-05 07:01:16 [INFO] 🔄 尝试 AI 提供商: zhipu
2026-08-05 07:01:16 [ERROR] 未设置环境变量 ZHIPU_API_KEY，无法使用 zhipu
2026-08-05 07:01:16 [INFO] ⚠️ zhipu 未能产出满意结果，尝试下一个提供商
2026-08-05 07:01:16 [INFO] 🔄 尝试 AI 提供商: kimi
2026-08-05 07:01:16 [ERROR] 未设置环境变量 KIMI_API_KEY，无法使用 kimi
2026-08-05 07:01:16 [INFO] ⚠️ kimi 未能产出满意结果，尝试下一个提供商
2026-08-05 07:01:16 [INFO] 🔄 尝试 AI 提供商: huoshan
2026-08-05 07:01:16 [ERROR] 未设置环境变量 HUOSHAN_API_KEY，无法使用 huoshan
2026-08-05 07:01:16 [INFO] ⚠️ huoshan 未能产出满意结果，尝试下一个提供商
2026-08-05 07:01:16 [ERROR] ❌ 所有提供商均失败，返回空列表
2026-08-05 07:01:16 [INFO] 📦 JSON 已保存: reports/2026-08-05-15.json
2026-08-05 07:01:16 [INFO] ✅ AI 筛选完成，共 0 条交易相关消息
2026-08-05 08:00:56 [INFO] 🚀 开始抓取 2026-08-05 16:00 币圈新闻
2026-08-05 08:00:56 [INFO] 📡 抓取 RSS 新闻源...
2026-08-05 08:00:56 [INFO] 📡 抓取交易所公告 & 链上数据...
2026-08-05 08:00:56 [INFO]   ⏭ The Block: 过滤掉 18 条非近期新闻
2026-08-05 08:00:56 [INFO]   ⏭ Decrypt: 过滤掉 39 条非近期新闻
2026-08-05 08:00:56 [INFO]   ⏭ CoinTelegraph: 过滤掉 27 条非近期新闻
2026-08-05 08:00:56 [INFO]   ⏭ CoinDesk: 过滤掉 24 条非近期新闻
2026-08-05 08:00:56 [INFO]   ⏭ Bitcoin Magazine: 过滤掉 10 条非近期新闻
2026-08-05 08:00:57 [INFO]   ⏭ Blockworks: 过滤掉 50 条非近期新闻
2026-08-05 08:00:57 [INFO]   ⏭ Bloomberg Crypto: 过滤掉 50 条非近期新闻
2026-08-05 08:00:57 [INFO]   ⏭ Reuters Crypto: 过滤掉 50 条非近期新闻
2026-08-05 08:00:57 [INFO]   ⏭ 宏观经济: 过滤掉 50 条非近期新闻
2026-08-05 08:00:57 [INFO]   ⏭ Reddit r/cryptocurrency: 过滤掉 22 条非近期新闻
2026-08-05 08:00:57 [WARNING] 解析失败 Bitget公告: 'NoneType' object is not subscriptable
2026-08-05 08:00:57 [INFO]   ⏭ CNBC Crypto: 过滤掉 50 条非近期新闻
2026-08-05 08:00:57 [INFO]   ⏭ DL News: 过滤掉 50 条非近期新闻
2026-08-05 08:00:57 [INFO]   ⏭ 宏观经济: 过滤掉 50 条非近期新闻
2026-08-05 08:00:57 [INFO]   ⏭ Bitcoin Magazine: 过滤掉 50 条非近期新闻
2026-08-05 08:00:57 [INFO]   ⏭ Decrypt: 过滤掉 50 条非近期新闻
2026-08-05 08:00:57 [INFO]   ⏭ Blockworks: 过滤掉 10 条非近期新闻
2026-08-05 08:00:57 [INFO]   ⏭ 雪球加密: 过滤掉 50 条非近期新闻
2026-08-05 08:00:57 [INFO]   ⏭ DeFi Llama: 过滤掉 50 条非近期新闻
2026-08-05 08:00:57 [INFO]   ⏭ 吴说区块链: 过滤掉 50 条非近期新闻
2026-08-05 08:00:57 [INFO]   ⏭ 律动BlockBeats: 过滤掉 50 条非近期新闻
2026-08-05 08:00:58 [INFO]   ⏭ Crypto Twitter: 过滤掉 49 条非近期新闻
2026-08-05 08:00:58 [INFO]   ⏭ PANews: 过滤掉 50 条非近期新闻
2026-08-05 08:00:59 [INFO]   ✓ CoinDesk: 1 条
2026-08-05 08:00:59 [INFO]   ✓ The Block: 2 条
2026-08-05 08:00:59 [INFO]   ✓ Decrypt: 0 条
2026-08-05 08:00:59 [INFO]   ✓ CoinTelegraph: 3 条
2026-08-05 08:00:59 [INFO]   ✓ Bitcoin Magazine: 0 条
2026-08-05 08:00:59 [INFO]   ✓ Blockworks: 0 条
2026-08-05 08:00:59 [INFO]   ✓ DL News: 0 条
2026-08-05 08:00:59 [INFO]   ✓ 金色财经: 6 条
2026-08-05 08:00:59 [INFO]   ✓ PANews: 0 条
2026-08-05 08:00:59 [INFO]   ✓ 律动BlockBeats: 0 条
2026-08-05 08:00:59 [INFO]   ✓ 吴说区块链: 0 条
2026-08-05 08:00:59 [INFO]   ✓ Bloomberg Crypto: 0 条
2026-08-05 08:00:59 [INFO]   ✓ Reuters Crypto: 0 条
2026-08-05 08:00:59 [INFO]   ✓ CNBC Crypto: 0 条
2026-08-05 08:00:59 [INFO]   ✓ Reddit r/cryptocurrency: 3 条
2026-08-05 08:00:59 [INFO]   ✓ Reddit r/bitcoin: 0 条
2026-08-05 08:00:59 [INFO]   ✓ Crypto Twitter: 1 条
2026-08-05 08:00:59 [INFO]   ✓ 宏观经济: 0 条
2026-08-05 08:00:59 [INFO]   ✓ Binance公告: 20 条
2026-08-05 08:00:59 [INFO]   ✓ OKX公告: 0 条
2026-08-05 08:00:59 [INFO]   ✓ Bitget公告: 0 条
2026-08-05 08:00:59 [INFO]   ✓ Whale Alert: 0 条
2026-08-05 08:00:59 [INFO]   ✓ Fear & Greed Index: 1 条
2026-08-05 08:00:59 [INFO]   ✓ DeFi Llama: 0 条
2026-08-05 08:00:59 [INFO]   ✓ 雪球加密: 0 条
2026-08-05 08:00:59 [INFO] 📊 共抓取 37 条新闻
2026-08-05 08:00:59 [INFO] 📋 原始新闻已保存: reports/2026-08-05-16-raw.json (37 条)
2026-08-05 08:00:59 [INFO] 📋 标题摘要已保存: reports/2026-08-05-16-raw-titles.md
2026-08-05 08:00:59 [INFO] ✅ 抓取完成，共 37 条，已保存到 reports/2026-08-05-16-raw.json
2026-08-05 08:01:00 [INFO] 🤖 开始 AI 筛选 2026-08-05 16:00 币圈消息
2026-08-05 08:01:00 [INFO] 📋 已加载原始新闻: reports/2026-08-05-16-raw.json (37 条)
2026-08-05 08:01:00 [INFO] 📚 已加载历史新闻标题（18223 字符）
2026-08-05 08:01:00 [INFO] 📚 已加载历史筛选标题 0 条、URL 0 个，用于去重
2026-08-05 08:01:00 [INFO] 🔄 尝试 AI 提供商: deepseek
2026-08-05 08:01:00 [INFO] 🤖 使用 AI 提供商: deepseek (模型: deepseek-v4-flash)
2026-08-05 08:01:00 [INFO] 🤖 AI 筛选 [[deepseek] 1/6 策略=仅标题+链接 retry=0]（37 条，6390 字符，temp=0.3）
2026-08-05 08:01:01 [ERROR] AI 调用异常 ([deepseek] 1/6 策略=仅标题+链接 retry=0): Error code: 401 - {'error': {'message': 'Authentication Fails, Your api key: ****df0d is invalid', 'type': 'authentication_error', 'param': None, 'code': 'invalid_request_error'}}
2026-08-05 08:01:01 [WARNING] [[deepseek] 1/6 策略=仅标题+链接 retry=0] AI 调用失败或解析失败，继续下一次尝试
2026-08-05 08:01:01 [INFO] 🤖 AI 筛选 [[deepseek] 2/6 策略=仅标题+链接 retry=1]（37 条，6390 字符，temp=0.3）
2026-08-05 08:01:01 [ERROR] AI 调用异常 ([deepseek] 2/6 策略=仅标题+链接 retry=1): Error code: 401 - {'error': {'message': 'Authentication Fails, Your api key: ****df0d is invalid', 'type': 'authentication_error', 'param': None, 'code': 'invalid_request_error'}}
2026-08-05 08:01:01 [WARNING] [[deepseek] 2/6 策略=仅标题+链接 retry=1] AI 调用失败或解析失败，继续下一次尝试
2026-08-05 08:01:01 [INFO] 🤖 AI 筛选 [[deepseek] 3/6 策略=仅标题+链接 retry=2]（37 条，6390 字符，temp=0.3）
2026-08-05 08:01:02 [ERROR] AI 调用异常 ([deepseek] 3/6 策略=仅标题+链接 retry=2): Error code: 401 - {'error': {'message': 'Authentication Fails, Your api key: ****df0d is invalid', 'type': 'authentication_error', 'param': None, 'code': 'invalid_request_error'}}
2026-08-05 08:01:02 [WARNING] [[deepseek] 3/6 策略=仅标题+链接 retry=2] AI 调用失败或解析失败，继续下一次尝试
2026-08-05 08:01:02 [INFO] 🤖 AI 筛选 [[deepseek] 4/6 策略=完整内容 retry=0]（37 条，10265 字符，temp=0.3）
2026-08-05 08:01:02 [ERROR] AI 调用异常 ([deepseek] 4/6 策略=完整内容 retry=0): Error code: 401 - {'error': {'message': 'Authentication Fails, Your api key: ****df0d is invalid', 'type': 'authentication_error', 'param': None, 'code': 'invalid_request_error'}}
2026-08-05 08:01:02 [WARNING] [[deepseek] 4/6 策略=完整内容 retry=0] AI 调用失败或解析失败，继续下一次尝试
2026-08-05 08:01:02 [INFO] 🤖 AI 筛选 [[deepseek] 5/6 策略=完整内容 retry=1]（37 条，10265 字符，temp=0.3）
2026-08-05 08:01:03 [ERROR] AI 调用异常 ([deepseek] 5/6 策略=完整内容 retry=1): Error code: 401 - {'error': {'message': 'Authentication Fails, Your api key: ****df0d is invalid', 'type': 'authentication_error', 'param': None, 'code': 'invalid_request_error'}}
2026-08-05 08:01:03 [WARNING] [[deepseek] 5/6 策略=完整内容 retry=1] AI 调用失败或解析失败，继续下一次尝试
2026-08-05 08:01:03 [INFO] 🤖 AI 筛选 [[deepseek] 6/6 策略=仅标题（无历史） retry=0]（37 条，6390 字符，temp=0.3）
2026-08-05 08:01:03 [ERROR] AI 调用异常 ([deepseek] 6/6 策略=仅标题（无历史） retry=0): Error code: 401 - {'error': {'message': 'Authentication Fails, Your api key: ****df0d is invalid', 'type': 'authentication_error', 'param': None, 'code': 'invalid_request_error'}}
2026-08-05 08:01:03 [WARNING] [[deepseek] 6/6 策略=仅标题（无历史） retry=0] AI 调用失败或解析失败，继续下一次尝试
2026-08-05 08:01:03 [WARNING] [deepseek] 已达最大尝试次数 6，停止
2026-08-05 08:01:03 [INFO] ⚠️ deepseek 未能产出满意结果，尝试下一个提供商
2026-08-05 08:01:03 [INFO] 🔄 尝试 AI 提供商: zhipu
2026-08-05 08:01:03 [ERROR] 未设置环境变量 ZHIPU_API_KEY，无法使用 zhipu
2026-08-05 08:01:03 [INFO] ⚠️ zhipu 未能产出满意结果，尝试下一个提供商
2026-08-05 08:01:03 [INFO] 🔄 尝试 AI 提供商: kimi
2026-08-05 08:01:03 [ERROR] 未设置环境变量 KIMI_API_KEY，无法使用 kimi
2026-08-05 08:01:03 [INFO] ⚠️ kimi 未能产出满意结果，尝试下一个提供商
2026-08-05 08:01:03 [INFO] 🔄 尝试 AI 提供商: huoshan
2026-08-05 08:01:03 [ERROR] 未设置环境变量 HUOSHAN_API_KEY，无法使用 huoshan
2026-08-05 08:01:03 [INFO] ⚠️ huoshan 未能产出满意结果，尝试下一个提供商
2026-08-05 08:01:03 [ERROR] ❌ 所有提供商均失败，返回空列表
2026-08-05 08:01:03 [INFO] 📦 JSON 已保存: reports/2026-08-05-16.json
2026-08-05 08:01:03 [INFO] ✅ AI 筛选完成，共 0 条交易相关消息
2026-08-05 09:01:08 [INFO] 🚀 开始抓取 2026-08-05 17:00 币圈新闻
2026-08-05 09:01:08 [INFO] 📡 抓取 RSS 新闻源...
2026-08-05 09:01:08 [INFO] 📡 抓取交易所公告 & 链上数据...
2026-08-05 09:01:08 [INFO]   ⏭ CoinTelegraph: 过滤掉 25 条非近期新闻
2026-08-05 09:01:09 [INFO]   ⏭ Bloomberg Crypto: 过滤掉 50 条非近期新闻
2026-08-05 09:01:09 [INFO]   ⏭ CoinDesk: 过滤掉 23 条非近期新闻
2026-08-05 09:01:09 [INFO]   ⏭ Decrypt: 过滤掉 39 条非近期新闻
2026-08-05 09:01:09 [INFO]   ⏭ CNBC Crypto: 过滤掉 49 条非近期新闻
2026-08-05 09:01:09 [INFO]   ⏭ Reuters Crypto: 过滤掉 50 条非近期新闻
2026-08-05 09:01:09 [INFO]   ⏭ 宏观经济: 过滤掉 50 条非近期新闻
2026-08-05 09:01:09 [INFO]   ⏭ Bitcoin Magazine: 过滤掉 10 条非近期新闻
2026-08-05 09:01:09 [INFO]   ⏭ The Block: 过滤掉 18 条非近期新闻
2026-08-05 09:01:09 [INFO]   ⏭ Blockworks: 过滤掉 50 条非近期新闻
2026-08-05 09:01:09 [INFO]   ⏭ Reddit r/cryptocurrency: 过滤掉 20 条非近期新闻
2026-08-05 09:01:09 [INFO]   ⏭ 宏观经济: 过滤掉 50 条非近期新闻
2026-08-05 09:01:09 [INFO]   ⏭ DL News: 过滤掉 50 条非近期新闻
2026-08-05 09:01:09 [WARNING] 解析失败 Bitget公告: 'NoneType' object is not subscriptable
2026-08-05 09:01:09 [INFO]   ⏭ Decrypt: 过滤掉 50 条非近期新闻
2026-08-05 09:01:09 [INFO]   ⏭ Blockworks: 过滤掉 10 条非近期新闻
2026-08-05 09:01:09 [INFO]   ⏭ Bitcoin Magazine: 过滤掉 50 条非近期新闻
2026-08-05 09:01:10 [INFO]   ⏭ DeFi Llama: 过滤掉 50 条非近期新闻
2026-08-05 09:01:10 [INFO]   ⏭ 吴说区块链: 过滤掉 50 条非近期新闻
2026-08-05 09:01:10 [INFO]   ⏭ 雪球加密: 过滤掉 49 条非近期新闻
2026-08-05 09:01:10 [INFO]   ⏭ PANews: 过滤掉 50 条非近期新闻
2026-08-05 09:01:10 [INFO]   ⏭ Crypto Twitter: 过滤掉 45 条非近期新闻
2026-08-05 09:01:10 [INFO]   ⏭ 律动BlockBeats: 过滤掉 50 条非近期新闻
2026-08-05 09:01:10 [INFO]   ✓ CoinDesk: 2 条
2026-08-05 09:01:10 [INFO]   ✓ The Block: 2 条
2026-08-05 09:01:10 [INFO]   ✓ Decrypt: 0 条
2026-08-05 09:01:10 [INFO]   ✓ CoinTelegraph: 5 条
2026-08-05 09:01:10 [INFO]   ✓ Bitcoin Magazine: 0 条
2026-08-05 09:01:10 [INFO]   ✓ Blockworks: 0 条
2026-08-05 09:01:10 [INFO]   ✓ DL News: 0 条
2026-08-05 09:01:10 [INFO]   ✓ 金色财经: 4 条
2026-08-05 09:01:10 [INFO]   ✓ PANews: 0 条
2026-08-05 09:01:10 [INFO]   ✓ 律动BlockBeats: 0 条
2026-08-05 09:01:10 [INFO]   ✓ 吴说区块链: 0 条
2026-08-05 09:01:10 [INFO]   ✓ Bloomberg Crypto: 0 条
2026-08-05 09:01:10 [INFO]   ✓ Reuters Crypto: 0 条
2026-08-05 09:01:10 [INFO]   ✓ CNBC Crypto: 1 条
2026-08-05 09:01:10 [INFO]   ✓ Reddit r/cryptocurrency: 5 条
2026-08-05 09:01:10 [INFO]   ✓ Reddit r/bitcoin: 0 条
2026-08-05 09:01:10 [INFO]   ✓ Crypto Twitter: 5 条
2026-08-05 09:01:10 [INFO]   ✓ 宏观经济: 0 条
2026-08-05 09:01:10 [INFO]   ✓ Binance公告: 20 条
2026-08-05 09:01:10 [INFO]   ✓ OKX公告: 0 条
2026-08-05 09:01:10 [INFO]   ✓ Bitget公告: 0 条
2026-08-05 09:01:10 [INFO]   ✓ Whale Alert: 0 条
2026-08-05 09:01:10 [INFO]   ✓ Fear & Greed Index: 1 条
2026-08-05 09:01:10 [INFO]   ✓ DeFi Llama: 0 条
2026-08-05 09:01:10 [INFO]   ✓ 雪球加密: 1 条
2026-08-05 09:01:10 [INFO] 📊 共抓取 46 条新闻
2026-08-05 09:01:10 [INFO] 📋 原始新闻已保存: reports/2026-08-05-17-raw.json (46 条)
2026-08-05 09:01:10 [INFO] 📋 标题摘要已保存: reports/2026-08-05-17-raw-titles.md
2026-08-05 09:01:10 [INFO] ✅ 抓取完成，共 46 条，已保存到 reports/2026-08-05-17-raw.json
2026-08-05 09:01:10 [INFO] 🤖 开始 AI 筛选 2026-08-05 17:00 币圈消息
2026-08-05 09:01:10 [INFO] 📋 已加载原始新闻: reports/2026-08-05-17-raw.json (46 条)
2026-08-05 09:01:10 [INFO] 📚 已加载历史新闻标题（18736 字符）
2026-08-05 09:01:10 [INFO] 📚 已加载历史筛选标题 0 条、URL 0 个，用于去重
2026-08-05 09:01:10 [INFO] 🔄 尝试 AI 提供商: deepseek
2026-08-05 09:01:11 [INFO] 🤖 使用 AI 提供商: deepseek (模型: deepseek-v4-flash)
2026-08-05 09:01:11 [INFO] 🤖 AI 筛选 [[deepseek] 1/6 策略=仅标题+链接 retry=0]（46 条，9734 字符，temp=0.3）
2026-08-05 09:01:12 [ERROR] AI 调用异常 ([deepseek] 1/6 策略=仅标题+链接 retry=0): Error code: 401 - {'error': {'message': 'Authentication Fails, Your api key: ****df0d is invalid', 'type': 'authentication_error', 'param': None, 'code': 'invalid_request_error'}}
2026-08-05 09:01:12 [WARNING] [[deepseek] 1/6 策略=仅标题+链接 retry=0] AI 调用失败或解析失败，继续下一次尝试
2026-08-05 09:01:12 [INFO] 🤖 AI 筛选 [[deepseek] 2/6 策略=仅标题+链接 retry=1]（46 条，9734 字符，temp=0.3）
2026-08-05 09:01:12 [ERROR] AI 调用异常 ([deepseek] 2/6 策略=仅标题+链接 retry=1): Error code: 401 - {'error': {'message': 'Authentication Fails, Your api key: ****df0d is invalid', 'type': 'authentication_error', 'param': None, 'code': 'invalid_request_error'}}
2026-08-05 09:01:12 [WARNING] [[deepseek] 2/6 策略=仅标题+链接 retry=1] AI 调用失败或解析失败，继续下一次尝试
2026-08-05 09:01:12 [INFO] 🤖 AI 筛选 [[deepseek] 3/6 策略=仅标题+链接 retry=2]（46 条，9734 字符，temp=0.3）
2026-08-05 09:01:13 [ERROR] AI 调用异常 ([deepseek] 3/6 策略=仅标题+链接 retry=2): Error code: 401 - {'error': {'message': 'Authentication Fails, Your api key: ****df0d is invalid', 'type': 'authentication_error', 'param': None, 'code': 'invalid_request_error'}}
2026-08-05 09:01:13 [WARNING] [[deepseek] 3/6 策略=仅标题+链接 retry=2] AI 调用失败或解析失败，继续下一次尝试
2026-08-05 09:01:13 [INFO] 🤖 AI 筛选 [[deepseek] 4/6 策略=完整内容 retry=0]（46 条，14458 字符，temp=0.3）
2026-08-05 09:01:13 [ERROR] AI 调用异常 ([deepseek] 4/6 策略=完整内容 retry=0): Error code: 401 - {'error': {'message': 'Authentication Fails, Your api key: ****df0d is invalid', 'type': 'authentication_error', 'param': None, 'code': 'invalid_request_error'}}
2026-08-05 09:01:13 [WARNING] [[deepseek] 4/6 策略=完整内容 retry=0] AI 调用失败或解析失败，继续下一次尝试
2026-08-05 09:01:13 [INFO] 🤖 AI 筛选 [[deepseek] 5/6 策略=完整内容 retry=1]（46 条，14458 字符，temp=0.3）
2026-08-05 09:01:14 [ERROR] AI 调用异常 ([deepseek] 5/6 策略=完整内容 retry=1): Error code: 401 - {'error': {'message': 'Authentication Fails, Your api key: ****df0d is invalid', 'type': 'authentication_error', 'param': None, 'code': 'invalid_request_error'}}
2026-08-05 09:01:14 [WARNING] [[deepseek] 5/6 策略=完整内容 retry=1] AI 调用失败或解析失败，继续下一次尝试
2026-08-05 09:01:14 [INFO] 🤖 AI 筛选 [[deepseek] 6/6 策略=仅标题（无历史） retry=0]（46 条，9734 字符，temp=0.3）
2026-08-05 09:01:14 [ERROR] AI 调用异常 ([deepseek] 6/6 策略=仅标题（无历史） retry=0): Error code: 401 - {'error': {'message': 'Authentication Fails, Your api key: ****df0d is invalid', 'type': 'authentication_error', 'param': None, 'code': 'invalid_request_error'}}
2026-08-05 09:01:14 [WARNING] [[deepseek] 6/6 策略=仅标题（无历史） retry=0] AI 调用失败或解析失败，继续下一次尝试
2026-08-05 09:01:14 [WARNING] [deepseek] 已达最大尝试次数 6，停止
2026-08-05 09:01:14 [INFO] ⚠️ deepseek 未能产出满意结果，尝试下一个提供商
2026-08-05 09:01:14 [INFO] 🔄 尝试 AI 提供商: zhipu
2026-08-05 09:01:14 [ERROR] 未设置环境变量 ZHIPU_API_KEY，无法使用 zhipu
2026-08-05 09:01:14 [INFO] ⚠️ zhipu 未能产出满意结果，尝试下一个提供商
2026-08-05 09:01:14 [INFO] 🔄 尝试 AI 提供商: kimi
2026-08-05 09:01:14 [ERROR] 未设置环境变量 KIMI_API_KEY，无法使用 kimi
2026-08-05 09:01:14 [INFO] ⚠️ kimi 未能产出满意结果，尝试下一个提供商
2026-08-05 09:01:14 [INFO] 🔄 尝试 AI 提供商: huoshan
2026-08-05 09:01:14 [ERROR] 未设置环境变量 HUOSHAN_API_KEY，无法使用 huoshan
2026-08-05 09:01:14 [INFO] ⚠️ huoshan 未能产出满意结果，尝试下一个提供商
2026-08-05 09:01:14 [ERROR] ❌ 所有提供商均失败，返回空列表
2026-08-05 09:01:14 [INFO] 📦 JSON 已保存: reports/2026-08-05-17.json
2026-08-05 09:01:14 [INFO] ✅ AI 筛选完成，共 0 条交易相关消息
2026-08-05 10:00:57 [INFO] 🚀 开始抓取 2026-08-05 18:00 币圈新闻
2026-08-05 10:00:57 [INFO] 📡 抓取 RSS 新闻源...
2026-08-05 10:00:57 [INFO] 📡 抓取交易所公告 & 链上数据...
2026-08-05 10:00:58 [INFO]   ⏭ Decrypt: 过滤掉 38 条非近期新闻
2026-08-05 10:00:58 [INFO]   ⏭ The Block: 过滤掉 18 条非近期新闻
2026-08-05 10:00:58 [INFO]   ⏭ CoinTelegraph: 过滤掉 23 条非近期新闻
2026-08-05 10:00:58 [WARNING] 解析失败 Bitget公告: 'NoneType' object is not subscriptable
2026-08-05 10:00:58 [INFO]   ⏭ Bloomberg Crypto: 过滤掉 49 条非近期新闻
2026-08-05 10:00:58 [INFO]   ⏭ 宏观经济: 过滤掉 50 条非近期新闻
2026-08-05 10:00:58 [INFO]   ⏭ CNBC Crypto: 过滤掉 48 条非近期新闻
2026-08-05 10:00:58 [INFO]   ⏭ Reuters Crypto: 过滤掉 50 条非近期新闻
2026-08-05 10:00:58 [INFO]   ⏭ Reddit r/cryptocurrency: 过滤掉 21 条非近期新闻
2026-08-05 10:00:58 [INFO]   ⏭ CoinDesk: 过滤掉 22 条非近期新闻
2026-08-05 10:00:58 [INFO]   ⏭ Bitcoin Magazine: 过滤掉 10 条非近期新闻
2026-08-05 10:00:58 [INFO]   ⏭ Blockworks: 过滤掉 50 条非近期新闻
2026-08-05 10:00:59 [INFO]   ⏭ 宏观经济: 过滤掉 50 条非近期新闻
2026-08-05 10:00:59 [INFO]   ⏭ DL News: 过滤掉 50 条非近期新闻
2026-08-05 10:00:59 [INFO]   ⏭ Blockworks: 过滤掉 10 条非近期新闻
2026-08-05 10:00:59 [INFO]   ⏭ Bitcoin Magazine: 过滤掉 50 条非近期新闻
2026-08-05 10:00:59 [INFO]   ⏭ DeFi Llama: 过滤掉 50 条非近期新闻
2026-08-05 10:00:59 [INFO]   ⏭ 吴说区块链: 过滤掉 50 条非近期新闻
2026-08-05 10:00:59 [INFO]   ⏭ 雪球加密: 过滤掉 49 条非近期新闻
2026-08-05 10:00:59 [INFO]   ⏭ Crypto Twitter: 过滤掉 40 条非近期新闻
2026-08-05 10:01:13 [DEBUG] 请求失败 https://rsshub.rssforever.com/theblockbeats/newsflash: 
2026-08-05 10:01:13 [DEBUG] 请求失败 https://rsshub.rssforever.com/jinse/lives: 
2026-08-05 10:01:13 [DEBUG] 请求失败 https://rsshub.rssforever.com/panewslab/news: 
2026-08-05 10:01:14 [INFO]   ⏭ 律动BlockBeats: 过滤掉 50 条非近期新闻
2026-08-05 10:01:14 [INFO]   ⏭ PANews: 过滤掉 50 条非近期新闻
2026-08-05 10:01:14 [INFO]   ✓ CoinDesk: 3 条
2026-08-05 10:01:14 [INFO]   ✓ The Block: 2 条
2026-08-05 10:01:14 [INFO]   ✓ Decrypt: 1 条
2026-08-05 10:01:14 [INFO]   ✓ CoinTelegraph: 7 条
2026-08-05 10:01:14 [INFO]   ✓ Bitcoin Magazine: 0 条
2026-08-05 10:01:14 [INFO]   ✓ Blockworks: 0 条
2026-08-05 10:01:14 [INFO]   ✓ DL News: 0 条
2026-08-05 10:01:14 [INFO]   ✓ 金色财经: 0 条
2026-08-05 10:01:14 [INFO]   ✓ PANews: 0 条
2026-08-05 10:01:14 [INFO]   ✓ 律动BlockBeats: 0 条
2026-08-05 10:01:14 [INFO]   ✓ 吴说区块链: 0 条
2026-08-05 10:01:14 [INFO]   ✓ Bloomberg Crypto: 1 条
2026-08-05 10:01:14 [INFO]   ✓ Reuters Crypto: 0 条
2026-08-05 10:01:14 [INFO]   ✓ CNBC Crypto: 2 条
2026-08-05 10:01:14 [INFO]   ✓ Reddit r/cryptocurrency: 4 条
2026-08-05 10:01:14 [INFO]   ✓ Reddit r/bitcoin: 0 条
2026-08-05 10:01:14 [INFO]   ✓ Crypto Twitter: 10 条
2026-08-05 10:01:14 [INFO]   ✓ 宏观经济: 0 条
2026-08-05 10:01:14 [INFO]   ✓ Binance公告: 20 条
2026-08-05 10:01:14 [INFO]   ✓ OKX公告: 0 条
2026-08-05 10:01:14 [INFO]   ✓ Bitget公告: 0 条
2026-08-05 10:01:14 [INFO]   ✓ Whale Alert: 0 条
2026-08-05 10:01:14 [INFO]   ✓ Fear & Greed Index: 1 条
2026-08-05 10:01:14 [INFO]   ✓ DeFi Llama: 0 条
2026-08-05 10:01:14 [INFO]   ✓ 雪球加密: 1 条
2026-08-05 10:01:14 [INFO] 📊 共抓取 52 条新闻
2026-08-05 10:01:14 [INFO] 📋 原始新闻已保存: reports/2026-08-05-18-raw.json (52 条)
2026-08-05 10:01:14 [INFO] 📋 标题摘要已保存: reports/2026-08-05-18-raw-titles.md
2026-08-05 10:01:14 [INFO] ✅ 抓取完成，共 52 条，已保存到 reports/2026-08-05-18-raw.json
2026-08-05 10:01:15 [INFO] 🤖 开始 AI 筛选 2026-08-05 18:00 币圈消息
2026-08-05 10:01:15 [INFO] 📋 已加载原始新闻: reports/2026-08-05-18-raw.json (52 条)
2026-08-05 10:01:15 [INFO] 📚 已加载历史新闻标题（18303 字符）
2026-08-05 10:01:15 [INFO] 📚 已加载历史筛选标题 0 条、URL 0 个，用于去重
2026-08-05 10:01:15 [INFO] 🔄 尝试 AI 提供商: deepseek
2026-08-05 10:01:15 [INFO] 🤖 使用 AI 提供商: deepseek (模型: deepseek-v4-flash)
2026-08-05 10:01:15 [INFO] 🤖 AI 筛选 [[deepseek] 1/6 策略=仅标题+链接 retry=0]（52 条，12700 字符，temp=0.3）
2026-08-05 10:01:16 [ERROR] AI 调用异常 ([deepseek] 1/6 策略=仅标题+链接 retry=0): Error code: 401 - {'error': {'message': 'Authentication Fails, Your api key: ****df0d is invalid', 'type': 'authentication_error', 'param': None, 'code': 'invalid_request_error'}}
2026-08-05 10:01:16 [WARNING] [[deepseek] 1/6 策略=仅标题+链接 retry=0] AI 调用失败或解析失败，继续下一次尝试
2026-08-05 10:01:16 [INFO] 🤖 AI 筛选 [[deepseek] 2/6 策略=仅标题+链接 retry=1]（52 条，12700 字符，temp=0.3）
2026-08-05 10:01:16 [ERROR] AI 调用异常 ([deepseek] 2/6 策略=仅标题+链接 retry=1): Error code: 401 - {'error': {'message': 'Authentication Fails, Your api key: ****df0d is invalid', 'type': 'authentication_error', 'param': None, 'code': 'invalid_request_error'}}
2026-08-05 10:01:16 [WARNING] [[deepseek] 2/6 策略=仅标题+链接 retry=1] AI 调用失败或解析失败，继续下一次尝试
2026-08-05 10:01:16 [INFO] 🤖 AI 筛选 [[deepseek] 3/6 策略=仅标题+链接 retry=2]（52 条，12700 字符，temp=0.3）
2026-08-05 10:01:16 [ERROR] AI 调用异常 ([deepseek] 3/6 策略=仅标题+链接 retry=2): Error code: 401 - {'error': {'message': 'Authentication Fails, Your api key: ****df0d is invalid', 'type': 'authentication_error', 'param': None, 'code': 'invalid_request_error'}}
2026-08-05 10:01:16 [WARNING] [[deepseek] 3/6 策略=仅标题+链接 retry=2] AI 调用失败或解析失败，继续下一次尝试
2026-08-05 10:01:16 [INFO] 🤖 AI 筛选 [[deepseek] 4/6 策略=完整内容 retry=0]（52 条，17595 字符，temp=0.3）
2026-08-05 10:01:17 [ERROR] AI 调用异常 ([deepseek] 4/6 策略=完整内容 retry=0): Error code: 401 - {'error': {'message': 'Authentication Fails, Your api key: ****df0d is invalid', 'type': 'authentication_error', 'param': None, 'code': 'invalid_request_error'}}
2026-08-05 10:01:17 [WARNING] [[deepseek] 4/6 策略=完整内容 retry=0] AI 调用失败或解析失败，继续下一次尝试
2026-08-05 10:01:17 [INFO] 🤖 AI 筛选 [[deepseek] 5/6 策略=完整内容 retry=1]（52 条，17595 字符，temp=0.3）
2026-08-05 10:01:17 [ERROR] AI 调用异常 ([deepseek] 5/6 策略=完整内容 retry=1): Error code: 401 - {'error': {'message': 'Authentication Fails, Your api key: ****df0d is invalid', 'type': 'authentication_error', 'param': None, 'code': 'invalid_request_error'}}
2026-08-05 10:01:17 [WARNING] [[deepseek] 5/6 策略=完整内容 retry=1] AI 调用失败或解析失败，继续下一次尝试
2026-08-05 10:01:17 [INFO] 🤖 AI 筛选 [[deepseek] 6/6 策略=仅标题（无历史） retry=0]（52 条，12700 字符，temp=0.3）
2026-08-05 10:01:18 [ERROR] AI 调用异常 ([deepseek] 6/6 策略=仅标题（无历史） retry=0): Error code: 401 - {'error': {'message': 'Authentication Fails, Your api key: ****df0d is invalid', 'type': 'authentication_error', 'param': None, 'code': 'invalid_request_error'}}
2026-08-05 10:01:18 [WARNING] [[deepseek] 6/6 策略=仅标题（无历史） retry=0] AI 调用失败或解析失败，继续下一次尝试
2026-08-05 10:01:18 [WARNING] [deepseek] 已达最大尝试次数 6，停止
2026-08-05 10:01:18 [INFO] ⚠️ deepseek 未能产出满意结果，尝试下一个提供商
2026-08-05 10:01:18 [INFO] 🔄 尝试 AI 提供商: zhipu
2026-08-05 10:01:18 [ERROR] 未设置环境变量 ZHIPU_API_KEY，无法使用 zhipu
2026-08-05 10:01:18 [INFO] ⚠️ zhipu 未能产出满意结果，尝试下一个提供商
2026-08-05 10:01:18 [INFO] 🔄 尝试 AI 提供商: kimi
2026-08-05 10:01:18 [ERROR] 未设置环境变量 KIMI_API_KEY，无法使用 kimi
2026-08-05 10:01:18 [INFO] ⚠️ kimi 未能产出满意结果，尝试下一个提供商
2026-08-05 10:01:18 [INFO] 🔄 尝试 AI 提供商: huoshan
2026-08-05 10:01:18 [ERROR] 未设置环境变量 HUOSHAN_API_KEY，无法使用 huoshan
2026-08-05 10:01:18 [INFO] ⚠️ huoshan 未能产出满意结果，尝试下一个提供商
2026-08-05 10:01:18 [ERROR] ❌ 所有提供商均失败，返回空列表
2026-08-05 10:01:18 [INFO] 📦 JSON 已保存: reports/2026-08-05-18.json
2026-08-05 10:01:18 [INFO] ✅ AI 筛选完成，共 0 条交易相关消息
2026-08-05 11:00:57 [INFO] 🚀 开始抓取 2026-08-05 19:00 币圈新闻
2026-08-05 11:00:57 [INFO] 📡 抓取 RSS 新闻源...
2026-08-05 11:00:57 [INFO] 📡 抓取交易所公告 & 链上数据...
2026-08-05 11:00:57 [INFO]   ⏭ Decrypt: 过滤掉 49 条非近期新闻
2026-08-05 11:00:57 [INFO]   ⏭ CoinTelegraph: 过滤掉 25 条非近期新闻
2026-08-05 11:00:57 [INFO]   ⏭ The Block: 过滤掉 19 条非近期新闻
2026-08-05 11:00:57 [INFO]   ⏭ CoinDesk: 过滤掉 23 条非近期新闻
2026-08-05 11:00:57 [INFO]   ⏭ Bitcoin Magazine: 过滤掉 10 条非近期新闻
2026-08-05 11:00:57 [INFO]   ⏭ 律动BlockBeats: 过滤掉 3 条非近期新闻
2026-08-05 11:00:57 [WARNING] 解析失败 Bitget公告: 'NoneType' object is not subscriptable
2026-08-05 11:00:57 [INFO]   ⏭ Bloomberg Crypto: 过滤掉 49 条非近期新闻
2026-08-05 11:00:58 [INFO]   ⏭ Reuters Crypto: 过滤掉 50 条非近期新闻
2026-08-05 11:00:58 [INFO]   ⏭ 宏观经济: 过滤掉 49 条非近期新闻
2026-08-05 11:00:58 [INFO]   ⏭ CNBC Crypto: 过滤掉 50 条非近期新闻
2026-08-05 11:00:58 [INFO]   ⏭ Reddit r/bitcoin: 过滤掉 25 条非近期新闻
2026-08-05 11:00:58 [INFO]   ⏭ Blockworks: 过滤掉 50 条非近期新闻
2026-08-05 11:00:58 [INFO]   ⏭ 吴说区块链: 过滤掉 50 条非近期新闻
2026-08-05 11:00:58 [INFO]   ⏭ Blockworks: 过滤掉 10 条非近期新闻
2026-08-05 11:00:58 [INFO]   ⏭ Bitcoin Magazine: 过滤掉 50 条非近期新闻
2026-08-05 11:00:58 [INFO]   ⏭ DeFi Llama: 过滤掉 50 条非近期新闻
2026-08-05 11:00:58 [INFO]   ⏭ 雪球加密: 过滤掉 50 条非近期新闻
2026-08-05 11:00:58 [INFO]   ⏭ DL News: 过滤掉 50 条非近期新闻
2026-08-05 11:00:58 [INFO]   ⏭ Crypto Twitter: 过滤掉 39 条非近期新闻
2026-08-05 11:00:58 [INFO]   ⏭ PANews: 过滤掉 50 条非近期新闻
2026-08-05 11:01:01 [INFO]   ✓ CoinDesk: 2 条
2026-08-05 11:01:01 [INFO]   ✓ The Block: 1 条
2026-08-05 11:01:01 [INFO]   ✓ Decrypt: 1 条
2026-08-05 11:01:01 [INFO]   ✓ CoinTelegraph: 5 条
2026-08-05 11:01:01 [INFO]   ✓ Bitcoin Magazine: 0 条
2026-08-05 11:01:01 [INFO]   ✓ Blockworks: 0 条
2026-08-05 11:01:01 [INFO]   ✓ DL News: 0 条
2026-08-05 11:01:01 [INFO]   ✓ 金色财经: 5 条
2026-08-05 11:01:01 [INFO]   ✓ PANews: 0 条
2026-08-05 11:01:01 [INFO]   ✓ 律动BlockBeats: 17 条
2026-08-05 11:01:01 [INFO]   ✓ 吴说区块链: 0 条
2026-08-05 11:01:01 [INFO]   ✓ Bloomberg Crypto: 1 条
2026-08-05 11:01:01 [INFO]   ✓ Reuters Crypto: 0 条
2026-08-05 11:01:01 [INFO]   ✓ CNBC Crypto: 0 条
2026-08-05 11:01:01 [INFO]   ✓ Reddit r/cryptocurrency: 0 条
2026-08-05 11:01:01 [INFO]   ✓ Reddit r/bitcoin: 0 条
2026-08-05 11:01:01 [INFO]   ✓ Crypto Twitter: 11 条
2026-08-05 11:01:01 [INFO]   ✓ 宏观经济: 1 条
2026-08-05 11:01:01 [INFO]   ✓ Binance公告: 20 条
2026-08-05 11:01:01 [INFO]   ✓ OKX公告: 0 条
2026-08-05 11:01:01 [INFO]   ✓ Bitget公告: 0 条
2026-08-05 11:01:01 [INFO]   ✓ Whale Alert: 0 条
2026-08-05 11:01:01 [INFO]   ✓ Fear & Greed Index: 1 条
2026-08-05 11:01:01 [INFO]   ✓ DeFi Llama: 0 条
2026-08-05 11:01:01 [INFO]   ✓ 雪球加密: 0 条
2026-08-05 11:01:01 [INFO] 📊 共抓取 65 条新闻
2026-08-05 11:01:01 [INFO] 📋 原始新闻已保存: reports/2026-08-05-19-raw.json (65 条)
2026-08-05 11:01:01 [INFO] 📋 标题摘要已保存: reports/2026-08-05-19-raw-titles.md
2026-08-05 11:01:01 [INFO] ✅ 抓取完成，共 65 条，已保存到 reports/2026-08-05-19-raw.json
2026-08-05 11:01:01 [INFO] 🤖 开始 AI 筛选 2026-08-05 19:00 币圈消息
2026-08-05 11:01:01 [INFO] 📋 已加载原始新闻: reports/2026-08-05-19-raw.json (65 条)
2026-08-05 11:01:01 [INFO] 📚 已加载历史新闻标题（20043 字符）
2026-08-05 11:01:01 [INFO] 📚 已加载历史筛选标题 0 条、URL 0 个，用于去重
2026-08-05 11:01:01 [INFO] 🔄 尝试 AI 提供商: deepseek
2026-08-05 11:01:01 [INFO] 🤖 使用 AI 提供商: deepseek (模型: deepseek-v4-flash)
2026-08-05 11:01:01 [INFO] 🤖 AI 筛选 [[deepseek] 1/6 策略=仅标题+链接 retry=0]（65 条，12471 字符，temp=0.3）
2026-08-05 11:01:02 [ERROR] AI 调用异常 ([deepseek] 1/6 策略=仅标题+链接 retry=0): Error code: 401 - {'error': {'message': 'Authentication Fails, Your api key: ****df0d is invalid', 'type': 'authentication_error', 'param': None, 'code': 'invalid_request_error'}}
2026-08-05 11:01:02 [WARNING] [[deepseek] 1/6 策略=仅标题+链接 retry=0] AI 调用失败或解析失败，继续下一次尝试
2026-08-05 11:01:02 [INFO] 🤖 AI 筛选 [[deepseek] 2/6 策略=仅标题+链接 retry=1]（65 条，12471 字符，temp=0.3）
2026-08-05 11:01:03 [ERROR] AI 调用异常 ([deepseek] 2/6 策略=仅标题+链接 retry=1): Error code: 401 - {'error': {'message': 'Authentication Fails, Your api key: ****df0d is invalid', 'type': 'authentication_error', 'param': None, 'code': 'invalid_request_error'}}
2026-08-05 11:01:03 [WARNING] [[deepseek] 2/6 策略=仅标题+链接 retry=1] AI 调用失败或解析失败，继续下一次尝试
2026-08-05 11:01:03 [INFO] 🤖 AI 筛选 [[deepseek] 3/6 策略=仅标题+链接 retry=2]（65 条，12471 字符，temp=0.3）
2026-08-05 11:01:03 [ERROR] AI 调用异常 ([deepseek] 3/6 策略=仅标题+链接 retry=2): Error code: 401 - {'error': {'message': 'Authentication Fails, Your api key: ****df0d is invalid', 'type': 'authentication_error', 'param': None, 'code': 'invalid_request_error'}}
2026-08-05 11:01:03 [WARNING] [[deepseek] 3/6 策略=仅标题+链接 retry=2] AI 调用失败或解析失败，继续下一次尝试
2026-08-05 11:01:03 [INFO] 🤖 AI 筛选 [[deepseek] 4/6 策略=完整内容 retry=0]（65 条，20859 字符，temp=0.3）
2026-08-05 11:01:04 [ERROR] AI 调用异常 ([deepseek] 4/6 策略=完整内容 retry=0): Error code: 401 - {'error': {'message': 'Authentication Fails, Your api key: ****df0d is invalid', 'type': 'authentication_error', 'param': None, 'code': 'invalid_request_error'}}
2026-08-05 11:01:04 [WARNING] [[deepseek] 4/6 策略=完整内容 retry=0] AI 调用失败或解析失败，继续下一次尝试
2026-08-05 11:01:04 [INFO] 🤖 AI 筛选 [[deepseek] 5/6 策略=完整内容 retry=1]（65 条，20859 字符，temp=0.3）
2026-08-05 11:01:04 [ERROR] AI 调用异常 ([deepseek] 5/6 策略=完整内容 retry=1): Error code: 401 - {'error': {'message': 'Authentication Fails, Your api key: ****df0d is invalid', 'type': 'authentication_error', 'param': None, 'code': 'invalid_request_error'}}
2026-08-05 11:01:04 [WARNING] [[deepseek] 5/6 策略=完整内容 retry=1] AI 调用失败或解析失败，继续下一次尝试
2026-08-05 11:01:04 [INFO] 🤖 AI 筛选 [[deepseek] 6/6 策略=仅标题（无历史） retry=0]（65 条，12471 字符，temp=0.3）
2026-08-05 11:01:04 [ERROR] AI 调用异常 ([deepseek] 6/6 策略=仅标题（无历史） retry=0): Error code: 401 - {'error': {'message': 'Authentication Fails, Your api key: ****df0d is invalid', 'type': 'authentication_error', 'param': None, 'code': 'invalid_request_error'}}
2026-08-05 11:01:04 [WARNING] [[deepseek] 6/6 策略=仅标题（无历史） retry=0] AI 调用失败或解析失败，继续下一次尝试
2026-08-05 11:01:04 [WARNING] [deepseek] 已达最大尝试次数 6，停止
2026-08-05 11:01:04 [INFO] ⚠️ deepseek 未能产出满意结果，尝试下一个提供商
2026-08-05 11:01:04 [INFO] 🔄 尝试 AI 提供商: zhipu
2026-08-05 11:01:04 [ERROR] 未设置环境变量 ZHIPU_API_KEY，无法使用 zhipu
2026-08-05 11:01:04 [INFO] ⚠️ zhipu 未能产出满意结果，尝试下一个提供商
2026-08-05 11:01:04 [INFO] 🔄 尝试 AI 提供商: kimi
2026-08-05 11:01:04 [ERROR] 未设置环境变量 KIMI_API_KEY，无法使用 kimi
2026-08-05 11:01:04 [INFO] ⚠️ kimi 未能产出满意结果，尝试下一个提供商
2026-08-05 11:01:04 [INFO] 🔄 尝试 AI 提供商: huoshan
2026-08-05 11:01:04 [ERROR] 未设置环境变量 HUOSHAN_API_KEY，无法使用 huoshan
2026-08-05 11:01:04 [INFO] ⚠️ huoshan 未能产出满意结果，尝试下一个提供商
2026-08-05 11:01:04 [ERROR] ❌ 所有提供商均失败，返回空列表
2026-08-05 11:01:04 [INFO] 📦 JSON 已保存: reports/2026-08-05-19.json
2026-08-05 11:01:04 [INFO] ✅ AI 筛选完成，共 0 条交易相关消息
2026-08-05 12:00:59 [INFO] 🚀 开始抓取 2026-08-05 20:00 币圈新闻
2026-08-05 12:00:59 [INFO] 📡 抓取 RSS 新闻源...
2026-08-05 12:00:59 [INFO] 📡 抓取交易所公告 & 链上数据...
2026-08-05 12:00:59 [INFO]   ⏭ Decrypt: 过滤掉 38 条非近期新闻
2026-08-05 12:00:59 [INFO]   ⏭ The Block: 过滤掉 18 条非近期新闻
2026-08-05 12:00:59 [INFO]   ⏭ CoinTelegraph: 过滤掉 27 条非近期新闻
2026-08-05 12:00:59 [INFO]   ⏭ CoinDesk: 过滤掉 22 条非近期新闻
2026-08-05 12:00:59 [INFO]   ⏭ Bitcoin Magazine: 过滤掉 10 条非近期新闻
2026-08-05 12:00:59 [INFO]   ⏭ Blockworks: 过滤掉 50 条非近期新闻
2026-08-05 12:00:59 [INFO]   ⏭ Reuters Crypto: 过滤掉 50 条非近期新闻
2026-08-05 12:01:00 [INFO]   ⏭ Bloomberg Crypto: 过滤掉 49 条非近期新闻
2026-08-05 12:01:00 [INFO]   ⏭ 宏观经济: 过滤掉 49 条非近期新闻
2026-08-05 12:01:00 [WARNING] 解析失败 Bitget公告: 'NoneType' object is not subscriptable
2026-08-05 12:01:00 [INFO]   ⏭ CNBC Crypto: 过滤掉 50 条非近期新闻
2026-08-05 12:01:00 [INFO]   ⏭ Reddit r/bitcoin: 过滤掉 23 条非近期新闻
2026-08-05 12:01:00 [INFO]   ⏭ Blockworks: 过滤掉 10 条非近期新闻
2026-08-05 12:01:00 [INFO]   ⏭ Bitcoin Magazine: 过滤掉 50 条非近期新闻
2026-08-05 12:01:00 [INFO]   ⏭ DL News: 过滤掉 50 条非近期新闻
2026-08-05 12:01:00 [INFO]   ⏭ DeFi Llama: 过滤掉 50 条非近期新闻
2026-08-05 12:01:00 [INFO]   ⏭ 吴说区块链: 过滤掉 50 条非近期新闻
2026-08-05 12:01:00 [INFO]   ⏭ 雪球加密: 过滤掉 50 条非近期新闻
2026-08-05 12:01:00 [INFO]   ⏭ Crypto Twitter: 过滤掉 41 条非近期新闻
2026-08-05 12:01:14 [DEBUG] 请求失败 https://rsshub.rssforever.com/panewslab/news: 
2026-08-05 12:01:14 [DEBUG] 请求失败 https://rsshub.rssforever.com/theblockbeats/newsflash: 
2026-08-05 12:01:15 [INFO]   ⏭ PANews: 过滤掉 50 条非近期新闻
2026-08-05 12:01:15 [INFO]   ⏭ 律动BlockBeats: 过滤掉 50 条非近期新闻
2026-08-05 12:01:15 [INFO]   ✓ CoinDesk: 3 条
2026-08-05 12:01:15 [INFO]   ✓ The Block: 2 条
2026-08-05 12:01:15 [INFO]   ✓ Decrypt: 1 条
2026-08-05 12:01:15 [INFO]   ✓ CoinTelegraph: 3 条
2026-08-05 12:01:15 [INFO]   ✓ Bitcoin Magazine: 0 条
2026-08-05 12:01:15 [INFO]   ✓ Blockworks: 0 条
2026-08-05 12:01:15 [INFO]   ✓ DL News: 0 条
2026-08-05 12:01:15 [INFO]   ✓ 金色财经: 20 条
2026-08-05 12:01:15 [INFO]   ✓ PANews: 0 条
2026-08-05 12:01:15 [INFO]   ✓ 律动BlockBeats: 0 条
2026-08-05 12:01:15 [INFO]   ✓ 吴说区块链: 0 条
2026-08-05 12:01:15 [INFO]   ✓ Bloomberg Crypto: 1 条
2026-08-05 12:01:15 [INFO]   ✓ Reuters Crypto: 0 条
2026-08-05 12:01:15 [INFO]   ✓ CNBC Crypto: 0 条
2026-08-05 12:01:15 [INFO]   ✓ Reddit r/cryptocurrency: 0 条
2026-08-05 12:01:15 [INFO]   ✓ Reddit r/bitcoin: 2 条
2026-08-05 12:01:15 [INFO]   ✓ Crypto Twitter: 9 条
2026-08-05 12:01:15 [INFO]   ✓ 宏观经济: 1 条
2026-08-05 12:01:15 [INFO]   ✓ Binance公告: 20 条
2026-08-05 12:01:15 [INFO]   ✓ OKX公告: 0 条
2026-08-05 12:01:15 [INFO]   ✓ Bitget公告: 0 条
2026-08-05 12:01:15 [INFO]   ✓ Whale Alert: 0 条
2026-08-05 12:01:15 [INFO]   ✓ Fear & Greed Index: 1 条
2026-08-05 12:01:15 [INFO]   ✓ DeFi Llama: 0 条
2026-08-05 12:01:15 [INFO]   ✓ 雪球加密: 0 条
2026-08-05 12:01:15 [INFO] 📊 共抓取 63 条新闻
2026-08-05 12:01:15 [INFO] 📋 原始新闻已保存: reports/2026-08-05-20-raw.json (63 条)
2026-08-05 12:01:15 [INFO] 📋 标题摘要已保存: reports/2026-08-05-20-raw-titles.md
2026-08-05 12:01:15 [INFO] ✅ 抓取完成，共 63 条，已保存到 reports/2026-08-05-20-raw.json
2026-08-05 12:01:15 [INFO] 🤖 开始 AI 筛选 2026-08-05 20:00 币圈消息
2026-08-05 12:01:15 [INFO] 📋 已加载原始新闻: reports/2026-08-05-20-raw.json (63 条)
2026-08-05 12:01:15 [INFO] 📚 已加载历史新闻标题（21470 字符）
2026-08-05 12:01:15 [INFO] 📚 已加载历史筛选标题 0 条、URL 0 个，用于去重
2026-08-05 12:01:15 [INFO] 🔄 尝试 AI 提供商: deepseek
2026-08-05 12:01:16 [INFO] 🤖 使用 AI 提供商: deepseek (模型: deepseek-v4-flash)
2026-08-05 12:01:16 [INFO] 🤖 AI 筛选 [[deepseek] 1/6 策略=仅标题+链接 retry=0]（63 条，11964 字符，temp=0.3）
2026-08-05 12:01:16 [ERROR] AI 调用异常 ([deepseek] 1/6 策略=仅标题+链接 retry=0): Error code: 401 - {'error': {'message': 'Authentication Fails, Your api key: ****df0d is invalid', 'type': 'authentication_error', 'param': None, 'code': 'invalid_request_error'}}
2026-08-05 12:01:16 [WARNING] [[deepseek] 1/6 策略=仅标题+链接 retry=0] AI 调用失败或解析失败，继续下一次尝试
2026-08-05 12:01:16 [INFO] 🤖 AI 筛选 [[deepseek] 2/6 策略=仅标题+链接 retry=1]（63 条，11964 字符，temp=0.3）
2026-08-05 12:01:17 [ERROR] AI 调用异常 ([deepseek] 2/6 策略=仅标题+链接 retry=1): Error code: 401 - {'error': {'message': 'Authentication Fails, Your api key: ****df0d is invalid', 'type': 'authentication_error', 'param': None, 'code': 'invalid_request_error'}}
2026-08-05 12:01:17 [WARNING] [[deepseek] 2/6 策略=仅标题+链接 retry=1] AI 调用失败或解析失败，继续下一次尝试
2026-08-05 12:01:17 [INFO] 🤖 AI 筛选 [[deepseek] 3/6 策略=仅标题+链接 retry=2]（63 条，11964 字符，temp=0.3）
2026-08-05 12:01:17 [ERROR] AI 调用异常 ([deepseek] 3/6 策略=仅标题+链接 retry=2): Error code: 401 - {'error': {'message': 'Authentication Fails, Your api key: ****df0d is invalid', 'type': 'authentication_error', 'param': None, 'code': 'invalid_request_error'}}
2026-08-05 12:01:17 [WARNING] [[deepseek] 3/6 策略=仅标题+链接 retry=2] AI 调用失败或解析失败，继续下一次尝试
2026-08-05 12:01:17 [INFO] 🤖 AI 筛选 [[deepseek] 4/6 策略=完整内容 retry=0]（63 条，19329 字符，temp=0.3）
2026-08-05 12:01:18 [ERROR] AI 调用异常 ([deepseek] 4/6 策略=完整内容 retry=0): Error code: 401 - {'error': {'message': 'Authentication Fails, Your api key: ****df0d is invalid', 'type': 'authentication_error', 'param': None, 'code': 'invalid_request_error'}}
2026-08-05 12:01:18 [WARNING] [[deepseek] 4/6 策略=完整内容 retry=0] AI 调用失败或解析失败，继续下一次尝试
2026-08-05 12:01:18 [INFO] 🤖 AI 筛选 [[deepseek] 5/6 策略=完整内容 retry=1]（63 条，19329 字符，temp=0.3）
2026-08-05 12:01:18 [ERROR] AI 调用异常 ([deepseek] 5/6 策略=完整内容 retry=1): Error code: 401 - {'error': {'message': 'Authentication Fails, Your api key: ****df0d is invalid', 'type': 'authentication_error', 'param': None, 'code': 'invalid_request_error'}}
2026-08-05 12:01:18 [WARNING] [[deepseek] 5/6 策略=完整内容 retry=1] AI 调用失败或解析失败，继续下一次尝试
2026-08-05 12:01:18 [INFO] 🤖 AI 筛选 [[deepseek] 6/6 策略=仅标题（无历史） retry=0]（63 条，11964 字符，temp=0.3）
2026-08-05 12:01:19 [ERROR] AI 调用异常 ([deepseek] 6/6 策略=仅标题（无历史） retry=0): Error code: 401 - {'error': {'message': 'Authentication Fails, Your api key: ****df0d is invalid', 'type': 'authentication_error', 'param': None, 'code': 'invalid_request_error'}}
2026-08-05 12:01:19 [WARNING] [[deepseek] 6/6 策略=仅标题（无历史） retry=0] AI 调用失败或解析失败，继续下一次尝试
2026-08-05 12:01:19 [WARNING] [deepseek] 已达最大尝试次数 6，停止
2026-08-05 12:01:19 [INFO] ⚠️ deepseek 未能产出满意结果，尝试下一个提供商
2026-08-05 12:01:19 [INFO] 🔄 尝试 AI 提供商: zhipu
2026-08-05 12:01:19 [ERROR] 未设置环境变量 ZHIPU_API_KEY，无法使用 zhipu
2026-08-05 12:01:19 [INFO] ⚠️ zhipu 未能产出满意结果，尝试下一个提供商
2026-08-05 12:01:19 [INFO] 🔄 尝试 AI 提供商: kimi
2026-08-05 12:01:19 [ERROR] 未设置环境变量 KIMI_API_KEY，无法使用 kimi
2026-08-05 12:01:19 [INFO] ⚠️ kimi 未能产出满意结果，尝试下一个提供商
2026-08-05 12:01:19 [INFO] 🔄 尝试 AI 提供商: huoshan
2026-08-05 12:01:19 [ERROR] 未设置环境变量 HUOSHAN_API_KEY，无法使用 huoshan
2026-08-05 12:01:19 [INFO] ⚠️ huoshan 未能产出满意结果，尝试下一个提供商
2026-08-05 12:01:19 [ERROR] ❌ 所有提供商均失败，返回空列表
2026-08-05 12:01:19 [INFO] 📦 JSON 已保存: reports/2026-08-05-20.json
2026-08-05 12:01:19 [INFO] ✅ AI 筛选完成，共 0 条交易相关消息
2026-08-05 13:01:04 [INFO] 🚀 开始抓取 2026-08-05 21:00 币圈新闻
2026-08-05 13:01:05 [INFO] 📡 抓取 RSS 新闻源...
2026-08-05 13:01:05 [INFO] 📡 抓取交易所公告 & 链上数据...
2026-08-05 13:01:05 [INFO]   ⏭ Decrypt: 过滤掉 36 条非近期新闻
2026-08-05 13:01:05 [INFO]   ⏭ The Block: 过滤掉 15 条非近期新闻
2026-08-05 13:01:05 [INFO]   ⏭ CoinTelegraph: 过滤掉 28 条非近期新闻
2026-08-05 13:01:05 [WARNING] 解析失败 Bitget公告: 'NoneType' object is not subscriptable
2026-08-05 13:01:05 [INFO]   ⏭ CoinDesk: 过滤掉 17 条非近期新闻
2026-08-05 13:01:05 [INFO]   ⏭ Bloomberg Crypto: 过滤掉 50 条非近期新闻
2026-08-05 13:01:05 [INFO]   ⏭ Bitcoin Magazine: 过滤掉 10 条非近期新闻
2026-08-05 13:01:05 [INFO]   ⏭ 宏观经济: 过滤掉 50 条非近期新闻
2026-08-05 13:01:05 [INFO]   ⏭ CNBC Crypto: 过滤掉 50 条非近期新闻
2026-08-05 13:01:05 [INFO]   ⏭ Blockworks: 过滤掉 50 条非近期新闻
2026-08-05 13:01:05 [INFO]   ⏭ Reuters Crypto: 过滤掉 50 条非近期新闻
2026-08-05 13:01:05 [INFO]   ⏭ Reddit r/cryptocurrency: 过滤掉 21 条非近期新闻
2026-08-05 13:01:05 [INFO]   ⏭ DL News: 过滤掉 50 条非近期新闻
2026-08-05 13:01:06 [INFO]   ⏭ Bitcoin Magazine: 过滤掉 50 条非近期新闻
2026-08-05 13:01:06 [INFO]   ⏭ Blockworks: 过滤掉 10 条非近期新闻
2026-08-05 13:01:06 [INFO]   ⏭ 宏观经济: 过滤掉 50 条非近期新闻
2026-08-05 13:01:06 [INFO]   ⏭ 吴说区块链: 过滤掉 50 条非近期新闻
2026-08-05 13:01:06 [INFO]   ⏭ DeFi Llama: 过滤掉 50 条非近期新闻
2026-08-05 13:01:06 [INFO]   ⏭ 雪球加密: 过滤掉 50 条非近期新闻
2026-08-05 13:01:06 [INFO]   ⏭ Crypto Twitter: 过滤掉 39 条非近期新闻
2026-08-05 13:01:18 [INFO]   ⏭ PANews: 过滤掉 50 条非近期新闻
2026-08-05 13:01:19 [INFO]   ⏭ 律动BlockBeats: 过滤掉 50 条非近期新闻
2026-08-05 13:01:20 [DEBUG] 请求失败 https://rsshub.rssforever.com/jinse/lives: 
2026-08-05 13:01:20 [INFO]   ✓ CoinDesk: 8 条
2026-08-05 13:01:20 [INFO]   ✓ The Block: 5 条
2026-08-05 13:01:20 [INFO]   ✓ Decrypt: 3 条
2026-08-05 13:01:20 [INFO]   ✓ CoinTelegraph: 2 条
2026-08-05 13:01:20 [INFO]   ✓ Bitcoin Magazine: 0 条
2026-08-05 13:01:20 [INFO]   ✓ Blockworks: 0 条
2026-08-05 13:01:20 [INFO]   ✓ DL News: 0 条
2026-08-05 13:01:20 [INFO]   ✓ 金色财经: 0 条
2026-08-05 13:01:20 [INFO]   ✓ PANews: 0 条
2026-08-05 13:01:20 [INFO]   ✓ 律动BlockBeats: 0 条
2026-08-05 13:01:20 [INFO]   ✓ 吴说区块链: 0 条
2026-08-05 13:01:20 [INFO]   ✓ Bloomberg Crypto: 0 条
2026-08-05 13:01:20 [INFO]   ✓ Reuters Crypto: 0 条
2026-08-05 13:01:20 [INFO]   ✓ CNBC Crypto: 0 条
2026-08-05 13:01:20 [INFO]   ✓ Reddit r/cryptocurrency: 4 条
2026-08-05 13:01:20 [INFO]   ✓ Reddit r/bitcoin: 0 条
2026-08-05 13:01:20 [INFO]   ✓ Crypto Twitter: 11 条
2026-08-05 13:01:20 [INFO]   ✓ 宏观经济: 0 条
2026-08-05 13:01:20 [INFO]   ✓ Binance公告: 20 条
2026-08-05 13:01:20 [INFO]   ✓ OKX公告: 0 条
2026-08-05 13:01:20 [INFO]   ✓ Bitget公告: 0 条
2026-08-05 13:01:20 [INFO]   ✓ Whale Alert: 0 条
2026-08-05 13:01:20 [INFO]   ✓ Fear & Greed Index: 1 条
2026-08-05 13:01:20 [INFO]   ✓ DeFi Llama: 0 条
2026-08-05 13:01:20 [INFO]   ✓ 雪球加密: 0 条
2026-08-05 13:01:20 [INFO] 📊 共抓取 54 条新闻
2026-08-05 13:01:20 [INFO] 📋 原始新闻已保存: reports/2026-08-05-21-raw.json (54 条)
2026-08-05 13:01:20 [INFO] 📋 标题摘要已保存: reports/2026-08-05-21-raw-titles.md
2026-08-05 13:01:20 [INFO] ✅ 抓取完成，共 54 条，已保存到 reports/2026-08-05-21-raw.json
2026-08-05 13:01:21 [INFO] 🤖 开始 AI 筛选 2026-08-05 21:00 币圈消息
2026-08-05 13:01:21 [INFO] 📋 已加载原始新闻: reports/2026-08-05-21-raw.json (54 条)
2026-08-05 13:01:21 [INFO] 📚 已加载历史新闻标题（22770 字符）
2026-08-05 13:01:21 [INFO] 📚 已加载历史筛选标题 0 条、URL 0 个，用于去重
2026-08-05 13:01:21 [INFO] 🔄 尝试 AI 提供商: deepseek
2026-08-05 13:01:21 [INFO] 🤖 使用 AI 提供商: deepseek (模型: deepseek-v4-flash)
2026-08-05 13:01:21 [INFO] 🤖 AI 筛选 [[deepseek] 1/6 策略=仅标题+链接 retry=0]（54 条，13369 字符，temp=0.3）
2026-08-05 13:01:22 [ERROR] AI 调用异常 ([deepseek] 1/6 策略=仅标题+链接 retry=0): Error code: 401 - {'error': {'message': 'Authentication Fails, Your api key: ****df0d is invalid', 'type': 'authentication_error', 'param': None, 'code': 'invalid_request_error'}}
2026-08-05 13:01:22 [WARNING] [[deepseek] 1/6 策略=仅标题+链接 retry=0] AI 调用失败或解析失败，继续下一次尝试
2026-08-05 13:01:22 [INFO] 🤖 AI 筛选 [[deepseek] 2/6 策略=仅标题+链接 retry=1]（54 条，13369 字符，temp=0.3）
2026-08-05 13:01:22 [ERROR] AI 调用异常 ([deepseek] 2/6 策略=仅标题+链接 retry=1): Error code: 401 - {'error': {'message': 'Authentication Fails, Your api key: ****df0d is invalid', 'type': 'authentication_error', 'param': None, 'code': 'invalid_request_error'}}
2026-08-05 13:01:22 [WARNING] [[deepseek] 2/6 策略=仅标题+链接 retry=1] AI 调用失败或解析失败，继续下一次尝试
2026-08-05 13:01:22 [INFO] 🤖 AI 筛选 [[deepseek] 3/6 策略=仅标题+链接 retry=2]（54 条，13369 字符，temp=0.3）
2026-08-05 13:01:23 [ERROR] AI 调用异常 ([deepseek] 3/6 策略=仅标题+链接 retry=2): Error code: 401 - {'error': {'message': 'Authentication Fails, Your api key: ****df0d is invalid', 'type': 'authentication_error', 'param': None, 'code': 'invalid_request_error'}}
2026-08-05 13:01:23 [WARNING] [[deepseek] 3/6 策略=仅标题+链接 retry=2] AI 调用失败或解析失败，继续下一次尝试
2026-08-05 13:01:23 [INFO] 🤖 AI 筛选 [[deepseek] 4/6 策略=完整内容 retry=0]（54 条，18073 字符，temp=0.3）
2026-08-05 13:01:23 [ERROR] AI 调用异常 ([deepseek] 4/6 策略=完整内容 retry=0): Error code: 401 - {'error': {'message': 'Authentication Fails, Your api key: ****df0d is invalid', 'type': 'authentication_error', 'param': None, 'code': 'invalid_request_error'}}
2026-08-05 13:01:23 [WARNING] [[deepseek] 4/6 策略=完整内容 retry=0] AI 调用失败或解析失败，继续下一次尝试
2026-08-05 13:01:23 [INFO] 🤖 AI 筛选 [[deepseek] 5/6 策略=完整内容 retry=1]（54 条，18073 字符，temp=0.3）
2026-08-05 13:01:24 [ERROR] AI 调用异常 ([deepseek] 5/6 策略=完整内容 retry=1): Error code: 401 - {'error': {'message': 'Authentication Fails, Your api key: ****df0d is invalid', 'type': 'authentication_error', 'param': None, 'code': 'invalid_request_error'}}
2026-08-05 13:01:24 [WARNING] [[deepseek] 5/6 策略=完整内容 retry=1] AI 调用失败或解析失败，继续下一次尝试
2026-08-05 13:01:24 [INFO] 🤖 AI 筛选 [[deepseek] 6/6 策略=仅标题（无历史） retry=0]（54 条，13369 字符，temp=0.3）
2026-08-05 13:01:24 [ERROR] AI 调用异常 ([deepseek] 6/6 策略=仅标题（无历史） retry=0): Error code: 401 - {'error': {'message': 'Authentication Fails, Your api key: ****df0d is invalid', 'type': 'authentication_error', 'param': None, 'code': 'invalid_request_error'}}
2026-08-05 13:01:24 [WARNING] [[deepseek] 6/6 策略=仅标题（无历史） retry=0] AI 调用失败或解析失败，继续下一次尝试
2026-08-05 13:01:24 [WARNING] [deepseek] 已达最大尝试次数 6，停止
2026-08-05 13:01:24 [INFO] ⚠️ deepseek 未能产出满意结果，尝试下一个提供商
2026-08-05 13:01:24 [INFO] 🔄 尝试 AI 提供商: zhipu
2026-08-05 13:01:24 [ERROR] 未设置环境变量 ZHIPU_API_KEY，无法使用 zhipu
2026-08-05 13:01:24 [INFO] ⚠️ zhipu 未能产出满意结果，尝试下一个提供商
2026-08-05 13:01:24 [INFO] 🔄 尝试 AI 提供商: kimi
2026-08-05 13:01:24 [ERROR] 未设置环境变量 KIMI_API_KEY，无法使用 kimi
2026-08-05 13:01:24 [INFO] ⚠️ kimi 未能产出满意结果，尝试下一个提供商
2026-08-05 13:01:24 [INFO] 🔄 尝试 AI 提供商: huoshan
2026-08-05 13:01:24 [ERROR] 未设置环境变量 HUOSHAN_API_KEY，无法使用 huoshan
2026-08-05 13:01:24 [INFO] ⚠️ huoshan 未能产出满意结果，尝试下一个提供商
2026-08-05 13:01:24 [ERROR] ❌ 所有提供商均失败，返回空列表
2026-08-05 13:01:24 [INFO] 📦 JSON 已保存: reports/2026-08-05-21.json
2026-08-05 13:01:24 [INFO] ✅ AI 筛选完成，共 0 条交易相关消息
