2026-10-04 16:00:55 [INFO] 🚀 开始抓取 2026-10-05 00:00 币圈新闻
2026-10-04 16:00:56 [INFO] 📡 抓取 RSS 新闻源...
2026-10-04 16:00:56 [INFO] 📡 抓取交易所公告 & 链上数据...
2026-10-04 16:00:56 [INFO]   ⏭ Decrypt: 过滤掉 38 条非近期新闻
2026-10-04 16:00:56 [INFO]   ⏭ CoinTelegraph: 过滤掉 30 条非近期新闻
2026-10-04 16:00:56 [INFO]   ⏭ The Block: 过滤掉 19 条非近期新闻
2026-10-04 16:00:56 [INFO]   ⏭ Bitcoin Magazine: 过滤掉 10 条非近期新闻
2026-10-04 16:00:56 [INFO]   ⏭ 宏观经济: 过滤掉 50 条非近期新闻
2026-10-04 16:00:56 [INFO]   ⏭ CoinDesk: 过滤掉 25 条非近期新闻
2026-10-04 16:00:56 [INFO]   ⏭ Reuters Crypto: 过滤掉 50 条非近期新闻
2026-10-04 16:00:56 [INFO]   ⏭ Bloomberg Crypto: 过滤掉 50 条非近期新闻
2026-10-04 16:00:56 [INFO]   ⏭ 金色财经: 过滤掉 14 条非近期新闻
2026-10-04 16:00:56 [WARNING] 解析失败 Bitget公告: 'NoneType' object is not subscriptable
2026-10-04 16:00:56 [INFO]   ⏭ Reddit r/cryptocurrency: 过滤掉 22 条非近期新闻
2026-10-04 16:00:56 [INFO]   ⏭ CNBC Crypto: 过滤掉 50 条非近期新闻
2026-10-04 16:00:57 [INFO]   ⏭ DL News: 过滤掉 50 条非近期新闻
2026-10-04 16:00:57 [INFO]   ⏭ Blockworks: 过滤掉 50 条非近期新闻
2026-10-04 16:00:57 [INFO]   ⏭ 宏观经济: 过滤掉 50 条非近期新闻
2026-10-04 16:00:57 [INFO]   ⏭ 雪球加密: 过滤掉 50 条非近期新闻
2026-10-04 16:00:57 [INFO]   ⏭ Bitcoin Magazine: 过滤掉 50 条非近期新闻
2026-10-04 16:00:57 [INFO]   ⏭ DeFi Llama: 过滤掉 50 条非近期新闻
2026-10-04 16:00:57 [INFO]   ⏭ The Block: 过滤掉 50 条非近期新闻
2026-10-04 16:00:57 [INFO]   ⏭ Blockworks: 过滤掉 3 条非近期新闻
2026-10-04 16:00:57 [INFO]   ⏭ 吴说区块链: 过滤掉 49 条非近期新闻
2026-10-04 16:00:57 [INFO]   ⏭ Crypto Twitter: 过滤掉 37 条非近期新闻
2026-10-04 16:00:57 [INFO]   ⏭ CoinDesk: 过滤掉 50 条非近期新闻
2026-10-04 16:01:11 [DEBUG] 请求失败 https://rsshub.rssforever.com/panewslab/news: 
2026-10-04 16:01:11 [DEBUG] 请求失败 https://rsshub.rssforever.com/theblockbeats/newsflash: 
2026-10-04 16:01:11 [DEBUG] 请求失败 https://rsshub.rssforever.com/cointelegraph: 
2026-10-04 16:01:12 [DEBUG] 请求失败 https://rsshub.rssforever.com/bloomberg/crypto: 
2026-10-04 16:01:12 [INFO]   ⏭ 律动BlockBeats: 过滤掉 50 条非近期新闻
2026-10-04 16:01:12 [INFO]   ⏭ CoinTelegraph: 过滤掉 50 条非近期新闻
2026-10-04 16:01:12 [INFO]   ⏭ PANews: 过滤掉 50 条非近期新闻
2026-10-04 16:01:12 [INFO]   ✓ CoinDesk: 0 条
2026-10-04 16:01:12 [INFO]   ✓ The Block: 0 条
2026-10-04 16:01:12 [INFO]   ✓ Decrypt: 1 条
2026-10-04 16:01:12 [INFO]   ✓ CoinTelegraph: 0 条
2026-10-04 16:01:12 [INFO]   ✓ Bitcoin Magazine: 0 条
2026-10-04 16:01:12 [INFO]   ✓ Blockworks: 0 条
2026-10-04 16:01:12 [INFO]   ✓ DL News: 0 条
2026-10-04 16:01:12 [INFO]   ✓ 金色财经: 6 条
2026-10-04 16:01:12 [INFO]   ✓ PANews: 0 条
2026-10-04 16:01:12 [INFO]   ✓ 律动BlockBeats: 0 条
2026-10-04 16:01:12 [INFO]   ✓ 吴说区块链: 0 条
2026-10-04 16:01:12 [INFO]   ✓ Bloomberg Crypto: 0 条
2026-10-04 16:01:12 [INFO]   ✓ Reuters Crypto: 0 条
2026-10-04 16:01:12 [INFO]   ✓ CNBC Crypto: 0 条
2026-10-04 16:01:12 [INFO]   ✓ Reddit r/cryptocurrency: 3 条
2026-10-04 16:01:12 [INFO]   ✓ Reddit r/bitcoin: 0 条
2026-10-04 16:01:12 [INFO]   ✓ Crypto Twitter: 13 条
2026-10-04 16:01:12 [INFO]   ✓ 宏观经济: 0 条
2026-10-04 16:01:12 [INFO]   ✓ Binance公告: 20 条
2026-10-04 16:01:12 [INFO]   ✓ OKX公告: 0 条
2026-10-04 16:01:12 [INFO]   ✓ Bitget公告: 0 条
2026-10-04 16:01:12 [INFO]   ✓ Whale Alert: 0 条
2026-10-04 16:01:12 [INFO]   ✓ Fear & Greed Index: 1 条
2026-10-04 16:01:12 [INFO]   ✓ DeFi Llama: 0 条
2026-10-04 16:01:12 [INFO]   ✓ 雪球加密: 0 条
2026-10-04 16:01:12 [INFO] 📊 共抓取 44 条新闻
2026-10-04 16:01:12 [INFO] 📋 原始新闻已保存: reports/2026-10-05-00-raw.json (44 条)
2026-10-04 16:01:12 [INFO] 📋 标题摘要已保存: reports/2026-10-05-00-raw-titles.md
2026-10-04 16:01:12 [INFO] ✅ 抓取完成，共 44 条，已保存到 reports/2026-10-05-00-raw.json
2026-10-04 16:01:12 [INFO] 🤖 开始 AI 筛选 2026-10-05 00:00 币圈消息
2026-10-04 16:01:12 [INFO] 📋 已加载原始新闻: reports/2026-10-05-00-raw.json (44 条)
2026-10-04 16:01:12 [INFO] 📚 已加载历史新闻标题（22711 字符）
2026-10-04 16:01:12 [INFO] 📚 已加载历史筛选标题 0 条、URL 0 个，用于去重
2026-10-04 16:01:12 [INFO] 🔄 尝试 AI 提供商: deepseek
2026-10-04 16:01:12 [INFO] 🤖 使用 AI 提供商: deepseek (模型: deepseek-v4-flash)
2026-10-04 16:01:12 [INFO] 🤖 AI 筛选 [[deepseek] 1/6 策略=仅标题+链接 retry=0]（44 条，10628 字符，temp=0.3）
2026-10-04 16:01:13 [ERROR] AI 调用异常 ([deepseek] 1/6 策略=仅标题+链接 retry=0): Error code: 401 - {'error': {'message': 'Authentication Fails, Your api key: ****df0d is invalid (request_id: cf56576a-5c94-493d-b84c-79bea68c0237)', 'type': 'authentication_error', 'param': None, 'code': 'invalid_request_error'}}
2026-10-04 16:01:13 [WARNING] [[deepseek] 1/6 策略=仅标题+链接 retry=0] AI 调用失败或解析失败，继续下一次尝试
2026-10-04 16:01:13 [INFO] 🤖 AI 筛选 [[deepseek] 2/6 策略=仅标题+链接 retry=1]（44 条，10628 字符，temp=0.3）
2026-10-04 16:01:13 [ERROR] AI 调用异常 ([deepseek] 2/6 策略=仅标题+链接 retry=1): Error code: 401 - {'error': {'message': 'Authentication Fails, Your api key: ****df0d is invalid (request_id: 92cfa618-9fb8-449f-b836-f6c0ab740fd1)', 'type': 'authentication_error', 'param': None, 'code': 'invalid_request_error'}}
2026-10-04 16:01:13 [WARNING] [[deepseek] 2/6 策略=仅标题+链接 retry=1] AI 调用失败或解析失败，继续下一次尝试
2026-10-04 16:01:13 [INFO] 🤖 AI 筛选 [[deepseek] 3/6 策略=仅标题+链接 retry=2]（44 条，10628 字符，temp=0.3）
2026-10-04 16:01:14 [ERROR] AI 调用异常 ([deepseek] 3/6 策略=仅标题+链接 retry=2): Error code: 401 - {'error': {'message': 'Authentication Fails, Your api key: ****df0d is invalid (request_id: 2e9cb273-c6ce-44c8-9cfa-18d81f17bf2d)', 'type': 'authentication_error', 'param': None, 'code': 'invalid_request_error'}}
2026-10-04 16:01:14 [WARNING] [[deepseek] 3/6 策略=仅标题+链接 retry=2] AI 调用失败或解析失败，继续下一次尝试
2026-10-04 16:01:14 [INFO] 🤖 AI 筛选 [[deepseek] 4/6 策略=完整内容 retry=0]（44 条，15413 字符，temp=0.3）
2026-10-04 16:01:15 [ERROR] AI 调用异常 ([deepseek] 4/6 策略=完整内容 retry=0): Error code: 401 - {'error': {'message': 'Authentication Fails, Your api key: ****df0d is invalid (request_id: f4c2a597-48c1-4d8b-89c6-10a6d856708b)', 'type': 'authentication_error', 'param': None, 'code': 'invalid_request_error'}}
2026-10-04 16:01:15 [WARNING] [[deepseek] 4/6 策略=完整内容 retry=0] AI 调用失败或解析失败，继续下一次尝试
2026-10-04 16:01:15 [INFO] 🤖 AI 筛选 [[deepseek] 5/6 策略=完整内容 retry=1]（44 条，15413 字符，temp=0.3）
2026-10-04 16:01:15 [WARNING] ⏳ [deepseek] 5/6 策略=完整内容 retry=1 服务过载 (429)，需要等待后重试
2026-10-04 16:01:15 [INFO] ⏳ 等待 30 秒后重试...
2026-10-04 16:01:45 [INFO] 🤖 AI 筛选 [[deepseek] 6/6 策略=仅标题（无历史） retry=0]（44 条，10628 字符，temp=0.3）
2026-10-04 16:01:46 [ERROR] AI 调用异常 ([deepseek] 6/6 策略=仅标题（无历史） retry=0): Error code: 401 - {'error': {'message': 'Authentication Fails, Your api key: ****df0d is invalid (request_id: 4396ae5d-e84f-4479-8c8c-d67e94289338)', 'type': 'authentication_error', 'param': None, 'code': 'invalid_request_error'}}
2026-10-04 16:01:46 [WARNING] [[deepseek] 6/6 策略=仅标题（无历史） retry=0] AI 调用失败或解析失败，继续下一次尝试
2026-10-04 16:01:46 [WARNING] [deepseek] 已达最大尝试次数 6，停止
2026-10-04 16:01:46 [INFO] ⚠️ deepseek 未能产出满意结果，尝试下一个提供商
2026-10-04 16:01:46 [INFO] 🔄 尝试 AI 提供商: zhipu
2026-10-04 16:01:46 [ERROR] 未设置环境变量 ZHIPU_API_KEY，无法使用 zhipu
2026-10-04 16:01:46 [INFO] ⚠️ zhipu 未能产出满意结果，尝试下一个提供商
2026-10-04 16:01:46 [INFO] 🔄 尝试 AI 提供商: kimi
2026-10-04 16:01:46 [ERROR] 未设置环境变量 KIMI_API_KEY，无法使用 kimi
2026-10-04 16:01:46 [INFO] ⚠️ kimi 未能产出满意结果，尝试下一个提供商
2026-10-04 16:01:46 [INFO] 🔄 尝试 AI 提供商: huoshan
2026-10-04 16:01:46 [ERROR] 未设置环境变量 HUOSHAN_API_KEY，无法使用 huoshan
2026-10-04 16:01:46 [INFO] ⚠️ huoshan 未能产出满意结果，尝试下一个提供商
2026-10-04 16:01:46 [ERROR] ❌ 所有提供商均失败，返回空列表
2026-10-04 16:01:46 [INFO] 📦 JSON 已保存: reports/2026-10-05-00.json
2026-10-04 16:01:46 [INFO] ✅ AI 筛选完成，共 0 条交易相关消息
2026-10-04 17:00:53 [INFO] 🚀 开始抓取 2026-10-05 01:00 币圈新闻
2026-10-04 17:00:53 [INFO] 📡 抓取 RSS 新闻源...
2026-10-04 17:00:53 [INFO] 📡 抓取交易所公告 & 链上数据...
2026-10-04 17:00:53 [INFO]   ⏭ The Block: 过滤掉 19 条非近期新闻
2026-10-04 17:00:53 [INFO]   ⏭ Decrypt: 过滤掉 37 条非近期新闻
2026-10-04 17:00:53 [INFO]   ⏭ CoinTelegraph: 过滤掉 30 条非近期新闻
2026-10-04 17:00:54 [WARNING] 解析失败 Bitget公告: 'NoneType' object is not subscriptable
2026-10-04 17:00:54 [INFO]   ⏭ Reuters Crypto: 过滤掉 50 条非近期新闻
2026-10-04 17:00:54 [INFO]   ⏭ CoinDesk: 过滤掉 25 条非近期新闻
2026-10-04 17:00:54 [INFO]   ⏭ Bitcoin Magazine: 过滤掉 10 条非近期新闻
2026-10-04 17:00:54 [INFO]   ⏭ 宏观经济: 过滤掉 49 条非近期新闻
2026-10-04 17:00:54 [INFO]   ⏭ Bloomberg Crypto: 过滤掉 50 条非近期新闻
2026-10-04 17:00:54 [INFO]   ⏭ Blockworks: 过滤掉 50 条非近期新闻
2026-10-04 17:00:54 [INFO]   ⏭ CNBC Crypto: 过滤掉 50 条非近期新闻
2026-10-04 17:00:54 [INFO]   ⏭ Reddit r/cryptocurrency: 过滤掉 23 条非近期新闻
2026-10-04 17:00:54 [INFO]   ⏭ DL News: 过滤掉 50 条非近期新闻
2026-10-04 17:00:54 [INFO]   ⏭ Blockworks: 过滤掉 3 条非近期新闻
2026-10-04 17:00:55 [INFO]   ⏭ 律动BlockBeats: 过滤掉 17 条非近期新闻
2026-10-04 17:00:55 [INFO]   ⏭ Bitcoin Magazine: 过滤掉 50 条非近期新闻
2026-10-04 17:00:55 [INFO]   ⏭ CoinTelegraph: 过滤掉 25 条非近期新闻
2026-10-04 17:00:55 [INFO]   ⏭ 雪球加密: 过滤掉 50 条非近期新闻
2026-10-04 17:00:55 [INFO]   ⏭ DeFi Llama: 过滤掉 50 条非近期新闻
2026-10-04 17:00:55 [INFO]   ⏭ 吴说区块链: 过滤掉 49 条非近期新闻
2026-10-04 17:00:55 [INFO]   ⏭ The Block: 过滤掉 50 条非近期新闻
2026-10-04 17:00:55 [INFO]   ⏭ CoinDesk: 过滤掉 50 条非近期新闻
2026-10-04 17:00:55 [INFO]   ⏭ CoinTelegraph: 过滤掉 50 条非近期新闻
2026-10-04 17:00:55 [INFO]   ⏭ Crypto Twitter: 过滤掉 41 条非近期新闻
2026-10-04 17:01:01 [INFO]   ⏭ PANews: 过滤掉 50 条非近期新闻
2026-10-04 17:01:01 [INFO]   ✓ CoinDesk: 0 条
2026-10-04 17:01:01 [INFO]   ✓ The Block: 0 条
2026-10-04 17:01:01 [INFO]   ✓ Decrypt: 2 条
2026-10-04 17:01:01 [INFO]   ✓ CoinTelegraph: 0 条
2026-10-04 17:01:01 [INFO]   ✓ Bitcoin Magazine: 0 条
2026-10-04 17:01:01 [INFO]   ✓ Blockworks: 0 条
2026-10-04 17:01:01 [INFO]   ✓ DL News: 0 条
2026-10-04 17:01:01 [INFO]   ✓ 金色财经: 3 条
2026-10-04 17:01:01 [INFO]   ✓ PANews: 0 条
2026-10-04 17:01:01 [INFO]   ✓ 律动BlockBeats: 3 条
2026-10-04 17:01:01 [INFO]   ✓ 吴说区块链: 0 条
2026-10-04 17:01:01 [INFO]   ✓ Bloomberg Crypto: 0 条
2026-10-04 17:01:01 [INFO]   ✓ Reuters Crypto: 0 条
2026-10-04 17:01:01 [INFO]   ✓ CNBC Crypto: 0 条
2026-10-04 17:01:01 [INFO]   ✓ Reddit r/cryptocurrency: 2 条
2026-10-04 17:01:01 [INFO]   ✓ Reddit r/bitcoin: 0 条
2026-10-04 17:01:01 [INFO]   ✓ Crypto Twitter: 9 条
2026-10-04 17:01:01 [INFO]   ✓ 宏观经济: 1 条
2026-10-04 17:01:01 [INFO]   ✓ Binance公告: 20 条
2026-10-04 17:01:01 [INFO]   ✓ OKX公告: 0 条
2026-10-04 17:01:01 [INFO]   ✓ Bitget公告: 0 条
2026-10-04 17:01:01 [INFO]   ✓ Whale Alert: 0 条
2026-10-04 17:01:01 [INFO]   ✓ Fear & Greed Index: 1 条
2026-10-04 17:01:01 [INFO]   ✓ DeFi Llama: 0 条
2026-10-04 17:01:01 [INFO]   ✓ 雪球加密: 0 条
2026-10-04 17:01:01 [INFO] 📊 共抓取 41 条新闻
2026-10-04 17:01:01 [INFO] 📋 原始新闻已保存: reports/2026-10-05-01-raw.json (41 条)
2026-10-04 17:01:01 [INFO] 📋 标题摘要已保存: reports/2026-10-05-01-raw-titles.md
2026-10-04 17:01:01 [INFO] ✅ 抓取完成，共 41 条，已保存到 reports/2026-10-05-01-raw.json
2026-10-04 17:01:02 [INFO] 🤖 开始 AI 筛选 2026-10-05 01:00 币圈消息
2026-10-04 17:01:02 [INFO] 📋 已加载原始新闻: reports/2026-10-05-01-raw.json (41 条)
2026-10-04 17:01:02 [INFO] 📚 已加载历史新闻标题（23271 字符）
2026-10-04 17:01:02 [INFO] 📚 已加载历史筛选标题 0 条、URL 0 个，用于去重
2026-10-04 17:01:02 [INFO] 🔄 尝试 AI 提供商: deepseek
2026-10-04 17:01:02 [INFO] 🤖 使用 AI 提供商: deepseek (模型: deepseek-v4-flash)
2026-10-04 17:01:02 [INFO] 🤖 AI 筛选 [[deepseek] 1/6 策略=仅标题+链接 retry=0]（41 条，9468 字符，temp=0.3）
2026-10-04 17:01:03 [ERROR] AI 调用异常 ([deepseek] 1/6 策略=仅标题+链接 retry=0): Error code: 401 - {'error': {'message': 'Authentication Fails, Your api key: ****df0d is invalid (request_id: 4dbedffe-d810-484e-98bd-dca7fd393087)', 'type': 'authentication_error', 'param': None, 'code': 'invalid_request_error'}}
2026-10-04 17:01:03 [WARNING] [[deepseek] 1/6 策略=仅标题+链接 retry=0] AI 调用失败或解析失败，继续下一次尝试
2026-10-04 17:01:03 [INFO] 🤖 AI 筛选 [[deepseek] 2/6 策略=仅标题+链接 retry=1]（41 条，9468 字符，temp=0.3）
2026-10-04 17:01:03 [ERROR] AI 调用异常 ([deepseek] 2/6 策略=仅标题+链接 retry=1): Error code: 401 - {'error': {'message': 'Authentication Fails, Your api key: ****df0d is invalid (request_id: 8412212d-61e3-4632-abb9-e24dd4c6f5fc)', 'type': 'authentication_error', 'param': None, 'code': 'invalid_request_error'}}
2026-10-04 17:01:03 [WARNING] [[deepseek] 2/6 策略=仅标题+链接 retry=1] AI 调用失败或解析失败，继续下一次尝试
2026-10-04 17:01:03 [INFO] 🤖 AI 筛选 [[deepseek] 3/6 策略=仅标题+链接 retry=2]（41 条，9468 字符，temp=0.3）
2026-10-04 17:01:04 [ERROR] AI 调用异常 ([deepseek] 3/6 策略=仅标题+链接 retry=2): Error code: 401 - {'error': {'message': 'Authentication Fails, Your api key: ****df0d is invalid (request_id: e4a41cce-2779-4552-a5bb-60f3b042dcb6)', 'type': 'authentication_error', 'param': None, 'code': 'invalid_request_error'}}
2026-10-04 17:01:04 [WARNING] [[deepseek] 3/6 策略=仅标题+链接 retry=2] AI 调用失败或解析失败，继续下一次尝试
2026-10-04 17:01:04 [INFO] 🤖 AI 筛选 [[deepseek] 4/6 策略=完整内容 retry=0]（41 条，14039 字符，temp=0.3）
2026-10-04 17:01:04 [ERROR] AI 调用异常 ([deepseek] 4/6 策略=完整内容 retry=0): Error code: 401 - {'error': {'message': 'Authentication Fails, Your api key: ****df0d is invalid (request_id: e0add8f7-76b8-4629-a34d-86702194d988)', 'type': 'authentication_error', 'param': None, 'code': 'invalid_request_error'}}
2026-10-04 17:01:04 [WARNING] [[deepseek] 4/6 策略=完整内容 retry=0] AI 调用失败或解析失败，继续下一次尝试
2026-10-04 17:01:04 [INFO] 🤖 AI 筛选 [[deepseek] 5/6 策略=完整内容 retry=1]（41 条，14039 字符，temp=0.3）
2026-10-04 17:01:05 [ERROR] AI 调用异常 ([deepseek] 5/6 策略=完整内容 retry=1): Error code: 401 - {'error': {'message': 'Authentication Fails, Your api key: ****df0d is invalid (request_id: bc1b1a82-0a3b-4f36-bf20-887f8ec05f9d)', 'type': 'authentication_error', 'param': None, 'code': 'invalid_request_error'}}
2026-10-04 17:01:05 [WARNING] [[deepseek] 5/6 策略=完整内容 retry=1] AI 调用失败或解析失败，继续下一次尝试
2026-10-04 17:01:05 [INFO] 🤖 AI 筛选 [[deepseek] 6/6 策略=仅标题（无历史） retry=0]（41 条，9468 字符，temp=0.3）
2026-10-04 17:01:05 [ERROR] AI 调用异常 ([deepseek] 6/6 策略=仅标题（无历史） retry=0): Error code: 401 - {'error': {'message': 'Authentication Fails, Your api key: ****df0d is invalid (request_id: f0fcc6df-3a5b-4246-be81-4671d8fbd19d)', 'type': 'authentication_error', 'param': None, 'code': 'invalid_request_error'}}
2026-10-04 17:01:05 [WARNING] [[deepseek] 6/6 策略=仅标题（无历史） retry=0] AI 调用失败或解析失败，继续下一次尝试
2026-10-04 17:01:05 [WARNING] [deepseek] 已达最大尝试次数 6，停止
2026-10-04 17:01:05 [INFO] ⚠️ deepseek 未能产出满意结果，尝试下一个提供商
2026-10-04 17:01:05 [INFO] 🔄 尝试 AI 提供商: zhipu
2026-10-04 17:01:05 [ERROR] 未设置环境变量 ZHIPU_API_KEY，无法使用 zhipu
2026-10-04 17:01:05 [INFO] ⚠️ zhipu 未能产出满意结果，尝试下一个提供商
2026-10-04 17:01:05 [INFO] 🔄 尝试 AI 提供商: kimi
2026-10-04 17:01:05 [ERROR] 未设置环境变量 KIMI_API_KEY，无法使用 kimi
2026-10-04 17:01:05 [INFO] ⚠️ kimi 未能产出满意结果，尝试下一个提供商
2026-10-04 17:01:05 [INFO] 🔄 尝试 AI 提供商: huoshan
2026-10-04 17:01:05 [ERROR] 未设置环境变量 HUOSHAN_API_KEY，无法使用 huoshan
2026-10-04 17:01:05 [INFO] ⚠️ huoshan 未能产出满意结果，尝试下一个提供商
2026-10-04 17:01:05 [ERROR] ❌ 所有提供商均失败，返回空列表
2026-10-04 17:01:05 [INFO] 📦 JSON 已保存: reports/2026-10-05-01.json
2026-10-04 17:01:05 [INFO] ✅ AI 筛选完成，共 0 条交易相关消息
2026-10-04 18:00:54 [INFO] 🚀 开始抓取 2026-10-05 02:00 币圈新闻
2026-10-04 18:00:54 [INFO] 📡 抓取 RSS 新闻源...
2026-10-04 18:00:54 [INFO] 📡 抓取交易所公告 & 链上数据...
2026-10-04 18:00:54 [INFO]   ⏭ The Block: 过滤掉 19 条非近期新闻
2026-10-04 18:00:54 [INFO]   ⏭ Decrypt: 过滤掉 37 条非近期新闻
2026-10-04 18:00:54 [INFO]   ⏭ CoinTelegraph: 过滤掉 30 条非近期新闻
2026-10-04 18:00:55 [INFO]   ⏭ Bitcoin Magazine: 过滤掉 10 条非近期新闻
2026-10-04 18:00:55 [INFO]   ⏭ CNBC Crypto: 过滤掉 50 条非近期新闻
2026-10-04 18:00:55 [INFO]   ⏭ Bloomberg Crypto: 过滤掉 50 条非近期新闻
2026-10-04 18:00:55 [INFO]   ⏭ Reuters Crypto: 过滤掉 50 条非近期新闻
2026-10-04 18:00:55 [WARNING] 解析失败 Bitget公告: 'NoneType' object is not subscriptable
2026-10-04 18:00:55 [INFO]   ⏭ CoinDesk: 过滤掉 25 条非近期新闻
2026-10-04 18:00:55 [INFO]   ⏭ 宏观经济: 过滤掉 49 条非近期新闻
2026-10-04 18:00:55 [INFO]   ⏭ Reddit r/cryptocurrency: 过滤掉 24 条非近期新闻
2026-10-04 18:00:55 [INFO]   ⏭ DL News: 过滤掉 50 条非近期新闻
2026-10-04 18:00:55 [INFO]   ⏭ Blockworks: 过滤掉 50 条非近期新闻
2026-10-04 18:00:55 [INFO]   ⏭ Blockworks: 过滤掉 3 条非近期新闻
2026-10-04 18:00:55 [INFO]   ⏭ Bitcoin Magazine: 过滤掉 50 条非近期新闻
2026-10-04 18:00:55 [INFO]   ⏭ 律动BlockBeats: 过滤掉 19 条非近期新闻
2026-10-04 18:00:56 [INFO]   ⏭ DeFi Llama: 过滤掉 50 条非近期新闻
2026-10-04 18:00:56 [INFO]   ⏭ The Block: 过滤掉 50 条非近期新闻
2026-10-04 18:00:56 [INFO]   ⏭ 雪球加密: 过滤掉 50 条非近期新闻
2026-10-04 18:00:56 [INFO]   ⏭ 吴说区块链: 过滤掉 49 条非近期新闻
2026-10-04 18:00:56 [INFO]   ⏭ CoinDesk: 过滤掉 50 条非近期新闻
2026-10-04 18:00:56 [INFO]   ⏭ Crypto Twitter: 过滤掉 44 条非近期新闻
2026-10-04 18:01:10 [DEBUG] 请求失败 https://rsshub.rssforever.com/panewslab/news: 
2026-10-04 18:01:10 [DEBUG] 请求失败 https://rsshub.rssforever.com/cointelegraph: 
2026-10-04 18:01:10 [DEBUG] 请求失败 https://rsshub.rssforever.com/bloomberg/crypto: 
2026-10-04 18:01:10 [INFO]   ⏭ CoinTelegraph: 过滤掉 50 条非近期新闻
2026-10-04 18:01:11 [INFO]   ⏭ PANews: 过滤掉 50 条非近期新闻
2026-10-04 18:01:11 [INFO]   ✓ CoinDesk: 0 条
2026-10-04 18:01:11 [INFO]   ✓ The Block: 0 条
2026-10-04 18:01:11 [INFO]   ✓ Decrypt: 2 条
2026-10-04 18:01:11 [INFO]   ✓ CoinTelegraph: 0 条
2026-10-04 18:01:11 [INFO]   ✓ Bitcoin Magazine: 0 条
2026-10-04 18:01:11 [INFO]   ✓ Blockworks: 0 条
2026-10-04 18:01:11 [INFO]   ✓ DL News: 0 条
2026-10-04 18:01:11 [INFO]   ✓ 金色财经: 2 条
2026-10-04 18:01:11 [INFO]   ✓ PANews: 0 条
2026-10-04 18:01:11 [INFO]   ✓ 律动BlockBeats: 1 条
2026-10-04 18:01:11 [INFO]   ✓ 吴说区块链: 0 条
2026-10-04 18:01:11 [INFO]   ✓ Bloomberg Crypto: 0 条
2026-10-04 18:01:11 [INFO]   ✓ Reuters Crypto: 0 条
2026-10-04 18:01:11 [INFO]   ✓ CNBC Crypto: 0 条
2026-10-04 18:01:11 [INFO]   ✓ Reddit r/cryptocurrency: 1 条
2026-10-04 18:01:11 [INFO]   ✓ Reddit r/bitcoin: 0 条
2026-10-04 18:01:11 [INFO]   ✓ Crypto Twitter: 6 条
2026-10-04 18:01:11 [INFO]   ✓ 宏观经济: 1 条
2026-10-04 18:01:11 [INFO]   ✓ Binance公告: 20 条
2026-10-04 18:01:11 [INFO]   ✓ OKX公告: 0 条
2026-10-04 18:01:11 [INFO]   ✓ Bitget公告: 0 条
2026-10-04 18:01:11 [INFO]   ✓ Whale Alert: 0 条
2026-10-04 18:01:11 [INFO]   ✓ Fear & Greed Index: 1 条
2026-10-04 18:01:11 [INFO]   ✓ DeFi Llama: 0 条
2026-10-04 18:01:11 [INFO]   ✓ 雪球加密: 0 条
2026-10-04 18:01:11 [INFO] 📊 共抓取 34 条新闻
2026-10-04 18:01:11 [INFO] 📋 原始新闻已保存: reports/2026-10-05-02-raw.json (34 条)
2026-10-04 18:01:11 [INFO] 📋 标题摘要已保存: reports/2026-10-05-02-raw-titles.md
2026-10-04 18:01:11 [INFO] ✅ 抓取完成，共 34 条，已保存到 reports/2026-10-05-02-raw.json
2026-10-04 18:01:11 [INFO] 🤖 开始 AI 筛选 2026-10-05 02:00 币圈消息
2026-10-04 18:01:11 [INFO] 📋 已加载原始新闻: reports/2026-10-05-02-raw.json (34 条)
2026-10-04 18:01:11 [INFO] 📚 已加载历史新闻标题（23523 字符）
2026-10-04 18:01:11 [INFO] 📚 已加载历史筛选标题 0 条、URL 0 个，用于去重
2026-10-04 18:01:11 [INFO] 🔄 尝试 AI 提供商: deepseek
2026-10-04 18:01:11 [INFO] 🤖 使用 AI 提供商: deepseek (模型: deepseek-v4-flash)
2026-10-04 18:01:11 [INFO] 🤖 AI 筛选 [[deepseek] 1/6 策略=仅标题+链接 retry=0]（34 条，7508 字符，temp=0.3）
2026-10-04 18:01:12 [ERROR] AI 调用异常 ([deepseek] 1/6 策略=仅标题+链接 retry=0): Error code: 401 - {'error': {'message': 'Authentication Fails, Your api key: ****df0d is invalid (request_id: 0e21407c-9103-4e64-b8a7-c728556ada09)', 'type': 'authentication_error', 'param': None, 'code': 'invalid_request_error'}}
2026-10-04 18:01:12 [WARNING] [[deepseek] 1/6 策略=仅标题+链接 retry=0] AI 调用失败或解析失败，继续下一次尝试
2026-10-04 18:01:12 [INFO] 🤖 AI 筛选 [[deepseek] 2/6 策略=仅标题+链接 retry=1]（34 条，7508 字符，temp=0.3）
2026-10-04 18:01:12 [ERROR] AI 调用异常 ([deepseek] 2/6 策略=仅标题+链接 retry=1): Error code: 401 - {'error': {'message': 'Authentication Fails, Your api key: ****df0d is invalid (request_id: 7cee63d2-0725-4fe6-879b-321a5ceacfb9)', 'type': 'authentication_error', 'param': None, 'code': 'invalid_request_error'}}
2026-10-04 18:01:12 [WARNING] [[deepseek] 2/6 策略=仅标题+链接 retry=1] AI 调用失败或解析失败，继续下一次尝试
2026-10-04 18:01:12 [INFO] 🤖 AI 筛选 [[deepseek] 3/6 策略=仅标题+链接 retry=2]（34 条，7508 字符，temp=0.3）
2026-10-04 18:01:13 [ERROR] AI 调用异常 ([deepseek] 3/6 策略=仅标题+链接 retry=2): Error code: 401 - {'error': {'message': 'Authentication Fails, Your api key: ****df0d is invalid (request_id: c5d659be-02bc-413e-bcbf-e0602b4c7f2e)', 'type': 'authentication_error', 'param': None, 'code': 'invalid_request_error'}}
2026-10-04 18:01:13 [WARNING] [[deepseek] 3/6 策略=仅标题+链接 retry=2] AI 调用失败或解析失败，继续下一次尝试
2026-10-04 18:01:13 [INFO] 🤖 AI 筛选 [[deepseek] 4/6 策略=完整内容 retry=0]（34 条，11109 字符，temp=0.3）
2026-10-04 18:01:13 [ERROR] AI 调用异常 ([deepseek] 4/6 策略=完整内容 retry=0): Error code: 401 - {'error': {'message': 'Authentication Fails, Your api key: ****df0d is invalid (request_id: 1b279f67-0ec2-4826-bebf-aa275e10552d)', 'type': 'authentication_error', 'param': None, 'code': 'invalid_request_error'}}
2026-10-04 18:01:13 [WARNING] [[deepseek] 4/6 策略=完整内容 retry=0] AI 调用失败或解析失败，继续下一次尝试
2026-10-04 18:01:13 [INFO] 🤖 AI 筛选 [[deepseek] 5/6 策略=完整内容 retry=1]（34 条，11109 字符，temp=0.3）
2026-10-04 18:01:14 [ERROR] AI 调用异常 ([deepseek] 5/6 策略=完整内容 retry=1): Error code: 401 - {'error': {'message': 'Authentication Fails, Your api key: ****df0d is invalid (request_id: a6bebb7a-327b-45b7-93df-44f9efd47435)', 'type': 'authentication_error', 'param': None, 'code': 'invalid_request_error'}}
2026-10-04 18:01:14 [WARNING] [[deepseek] 5/6 策略=完整内容 retry=1] AI 调用失败或解析失败，继续下一次尝试
2026-10-04 18:01:14 [INFO] 🤖 AI 筛选 [[deepseek] 6/6 策略=仅标题（无历史） retry=0]（34 条，7508 字符，temp=0.3）
2026-10-04 18:01:14 [ERROR] AI 调用异常 ([deepseek] 6/6 策略=仅标题（无历史） retry=0): Error code: 401 - {'error': {'message': 'Authentication Fails, Your api key: ****df0d is invalid (request_id: 4f606524-11df-46cc-8e27-9090461b48bf)', 'type': 'authentication_error', 'param': None, 'code': 'invalid_request_error'}}
2026-10-04 18:01:14 [WARNING] [[deepseek] 6/6 策略=仅标题（无历史） retry=0] AI 调用失败或解析失败，继续下一次尝试
2026-10-04 18:01:14 [WARNING] [deepseek] 已达最大尝试次数 6，停止
2026-10-04 18:01:14 [INFO] ⚠️ deepseek 未能产出满意结果，尝试下一个提供商
2026-10-04 18:01:14 [INFO] 🔄 尝试 AI 提供商: zhipu
2026-10-04 18:01:14 [ERROR] 未设置环境变量 ZHIPU_API_KEY，无法使用 zhipu
2026-10-04 18:01:14 [INFO] ⚠️ zhipu 未能产出满意结果，尝试下一个提供商
2026-10-04 18:01:14 [INFO] 🔄 尝试 AI 提供商: kimi
2026-10-04 18:01:14 [ERROR] 未设置环境变量 KIMI_API_KEY，无法使用 kimi
2026-10-04 18:01:14 [INFO] ⚠️ kimi 未能产出满意结果，尝试下一个提供商
2026-10-04 18:01:14 [INFO] 🔄 尝试 AI 提供商: huoshan
2026-10-04 18:01:14 [ERROR] 未设置环境变量 HUOSHAN_API_KEY，无法使用 huoshan
2026-10-04 18:01:14 [INFO] ⚠️ huoshan 未能产出满意结果，尝试下一个提供商
2026-10-04 18:01:14 [ERROR] ❌ 所有提供商均失败，返回空列表
2026-10-04 18:01:14 [INFO] 📦 JSON 已保存: reports/2026-10-05-02.json
2026-10-04 18:01:14 [INFO] ✅ AI 筛选完成，共 0 条交易相关消息
2026-10-04 19:01:02 [INFO] 🚀 开始抓取 2026-10-05 03:00 币圈新闻
2026-10-04 19:01:02 [INFO] 📡 抓取 RSS 新闻源...
2026-10-04 19:01:02 [INFO] 📡 抓取交易所公告 & 链上数据...
2026-10-04 19:01:02 [INFO]   ⏭ Decrypt: 过滤掉 38 条非近期新闻
2026-10-04 19:01:02 [INFO]   ⏭ The Block: 过滤掉 19 条非近期新闻
2026-10-04 19:01:02 [INFO]   ⏭ CoinTelegraph: 过滤掉 29 条非近期新闻
2026-10-04 19:01:03 [INFO]   ⏭ CoinDesk: 过滤掉 24 条非近期新闻
2026-10-04 19:01:03 [WARNING] 解析失败 Bitget公告: 'NoneType' object is not subscriptable
2026-10-04 19:01:03 [INFO]   ⏭ Bitcoin Magazine: 过滤掉 10 条非近期新闻
2026-10-04 19:01:03 [INFO]   ⏭ Bloomberg Crypto: 过滤掉 50 条非近期新闻
2026-10-04 19:01:03 [INFO]   ⏭ 宏观经济: 过滤掉 50 条非近期新闻
2026-10-04 19:01:03 [INFO]   ⏭ Reuters Crypto: 过滤掉 50 条非近期新闻
2026-10-04 19:01:03 [INFO]   ⏭ CNBC Crypto: 过滤掉 50 条非近期新闻
2026-10-04 19:01:03 [INFO]   ⏭ Reddit r/cryptocurrency: 过滤掉 25 条非近期新闻
2026-10-04 19:01:03 [INFO]   ⏭ 律动BlockBeats: 过滤掉 20 条非近期新闻
2026-10-04 19:01:03 [INFO]   ⏭ 宏观经济: 过滤掉 50 条非近期新闻
2026-10-04 19:01:03 [INFO]   ⏭ Blockworks: 过滤掉 50 条非近期新闻
2026-10-04 19:01:04 [INFO]   ⏭ 吴说区块链: 过滤掉 48 条非近期新闻
2026-10-04 19:01:04 [INFO]   ⏭ DeFi Llama: 过滤掉 50 条非近期新闻
2026-10-04 19:01:04 [INFO]   ⏭ The Block: 过滤掉 50 条非近期新闻
2026-10-04 19:01:04 [INFO]   ⏭ DL News: 过滤掉 50 条非近期新闻
2026-10-04 19:01:04 [INFO]   ⏭ 雪球加密: 过滤掉 49 条非近期新闻
2026-10-04 19:01:04 [INFO]   ⏭ Bitcoin Magazine: 过滤掉 50 条非近期新闻
2026-10-04 19:01:04 [INFO]   ⏭ Crypto Twitter: 过滤掉 43 条非近期新闻
2026-10-04 19:01:04 [INFO]   ⏭ Blockworks: 过滤掉 3 条非近期新闻
2026-10-04 19:01:04 [INFO]   ⏭ 律动BlockBeats: 过滤掉 50 条非近期新闻
2026-10-04 19:01:13 [INFO]   ⏭ PANews: 过滤掉 50 条非近期新闻
2026-10-04 19:01:18 [DEBUG] 请求失败 https://rsshub.rssforever.com/jinse/lives: 
2026-10-04 19:01:18 [INFO]   ✓ CoinDesk: 1 条
2026-10-04 19:01:18 [INFO]   ✓ The Block: 0 条
2026-10-04 19:01:18 [INFO]   ✓ Decrypt: 1 条
2026-10-04 19:01:18 [INFO]   ✓ CoinTelegraph: 1 条
2026-10-04 19:01:18 [INFO]   ✓ Bitcoin Magazine: 0 条
2026-10-04 19:01:18 [INFO]   ✓ Blockworks: 0 条
2026-10-04 19:01:18 [INFO]   ✓ DL News: 0 条
2026-10-04 19:01:18 [INFO]   ✓ 金色财经: 0 条
2026-10-04 19:01:18 [INFO]   ✓ PANews: 0 条
2026-10-04 19:01:18 [INFO]   ✓ 律动BlockBeats: 0 条
2026-10-04 19:01:18 [INFO]   ✓ 吴说区块链: 0 条
2026-10-04 19:01:18 [INFO]   ✓ Bloomberg Crypto: 0 条
2026-10-04 19:01:18 [INFO]   ✓ Reuters Crypto: 0 条
2026-10-04 19:01:18 [INFO]   ✓ CNBC Crypto: 0 条
2026-10-04 19:01:18 [INFO]   ✓ Reddit r/cryptocurrency: 0 条
2026-10-04 19:01:18 [INFO]   ✓ Reddit r/bitcoin: 0 条
2026-10-04 19:01:18 [INFO]   ✓ Crypto Twitter: 7 条
2026-10-04 19:01:18 [INFO]   ✓ 宏观经济: 0 条
2026-10-04 19:01:18 [INFO]   ✓ Binance公告: 20 条
2026-10-04 19:01:18 [INFO]   ✓ OKX公告: 0 条
2026-10-04 19:01:18 [INFO]   ✓ Bitget公告: 0 条
2026-10-04 19:01:18 [INFO]   ✓ Whale Alert: 0 条
2026-10-04 19:01:18 [INFO]   ✓ Fear & Greed Index: 1 条
2026-10-04 19:01:18 [INFO]   ✓ DeFi Llama: 0 条
2026-10-04 19:01:18 [INFO]   ✓ 雪球加密: 1 条
2026-10-04 19:01:18 [INFO] 📊 共抓取 32 条新闻
2026-10-04 19:01:18 [INFO] 📋 原始新闻已保存: reports/2026-10-05-03-raw.json (32 条)
2026-10-04 19:01:18 [INFO] 📋 标题摘要已保存: reports/2026-10-05-03-raw-titles.md
2026-10-04 19:01:18 [INFO] ✅ 抓取完成，共 32 条，已保存到 reports/2026-10-05-03-raw.json
2026-10-04 19:01:19 [INFO] 🤖 开始 AI 筛选 2026-10-05 03:00 币圈消息
2026-10-04 19:01:19 [INFO] 📋 已加载原始新闻: reports/2026-10-05-03-raw.json (32 条)
2026-10-04 19:01:19 [INFO] 📚 已加载历史新闻标题（23350 字符）
2026-10-04 19:01:19 [INFO] 📚 已加载历史筛选标题 0 条、URL 0 个，用于去重
2026-10-04 19:01:19 [INFO] 🔄 尝试 AI 提供商: deepseek
2026-10-04 19:01:19 [INFO] 🤖 使用 AI 提供商: deepseek (模型: deepseek-v4-flash)
2026-10-04 19:01:19 [INFO] 🤖 AI 筛选 [[deepseek] 1/6 策略=仅标题+链接 retry=0]（32 条，7611 字符，temp=0.3）
2026-10-04 19:01:19 [ERROR] AI 调用异常 ([deepseek] 1/6 策略=仅标题+链接 retry=0): Error code: 401 - {'error': {'message': 'Authentication Fails, Your api key: ****df0d is invalid (request_id: f4b1d0c4-870d-49f8-9083-8e501a41c242)', 'type': 'authentication_error', 'param': None, 'code': 'invalid_request_error'}}
2026-10-04 19:01:19 [WARNING] [[deepseek] 1/6 策略=仅标题+链接 retry=0] AI 调用失败或解析失败，继续下一次尝试
2026-10-04 19:01:19 [INFO] 🤖 AI 筛选 [[deepseek] 2/6 策略=仅标题+链接 retry=1]（32 条，7611 字符，temp=0.3）
2026-10-04 19:01:20 [ERROR] AI 调用异常 ([deepseek] 2/6 策略=仅标题+链接 retry=1): Error code: 401 - {'error': {'message': 'Authentication Fails, Your api key: ****df0d is invalid (request_id: 0225a026-221d-43a3-9dad-f5480521ba43)', 'type': 'authentication_error', 'param': None, 'code': 'invalid_request_error'}}
2026-10-04 19:01:20 [WARNING] [[deepseek] 2/6 策略=仅标题+链接 retry=1] AI 调用失败或解析失败，继续下一次尝试
2026-10-04 19:01:20 [INFO] 🤖 AI 筛选 [[deepseek] 3/6 策略=仅标题+链接 retry=2]（32 条，7611 字符，temp=0.3）
2026-10-04 19:01:20 [ERROR] AI 调用异常 ([deepseek] 3/6 策略=仅标题+链接 retry=2): Error code: 401 - {'error': {'message': 'Authentication Fails, Your api key: ****df0d is invalid (request_id: f014969a-7ca7-4178-bb34-dcd5896020f6)', 'type': 'authentication_error', 'param': None, 'code': 'invalid_request_error'}}
2026-10-04 19:01:20 [WARNING] [[deepseek] 3/6 策略=仅标题+链接 retry=2] AI 调用失败或解析失败，继续下一次尝试
2026-10-04 19:01:20 [INFO] 🤖 AI 筛选 [[deepseek] 4/6 策略=完整内容 retry=0]（32 条，10593 字符，temp=0.3）
2026-10-04 19:01:21 [ERROR] AI 调用异常 ([deepseek] 4/6 策略=完整内容 retry=0): Error code: 401 - {'error': {'message': 'Authentication Fails, Your api key: ****df0d is invalid (request_id: ffd18ae8-a63c-44ed-8f3f-3d3a0a9bc58c)', 'type': 'authentication_error', 'param': None, 'code': 'invalid_request_error'}}
2026-10-04 19:01:21 [WARNING] [[deepseek] 4/6 策略=完整内容 retry=0] AI 调用失败或解析失败，继续下一次尝试
2026-10-04 19:01:21 [INFO] 🤖 AI 筛选 [[deepseek] 5/6 策略=完整内容 retry=1]（32 条，10593 字符，temp=0.3）
2026-10-04 19:01:21 [ERROR] AI 调用异常 ([deepseek] 5/6 策略=完整内容 retry=1): Error code: 401 - {'error': {'message': 'Authentication Fails, Your api key: ****df0d is invalid (request_id: 0914351d-d21c-4fa4-b4d0-d9aa43533a93)', 'type': 'authentication_error', 'param': None, 'code': 'invalid_request_error'}}
2026-10-04 19:01:21 [WARNING] [[deepseek] 5/6 策略=完整内容 retry=1] AI 调用失败或解析失败，继续下一次尝试
2026-10-04 19:01:21 [INFO] 🤖 AI 筛选 [[deepseek] 6/6 策略=仅标题（无历史） retry=0]（32 条，7611 字符，temp=0.3）
2026-10-04 19:01:21 [ERROR] AI 调用异常 ([deepseek] 6/6 策略=仅标题（无历史） retry=0): Error code: 401 - {'error': {'message': 'Authentication Fails, Your api key: ****df0d is invalid (request_id: aea1b5cb-10bd-4b65-a39f-0c3781202ed5)', 'type': 'authentication_error', 'param': None, 'code': 'invalid_request_error'}}
2026-10-04 19:01:21 [WARNING] [[deepseek] 6/6 策略=仅标题（无历史） retry=0] AI 调用失败或解析失败，继续下一次尝试
2026-10-04 19:01:21 [WARNING] [deepseek] 已达最大尝试次数 6，停止
2026-10-04 19:01:21 [INFO] ⚠️ deepseek 未能产出满意结果，尝试下一个提供商
2026-10-04 19:01:21 [INFO] 🔄 尝试 AI 提供商: zhipu
2026-10-04 19:01:21 [ERROR] 未设置环境变量 ZHIPU_API_KEY，无法使用 zhipu
2026-10-04 19:01:21 [INFO] ⚠️ zhipu 未能产出满意结果，尝试下一个提供商
2026-10-04 19:01:21 [INFO] 🔄 尝试 AI 提供商: kimi
2026-10-04 19:01:21 [ERROR] 未设置环境变量 KIMI_API_KEY，无法使用 kimi
2026-10-04 19:01:21 [INFO] ⚠️ kimi 未能产出满意结果，尝试下一个提供商
2026-10-04 19:01:21 [INFO] 🔄 尝试 AI 提供商: huoshan
2026-10-04 19:01:21 [ERROR] 未设置环境变量 HUOSHAN_API_KEY，无法使用 huoshan
2026-10-04 19:01:21 [INFO] ⚠️ huoshan 未能产出满意结果，尝试下一个提供商
2026-10-04 19:01:21 [ERROR] ❌ 所有提供商均失败，返回空列表
2026-10-04 19:01:21 [INFO] 📦 JSON 已保存: reports/2026-10-05-03.json
2026-10-04 19:01:21 [INFO] ✅ AI 筛选完成，共 0 条交易相关消息
2026-10-04 20:00:56 [INFO] 🚀 开始抓取 2026-10-05 04:00 币圈新闻
2026-10-04 20:00:56 [INFO] 📡 抓取 RSS 新闻源...
2026-10-04 20:00:56 [INFO] 📡 抓取交易所公告 & 链上数据...
2026-10-04 20:00:56 [INFO]   ⏭ CoinTelegraph: 过滤掉 29 条非近期新闻
2026-10-04 20:00:56 [INFO]   ⏭ Decrypt: 过滤掉 39 条非近期新闻
2026-10-04 20:00:56 [INFO]   ⏭ The Block: 过滤掉 19 条非近期新闻
2026-10-04 20:00:57 [INFO]   ⏭ CoinDesk: 过滤掉 24 条非近期新闻
2026-10-04 20:00:57 [INFO]   ⏭ Bitcoin Magazine: 过滤掉 10 条非近期新闻
2026-10-04 20:00:57 [INFO]   ⏭ 宏观经济: 过滤掉 49 条非近期新闻
2026-10-04 20:00:57 [WARNING] 解析失败 Bitget公告: 'NoneType' object is not subscriptable
2026-10-04 20:00:57 [INFO]   ⏭ Bloomberg Crypto: 过滤掉 50 条非近期新闻
2026-10-04 20:00:57 [INFO]   ⏭ Blockworks: 过滤掉 50 条非近期新闻
2026-10-04 20:00:57 [INFO]   ⏭ Reuters Crypto: 过滤掉 50 条非近期新闻
2026-10-04 20:00:57 [INFO]   ⏭ Reddit r/cryptocurrency: 过滤掉 25 条非近期新闻
2026-10-04 20:00:57 [INFO]   ⏭ CNBC Crypto: 过滤掉 50 条非近期新闻
2026-10-04 20:00:57 [INFO]   ⏭ Decrypt: 过滤掉 50 条非近期新闻
2026-10-04 20:00:57 [INFO]   ⏭ Blockworks: 过滤掉 3 条非近期新闻
2026-10-04 20:00:57 [INFO]   ⏭ Bitcoin Magazine: 过滤掉 50 条非近期新闻
2026-10-04 20:00:57 [INFO]   ⏭ DL News: 过滤掉 50 条非近期新闻
2026-10-04 20:00:57 [INFO]   ⏭ 金色财经: 过滤掉 4 条非近期新闻
2026-10-04 20:00:58 [INFO]   ⏭ The Block: 过滤掉 50 条非近期新闻
2026-10-04 20:00:58 [INFO]   ⏭ DeFi Llama: 过滤掉 50 条非近期新闻
2026-10-04 20:00:58 [INFO]   ⏭ 吴说区块链: 过滤掉 47 条非近期新闻
2026-10-04 20:00:58 [INFO]   ⏭ 雪球加密: 过滤掉 49 条非近期新闻
2026-10-04 20:00:58 [INFO]   ⏭ Crypto Twitter: 过滤掉 39 条非近期新闻
2026-10-04 20:01:12 [DEBUG] 请求失败 https://rsshub.rssforever.com/panewslab/news: 
2026-10-04 20:01:12 [DEBUG] 请求失败 https://rsshub.rssforever.com/theblockbeats/newsflash: 
2026-10-04 20:01:13 [DEBUG] 请求失败 https://rsshub.rssforever.com/bloomberg/crypto: 
2026-10-04 20:01:13 [INFO]   ⏭ 律动BlockBeats: 过滤掉 50 条非近期新闻
2026-10-04 20:01:13 [INFO]   ⏭ PANews: 过滤掉 50 条非近期新闻
2026-10-04 20:01:13 [INFO]   ✓ CoinDesk: 1 条
2026-10-04 20:01:13 [INFO]   ✓ The Block: 0 条
2026-10-04 20:01:13 [INFO]   ✓ Decrypt: 0 条
2026-10-04 20:01:13 [INFO]   ✓ CoinTelegraph: 1 条
2026-10-04 20:01:13 [INFO]   ✓ Bitcoin Magazine: 0 条
2026-10-04 20:01:13 [INFO]   ✓ Blockworks: 0 条
2026-10-04 20:01:13 [INFO]   ✓ DL News: 0 条
2026-10-04 20:01:13 [INFO]   ✓ 金色财经: 4 条
2026-10-04 20:01:13 [INFO]   ✓ PANews: 0 条
2026-10-04 20:01:13 [INFO]   ✓ 律动BlockBeats: 0 条
2026-10-04 20:01:13 [INFO]   ✓ 吴说区块链: 0 条
2026-10-04 20:01:13 [INFO]   ✓ Bloomberg Crypto: 0 条
2026-10-04 20:01:13 [INFO]   ✓ Reuters Crypto: 0 条
2026-10-04 20:01:13 [INFO]   ✓ CNBC Crypto: 0 条
2026-10-04 20:01:13 [INFO]   ✓ Reddit r/cryptocurrency: 0 条
2026-10-04 20:01:13 [INFO]   ✓ Reddit r/bitcoin: 0 条
2026-10-04 20:01:13 [INFO]   ✓ Crypto Twitter: 11 条
2026-10-04 20:01:13 [INFO]   ✓ 宏观经济: 1 条
2026-10-04 20:01:13 [INFO]   ✓ Binance公告: 20 条
2026-10-04 20:01:13 [INFO]   ✓ OKX公告: 0 条
2026-10-04 20:01:13 [INFO]   ✓ Bitget公告: 0 条
2026-10-04 20:01:13 [INFO]   ✓ Whale Alert: 0 条
2026-10-04 20:01:13 [INFO]   ✓ Fear & Greed Index: 1 条
2026-10-04 20:01:13 [INFO]   ✓ DeFi Llama: 0 条
2026-10-04 20:01:13 [INFO]   ✓ 雪球加密: 1 条
2026-10-04 20:01:13 [INFO] 📊 共抓取 40 条新闻
2026-10-04 20:01:13 [INFO] 📋 原始新闻已保存: reports/2026-10-05-04-raw.json (40 条)
2026-10-04 20:01:13 [INFO] 📋 标题摘要已保存: reports/2026-10-05-04-raw-titles.md
2026-10-04 20:01:13 [INFO] ✅ 抓取完成，共 40 条，已保存到 reports/2026-10-05-04-raw.json
2026-10-04 20:01:14 [INFO] 🤖 开始 AI 筛选 2026-10-05 04:00 币圈消息
2026-10-04 20:01:14 [INFO] 📋 已加载原始新闻: reports/2026-10-05-04-raw.json (40 条)
2026-10-04 20:01:14 [INFO] 📚 已加载历史新闻标题（22541 字符）
2026-10-04 20:01:14 [INFO] 📚 已加载历史筛选标题 0 条、URL 0 个，用于去重
2026-10-04 20:01:14 [INFO] 🔄 尝试 AI 提供商: deepseek
2026-10-04 20:01:14 [INFO] 🤖 使用 AI 提供商: deepseek (模型: deepseek-v4-flash)
2026-10-04 20:01:14 [INFO] 🤖 AI 筛选 [[deepseek] 1/6 策略=仅标题+链接 retry=0]（40 条，9426 字符，temp=0.3）
2026-10-04 20:01:14 [ERROR] AI 调用异常 ([deepseek] 1/6 策略=仅标题+链接 retry=0): Error code: 401 - {'error': {'message': 'Authentication Fails, Your api key: ****df0d is invalid (request_id: 80bc1c9f-c0a3-47fa-a2f9-e62e9a930e1d)', 'type': 'authentication_error', 'param': None, 'code': 'invalid_request_error'}}
2026-10-04 20:01:14 [WARNING] [[deepseek] 1/6 策略=仅标题+链接 retry=0] AI 调用失败或解析失败，继续下一次尝试
2026-10-04 20:01:14 [INFO] 🤖 AI 筛选 [[deepseek] 2/6 策略=仅标题+链接 retry=1]（40 条，9426 字符，temp=0.3）
2026-10-04 20:01:15 [ERROR] AI 调用异常 ([deepseek] 2/6 策略=仅标题+链接 retry=1): Error code: 401 - {'error': {'message': 'Authentication Fails, Your api key: ****df0d is invalid (request_id: f19de070-a4c3-4d32-b472-90ad3dc5c5eb)', 'type': 'authentication_error', 'param': None, 'code': 'invalid_request_error'}}
2026-10-04 20:01:15 [WARNING] [[deepseek] 2/6 策略=仅标题+链接 retry=1] AI 调用失败或解析失败，继续下一次尝试
2026-10-04 20:01:15 [INFO] 🤖 AI 筛选 [[deepseek] 3/6 策略=仅标题+链接 retry=2]（40 条，9426 字符，temp=0.3）
2026-10-04 20:01:15 [ERROR] AI 调用异常 ([deepseek] 3/6 策略=仅标题+链接 retry=2): Error code: 401 - {'error': {'message': 'Authentication Fails, Your api key: ****df0d is invalid (request_id: 07a90a8a-ce4c-415c-8577-7d0b3d5aed90)', 'type': 'authentication_error', 'param': None, 'code': 'invalid_request_error'}}
2026-10-04 20:01:15 [WARNING] [[deepseek] 3/6 策略=仅标题+链接 retry=2] AI 调用失败或解析失败，继续下一次尝试
2026-10-04 20:01:15 [INFO] 🤖 AI 筛选 [[deepseek] 4/6 策略=完整内容 retry=0]（40 条，13363 字符，temp=0.3）
2026-10-04 20:01:15 [ERROR] AI 调用异常 ([deepseek] 4/6 策略=完整内容 retry=0): Error code: 401 - {'error': {'message': 'Authentication Fails, Your api key: ****df0d is invalid (request_id: 8bf19d30-bde8-486c-9caa-c1ad5ba87264)', 'type': 'authentication_error', 'param': None, 'code': 'invalid_request_error'}}
2026-10-04 20:01:15 [WARNING] [[deepseek] 4/6 策略=完整内容 retry=0] AI 调用失败或解析失败，继续下一次尝试
2026-10-04 20:01:15 [INFO] 🤖 AI 筛选 [[deepseek] 5/6 策略=完整内容 retry=1]（40 条，13363 字符，temp=0.3）
2026-10-04 20:01:16 [ERROR] AI 调用异常 ([deepseek] 5/6 策略=完整内容 retry=1): Error code: 401 - {'error': {'message': 'Authentication Fails, Your api key: ****df0d is invalid (request_id: f78d9eb0-0d58-4eca-9d80-96a6110a2191)', 'type': 'authentication_error', 'param': None, 'code': 'invalid_request_error'}}
2026-10-04 20:01:16 [WARNING] [[deepseek] 5/6 策略=完整内容 retry=1] AI 调用失败或解析失败，继续下一次尝试
2026-10-04 20:01:16 [INFO] 🤖 AI 筛选 [[deepseek] 6/6 策略=仅标题（无历史） retry=0]（40 条，9426 字符，temp=0.3）
2026-10-04 20:01:16 [ERROR] AI 调用异常 ([deepseek] 6/6 策略=仅标题（无历史） retry=0): Error code: 401 - {'error': {'message': 'Authentication Fails, Your api key: ****df0d is invalid (request_id: 14db275c-919a-4a37-89a0-e8ca14982ef3)', 'type': 'authentication_error', 'param': None, 'code': 'invalid_request_error'}}
2026-10-04 20:01:16 [WARNING] [[deepseek] 6/6 策略=仅标题（无历史） retry=0] AI 调用失败或解析失败，继续下一次尝试
2026-10-04 20:01:16 [WARNING] [deepseek] 已达最大尝试次数 6，停止
2026-10-04 20:01:16 [INFO] ⚠️ deepseek 未能产出满意结果，尝试下一个提供商
2026-10-04 20:01:16 [INFO] 🔄 尝试 AI 提供商: zhipu
2026-10-04 20:01:16 [ERROR] 未设置环境变量 ZHIPU_API_KEY，无法使用 zhipu
2026-10-04 20:01:16 [INFO] ⚠️ zhipu 未能产出满意结果，尝试下一个提供商
2026-10-04 20:01:16 [INFO] 🔄 尝试 AI 提供商: kimi
2026-10-04 20:01:16 [ERROR] 未设置环境变量 KIMI_API_KEY，无法使用 kimi
2026-10-04 20:01:16 [INFO] ⚠️ kimi 未能产出满意结果，尝试下一个提供商
2026-10-04 20:01:16 [INFO] 🔄 尝试 AI 提供商: huoshan
2026-10-04 20:01:16 [ERROR] 未设置环境变量 HUOSHAN_API_KEY，无法使用 huoshan
2026-10-04 20:01:16 [INFO] ⚠️ huoshan 未能产出满意结果，尝试下一个提供商
2026-10-04 20:01:16 [ERROR] ❌ 所有提供商均失败，返回空列表
2026-10-04 20:01:16 [INFO] 📦 JSON 已保存: reports/2026-10-05-04.json
2026-10-04 20:01:16 [INFO] ✅ AI 筛选完成，共 0 条交易相关消息
2026-10-04 21:01:01 [INFO] 🚀 开始抓取 2026-10-05 05:00 币圈新闻
2026-10-04 21:01:01 [INFO] 📡 抓取 RSS 新闻源...
2026-10-04 21:01:01 [INFO] 📡 抓取交易所公告 & 链上数据...
2026-10-04 21:01:01 [INFO]   ⏭ Decrypt: 过滤掉 39 条非近期新闻
2026-10-04 21:01:01 [INFO]   ⏭ The Block: 过滤掉 19 条非近期新闻
2026-10-04 21:01:01 [INFO]   ⏭ CoinTelegraph: 过滤掉 30 条非近期新闻
2026-10-04 21:01:01 [WARNING] 解析失败 Bitget公告: 'NoneType' object is not subscriptable
2026-10-04 21:01:01 [INFO]   ⏭ CoinDesk: 过滤掉 25 条非近期新闻
2026-10-04 21:01:01 [INFO]   ⏭ Reuters Crypto: 过滤掉 50 条非近期新闻
2026-10-04 21:01:01 [INFO]   ⏭ Bloomberg Crypto: 过滤掉 50 条非近期新闻
2026-10-04 21:01:01 [INFO]   ⏭ Bitcoin Magazine: 过滤掉 10 条非近期新闻
2026-10-04 21:01:01 [INFO]   ⏭ 宏观经济: 过滤掉 50 条非近期新闻
2026-10-04 21:01:01 [INFO]   ⏭ CNBC Crypto: 过滤掉 50 条非近期新闻
2026-10-04 21:01:02 [INFO]   ⏭ Blockworks: 过滤掉 50 条非近期新闻
2026-10-04 21:01:02 [INFO]   ⏭ Reddit r/bitcoin: 过滤掉 18 条非近期新闻
2026-10-04 21:01:02 [INFO]   ⏭ DL News: 过滤掉 50 条非近期新闻
2026-10-04 21:01:02 [INFO]   ⏭ Decrypt: 过滤掉 50 条非近期新闻
2026-10-04 21:01:02 [INFO]   ⏭ Blockworks: 过滤掉 3 条非近期新闻
2026-10-04 21:01:02 [INFO]   ⏭ 金色财经: 过滤掉 6 条非近期新闻
2026-10-04 21:01:02 [INFO]   ⏭ 律动BlockBeats: 过滤掉 20 条非近期新闻
2026-10-04 21:01:02 [INFO]   ⏭ CoinTelegraph: 过滤掉 25 条非近期新闻
2026-10-04 21:01:02 [INFO]   ⏭ 宏观经济: 过滤掉 49 条非近期新闻
2026-10-04 21:01:02 [INFO]   ⏭ Bitcoin Magazine: 过滤掉 50 条非近期新闻
2026-10-04 21:01:02 [INFO]   ⏭ DeFi Llama: 过滤掉 50 条非近期新闻
2026-10-04 21:01:02 [INFO]   ⏭ 雪球加密: 过滤掉 50 条非近期新闻
2026-10-04 21:01:02 [INFO]   ⏭ 吴说区块链: 过滤掉 47 条非近期新闻
2026-10-04 21:01:02 [INFO]   ⏭ The Block: 过滤掉 50 条非近期新闻
2026-10-04 21:01:03 [INFO]   ⏭ CoinDesk: 过滤掉 50 条非近期新闻
2026-10-04 21:01:03 [INFO]   ⏭ Crypto Twitter: 过滤掉 44 条非近期新闻
2026-10-04 21:01:03 [INFO]   ⏭ CoinTelegraph: 过滤掉 50 条非近期新闻
2026-10-04 21:01:03 [INFO]   ⏭ 律动BlockBeats: 过滤掉 50 条非近期新闻
2026-10-04 21:01:07 [INFO]   ⏭ PANews: 过滤掉 50 条非近期新闻
2026-10-04 21:01:07 [INFO]   ✓ CoinDesk: 0 条
2026-10-04 21:01:07 [INFO]   ✓ The Block: 0 条
2026-10-04 21:01:07 [INFO]   ✓ Decrypt: 0 条
2026-10-04 21:01:07 [INFO]   ✓ CoinTelegraph: 0 条
2026-10-04 21:01:07 [INFO]   ✓ Bitcoin Magazine: 0 条
2026-10-04 21:01:07 [INFO]   ✓ Blockworks: 0 条
2026-10-04 21:01:07 [INFO]   ✓ DL News: 0 条
2026-10-04 21:01:07 [INFO]   ✓ 金色财经: 2 条
2026-10-04 21:01:07 [INFO]   ✓ PANews: 0 条
2026-10-04 21:01:07 [INFO]   ✓ 律动BlockBeats: 0 条
2026-10-04 21:01:07 [INFO]   ✓ 吴说区块链: 0 条
2026-10-04 21:01:07 [INFO]   ✓ Bloomberg Crypto: 0 条
2026-10-04 21:01:07 [INFO]   ✓ Reuters Crypto: 0 条
2026-10-04 21:01:07 [INFO]   ✓ CNBC Crypto: 0 条
2026-10-04 21:01:07 [INFO]   ✓ Reddit r/cryptocurrency: 0 条
2026-10-04 21:01:07 [INFO]   ✓ Reddit r/bitcoin: 7 条
2026-10-04 21:01:07 [INFO]   ✓ Crypto Twitter: 6 条
2026-10-04 21:01:07 [INFO]   ✓ 宏观经济: 0 条
2026-10-04 21:01:07 [INFO]   ✓ Binance公告: 20 条
2026-10-04 21:01:07 [INFO]   ✓ OKX公告: 0 条
2026-10-04 21:01:07 [INFO]   ✓ Bitget公告: 0 条
2026-10-04 21:01:07 [INFO]   ✓ Whale Alert: 0 条
2026-10-04 21:01:07 [INFO]   ✓ Fear & Greed Index: 1 条
2026-10-04 21:01:07 [INFO]   ✓ DeFi Llama: 0 条
2026-10-04 21:01:07 [INFO]   ✓ 雪球加密: 0 条
2026-10-04 21:01:07 [INFO] 📊 共抓取 36 条新闻
2026-10-04 21:01:07 [INFO] 📋 原始新闻已保存: reports/2026-10-05-05-raw.json (36 条)
2026-10-04 21:01:07 [INFO] 📋 标题摘要已保存: reports/2026-10-05-05-raw-titles.md
2026-10-04 21:01:07 [INFO] ✅ 抓取完成，共 36 条，已保存到 reports/2026-10-05-05-raw.json
2026-10-04 21:01:08 [INFO] 🤖 开始 AI 筛选 2026-10-05 05:00 币圈消息
2026-10-04 21:01:08 [INFO] 📋 已加载原始新闻: reports/2026-10-05-05-raw.json (36 条)
2026-10-04 21:01:08 [INFO] 📚 已加载历史新闻标题（20878 字符）
2026-10-04 21:01:08 [INFO] 📚 已加载历史筛选标题 0 条、URL 0 个，用于去重
2026-10-04 21:01:08 [INFO] 🔄 尝试 AI 提供商: deepseek
2026-10-04 21:01:08 [INFO] 🤖 使用 AI 提供商: deepseek (模型: deepseek-v4-flash)
2026-10-04 21:01:08 [INFO] 🤖 AI 筛选 [[deepseek] 1/6 策略=仅标题+链接 retry=0]（36 条，7229 字符，temp=0.3）
2026-10-04 21:01:09 [ERROR] AI 调用异常 ([deepseek] 1/6 策略=仅标题+链接 retry=0): Error code: 401 - {'error': {'message': 'Authentication Fails, Your api key: ****df0d is invalid (request_id: a5125582-2bba-44e3-9ca6-56aa833d6a91)', 'type': 'authentication_error', 'param': None, 'code': 'invalid_request_error'}}
2026-10-04 21:01:09 [WARNING] [[deepseek] 1/6 策略=仅标题+链接 retry=0] AI 调用失败或解析失败，继续下一次尝试
2026-10-04 21:01:09 [INFO] 🤖 AI 筛选 [[deepseek] 2/6 策略=仅标题+链接 retry=1]（36 条，7229 字符，temp=0.3）
2026-10-04 21:01:09 [ERROR] AI 调用异常 ([deepseek] 2/6 策略=仅标题+链接 retry=1): Error code: 401 - {'error': {'message': 'Authentication Fails, Your api key: ****df0d is invalid (request_id: c3aa02ae-7c50-4367-aa12-3354b5a31e0e)', 'type': 'authentication_error', 'param': None, 'code': 'invalid_request_error'}}
2026-10-04 21:01:09 [WARNING] [[deepseek] 2/6 策略=仅标题+链接 retry=1] AI 调用失败或解析失败，继续下一次尝试
2026-10-04 21:01:09 [INFO] 🤖 AI 筛选 [[deepseek] 3/6 策略=仅标题+链接 retry=2]（36 条，7229 字符，temp=0.3）
2026-10-04 21:01:09 [ERROR] AI 调用异常 ([deepseek] 3/6 策略=仅标题+链接 retry=2): Error code: 401 - {'error': {'message': 'Authentication Fails, Your api key: ****df0d is invalid (request_id: b5aa393b-e232-40e7-bc4d-d6e9bf07ef9f)', 'type': 'authentication_error', 'param': None, 'code': 'invalid_request_error'}}
2026-10-04 21:01:09 [WARNING] [[deepseek] 3/6 策略=仅标题+链接 retry=2] AI 调用失败或解析失败，继续下一次尝试
2026-10-04 21:01:09 [INFO] 🤖 AI 筛选 [[deepseek] 4/6 策略=完整内容 retry=0]（36 条，11171 字符，temp=0.3）
2026-10-04 21:01:10 [ERROR] AI 调用异常 ([deepseek] 4/6 策略=完整内容 retry=0): Error code: 401 - {'error': {'message': 'Authentication Fails, Your api key: ****df0d is invalid (request_id: c6aa08b9-63c7-421f-b0f6-f1fd7ff69aa5)', 'type': 'authentication_error', 'param': None, 'code': 'invalid_request_error'}}
2026-10-04 21:01:10 [WARNING] [[deepseek] 4/6 策略=完整内容 retry=0] AI 调用失败或解析失败，继续下一次尝试
2026-10-04 21:01:10 [INFO] 🤖 AI 筛选 [[deepseek] 5/6 策略=完整内容 retry=1]（36 条，11171 字符，temp=0.3）
2026-10-04 21:01:10 [ERROR] AI 调用异常 ([deepseek] 5/6 策略=完整内容 retry=1): Error code: 401 - {'error': {'message': 'Authentication Fails, Your api key: ****df0d is invalid (request_id: d172a832-ddc1-41be-8dd9-f6b4e619a96d)', 'type': 'authentication_error', 'param': None, 'code': 'invalid_request_error'}}
2026-10-04 21:01:10 [WARNING] [[deepseek] 5/6 策略=完整内容 retry=1] AI 调用失败或解析失败，继续下一次尝试
2026-10-04 21:01:10 [INFO] 🤖 AI 筛选 [[deepseek] 6/6 策略=仅标题（无历史） retry=0]（36 条，7229 字符，temp=0.3）
2026-10-04 21:01:10 [ERROR] AI 调用异常 ([deepseek] 6/6 策略=仅标题（无历史） retry=0): Error code: 401 - {'error': {'message': 'Authentication Fails, Your api key: ****df0d is invalid (request_id: 263f9072-84d0-4d4a-b700-fe44237305fc)', 'type': 'authentication_error', 'param': None, 'code': 'invalid_request_error'}}
2026-10-04 21:01:10 [WARNING] [[deepseek] 6/6 策略=仅标题（无历史） retry=0] AI 调用失败或解析失败，继续下一次尝试
2026-10-04 21:01:10 [WARNING] [deepseek] 已达最大尝试次数 6，停止
2026-10-04 21:01:10 [INFO] ⚠️ deepseek 未能产出满意结果，尝试下一个提供商
2026-10-04 21:01:10 [INFO] 🔄 尝试 AI 提供商: zhipu
2026-10-04 21:01:10 [ERROR] 未设置环境变量 ZHIPU_API_KEY，无法使用 zhipu
2026-10-04 21:01:10 [INFO] ⚠️ zhipu 未能产出满意结果，尝试下一个提供商
2026-10-04 21:01:10 [INFO] 🔄 尝试 AI 提供商: kimi
2026-10-04 21:01:10 [ERROR] 未设置环境变量 KIMI_API_KEY，无法使用 kimi
2026-10-04 21:01:10 [INFO] ⚠️ kimi 未能产出满意结果，尝试下一个提供商
2026-10-04 21:01:10 [INFO] 🔄 尝试 AI 提供商: huoshan
2026-10-04 21:01:10 [ERROR] 未设置环境变量 HUOSHAN_API_KEY，无法使用 huoshan
2026-10-04 21:01:10 [INFO] ⚠️ huoshan 未能产出满意结果，尝试下一个提供商
2026-10-04 21:01:10 [ERROR] ❌ 所有提供商均失败，返回空列表
2026-10-04 21:01:10 [INFO] 📦 JSON 已保存: reports/2026-10-05-05.json
2026-10-04 21:01:10 [INFO] ✅ AI 筛选完成，共 0 条交易相关消息
2026-10-04 22:00:52 [INFO] 🚀 开始抓取 2026-10-05 06:00 币圈新闻
2026-10-04 22:00:53 [INFO] 📡 抓取 RSS 新闻源...
2026-10-04 22:00:53 [INFO] 📡 抓取交易所公告 & 链上数据...
2026-10-04 22:00:53 [INFO]   ⏭ CoinTelegraph: 过滤掉 30 条非近期新闻
2026-10-04 22:00:53 [INFO]   ⏭ Decrypt: 过滤掉 39 条非近期新闻
2026-10-04 22:00:53 [INFO]   ⏭ The Block: 过滤掉 19 条非近期新闻
2026-10-04 22:00:53 [WARNING] 解析失败 Bitget公告: 'NoneType' object is not subscriptable
2026-10-04 22:00:53 [INFO]   ⏭ CoinDesk: 过滤掉 25 条非近期新闻
2026-10-04 22:00:53 [INFO]   ⏭ Bitcoin Magazine: 过滤掉 10 条非近期新闻
2026-10-04 22:00:53 [INFO]   ⏭ Reuters Crypto: 过滤掉 50 条非近期新闻
2026-10-04 22:00:53 [INFO]   ⏭ Bloomberg Crypto: 过滤掉 50 条非近期新闻
2026-10-04 22:00:53 [INFO]   ⏭ CNBC Crypto: 过滤掉 50 条非近期新闻
2026-10-04 22:00:53 [INFO]   ⏭ Reddit r/bitcoin: 过滤掉 20 条非近期新闻
2026-10-04 22:00:53 [INFO]   ⏭ 宏观经济: 过滤掉 50 条非近期新闻
2026-10-04 22:00:54 [INFO]   ⏭ DL News: 过滤掉 50 条非近期新闻
2026-10-04 22:00:54 [INFO]   ⏭ Decrypt: 过滤掉 50 条非近期新闻
2026-10-04 22:00:54 [INFO]   ⏭ Blockworks: 过滤掉 50 条非近期新闻
2026-10-04 22:00:54 [INFO]   ⏭ 宏观经济: 过滤掉 49 条非近期新闻
2026-10-04 22:00:54 [INFO]   ⏭ Blockworks: 过滤掉 3 条非近期新闻
2026-10-04 22:00:54 [INFO]   ⏭ Bitcoin Magazine: 过滤掉 50 条非近期新闻
2026-10-04 22:00:54 [INFO]   ⏭ 律动BlockBeats: 过滤掉 20 条非近期新闻
2026-10-04 22:00:54 [INFO]   ⏭ 金色财经: 过滤掉 5 条非近期新闻
2026-10-04 22:00:54 [INFO]   ⏭ The Block: 过滤掉 50 条非近期新闻
2026-10-04 22:00:54 [INFO]   ⏭ 雪球加密: 过滤掉 50 条非近期新闻
2026-10-04 22:00:55 [INFO]   ⏭ CoinDesk: 过滤掉 50 条非近期新闻
2026-10-04 22:00:55 [INFO]   ⏭ DeFi Llama: 过滤掉 50 条非近期新闻
2026-10-04 22:00:55 [INFO]   ⏭ 律动BlockBeats: 过滤掉 50 条非近期新闻
2026-10-04 22:00:55 [INFO]   ⏭ 吴说区块链: 过滤掉 47 条非近期新闻
2026-10-04 22:00:55 [INFO]   ⏭ Crypto Twitter: 过滤掉 44 条非近期新闻
2026-10-04 22:01:09 [DEBUG] 请求失败 https://rsshub.rssforever.com/cointelegraph: 
2026-10-04 22:01:09 [DEBUG] 请求失败 https://rsshub.rssforever.com/panewslab/news: 
2026-10-04 22:01:09 [DEBUG] 请求失败 https://rsshub.rssforever.com/bloomberg/crypto: 
2026-10-04 22:01:09 [INFO]   ⏭ CoinTelegraph: 过滤掉 50 条非近期新闻
2026-10-04 22:01:09 [INFO]   ⏭ PANews: 过滤掉 50 条非近期新闻
2026-10-04 22:01:09 [INFO]   ✓ CoinDesk: 0 条
2026-10-04 22:01:09 [INFO]   ✓ The Block: 0 条
2026-10-04 22:01:09 [INFO]   ✓ Decrypt: 0 条
2026-10-04 22:01:09 [INFO]   ✓ CoinTelegraph: 0 条
2026-10-04 22:01:09 [INFO]   ✓ Bitcoin Magazine: 0 条
2026-10-04 22:01:09 [INFO]   ✓ Blockworks: 0 条
2026-10-04 22:01:09 [INFO]   ✓ DL News: 0 条
2026-10-04 22:01:09 [INFO]   ✓ 金色财经: 1 条
2026-10-04 22:01:09 [INFO]   ✓ PANews: 0 条
2026-10-04 22:01:09 [INFO]   ✓ 律动BlockBeats: 0 条
2026-10-04 22:01:09 [INFO]   ✓ 吴说区块链: 0 条
2026-10-04 22:01:09 [INFO]   ✓ Bloomberg Crypto: 0 条
2026-10-04 22:01:09 [INFO]   ✓ Reuters Crypto: 0 条
2026-10-04 22:01:09 [INFO]   ✓ CNBC Crypto: 0 条
2026-10-04 22:01:09 [INFO]   ✓ Reddit r/cryptocurrency: 0 条
2026-10-04 22:01:09 [INFO]   ✓ Reddit r/bitcoin: 5 条
2026-10-04 22:01:09 [INFO]   ✓ Crypto Twitter: 6 条
2026-10-04 22:01:09 [INFO]   ✓ 宏观经济: 0 条
2026-10-04 22:01:09 [INFO]   ✓ Binance公告: 20 条
2026-10-04 22:01:09 [INFO]   ✓ OKX公告: 0 条
2026-10-04 22:01:09 [INFO]   ✓ Bitget公告: 0 条
2026-10-04 22:01:09 [INFO]   ✓ Whale Alert: 0 条
2026-10-04 22:01:09 [INFO]   ✓ Fear & Greed Index: 1 条
2026-10-04 22:01:09 [INFO]   ✓ DeFi Llama: 0 条
2026-10-04 22:01:09 [INFO]   ✓ 雪球加密: 0 条
2026-10-04 22:01:09 [INFO] 📊 共抓取 33 条新闻
2026-10-04 22:01:09 [INFO] 📋 原始新闻已保存: reports/2026-10-05-06-raw.json (33 条)
2026-10-04 22:01:09 [INFO] 📋 标题摘要已保存: reports/2026-10-05-06-raw-titles.md
2026-10-04 22:01:09 [INFO] ✅ 抓取完成，共 33 条，已保存到 reports/2026-10-05-06-raw.json
2026-10-04 22:01:10 [INFO] 🤖 开始 AI 筛选 2026-10-05 06:00 币圈消息
2026-10-04 22:01:10 [INFO] 📋 已加载原始新闻: reports/2026-10-05-06-raw.json (33 条)
2026-10-04 22:01:10 [INFO] 📚 已加载历史新闻标题（19395 字符）
2026-10-04 22:01:10 [INFO] 📚 已加载历史筛选标题 0 条、URL 0 个，用于去重
2026-10-04 22:01:10 [INFO] 🔄 尝试 AI 提供商: deepseek
2026-10-04 22:01:10 [INFO] 🤖 使用 AI 提供商: deepseek (模型: deepseek-v4-flash)
2026-10-04 22:01:10 [INFO] 🤖 AI 筛选 [[deepseek] 1/6 策略=仅标题+链接 retry=0]（33 条，6882 字符，temp=0.3）
2026-10-04 22:01:11 [ERROR] AI 调用异常 ([deepseek] 1/6 策略=仅标题+链接 retry=0): Error code: 401 - {'error': {'message': 'Authentication Fails, Your api key: ****df0d is invalid (request_id: e1ffe6ed-5267-4169-b4f1-ea6f42b6514a)', 'type': 'authentication_error', 'param': None, 'code': 'invalid_request_error'}}
2026-10-04 22:01:11 [WARNING] [[deepseek] 1/6 策略=仅标题+链接 retry=0] AI 调用失败或解析失败，继续下一次尝试
2026-10-04 22:01:11 [INFO] 🤖 AI 筛选 [[deepseek] 2/6 策略=仅标题+链接 retry=1]（33 条，6882 字符，temp=0.3）
2026-10-04 22:01:11 [ERROR] AI 调用异常 ([deepseek] 2/6 策略=仅标题+链接 retry=1): Error code: 401 - {'error': {'message': 'Authentication Fails, Your api key: ****df0d is invalid (request_id: e996b8db-c007-4cc3-9267-56cb6af3df25)', 'type': 'authentication_error', 'param': None, 'code': 'invalid_request_error'}}
2026-10-04 22:01:11 [WARNING] [[deepseek] 2/6 策略=仅标题+链接 retry=1] AI 调用失败或解析失败，继续下一次尝试
2026-10-04 22:01:11 [INFO] 🤖 AI 筛选 [[deepseek] 3/6 策略=仅标题+链接 retry=2]（33 条，6882 字符，temp=0.3）
2026-10-04 22:01:12 [ERROR] AI 调用异常 ([deepseek] 3/6 策略=仅标题+链接 retry=2): Error code: 401 - {'error': {'message': 'Authentication Fails, Your api key: ****df0d is invalid (request_id: f4f9ad9e-a390-43db-af8e-7811ca308437)', 'type': 'authentication_error', 'param': None, 'code': 'invalid_request_error'}}
2026-10-04 22:01:12 [WARNING] [[deepseek] 3/6 策略=仅标题+链接 retry=2] AI 调用失败或解析失败，继续下一次尝试
2026-10-04 22:01:12 [INFO] 🤖 AI 筛选 [[deepseek] 4/6 策略=完整内容 retry=0]（33 条，10492 字符，temp=0.3）
2026-10-04 22:01:12 [ERROR] AI 调用异常 ([deepseek] 4/6 策略=完整内容 retry=0): Error code: 401 - {'error': {'message': 'Authentication Fails, Your api key: ****df0d is invalid (request_id: e75ec6c0-2980-4708-916e-06ab99f19678)', 'type': 'authentication_error', 'param': None, 'code': 'invalid_request_error'}}
2026-10-04 22:01:12 [WARNING] [[deepseek] 4/6 策略=完整内容 retry=0] AI 调用失败或解析失败，继续下一次尝试
2026-10-04 22:01:12 [INFO] 🤖 AI 筛选 [[deepseek] 5/6 策略=完整内容 retry=1]（33 条，10492 字符，temp=0.3）
2026-10-04 22:01:13 [ERROR] AI 调用异常 ([deepseek] 5/6 策略=完整内容 retry=1): Error code: 401 - {'error': {'message': 'Authentication Fails, Your api key: ****df0d is invalid (request_id: 952fbdf2-082f-418b-bf11-a4affcb9c19d)', 'type': 'authentication_error', 'param': None, 'code': 'invalid_request_error'}}
2026-10-04 22:01:13 [WARNING] [[deepseek] 5/6 策略=完整内容 retry=1] AI 调用失败或解析失败，继续下一次尝试
2026-10-04 22:01:13 [INFO] 🤖 AI 筛选 [[deepseek] 6/6 策略=仅标题（无历史） retry=0]（33 条，6882 字符，temp=0.3）
2026-10-04 22:01:13 [ERROR] AI 调用异常 ([deepseek] 6/6 策略=仅标题（无历史） retry=0): Error code: 401 - {'error': {'message': 'Authentication Fails, Your api key: ****df0d is invalid (request_id: 03f90ffa-e22e-4822-bfc7-de6312d6e7a6)', 'type': 'authentication_error', 'param': None, 'code': 'invalid_request_error'}}
2026-10-04 22:01:13 [WARNING] [[deepseek] 6/6 策略=仅标题（无历史） retry=0] AI 调用失败或解析失败，继续下一次尝试
2026-10-04 22:01:13 [WARNING] [deepseek] 已达最大尝试次数 6，停止
2026-10-04 22:01:13 [INFO] ⚠️ deepseek 未能产出满意结果，尝试下一个提供商
2026-10-04 22:01:13 [INFO] 🔄 尝试 AI 提供商: zhipu
2026-10-04 22:01:13 [ERROR] 未设置环境变量 ZHIPU_API_KEY，无法使用 zhipu
2026-10-04 22:01:13 [INFO] ⚠️ zhipu 未能产出满意结果，尝试下一个提供商
2026-10-04 22:01:13 [INFO] 🔄 尝试 AI 提供商: kimi
2026-10-04 22:01:13 [ERROR] 未设置环境变量 KIMI_API_KEY，无法使用 kimi
2026-10-04 22:01:13 [INFO] ⚠️ kimi 未能产出满意结果，尝试下一个提供商
2026-10-04 22:01:13 [INFO] 🔄 尝试 AI 提供商: huoshan
2026-10-04 22:01:13 [ERROR] 未设置环境变量 HUOSHAN_API_KEY，无法使用 huoshan
2026-10-04 22:01:13 [INFO] ⚠️ huoshan 未能产出满意结果，尝试下一个提供商
2026-10-04 22:01:13 [ERROR] ❌ 所有提供商均失败，返回空列表
2026-10-04 22:01:13 [INFO] 📦 JSON 已保存: reports/2026-10-05-06.json
2026-10-04 22:01:13 [INFO] ✅ AI 筛选完成，共 0 条交易相关消息
2026-10-04 23:00:57 [INFO] 🚀 开始抓取 2026-10-05 07:00 币圈新闻
2026-10-04 23:00:57 [INFO] 📡 抓取 RSS 新闻源...
2026-10-04 23:00:57 [INFO] 📡 抓取交易所公告 & 链上数据...
2026-10-04 23:00:58 [INFO]   ⏭ Decrypt: 过滤掉 39 条非近期新闻
2026-10-04 23:00:58 [INFO]   ⏭ The Block: 过滤掉 19 条非近期新闻
2026-10-04 23:00:58 [INFO]   ⏭ CoinTelegraph: 过滤掉 29 条非近期新闻
2026-10-04 23:00:58 [INFO]   ⏭ Bitcoin Magazine: 过滤掉 10 条非近期新闻
2026-10-04 23:00:58 [INFO]   ⏭ CoinDesk: 过滤掉 25 条非近期新闻
2026-10-04 23:00:58 [INFO]   ⏭ Bloomberg Crypto: 过滤掉 50 条非近期新闻
2026-10-04 23:00:58 [WARNING] 解析失败 Bitget公告: 'NoneType' object is not subscriptable
2026-10-04 23:00:58 [INFO]   ⏭ Reuters Crypto: 过滤掉 50 条非近期新闻
2026-10-04 23:00:58 [INFO]   ⏭ 宏观经济: 过滤掉 49 条非近期新闻
2026-10-04 23:00:58 [INFO]   ⏭ Reddit r/bitcoin: 过滤掉 23 条非近期新闻
2026-10-04 23:00:58 [INFO]   ⏭ CNBC Crypto: 过滤掉 50 条非近期新闻
2026-10-04 23:00:58 [INFO]   ⏭ Decrypt: 过滤掉 50 条非近期新闻
2026-10-04 23:00:58 [INFO]   ⏭ DL News: 过滤掉 50 条非近期新闻
2026-10-04 23:00:59 [INFO]   ⏭ 金色财经: 过滤掉 11 条非近期新闻
2026-10-04 23:00:59 [INFO]   ⏭ Bitcoin Magazine: 过滤掉 50 条非近期新闻
2026-10-04 23:00:59 [INFO]   ⏭ DeFi Llama: 过滤掉 50 条非近期新闻
2026-10-04 23:00:59 [INFO]   ⏭ 吴说区块链: 过滤掉 47 条非近期新闻
2026-10-04 23:00:59 [INFO]   ⏭ 雪球加密: 过滤掉 50 条非近期新闻
2026-10-04 23:00:59 [INFO]   ⏭ Blockworks: 过滤掉 50 条非近期新闻
2026-10-04 23:00:59 [INFO]   ⏭ The Block: 过滤掉 50 条非近期新闻
2026-10-04 23:00:59 [INFO]   ⏭ Crypto Twitter: 过滤掉 41 条非近期新闻
2026-10-04 23:00:59 [INFO]   ⏭ CoinDesk: 过滤掉 50 条非近期新闻
2026-10-04 23:00:59 [INFO]   ⏭ Blockworks: 过滤掉 3 条非近期新闻
2026-10-04 23:01:13 [DEBUG] 请求失败 https://rsshub.rssforever.com/panewslab/news: 
2026-10-04 23:01:13 [DEBUG] 请求失败 https://rsshub.rssforever.com/theblockbeats/newsflash: 
2026-10-04 23:01:14 [DEBUG] 请求失败 https://rsshub.rssforever.com/bloomberg/crypto: 
2026-10-04 23:01:14 [INFO]   ⏭ 律动BlockBeats: 过滤掉 50 条非近期新闻
2026-10-04 23:01:14 [INFO]   ⏭ PANews: 过滤掉 50 条非近期新闻
2026-10-04 23:01:14 [INFO]   ✓ CoinDesk: 0 条
2026-10-04 23:01:14 [INFO]   ✓ The Block: 0 条
2026-10-04 23:01:14 [INFO]   ✓ Decrypt: 0 条
2026-10-04 23:01:14 [INFO]   ✓ CoinTelegraph: 1 条
2026-10-04 23:01:14 [INFO]   ✓ Bitcoin Magazine: 0 条
2026-10-04 23:01:14 [INFO]   ✓ Blockworks: 0 条
2026-10-04 23:01:14 [INFO]   ✓ DL News: 0 条
2026-10-04 23:01:14 [INFO]   ✓ 金色财经: 9 条
2026-10-04 23:01:14 [INFO]   ✓ PANews: 0 条
2026-10-04 23:01:14 [INFO]   ✓ 律动BlockBeats: 0 条
2026-10-04 23:01:14 [INFO]   ✓ 吴说区块链: 0 条
2026-10-04 23:01:14 [INFO]   ✓ Bloomberg Crypto: 0 条
2026-10-04 23:01:14 [INFO]   ✓ Reuters Crypto: 0 条
2026-10-04 23:01:14 [INFO]   ✓ CNBC Crypto: 0 条
2026-10-04 23:01:14 [INFO]   ✓ Reddit r/cryptocurrency: 0 条
2026-10-04 23:01:14 [INFO]   ✓ Reddit r/bitcoin: 2 条
2026-10-04 23:01:14 [INFO]   ✓ Crypto Twitter: 9 条
2026-10-04 23:01:14 [INFO]   ✓ 宏观经济: 1 条
2026-10-04 23:01:14 [INFO]   ✓ Binance公告: 20 条
2026-10-04 23:01:14 [INFO]   ✓ OKX公告: 0 条
2026-10-04 23:01:14 [INFO]   ✓ Bitget公告: 0 条
2026-10-04 23:01:14 [INFO]   ✓ Whale Alert: 0 条
2026-10-04 23:01:14 [INFO]   ✓ Fear & Greed Index: 1 条
2026-10-04 23:01:14 [INFO]   ✓ DeFi Llama: 0 条
2026-10-04 23:01:14 [INFO]   ✓ 雪球加密: 0 条
2026-10-04 23:01:14 [INFO] 📊 共抓取 43 条新闻
2026-10-04 23:01:14 [INFO] 📋 原始新闻已保存: reports/2026-10-05-07-raw.json (43 条)
2026-10-04 23:01:14 [INFO] 📋 标题摘要已保存: reports/2026-10-05-07-raw-titles.md
2026-10-04 23:01:14 [INFO] ✅ 抓取完成，共 43 条，已保存到 reports/2026-10-05-07-raw.json
2026-10-04 23:01:15 [INFO] 🤖 开始 AI 筛选 2026-10-05 07:00 币圈消息
2026-10-04 23:01:15 [INFO] 📋 已加载原始新闻: reports/2026-10-05-07-raw.json (43 条)
2026-10-04 23:01:15 [INFO] 📚 已加载历史新闻标题（18393 字符）
2026-10-04 23:01:15 [INFO] 📚 已加载历史筛选标题 0 条、URL 0 个，用于去重
2026-10-04 23:01:15 [INFO] 🔄 尝试 AI 提供商: deepseek
2026-10-04 23:01:15 [INFO] 🤖 使用 AI 提供商: deepseek (模型: deepseek-v4-flash)
2026-10-04 23:01:15 [INFO] 🤖 AI 筛选 [[deepseek] 1/6 策略=仅标题+链接 retry=0]（43 条，8867 字符，temp=0.3）
2026-10-04 23:01:15 [ERROR] AI 调用异常 ([deepseek] 1/6 策略=仅标题+链接 retry=0): Error code: 401 - {'error': {'message': 'Authentication Fails, Your api key: ****df0d is invalid (request_id: eae81e3e-6e1c-4c81-b1ed-1762eb3c6dd9)', 'type': 'authentication_error', 'param': None, 'code': 'invalid_request_error'}}
2026-10-04 23:01:15 [WARNING] [[deepseek] 1/6 策略=仅标题+链接 retry=0] AI 调用失败或解析失败，继续下一次尝试
2026-10-04 23:01:15 [INFO] 🤖 AI 筛选 [[deepseek] 2/6 策略=仅标题+链接 retry=1]（43 条，8867 字符，temp=0.3）
2026-10-04 23:01:16 [ERROR] AI 调用异常 ([deepseek] 2/6 策略=仅标题+链接 retry=1): Error code: 401 - {'error': {'message': 'Authentication Fails, Your api key: ****df0d is invalid (request_id: 97b08172-500e-4b09-8f0b-857025d8bf81)', 'type': 'authentication_error', 'param': None, 'code': 'invalid_request_error'}}
2026-10-04 23:01:16 [WARNING] [[deepseek] 2/6 策略=仅标题+链接 retry=1] AI 调用失败或解析失败，继续下一次尝试
2026-10-04 23:01:16 [INFO] 🤖 AI 筛选 [[deepseek] 3/6 策略=仅标题+链接 retry=2]（43 条，8867 字符，temp=0.3）
2026-10-04 23:01:16 [ERROR] AI 调用异常 ([deepseek] 3/6 策略=仅标题+链接 retry=2): Error code: 401 - {'error': {'message': 'Authentication Fails, Your api key: ****df0d is invalid (request_id: 9f82da25-ff81-4205-8889-eaf6071f11d9)', 'type': 'authentication_error', 'param': None, 'code': 'invalid_request_error'}}
2026-10-04 23:01:16 [WARNING] [[deepseek] 3/6 策略=仅标题+链接 retry=2] AI 调用失败或解析失败，继续下一次尝试
2026-10-04 23:01:16 [INFO] 🤖 AI 筛选 [[deepseek] 4/6 策略=完整内容 retry=0]（43 条，13778 字符，temp=0.3）
2026-10-04 23:01:17 [ERROR] AI 调用异常 ([deepseek] 4/6 策略=完整内容 retry=0): Error code: 401 - {'error': {'message': 'Authentication Fails, Your api key: ****df0d is invalid (request_id: 7fc9a8cc-88cd-4019-bc49-aa9efa3f6d6e)', 'type': 'authentication_error', 'param': None, 'code': 'invalid_request_error'}}
2026-10-04 23:01:17 [WARNING] [[deepseek] 4/6 策略=完整内容 retry=0] AI 调用失败或解析失败，继续下一次尝试
2026-10-04 23:01:17 [INFO] 🤖 AI 筛选 [[deepseek] 5/6 策略=完整内容 retry=1]（43 条，13778 字符，temp=0.3）
2026-10-04 23:01:17 [ERROR] AI 调用异常 ([deepseek] 5/6 策略=完整内容 retry=1): Error code: 401 - {'error': {'message': 'Authentication Fails, Your api key: ****df0d is invalid (request_id: 2752a80f-4ce4-404f-9bb9-a2b3edfa7c2c)', 'type': 'authentication_error', 'param': None, 'code': 'invalid_request_error'}}
2026-10-04 23:01:17 [WARNING] [[deepseek] 5/6 策略=完整内容 retry=1] AI 调用失败或解析失败，继续下一次尝试
2026-10-04 23:01:17 [INFO] 🤖 AI 筛选 [[deepseek] 6/6 策略=仅标题（无历史） retry=0]（43 条，8867 字符，temp=0.3）
2026-10-04 23:01:17 [ERROR] AI 调用异常 ([deepseek] 6/6 策略=仅标题（无历史） retry=0): Error code: 401 - {'error': {'message': 'Authentication Fails, Your api key: ****df0d is invalid (request_id: 8582115f-30f9-41e1-b7c5-1e4a54ebb949)', 'type': 'authentication_error', 'param': None, 'code': 'invalid_request_error'}}
2026-10-04 23:01:17 [WARNING] [[deepseek] 6/6 策略=仅标题（无历史） retry=0] AI 调用失败或解析失败，继续下一次尝试
2026-10-04 23:01:17 [WARNING] [deepseek] 已达最大尝试次数 6，停止
2026-10-04 23:01:17 [INFO] ⚠️ deepseek 未能产出满意结果，尝试下一个提供商
2026-10-04 23:01:17 [INFO] 🔄 尝试 AI 提供商: zhipu
2026-10-04 23:01:17 [ERROR] 未设置环境变量 ZHIPU_API_KEY，无法使用 zhipu
2026-10-04 23:01:17 [INFO] ⚠️ zhipu 未能产出满意结果，尝试下一个提供商
2026-10-04 23:01:17 [INFO] 🔄 尝试 AI 提供商: kimi
2026-10-04 23:01:17 [ERROR] 未设置环境变量 KIMI_API_KEY，无法使用 kimi
2026-10-04 23:01:17 [INFO] ⚠️ kimi 未能产出满意结果，尝试下一个提供商
2026-10-04 23:01:17 [INFO] 🔄 尝试 AI 提供商: huoshan
2026-10-04 23:01:17 [ERROR] 未设置环境变量 HUOSHAN_API_KEY，无法使用 huoshan
2026-10-04 23:01:17 [INFO] ⚠️ huoshan 未能产出满意结果，尝试下一个提供商
2026-10-04 23:01:17 [ERROR] ❌ 所有提供商均失败，返回空列表
2026-10-04 23:01:17 [INFO] 📦 JSON 已保存: reports/2026-10-05-07.json
2026-10-04 23:01:17 [INFO] ✅ AI 筛选完成，共 0 条交易相关消息
2026-10-05 00:00:55 [INFO] 🚀 开始抓取 2026-10-05 08:00 币圈新闻
2026-10-05 00:00:55 [INFO] 📡 抓取 RSS 新闻源...
2026-10-05 00:00:55 [INFO] 📡 抓取交易所公告 & 链上数据...
2026-10-05 00:00:55 [INFO]   ⏭ Decrypt: 过滤掉 39 条非近期新闻
2026-10-05 00:00:55 [INFO]   ⏭ The Block: 过滤掉 19 条非近期新闻
2026-10-05 00:00:55 [INFO]   ⏭ CoinTelegraph: 过滤掉 29 条非近期新闻
2026-10-05 00:00:55 [INFO]   ⏭ Reuters Crypto: 过滤掉 50 条非近期新闻
2026-10-05 00:00:55 [INFO]   ⏭ CNBC Crypto: 过滤掉 50 条非近期新闻
2026-10-05 00:00:56 [INFO]   ⏭ 宏观经济: 过滤掉 49 条非近期新闻
2026-10-05 00:00:56 [INFO]   ⏭ Reddit r/bitcoin: 过滤掉 22 条非近期新闻
2026-10-05 00:00:56 [INFO]   ⏭ Bloomberg Crypto: 过滤掉 50 条非近期新闻
2026-10-05 00:00:56 [INFO]   ⏭ Bitcoin Magazine: 过滤掉 10 条非近期新闻
2026-10-05 00:00:56 [INFO]   ⏭ CoinDesk: 过滤掉 25 条非近期新闻
2026-10-05 00:00:56 [WARNING] 解析失败 Bitget公告: 'NoneType' object is not subscriptable
2026-10-05 00:00:56 [INFO]   ⏭ Blockworks: 过滤掉 50 条非近期新闻
2026-10-05 00:00:56 [INFO]   ⏭ Decrypt: 过滤掉 50 条非近期新闻
2026-10-05 00:00:56 [INFO]   ⏭ Blockworks: 过滤掉 3 条非近期新闻
2026-10-05 00:00:56 [INFO]   ⏭ DL News: 过滤掉 50 条非近期新闻
2026-10-05 00:00:56 [INFO]   ⏭ Bitcoin Magazine: 过滤掉 50 条非近期新闻
2026-10-05 00:00:57 [INFO]   ⏭ DeFi Llama: 过滤掉 50 条非近期新闻
2026-10-05 00:00:57 [INFO]   ⏭ 吴说区块链: 过滤掉 47 条非近期新闻
2026-10-05 00:00:57 [INFO]   ⏭ The Block: 过滤掉 50 条非近期新闻
2026-10-05 00:00:57 [INFO]   ⏭ 雪球加密: 过滤掉 50 条非近期新闻
2026-10-05 00:00:57 [INFO]   ⏭ Crypto Twitter: 过滤掉 41 条非近期新闻
2026-10-05 00:00:57 [INFO]   ⏭ CoinDesk: 过滤掉 50 条非近期新闻
2026-10-05 00:01:11 [DEBUG] 请求失败 https://rsshub.rssforever.com/jinse/lives: 
2026-10-05 00:01:11 [DEBUG] 请求失败 https://rsshub.rssforever.com/theblockbeats/newsflash: 
2026-10-05 00:01:11 [DEBUG] 请求失败 https://rsshub.rssforever.com/panewslab/news: 
2026-10-05 00:01:11 [DEBUG] 请求失败 https://rsshub.rssforever.com/bloomberg/crypto: 
2026-10-05 00:01:12 [INFO]   ⏭ 律动BlockBeats: 过滤掉 50 条非近期新闻
2026-10-05 00:01:12 [INFO]   ⏭ PANews: 过滤掉 50 条非近期新闻
2026-10-05 00:01:12 [INFO]   ✓ CoinDesk: 0 条
2026-10-05 00:01:12 [INFO]   ✓ The Block: 0 条
2026-10-05 00:01:12 [INFO]   ✓ Decrypt: 0 条
2026-10-05 00:01:12 [INFO]   ✓ CoinTelegraph: 1 条
2026-10-05 00:01:12 [INFO]   ✓ Bitcoin Magazine: 0 条
2026-10-05 00:01:12 [INFO]   ✓ Blockworks: 0 条
2026-10-05 00:01:12 [INFO]   ✓ DL News: 0 条
2026-10-05 00:01:12 [INFO]   ✓ 金色财经: 0 条
2026-10-05 00:01:12 [INFO]   ✓ PANews: 0 条
2026-10-05 00:01:12 [INFO]   ✓ 律动BlockBeats: 0 条
2026-10-05 00:01:12 [INFO]   ✓ 吴说区块链: 0 条
2026-10-05 00:01:12 [INFO]   ✓ Bloomberg Crypto: 0 条
2026-10-05 00:01:12 [INFO]   ✓ Reuters Crypto: 0 条
2026-10-05 00:01:12 [INFO]   ✓ CNBC Crypto: 0 条
2026-10-05 00:01:12 [INFO]   ✓ Reddit r/cryptocurrency: 0 条
2026-10-05 00:01:12 [INFO]   ✓ Reddit r/bitcoin: 3 条
2026-10-05 00:01:12 [INFO]   ✓ Crypto Twitter: 9 条
2026-10-05 00:01:12 [INFO]   ✓ 宏观经济: 1 条
2026-10-05 00:01:12 [INFO]   ✓ Binance公告: 20 条
2026-10-05 00:01:12 [INFO]   ✓ OKX公告: 0 条
2026-10-05 00:01:12 [INFO]   ✓ Bitget公告: 0 条
2026-10-05 00:01:12 [INFO]   ✓ Whale Alert: 0 条
2026-10-05 00:01:12 [INFO]   ✓ Fear & Greed Index: 1 条
2026-10-05 00:01:12 [INFO]   ✓ DeFi Llama: 0 条
2026-10-05 00:01:12 [INFO]   ✓ 雪球加密: 0 条
2026-10-05 00:01:12 [INFO] 📊 共抓取 35 条新闻
2026-10-05 00:01:12 [INFO] 📋 原始新闻已保存: reports/2026-10-05-08-raw.json (35 条)
2026-10-05 00:01:12 [INFO] 📋 标题摘要已保存: reports/2026-10-05-08-raw-titles.md
2026-10-05 00:01:12 [INFO] ✅ 抓取完成，共 35 条，已保存到 reports/2026-10-05-08-raw.json
2026-10-05 00:01:12 [INFO] 🤖 开始 AI 筛选 2026-10-05 08:00 币圈消息
2026-10-05 00:01:12 [INFO] 📋 已加载原始新闻: reports/2026-10-05-08-raw.json (35 条)
2026-10-05 00:01:12 [INFO] 📚 已加载历史新闻标题（18259 字符）
2026-10-05 00:01:12 [INFO] 📚 已加载历史筛选标题 0 条、URL 0 个，用于去重
2026-10-05 00:01:12 [INFO] 🔄 尝试 AI 提供商: deepseek
2026-10-05 00:01:12 [INFO] 🤖 使用 AI 提供商: deepseek (模型: deepseek-v4-flash)
2026-10-05 00:01:12 [INFO] 🤖 AI 筛选 [[deepseek] 1/6 策略=仅标题+链接 retry=0]（35 条，8293 字符，temp=0.3）
2026-10-05 00:01:13 [ERROR] AI 调用异常 ([deepseek] 1/6 策略=仅标题+链接 retry=0): Error code: 401 - {'error': {'message': 'Authentication Fails, Your api key: ****df0d is invalid (request_id: 3693036e-2919-40bb-b66a-62fc79381ebd)', 'type': 'authentication_error', 'param': None, 'code': 'invalid_request_error'}}
2026-10-05 00:01:13 [WARNING] [[deepseek] 1/6 策略=仅标题+链接 retry=0] AI 调用失败或解析失败，继续下一次尝试
2026-10-05 00:01:13 [INFO] 🤖 AI 筛选 [[deepseek] 2/6 策略=仅标题+链接 retry=1]（35 条，8293 字符，temp=0.3）
2026-10-05 00:01:13 [ERROR] AI 调用异常 ([deepseek] 2/6 策略=仅标题+链接 retry=1): Error code: 401 - {'error': {'message': 'Authentication Fails, Your api key: ****df0d is invalid (request_id: d1eeaeee-873f-42e3-8fe9-aa3958b90197)', 'type': 'authentication_error', 'param': None, 'code': 'invalid_request_error'}}
2026-10-05 00:01:13 [WARNING] [[deepseek] 2/6 策略=仅标题+链接 retry=1] AI 调用失败或解析失败，继续下一次尝试
2026-10-05 00:01:13 [INFO] 🤖 AI 筛选 [[deepseek] 3/6 策略=仅标题+链接 retry=2]（35 条，8293 字符，temp=0.3）
2026-10-05 00:01:14 [ERROR] AI 调用异常 ([deepseek] 3/6 策略=仅标题+链接 retry=2): Error code: 401 - {'error': {'message': 'Authentication Fails, Your api key: ****df0d is invalid (request_id: a2d2015d-f4ae-4b00-9fab-788d1ba902ae)', 'type': 'authentication_error', 'param': None, 'code': 'invalid_request_error'}}
2026-10-05 00:01:14 [WARNING] [[deepseek] 3/6 策略=仅标题+链接 retry=2] AI 调用失败或解析失败，继续下一次尝试
2026-10-05 00:01:14 [INFO] 🤖 AI 筛选 [[deepseek] 4/6 策略=完整内容 retry=0]（35 条，11490 字符，temp=0.3）
2026-10-05 00:01:14 [ERROR] AI 调用异常 ([deepseek] 4/6 策略=完整内容 retry=0): Error code: 401 - {'error': {'message': 'Authentication Fails, Your api key: ****df0d is invalid (request_id: 8bb120be-14ad-40c9-b049-dd5eb7c73f48)', 'type': 'authentication_error', 'param': None, 'code': 'invalid_request_error'}}
2026-10-05 00:01:14 [WARNING] [[deepseek] 4/6 策略=完整内容 retry=0] AI 调用失败或解析失败，继续下一次尝试
2026-10-05 00:01:14 [INFO] 🤖 AI 筛选 [[deepseek] 5/6 策略=完整内容 retry=1]（35 条，11490 字符，temp=0.3）
2026-10-05 00:01:14 [ERROR] AI 调用异常 ([deepseek] 5/6 策略=完整内容 retry=1): Error code: 401 - {'error': {'message': 'Authentication Fails, Your api key: ****df0d is invalid (request_id: 2bd2fde9-cb08-4422-a478-639aaca4e5e7)', 'type': 'authentication_error', 'param': None, 'code': 'invalid_request_error'}}
2026-10-05 00:01:14 [WARNING] [[deepseek] 5/6 策略=完整内容 retry=1] AI 调用失败或解析失败，继续下一次尝试
2026-10-05 00:01:14 [INFO] 🤖 AI 筛选 [[deepseek] 6/6 策略=仅标题（无历史） retry=0]（35 条，8293 字符，temp=0.3）
2026-10-05 00:01:15 [ERROR] AI 调用异常 ([deepseek] 6/6 策略=仅标题（无历史） retry=0): Error code: 401 - {'error': {'message': 'Authentication Fails, Your api key: ****df0d is invalid (request_id: b48263d9-5bc8-4d91-99d4-00e54ee7063b)', 'type': 'authentication_error', 'param': None, 'code': 'invalid_request_error'}}
2026-10-05 00:01:15 [WARNING] [[deepseek] 6/6 策略=仅标题（无历史） retry=0] AI 调用失败或解析失败，继续下一次尝试
2026-10-05 00:01:15 [WARNING] [deepseek] 已达最大尝试次数 6，停止
2026-10-05 00:01:15 [INFO] ⚠️ deepseek 未能产出满意结果，尝试下一个提供商
2026-10-05 00:01:15 [INFO] 🔄 尝试 AI 提供商: zhipu
2026-10-05 00:01:15 [ERROR] 未设置环境变量 ZHIPU_API_KEY，无法使用 zhipu
2026-10-05 00:01:15 [INFO] ⚠️ zhipu 未能产出满意结果，尝试下一个提供商
2026-10-05 00:01:15 [INFO] 🔄 尝试 AI 提供商: kimi
2026-10-05 00:01:15 [ERROR] 未设置环境变量 KIMI_API_KEY，无法使用 kimi
2026-10-05 00:01:15 [INFO] ⚠️ kimi 未能产出满意结果，尝试下一个提供商
2026-10-05 00:01:15 [INFO] 🔄 尝试 AI 提供商: huoshan
2026-10-05 00:01:15 [ERROR] 未设置环境变量 HUOSHAN_API_KEY，无法使用 huoshan
2026-10-05 00:01:15 [INFO] ⚠️ huoshan 未能产出满意结果，尝试下一个提供商
2026-10-05 00:01:15 [ERROR] ❌ 所有提供商均失败，返回空列表
2026-10-05 00:01:15 [INFO] 📦 JSON 已保存: reports/2026-10-05-08.json
2026-10-05 00:01:15 [INFO] ✅ AI 筛选完成，共 0 条交易相关消息
2026-10-05 01:00:58 [INFO] 🚀 开始抓取 2026-10-05 09:00 币圈新闻
2026-10-05 01:00:58 [INFO] 📡 抓取 RSS 新闻源...
2026-10-05 01:00:58 [INFO] 📡 抓取交易所公告 & 链上数据...
2026-10-05 01:00:58 [INFO]   ⏭ The Block: 过滤掉 19 条非近期新闻
2026-10-05 01:00:58 [INFO]   ⏭ Decrypt: 过滤掉 50 条非近期新闻
2026-10-05 01:00:58 [INFO]   ⏭ CoinTelegraph: 过滤掉 29 条非近期新闻
2026-10-05 01:00:58 [INFO]   ⏭ 金色财经: 过滤掉 1 条非近期新闻
2026-10-05 01:00:58 [INFO]   ⏭ CoinDesk: 过滤掉 25 条非近期新闻
2026-10-05 01:00:58 [WARNING] 解析失败 Bitget公告: 'NoneType' object is not subscriptable
2026-10-05 01:00:58 [INFO]   ⏭ Bitcoin Magazine: 过滤掉 10 条非近期新闻
2026-10-05 01:00:58 [INFO]   ⏭ Bloomberg Crypto: 过滤掉 50 条非近期新闻
2026-10-05 01:00:58 [INFO]   ⏭ Reuters Crypto: 过滤掉 50 条非近期新闻
2026-10-05 01:00:58 [INFO]   ⏭ Blockworks: 过滤掉 50 条非近期新闻
2026-10-05 01:00:58 [INFO]   ⏭ 宏观经济: 过滤掉 50 条非近期新闻
2026-10-05 01:00:58 [INFO]   ⏭ CNBC Crypto: 过滤掉 50 条非近期新闻
2026-10-05 01:00:58 [INFO]   ⏭ Reddit r/bitcoin: 过滤掉 22 条非近期新闻
2026-10-05 01:00:59 [INFO]   ⏭ DL News: 过滤掉 50 条非近期新闻
2026-10-05 01:00:59 [INFO]   ⏭ Decrypt: 过滤掉 50 条非近期新闻
2026-10-05 01:00:59 [INFO]   ⏭ DeFi Llama: 过滤掉 50 条非近期新闻
2026-10-05 01:00:59 [INFO]   ⏭ 吴说区块链: 过滤掉 46 条非近期新闻
2026-10-05 01:00:59 [INFO]   ⏭ Bitcoin Magazine: 过滤掉 50 条非近期新闻
2026-10-05 01:00:59 [INFO]   ⏭ Blockworks: 过滤掉 3 条非近期新闻
2026-10-05 01:00:59 [INFO]   ⏭ 雪球加密: 过滤掉 50 条非近期新闻
2026-10-05 01:00:59 [INFO]   ⏭ 宏观经济: 过滤掉 49 条非近期新闻
2026-10-05 01:00:59 [INFO]   ⏭ Crypto Twitter: 过滤掉 42 条非近期新闻
2026-10-05 01:00:59 [INFO]   ⏭ The Block: 过滤掉 50 条非近期新闻
2026-10-05 01:00:59 [INFO]   ⏭ CoinDesk: 过滤掉 50 条非近期新闻
2026-10-05 01:01:09 [INFO]   ⏭ PANews: 过滤掉 50 条非近期新闻
2026-10-05 01:01:10 [INFO]   ⏭ 律动BlockBeats: 过滤掉 13 条非近期新闻
2026-10-05 01:01:14 [DEBUG] 请求失败 https://rsshub.rssforever.com/bloomberg/crypto: 
2026-10-05 01:01:14 [INFO]   ✓ CoinDesk: 0 条
2026-10-05 01:01:14 [INFO]   ✓ The Block: 0 条
2026-10-05 01:01:14 [INFO]   ✓ Decrypt: 0 条
2026-10-05 01:01:14 [INFO]   ✓ CoinTelegraph: 1 条
2026-10-05 01:01:14 [INFO]   ✓ Bitcoin Magazine: 0 条
2026-10-05 01:01:14 [INFO]   ✓ Blockworks: 0 条
2026-10-05 01:01:14 [INFO]   ✓ DL News: 0 条
2026-10-05 01:01:14 [INFO]   ✓ 金色财经: 9 条
2026-10-05 01:01:14 [INFO]   ✓ PANews: 0 条
2026-10-05 01:01:14 [INFO]   ✓ 律动BlockBeats: 7 条
2026-10-05 01:01:14 [INFO]   ✓ 吴说区块链: 1 条
2026-10-05 01:01:14 [INFO]   ✓ Bloomberg Crypto: 0 条
2026-10-05 01:01:14 [INFO]   ✓ Reuters Crypto: 0 条
2026-10-05 01:01:14 [INFO]   ✓ CNBC Crypto: 0 条
2026-10-05 01:01:14 [INFO]   ✓ Reddit r/cryptocurrency: 0 条
2026-10-05 01:01:14 [INFO]   ✓ Reddit r/bitcoin: 3 条
2026-10-05 01:01:14 [INFO]   ✓ Crypto Twitter: 8 条
2026-10-05 01:01:14 [INFO]   ✓ 宏观经济: 0 条
2026-10-05 01:01:14 [INFO]   ✓ Binance公告: 20 条
2026-10-05 01:01:14 [INFO]   ✓ OKX公告: 0 条
2026-10-05 01:01:14 [INFO]   ✓ Bitget公告: 0 条
2026-10-05 01:01:14 [INFO]   ✓ Whale Alert: 0 条
2026-10-05 01:01:14 [INFO]   ✓ Fear & Greed Index: 1 条
2026-10-05 01:01:14 [INFO]   ✓ DeFi Llama: 0 条
2026-10-05 01:01:14 [INFO]   ✓ 雪球加密: 0 条
2026-10-05 01:01:14 [INFO] 📊 共抓取 50 条新闻
2026-10-05 01:01:14 [INFO] 📋 原始新闻已保存: reports/2026-10-05-09-raw.json (50 条)
2026-10-05 01:01:14 [INFO] 📋 标题摘要已保存: reports/2026-10-05-09-raw-titles.md
2026-10-05 01:01:14 [INFO] ✅ 抓取完成，共 50 条，已保存到 reports/2026-10-05-09-raw.json
2026-10-05 01:01:15 [INFO] 🤖 开始 AI 筛选 2026-10-05 09:00 币圈消息
2026-10-05 01:01:15 [INFO] 📋 已加载原始新闻: reports/2026-10-05-09-raw.json (50 条)
2026-10-05 01:01:15 [INFO] 📚 已加载历史新闻标题（18344 字符）
2026-10-05 01:01:15 [INFO] 📚 已加载历史筛选标题 0 条、URL 0 个，用于去重
2026-10-05 01:01:15 [INFO] 🔄 尝试 AI 提供商: deepseek
2026-10-05 01:01:15 [INFO] 🤖 使用 AI 提供商: deepseek (模型: deepseek-v4-flash)
2026-10-05 01:01:15 [INFO] 🤖 AI 筛选 [[deepseek] 1/6 策略=仅标题+链接 retry=0]（50 条，9130 字符，temp=0.3）
2026-10-05 01:01:15 [ERROR] AI 调用异常 ([deepseek] 1/6 策略=仅标题+链接 retry=0): Error code: 401 - {'error': {'message': 'Authentication Fails, Your api key: ****df0d is invalid (request_id: a3ba91d0-e2d1-46d5-b8e8-348a29cfb644)', 'type': 'authentication_error', 'param': None, 'code': 'invalid_request_error'}}
2026-10-05 01:01:15 [WARNING] [[deepseek] 1/6 策略=仅标题+链接 retry=0] AI 调用失败或解析失败，继续下一次尝试
2026-10-05 01:01:15 [INFO] 🤖 AI 筛选 [[deepseek] 2/6 策略=仅标题+链接 retry=1]（50 条，9130 字符，temp=0.3）
2026-10-05 01:01:16 [ERROR] AI 调用异常 ([deepseek] 2/6 策略=仅标题+链接 retry=1): Error code: 401 - {'error': {'message': 'Authentication Fails, Your api key: ****df0d is invalid (request_id: f897b874-02fd-402c-b71f-94501de1bebb)', 'type': 'authentication_error', 'param': None, 'code': 'invalid_request_error'}}
2026-10-05 01:01:16 [WARNING] [[deepseek] 2/6 策略=仅标题+链接 retry=1] AI 调用失败或解析失败，继续下一次尝试
2026-10-05 01:01:16 [INFO] 🤖 AI 筛选 [[deepseek] 3/6 策略=仅标题+链接 retry=2]（50 条，9130 字符，temp=0.3）
2026-10-05 01:01:16 [ERROR] AI 调用异常 ([deepseek] 3/6 策略=仅标题+链接 retry=2): Error code: 401 - {'error': {'message': 'Authentication Fails, Your api key: ****df0d is invalid (request_id: 96c490e7-c05c-484c-ad47-e7f025f3e656)', 'type': 'authentication_error', 'param': None, 'code': 'invalid_request_error'}}
2026-10-05 01:01:16 [WARNING] [[deepseek] 3/6 策略=仅标题+链接 retry=2] AI 调用失败或解析失败，继续下一次尝试
2026-10-05 01:01:16 [INFO] 🤖 AI 筛选 [[deepseek] 4/6 策略=完整内容 retry=0]（50 条，15228 字符，temp=0.3）
2026-10-05 01:01:16 [ERROR] AI 调用异常 ([deepseek] 4/6 策略=完整内容 retry=0): Error code: 401 - {'error': {'message': 'Authentication Fails, Your api key: ****df0d is invalid (request_id: 5dbe5fa3-9178-4eea-8ff6-3e14847efd20)', 'type': 'authentication_error', 'param': None, 'code': 'invalid_request_error'}}
2026-10-05 01:01:16 [WARNING] [[deepseek] 4/6 策略=完整内容 retry=0] AI 调用失败或解析失败，继续下一次尝试
2026-10-05 01:01:16 [INFO] 🤖 AI 筛选 [[deepseek] 5/6 策略=完整内容 retry=1]（50 条，15228 字符，temp=0.3）
2026-10-05 01:01:17 [ERROR] AI 调用异常 ([deepseek] 5/6 策略=完整内容 retry=1): Error code: 401 - {'error': {'message': 'Authentication Fails, Your api key: ****df0d is invalid (request_id: d35b867d-617a-4ad7-b089-189f7f47a1fe)', 'type': 'authentication_error', 'param': None, 'code': 'invalid_request_error'}}
2026-10-05 01:01:17 [WARNING] [[deepseek] 5/6 策略=完整内容 retry=1] AI 调用失败或解析失败，继续下一次尝试
2026-10-05 01:01:17 [INFO] 🤖 AI 筛选 [[deepseek] 6/6 策略=仅标题（无历史） retry=0]（50 条，9130 字符，temp=0.3）
2026-10-05 01:01:17 [ERROR] AI 调用异常 ([deepseek] 6/6 策略=仅标题（无历史） retry=0): Error code: 401 - {'error': {'message': 'Authentication Fails, Your api key: ****df0d is invalid (request_id: 66cbbe41-09bd-4418-8e50-1029800c8209)', 'type': 'authentication_error', 'param': None, 'code': 'invalid_request_error'}}
2026-10-05 01:01:17 [WARNING] [[deepseek] 6/6 策略=仅标题（无历史） retry=0] AI 调用失败或解析失败，继续下一次尝试
2026-10-05 01:01:17 [WARNING] [deepseek] 已达最大尝试次数 6，停止
2026-10-05 01:01:17 [INFO] ⚠️ deepseek 未能产出满意结果，尝试下一个提供商
2026-10-05 01:01:17 [INFO] 🔄 尝试 AI 提供商: zhipu
2026-10-05 01:01:17 [ERROR] 未设置环境变量 ZHIPU_API_KEY，无法使用 zhipu
2026-10-05 01:01:17 [INFO] ⚠️ zhipu 未能产出满意结果，尝试下一个提供商
2026-10-05 01:01:17 [INFO] 🔄 尝试 AI 提供商: kimi
2026-10-05 01:01:17 [ERROR] 未设置环境变量 KIMI_API_KEY，无法使用 kimi
2026-10-05 01:01:17 [INFO] ⚠️ kimi 未能产出满意结果，尝试下一个提供商
2026-10-05 01:01:17 [INFO] 🔄 尝试 AI 提供商: huoshan
2026-10-05 01:01:17 [ERROR] 未设置环境变量 HUOSHAN_API_KEY，无法使用 huoshan
2026-10-05 01:01:17 [INFO] ⚠️ huoshan 未能产出满意结果，尝试下一个提供商
2026-10-05 01:01:17 [ERROR] ❌ 所有提供商均失败，返回空列表
2026-10-05 01:01:17 [INFO] 📦 JSON 已保存: reports/2026-10-05-09.json
2026-10-05 01:01:17 [INFO] ✅ AI 筛选完成，共 0 条交易相关消息
2026-10-05 02:00:54 [INFO] 🚀 开始抓取 2026-10-05 10:00 币圈新闻
2026-10-05 02:00:54 [INFO] 📡 抓取 RSS 新闻源...
2026-10-05 02:00:54 [INFO] 📡 抓取交易所公告 & 链上数据...
2026-10-05 02:00:54 [INFO]   ⏭ The Block: 过滤掉 19 条非近期新闻
2026-10-05 02:00:54 [INFO]   ⏭ Decrypt: 过滤掉 50 条非近期新闻
2026-10-05 02:00:54 [INFO]   ⏭ CoinTelegraph: 过滤掉 29 条非近期新闻
2026-10-05 02:00:54 [INFO]   ⏭ CoinDesk: 过滤掉 25 条非近期新闻
2026-10-05 02:00:54 [INFO]   ⏭ Bitcoin Magazine: 过滤掉 10 条非近期新闻
2026-10-05 02:00:54 [WARNING] 解析失败 Bitget公告: 'NoneType' object is not subscriptable
2026-10-05 02:00:54 [INFO]   ⏭ Bloomberg Crypto: 过滤掉 50 条非近期新闻
2026-10-05 02:00:54 [INFO]   ⏭ Reuters Crypto: 过滤掉 50 条非近期新闻
2026-10-05 02:00:54 [INFO]   ⏭ CNBC Crypto: 过滤掉 50 条非近期新闻
2026-10-05 02:00:54 [INFO]   ⏭ Blockworks: 过滤掉 50 条非近期新闻
2026-10-05 02:00:54 [INFO]   ⏭ 宏观经济: 过滤掉 50 条非近期新闻
2026-10-05 02:00:54 [INFO]   ⏭ Reddit r/cryptocurrency: 过滤掉 25 条非近期新闻
2026-10-05 02:00:54 [INFO]   ⏭ Decrypt: 过滤掉 50 条非近期新闻
2026-10-05 02:00:54 [INFO]   ⏭ DL News: 过滤掉 50 条非近期新闻
2026-10-05 02:00:55 [INFO]   ⏭ Blockworks: 过滤掉 3 条非近期新闻
2026-10-05 02:00:55 [INFO]   ⏭ Bitcoin Magazine: 过滤掉 50 条非近期新闻
2026-10-05 02:00:55 [INFO]   ⏭ 宏观经济: 过滤掉 49 条非近期新闻
2026-10-05 02:00:55 [INFO]   ⏭ 吴说区块链: 过滤掉 46 条非近期新闻
2026-10-05 02:00:55 [INFO]   ⏭ DeFi Llama: 过滤掉 50 条非近期新闻
2026-10-05 02:00:55 [INFO]   ⏭ 雪球加密: 过滤掉 50 条非近期新闻
2026-10-05 02:00:55 [INFO]   ⏭ The Block: 过滤掉 50 条非近期新闻
2026-10-05 02:00:55 [INFO]   ⏭ Crypto Twitter: 过滤掉 38 条非近期新闻
2026-10-05 02:00:55 [INFO]   ⏭ CoinDesk: 过滤掉 50 条非近期新闻
2026-10-05 02:01:09 [DEBUG] 请求失败 https://rsshub.rssforever.com/panewslab/news: 
2026-10-05 02:01:09 [DEBUG] 请求失败 https://rsshub.rssforever.com/theblockbeats/newsflash: 
2026-10-05 02:01:09 [DEBUG] 请求失败 https://rsshub.rssforever.com/jinse/lives: 
2026-10-05 02:01:10 [DEBUG] 请求失败 https://rsshub.rssforever.com/bloomberg/crypto: 
2026-10-05 02:01:10 [INFO]   ⏭ PANews: 过滤掉 50 条非近期新闻
2026-10-05 02:01:10 [INFO]   ⏭ 律动BlockBeats: 过滤掉 50 条非近期新闻
2026-10-05 02:01:10 [INFO]   ✓ CoinDesk: 0 条
2026-10-05 02:01:10 [INFO]   ✓ The Block: 0 条
2026-10-05 02:01:10 [INFO]   ✓ Decrypt: 0 条
2026-10-05 02:01:10 [INFO]   ✓ CoinTelegraph: 1 条
2026-10-05 02:01:10 [INFO]   ✓ Bitcoin Magazine: 0 条
2026-10-05 02:01:10 [INFO]   ✓ Blockworks: 0 条
2026-10-05 02:01:10 [INFO]   ✓ DL News: 0 条
2026-10-05 02:01:10 [INFO]   ✓ 金色财经: 0 条
2026-10-05 02:01:10 [INFO]   ✓ PANews: 0 条
2026-10-05 02:01:10 [INFO]   ✓ 律动BlockBeats: 0 条
2026-10-05 02:01:10 [INFO]   ✓ 吴说区块链: 1 条
2026-10-05 02:01:10 [INFO]   ✓ Bloomberg Crypto: 0 条
2026-10-05 02:01:10 [INFO]   ✓ Reuters Crypto: 0 条
2026-10-05 02:01:10 [INFO]   ✓ CNBC Crypto: 0 条
2026-10-05 02:01:10 [INFO]   ✓ Reddit r/cryptocurrency: 0 条
2026-10-05 02:01:10 [INFO]   ✓ Reddit r/bitcoin: 0 条
2026-10-05 02:01:10 [INFO]   ✓ Crypto Twitter: 12 条
2026-10-05 02:01:10 [INFO]   ✓ 宏观经济: 0 条
2026-10-05 02:01:10 [INFO]   ✓ Binance公告: 20 条
2026-10-05 02:01:10 [INFO]   ✓ OKX公告: 0 条
2026-10-05 02:01:10 [INFO]   ✓ Bitget公告: 0 条
2026-10-05 02:01:10 [INFO]   ✓ Whale Alert: 0 条
2026-10-05 02:01:10 [INFO]   ✓ Fear & Greed Index: 1 条
2026-10-05 02:01:10 [INFO]   ✓ DeFi Llama: 0 条
2026-10-05 02:01:10 [INFO]   ✓ 雪球加密: 0 条
2026-10-05 02:01:10 [INFO] 📊 共抓取 35 条新闻
2026-10-05 02:01:10 [INFO] 📋 原始新闻已保存: reports/2026-10-05-10-raw.json (35 条)
2026-10-05 02:01:10 [INFO] 📋 标题摘要已保存: reports/2026-10-05-10-raw-titles.md
2026-10-05 02:01:10 [INFO] ✅ 抓取完成，共 35 条，已保存到 reports/2026-10-05-10-raw.json
2026-10-05 02:01:10 [INFO] 🤖 开始 AI 筛选 2026-10-05 10:00 币圈消息
2026-10-05 02:01:10 [INFO] 📋 已加载原始新闻: reports/2026-10-05-10-raw.json (35 条)
2026-10-05 02:01:10 [INFO] 📚 已加载历史新闻标题（18993 字符）
2026-10-05 02:01:10 [INFO] 📚 已加载历史筛选标题 0 条、URL 0 个，用于去重
2026-10-05 02:01:10 [INFO] 🔄 尝试 AI 提供商: deepseek
2026-10-05 02:01:10 [INFO] 🤖 使用 AI 提供商: deepseek (模型: deepseek-v4-flash)
2026-10-05 02:01:10 [INFO] 🤖 AI 筛选 [[deepseek] 1/6 策略=仅标题+链接 retry=0]（35 条，9290 字符，temp=0.3）
2026-10-05 02:01:11 [ERROR] AI 调用异常 ([deepseek] 1/6 策略=仅标题+链接 retry=0): Error code: 401 - {'error': {'message': 'Authentication Fails, Your api key: ****df0d is invalid (request_id: 211cc008-2f14-4fbc-a2eb-f8bf6ea1c807)', 'type': 'authentication_error', 'param': None, 'code': 'invalid_request_error'}}
2026-10-05 02:01:11 [WARNING] [[deepseek] 1/6 策略=仅标题+链接 retry=0] AI 调用失败或解析失败，继续下一次尝试
2026-10-05 02:01:11 [INFO] 🤖 AI 筛选 [[deepseek] 2/6 策略=仅标题+链接 retry=1]（35 条，9290 字符，temp=0.3）
2026-10-05 02:01:11 [ERROR] AI 调用异常 ([deepseek] 2/6 策略=仅标题+链接 retry=1): Error code: 401 - {'error': {'message': 'Authentication Fails, Your api key: ****df0d is invalid (request_id: 2d3ec44c-cf9b-40f4-9c9d-03ed3960f82f)', 'type': 'authentication_error', 'param': None, 'code': 'invalid_request_error'}}
2026-10-05 02:01:11 [WARNING] [[deepseek] 2/6 策略=仅标题+链接 retry=1] AI 调用失败或解析失败，继续下一次尝试
2026-10-05 02:01:11 [INFO] 🤖 AI 筛选 [[deepseek] 3/6 策略=仅标题+链接 retry=2]（35 条，9290 字符，temp=0.3）
2026-10-05 02:01:12 [ERROR] AI 调用异常 ([deepseek] 3/6 策略=仅标题+链接 retry=2): Error code: 401 - {'error': {'message': 'Authentication Fails, Your api key: ****df0d is invalid (request_id: 94d6cc44-4516-44de-899a-18c06d25e4e4)', 'type': 'authentication_error', 'param': None, 'code': 'invalid_request_error'}}
2026-10-05 02:01:12 [WARNING] [[deepseek] 3/6 策略=仅标题+链接 retry=2] AI 调用失败或解析失败，继续下一次尝试
2026-10-05 02:01:12 [INFO] 🤖 AI 筛选 [[deepseek] 4/6 策略=完整内容 retry=0]（35 条，12573 字符，temp=0.3）
2026-10-05 02:01:12 [ERROR] AI 调用异常 ([deepseek] 4/6 策略=完整内容 retry=0): Error code: 401 - {'error': {'message': 'Authentication Fails, Your api key: ****df0d is invalid (request_id: f0b06640-69a1-463a-94f4-3d9368f648c4)', 'type': 'authentication_error', 'param': None, 'code': 'invalid_request_error'}}
2026-10-05 02:01:12 [WARNING] [[deepseek] 4/6 策略=完整内容 retry=0] AI 调用失败或解析失败，继续下一次尝试
2026-10-05 02:01:12 [INFO] 🤖 AI 筛选 [[deepseek] 5/6 策略=完整内容 retry=1]（35 条，12573 字符，temp=0.3）
2026-10-05 02:01:12 [ERROR] AI 调用异常 ([deepseek] 5/6 策略=完整内容 retry=1): Error code: 401 - {'error': {'message': 'Authentication Fails, Your api key: ****df0d is invalid (request_id: 7175be41-055e-4eb5-8c60-6558c46e7f5c)', 'type': 'authentication_error', 'param': None, 'code': 'invalid_request_error'}}
2026-10-05 02:01:12 [WARNING] [[deepseek] 5/6 策略=完整内容 retry=1] AI 调用失败或解析失败，继续下一次尝试
2026-10-05 02:01:12 [INFO] 🤖 AI 筛选 [[deepseek] 6/6 策略=仅标题（无历史） retry=0]（35 条，9290 字符，temp=0.3）
2026-10-05 02:01:13 [ERROR] AI 调用异常 ([deepseek] 6/6 策略=仅标题（无历史） retry=0): Error code: 401 - {'error': {'message': 'Authentication Fails, Your api key: ****df0d is invalid (request_id: 7397611f-8445-4561-b00f-1734f16a892c)', 'type': 'authentication_error', 'param': None, 'code': 'invalid_request_error'}}
2026-10-05 02:01:13 [WARNING] [[deepseek] 6/6 策略=仅标题（无历史） retry=0] AI 调用失败或解析失败，继续下一次尝试
2026-10-05 02:01:13 [WARNING] [deepseek] 已达最大尝试次数 6，停止
2026-10-05 02:01:13 [INFO] ⚠️ deepseek 未能产出满意结果，尝试下一个提供商
2026-10-05 02:01:13 [INFO] 🔄 尝试 AI 提供商: zhipu
2026-10-05 02:01:13 [ERROR] 未设置环境变量 ZHIPU_API_KEY，无法使用 zhipu
2026-10-05 02:01:13 [INFO] ⚠️ zhipu 未能产出满意结果，尝试下一个提供商
2026-10-05 02:01:13 [INFO] 🔄 尝试 AI 提供商: kimi
2026-10-05 02:01:13 [ERROR] 未设置环境变量 KIMI_API_KEY，无法使用 kimi
2026-10-05 02:01:13 [INFO] ⚠️ kimi 未能产出满意结果，尝试下一个提供商
2026-10-05 02:01:13 [INFO] 🔄 尝试 AI 提供商: huoshan
2026-10-05 02:01:13 [ERROR] 未设置环境变量 HUOSHAN_API_KEY，无法使用 huoshan
2026-10-05 02:01:13 [INFO] ⚠️ huoshan 未能产出满意结果，尝试下一个提供商
2026-10-05 02:01:13 [ERROR] ❌ 所有提供商均失败，返回空列表
2026-10-05 02:01:13 [INFO] 📦 JSON 已保存: reports/2026-10-05-10.json
2026-10-05 02:01:13 [INFO] ✅ AI 筛选完成，共 0 条交易相关消息
2026-10-05 03:01:00 [INFO] 🚀 开始抓取 2026-10-05 11:00 币圈新闻
2026-10-05 03:01:00 [INFO] 📡 抓取 RSS 新闻源...
2026-10-05 03:01:00 [INFO] 📡 抓取交易所公告 & 链上数据...
2026-10-05 03:01:00 [INFO]   ⏭ Decrypt: 过滤掉 39 条非近期新闻
2026-10-05 03:01:00 [INFO]   ⏭ CoinTelegraph: 过滤掉 30 条非近期新闻
2026-10-05 03:01:00 [INFO]   ⏭ The Block: 过滤掉 19 条非近期新闻
2026-10-05 03:01:01 [INFO]   ⏭ Reuters Crypto: 过滤掉 50 条非近期新闻
2026-10-05 03:01:01 [INFO]   ⏭ CoinDesk: 过滤掉 25 条非近期新闻
2026-10-05 03:01:01 [INFO]   ⏭ CNBC Crypto: 过滤掉 50 条非近期新闻
2026-10-05 03:01:01 [INFO]   ⏭ Bloomberg Crypto: 过滤掉 50 条非近期新闻
2026-10-05 03:01:01 [INFO]   ⏭ Bitcoin Magazine: 过滤掉 10 条非近期新闻
2026-10-05 03:01:01 [INFO]   ⏭ 宏观经济: 过滤掉 49 条非近期新闻
2026-10-05 03:01:01 [WARNING] 解析失败 Bitget公告: 'NoneType' object is not subscriptable
2026-10-05 03:01:01 [INFO]   ⏭ Reddit r/bitcoin: 过滤掉 24 条非近期新闻
2026-10-05 03:01:01 [INFO]   ⏭ Blockworks: 过滤掉 50 条非近期新闻
2026-10-05 03:01:01 [INFO]   ⏭ DL News: 过滤掉 50 条非近期新闻
2026-10-05 03:01:01 [INFO]   ⏭ Decrypt: 过滤掉 50 条非近期新闻
2026-10-05 03:01:01 [INFO]   ⏭ Blockworks: 过滤掉 3 条非近期新闻
2026-10-05 03:01:01 [INFO]   ⏭ Bitcoin Magazine: 过滤掉 50 条非近期新闻
2026-10-05 03:01:01 [INFO]   ⏭ 金色财经: 过滤掉 11 条非近期新闻
2026-10-05 03:01:02 [INFO]   ⏭ DeFi Llama: 过滤掉 50 条非近期新闻
2026-10-05 03:01:02 [INFO]   ⏭ 雪球加密: 过滤掉 50 条非近期新闻
2026-10-05 03:01:02 [INFO]   ⏭ The Block: 过滤掉 50 条非近期新闻
2026-10-05 03:01:02 [INFO]   ⏭ Crypto Twitter: 过滤掉 39 条非近期新闻
2026-10-05 03:01:02 [INFO]   ⏭ 吴说区块链: 过滤掉 47 条非近期新闻
2026-10-05 03:01:02 [INFO]   ⏭ CoinDesk: 过滤掉 50 条非近期新闻
2026-10-05 03:01:16 [DEBUG] 请求失败 https://rsshub.rssforever.com/theblockbeats/newsflash: 
2026-10-05 03:01:16 [DEBUG] 请求失败 https://rsshub.rssforever.com/panewslab/news: 
2026-10-05 03:01:16 [DEBUG] 请求失败 https://rsshub.rssforever.com/cointelegraph: 
2026-10-05 03:01:16 [DEBUG] 请求失败 https://rsshub.rssforever.com/bloomberg/crypto: 
2026-10-05 03:01:17 [INFO]   ⏭ CoinTelegraph: 过滤掉 50 条非近期新闻
2026-10-05 03:01:17 [INFO]   ⏭ PANews: 过滤掉 50 条非近期新闻
2026-10-05 03:01:17 [INFO]   ⏭ 律动BlockBeats: 过滤掉 50 条非近期新闻
2026-10-05 03:01:17 [INFO]   ✓ CoinDesk: 0 条
2026-10-05 03:01:17 [INFO]   ✓ The Block: 0 条
2026-10-05 03:01:17 [INFO]   ✓ Decrypt: 0 条
2026-10-05 03:01:17 [INFO]   ✓ CoinTelegraph: 0 条
2026-10-05 03:01:17 [INFO]   ✓ Bitcoin Magazine: 0 条
2026-10-05 03:01:17 [INFO]   ✓ Blockworks: 0 条
2026-10-05 03:01:17 [INFO]   ✓ DL News: 0 条
2026-10-05 03:01:17 [INFO]   ✓ 金色财经: 9 条
2026-10-05 03:01:17 [INFO]   ✓ PANews: 0 条
2026-10-05 03:01:17 [INFO]   ✓ 律动BlockBeats: 0 条
2026-10-05 03:01:17 [INFO]   ✓ 吴说区块链: 0 条
2026-10-05 03:01:17 [INFO]   ✓ Bloomberg Crypto: 0 条
2026-10-05 03:01:17 [INFO]   ✓ Reuters Crypto: 0 条
2026-10-05 03:01:17 [INFO]   ✓ CNBC Crypto: 0 条
2026-10-05 03:01:17 [INFO]   ✓ Reddit r/cryptocurrency: 0 条
2026-10-05 03:01:17 [INFO]   ✓ Reddit r/bitcoin: 1 条
2026-10-05 03:01:17 [INFO]   ✓ Crypto Twitter: 11 条
2026-10-05 03:01:17 [INFO]   ✓ 宏观经济: 1 条
2026-10-05 03:01:17 [INFO]   ✓ Binance公告: 20 条
2026-10-05 03:01:17 [INFO]   ✓ OKX公告: 0 条
2026-10-05 03:01:17 [INFO]   ✓ Bitget公告: 0 条
2026-10-05 03:01:17 [INFO]   ✓ Whale Alert: 0 条
2026-10-05 03:01:17 [INFO]   ✓ Fear & Greed Index: 1 条
2026-10-05 03:01:17 [INFO]   ✓ DeFi Llama: 0 条
2026-10-05 03:01:17 [INFO]   ✓ 雪球加密: 0 条
2026-10-05 03:01:17 [INFO] 📊 共抓取 43 条新闻
2026-10-05 03:01:17 [INFO] 📋 原始新闻已保存: reports/2026-10-05-11-raw.json (43 条)
2026-10-05 03:01:17 [INFO] 📋 标题摘要已保存: reports/2026-10-05-11-raw-titles.md
2026-10-05 03:01:17 [INFO] ✅ 抓取完成，共 43 条，已保存到 reports/2026-10-05-11-raw.json
2026-10-05 03:01:18 [INFO] 🤖 开始 AI 筛选 2026-10-05 11:00 币圈消息
2026-10-05 03:01:18 [INFO] 📋 已加载原始新闻: reports/2026-10-05-11-raw.json (43 条)
2026-10-05 03:01:18 [INFO] 📚 已加载历史新闻标题（18861 字符）
2026-10-05 03:01:18 [INFO] 📚 已加载历史筛选标题 0 条、URL 0 个，用于去重
2026-10-05 03:01:18 [INFO] 🔄 尝试 AI 提供商: deepseek
2026-10-05 03:01:18 [INFO] 🤖 使用 AI 提供商: deepseek (模型: deepseek-v4-flash)
2026-10-05 03:01:18 [INFO] 🤖 AI 筛选 [[deepseek] 1/6 策略=仅标题+链接 retry=0]（43 条，9992 字符，temp=0.3）
2026-10-05 03:01:18 [ERROR] AI 调用异常 ([deepseek] 1/6 策略=仅标题+链接 retry=0): Error code: 401 - {'error': {'message': 'Authentication Fails, Your api key: ****df0d is invalid (request_id: d48d9cd5-edbd-45c8-8495-23627ebcf8c9)', 'type': 'authentication_error', 'param': None, 'code': 'invalid_request_error'}}
2026-10-05 03:01:18 [WARNING] [[deepseek] 1/6 策略=仅标题+链接 retry=0] AI 调用失败或解析失败，继续下一次尝试
2026-10-05 03:01:18 [INFO] 🤖 AI 筛选 [[deepseek] 2/6 策略=仅标题+链接 retry=1]（43 条，9992 字符，temp=0.3）
2026-10-05 03:01:19 [ERROR] AI 调用异常 ([deepseek] 2/6 策略=仅标题+链接 retry=1): Error code: 401 - {'error': {'message': 'Authentication Fails, Your api key: ****df0d is invalid (request_id: bcec409b-1d5c-46f0-96f4-28524d011e06)', 'type': 'authentication_error', 'param': None, 'code': 'invalid_request_error'}}
2026-10-05 03:01:19 [WARNING] [[deepseek] 2/6 策略=仅标题+链接 retry=1] AI 调用失败或解析失败，继续下一次尝试
2026-10-05 03:01:19 [INFO] 🤖 AI 筛选 [[deepseek] 3/6 策略=仅标题+链接 retry=2]（43 条，9992 字符，temp=0.3）
2026-10-05 03:01:19 [ERROR] AI 调用异常 ([deepseek] 3/6 策略=仅标题+链接 retry=2): Error code: 401 - {'error': {'message': 'Authentication Fails, Your api key: ****df0d is invalid (request_id: 5565714b-a4de-4df5-a0bd-d7632417f4de)', 'type': 'authentication_error', 'param': None, 'code': 'invalid_request_error'}}
2026-10-05 03:01:19 [WARNING] [[deepseek] 3/6 策略=仅标题+链接 retry=2] AI 调用失败或解析失败，继续下一次尝试
2026-10-05 03:01:19 [INFO] 🤖 AI 筛选 [[deepseek] 4/6 策略=完整内容 retry=0]（43 条，14786 字符，temp=0.3）
2026-10-05 03:01:20 [ERROR] AI 调用异常 ([deepseek] 4/6 策略=完整内容 retry=0): Error code: 401 - {'error': {'message': 'Authentication Fails, Your api key: ****df0d is invalid (request_id: d690a35a-f842-4bb2-81e0-0dc7a0c71ce3)', 'type': 'authentication_error', 'param': None, 'code': 'invalid_request_error'}}
2026-10-05 03:01:20 [WARNING] [[deepseek] 4/6 策略=完整内容 retry=0] AI 调用失败或解析失败，继续下一次尝试
2026-10-05 03:01:20 [INFO] 🤖 AI 筛选 [[deepseek] 5/6 策略=完整内容 retry=1]（43 条，14786 字符，temp=0.3）
2026-10-05 03:01:20 [ERROR] AI 调用异常 ([deepseek] 5/6 策略=完整内容 retry=1): Error code: 401 - {'error': {'message': 'Authentication Fails, Your api key: ****df0d is invalid (request_id: 175914ab-2aae-40bd-9181-bc08908bd882)', 'type': 'authentication_error', 'param': None, 'code': 'invalid_request_error'}}
2026-10-05 03:01:20 [WARNING] [[deepseek] 5/6 策略=完整内容 retry=1] AI 调用失败或解析失败，继续下一次尝试
2026-10-05 03:01:20 [INFO] 🤖 AI 筛选 [[deepseek] 6/6 策略=仅标题（无历史） retry=0]（43 条，9992 字符，temp=0.3）
2026-10-05 03:01:21 [ERROR] AI 调用异常 ([deepseek] 6/6 策略=仅标题（无历史） retry=0): Error code: 401 - {'error': {'message': 'Authentication Fails, Your api key: ****df0d is invalid (request_id: 93848c28-7167-48c2-a586-4af930313e53)', 'type': 'authentication_error', 'param': None, 'code': 'invalid_request_error'}}
2026-10-05 03:01:21 [WARNING] [[deepseek] 6/6 策略=仅标题（无历史） retry=0] AI 调用失败或解析失败，继续下一次尝试
2026-10-05 03:01:21 [WARNING] [deepseek] 已达最大尝试次数 6，停止
2026-10-05 03:01:21 [INFO] ⚠️ deepseek 未能产出满意结果，尝试下一个提供商
2026-10-05 03:01:21 [INFO] 🔄 尝试 AI 提供商: zhipu
2026-10-05 03:01:21 [ERROR] 未设置环境变量 ZHIPU_API_KEY，无法使用 zhipu
2026-10-05 03:01:21 [INFO] ⚠️ zhipu 未能产出满意结果，尝试下一个提供商
2026-10-05 03:01:21 [INFO] 🔄 尝试 AI 提供商: kimi
2026-10-05 03:01:21 [ERROR] 未设置环境变量 KIMI_API_KEY，无法使用 kimi
2026-10-05 03:01:21 [INFO] ⚠️ kimi 未能产出满意结果，尝试下一个提供商
2026-10-05 03:01:21 [INFO] 🔄 尝试 AI 提供商: huoshan
2026-10-05 03:01:21 [ERROR] 未设置环境变量 HUOSHAN_API_KEY，无法使用 huoshan
2026-10-05 03:01:21 [INFO] ⚠️ huoshan 未能产出满意结果，尝试下一个提供商
2026-10-05 03:01:21 [ERROR] ❌ 所有提供商均失败，返回空列表
2026-10-05 03:01:21 [INFO] 📦 JSON 已保存: reports/2026-10-05-11.json
2026-10-05 03:01:21 [INFO] ✅ AI 筛选完成，共 0 条交易相关消息
2026-10-05 04:00:53 [INFO] 🚀 开始抓取 2026-10-05 12:00 币圈新闻
2026-10-05 04:00:53 [INFO] 📡 抓取 RSS 新闻源...
2026-10-05 04:00:53 [INFO] 📡 抓取交易所公告 & 链上数据...
2026-10-05 04:00:54 [INFO]   ⏭ Decrypt: 过滤掉 39 条非近期新闻
2026-10-05 04:00:54 [INFO]   ⏭ The Block: 过滤掉 19 条非近期新闻
2026-10-05 04:00:54 [INFO]   ⏭ CoinTelegraph: 过滤掉 27 条非近期新闻
2026-10-05 04:00:54 [INFO]   ⏭ CoinDesk: 过滤掉 24 条非近期新闻
2026-10-05 04:00:54 [INFO]   ⏭ Bitcoin Magazine: 过滤掉 10 条非近期新闻
2026-10-05 04:00:54 [INFO]   ⏭ Reuters Crypto: 过滤掉 50 条非近期新闻
2026-10-05 04:00:54 [INFO]   ⏭ Bloomberg Crypto: 过滤掉 50 条非近期新闻
2026-10-05 04:00:54 [INFO]   ⏭ Blockworks: 过滤掉 50 条非近期新闻
2026-10-05 04:00:54 [WARNING] 解析失败 Bitget公告: 'NoneType' object is not subscriptable
2026-10-05 04:00:54 [INFO]   ⏭ 宏观经济: 过滤掉 49 条非近期新闻
2026-10-05 04:00:54 [INFO]   ⏭ CNBC Crypto: 过滤掉 50 条非近期新闻
2026-10-05 04:00:54 [INFO]   ⏭ Decrypt: 过滤掉 50 条非近期新闻
2026-10-05 04:00:54 [INFO]   ⏭ DL News: 过滤掉 50 条非近期新闻
2026-10-05 04:00:55 [INFO]   ⏭ Bitcoin Magazine: 过滤掉 50 条非近期新闻
2026-10-05 04:00:55 [INFO]   ⏭ Reddit r/cryptocurrency: 过滤掉 25 条非近期新闻
2026-10-05 04:00:55 [INFO]   ⏭ Blockworks: 过滤掉 3 条非近期新闻
2026-10-05 04:00:55 [INFO]   ⏭ DeFi Llama: 过滤掉 50 条非近期新闻
2026-10-05 04:00:55 [INFO]   ⏭ 吴说区块链: 过滤掉 47 条非近期新闻
2026-10-05 04:00:55 [INFO]   ⏭ 雪球加密: 过滤掉 48 条非近期新闻
2026-10-05 04:00:55 [INFO]   ⏭ The Block: 过滤掉 50 条非近期新闻
2026-10-05 04:00:55 [INFO]   ⏭ Crypto Twitter: 过滤掉 42 条非近期新闻
2026-10-05 04:01:09 [DEBUG] 请求失败 https://rsshub.rssforever.com/panewslab/news: 
2026-10-05 04:01:09 [DEBUG] 请求失败 https://rsshub.rssforever.com/theblockbeats/newsflash: 
2026-10-05 04:01:09 [DEBUG] 请求失败 https://rsshub.rssforever.com/jinse/lives: 
2026-10-05 04:01:10 [INFO]   ⏭ 律动BlockBeats: 过滤掉 50 条非近期新闻
2026-10-05 04:01:10 [DEBUG] 请求失败 https://rsshub.rssforever.com/bloomberg/crypto: 
2026-10-05 04:01:10 [INFO]   ⏭ PANews: 过滤掉 50 条非近期新闻
2026-10-05 04:01:10 [INFO]   ✓ CoinDesk: 1 条
2026-10-05 04:01:10 [INFO]   ✓ The Block: 0 条
2026-10-05 04:01:10 [INFO]   ✓ Decrypt: 0 条
2026-10-05 04:01:10 [INFO]   ✓ CoinTelegraph: 3 条
2026-10-05 04:01:10 [INFO]   ✓ Bitcoin Magazine: 0 条
2026-10-05 04:01:10 [INFO]   ✓ Blockworks: 0 条
2026-10-05 04:01:10 [INFO]   ✓ DL News: 0 条
2026-10-05 04:01:10 [INFO]   ✓ 金色财经: 0 条
2026-10-05 04:01:10 [INFO]   ✓ PANews: 0 条
2026-10-05 04:01:10 [INFO]   ✓ 律动BlockBeats: 0 条
2026-10-05 04:01:10 [INFO]   ✓ 吴说区块链: 0 条
2026-10-05 04:01:10 [INFO]   ✓ Bloomberg Crypto: 0 条
2026-10-05 04:01:10 [INFO]   ✓ Reuters Crypto: 0 条
2026-10-05 04:01:10 [INFO]   ✓ CNBC Crypto: 0 条
2026-10-05 04:01:10 [INFO]   ✓ Reddit r/cryptocurrency: 0 条
2026-10-05 04:01:10 [INFO]   ✓ Reddit r/bitcoin: 0 条
2026-10-05 04:01:10 [INFO]   ✓ Crypto Twitter: 8 条
2026-10-05 04:01:10 [INFO]   ✓ 宏观经济: 1 条
2026-10-05 04:01:10 [INFO]   ✓ Binance公告: 20 条
2026-10-05 04:01:10 [INFO]   ✓ OKX公告: 0 条
2026-10-05 04:01:10 [INFO]   ✓ Bitget公告: 0 条
2026-10-05 04:01:10 [INFO]   ✓ Whale Alert: 0 条
2026-10-05 04:01:10 [INFO]   ✓ Fear & Greed Index: 1 条
2026-10-05 04:01:10 [INFO]   ✓ DeFi Llama: 0 条
2026-10-05 04:01:10 [INFO]   ✓ 雪球加密: 2 条
2026-10-05 04:01:10 [INFO] 📊 共抓取 36 条新闻
2026-10-05 04:01:10 [INFO] 📋 原始新闻已保存: reports/2026-10-05-12-raw.json (36 条)
2026-10-05 04:01:10 [INFO] 📋 标题摘要已保存: reports/2026-10-05-12-raw-titles.md
2026-10-05 04:01:10 [INFO] ✅ 抓取完成，共 36 条，已保存到 reports/2026-10-05-12-raw.json
2026-10-05 04:01:10 [INFO] 🤖 开始 AI 筛选 2026-10-05 12:00 币圈消息
2026-10-05 04:01:10 [INFO] 📋 已加载原始新闻: reports/2026-10-05-12-raw.json (36 条)
2026-10-05 04:01:10 [INFO] 📚 已加载历史新闻标题（19625 字符）
2026-10-05 04:01:10 [INFO] 📚 已加载历史筛选标题 0 条、URL 0 个，用于去重
2026-10-05 04:01:10 [INFO] 🔄 尝试 AI 提供商: deepseek
2026-10-05 04:01:10 [INFO] 🤖 使用 AI 提供商: deepseek (模型: deepseek-v4-flash)
2026-10-05 04:01:10 [INFO] 🤖 AI 筛选 [[deepseek] 1/6 策略=仅标题+链接 retry=0]（36 条，9313 字符，temp=0.3）
2026-10-05 04:01:11 [ERROR] AI 调用异常 ([deepseek] 1/6 策略=仅标题+链接 retry=0): Error code: 401 - {'error': {'message': 'Authentication Fails, Your api key: ****df0d is invalid (request_id: 90e32cd0-589a-47e7-aa74-f64e0a9c97f7)', 'type': 'authentication_error', 'param': None, 'code': 'invalid_request_error'}}
2026-10-05 04:01:11 [WARNING] [[deepseek] 1/6 策略=仅标题+链接 retry=0] AI 调用失败或解析失败，继续下一次尝试
2026-10-05 04:01:11 [INFO] 🤖 AI 筛选 [[deepseek] 2/6 策略=仅标题+链接 retry=1]（36 条，9313 字符，temp=0.3）
2026-10-05 04:01:12 [ERROR] AI 调用异常 ([deepseek] 2/6 策略=仅标题+链接 retry=1): Error code: 401 - {'error': {'message': 'Authentication Fails, Your api key: ****df0d is invalid (request_id: 4f435f41-af8d-4fbf-8341-c68c78d6391c)', 'type': 'authentication_error', 'param': None, 'code': 'invalid_request_error'}}
2026-10-05 04:01:12 [WARNING] [[deepseek] 2/6 策略=仅标题+链接 retry=1] AI 调用失败或解析失败，继续下一次尝试
2026-10-05 04:01:12 [INFO] 🤖 AI 筛选 [[deepseek] 3/6 策略=仅标题+链接 retry=2]（36 条，9313 字符，temp=0.3）
2026-10-05 04:01:12 [ERROR] AI 调用异常 ([deepseek] 3/6 策略=仅标题+链接 retry=2): Error code: 401 - {'error': {'message': 'Authentication Fails, Your api key: ****df0d is invalid (request_id: 055bfafc-d475-4f1e-84d7-b10579c846ef)', 'type': 'authentication_error', 'param': None, 'code': 'invalid_request_error'}}
2026-10-05 04:01:12 [WARNING] [[deepseek] 3/6 策略=仅标题+链接 retry=2] AI 调用失败或解析失败，继续下一次尝试
2026-10-05 04:01:12 [INFO] 🤖 AI 筛选 [[deepseek] 4/6 策略=完整内容 retry=0]（36 条，12621 字符，temp=0.3）
2026-10-05 04:01:12 [ERROR] AI 调用异常 ([deepseek] 4/6 策略=完整内容 retry=0): Error code: 401 - {'error': {'message': 'Authentication Fails, Your api key: ****df0d is invalid (request_id: b48c384a-02cc-40f0-9a3b-63722022a95f)', 'type': 'authentication_error', 'param': None, 'code': 'invalid_request_error'}}
2026-10-05 04:01:12 [WARNING] [[deepseek] 4/6 策略=完整内容 retry=0] AI 调用失败或解析失败，继续下一次尝试
2026-10-05 04:01:12 [INFO] 🤖 AI 筛选 [[deepseek] 5/6 策略=完整内容 retry=1]（36 条，12621 字符，temp=0.3）
2026-10-05 04:01:13 [ERROR] AI 调用异常 ([deepseek] 5/6 策略=完整内容 retry=1): Error code: 401 - {'error': {'message': 'Authentication Fails, Your api key: ****df0d is invalid (request_id: b0696bda-b71e-4db5-9e2f-78ea7bb80043)', 'type': 'authentication_error', 'param': None, 'code': 'invalid_request_error'}}
2026-10-05 04:01:13 [WARNING] [[deepseek] 5/6 策略=完整内容 retry=1] AI 调用失败或解析失败，继续下一次尝试
2026-10-05 04:01:13 [INFO] 🤖 AI 筛选 [[deepseek] 6/6 策略=仅标题（无历史） retry=0]（36 条，9313 字符，temp=0.3）
2026-10-05 04:01:13 [ERROR] AI 调用异常 ([deepseek] 6/6 策略=仅标题（无历史） retry=0): Error code: 401 - {'error': {'message': 'Authentication Fails, Your api key: ****df0d is invalid (request_id: 8752dacc-c741-4e72-a14c-553a39e4a535)', 'type': 'authentication_error', 'param': None, 'code': 'invalid_request_error'}}
2026-10-05 04:01:13 [WARNING] [[deepseek] 6/6 策略=仅标题（无历史） retry=0] AI 调用失败或解析失败，继续下一次尝试
2026-10-05 04:01:13 [WARNING] [deepseek] 已达最大尝试次数 6，停止
2026-10-05 04:01:13 [INFO] ⚠️ deepseek 未能产出满意结果，尝试下一个提供商
2026-10-05 04:01:13 [INFO] 🔄 尝试 AI 提供商: zhipu
2026-10-05 04:01:13 [ERROR] 未设置环境变量 ZHIPU_API_KEY，无法使用 zhipu
2026-10-05 04:01:13 [INFO] ⚠️ zhipu 未能产出满意结果，尝试下一个提供商
2026-10-05 04:01:13 [INFO] 🔄 尝试 AI 提供商: kimi
2026-10-05 04:01:13 [ERROR] 未设置环境变量 KIMI_API_KEY，无法使用 kimi
2026-10-05 04:01:13 [INFO] ⚠️ kimi 未能产出满意结果，尝试下一个提供商
2026-10-05 04:01:13 [INFO] 🔄 尝试 AI 提供商: huoshan
2026-10-05 04:01:13 [ERROR] 未设置环境变量 HUOSHAN_API_KEY，无法使用 huoshan
2026-10-05 04:01:13 [INFO] ⚠️ huoshan 未能产出满意结果，尝试下一个提供商
2026-10-05 04:01:13 [ERROR] ❌ 所有提供商均失败，返回空列表
2026-10-05 04:01:13 [INFO] 📦 JSON 已保存: reports/2026-10-05-12.json
2026-10-05 04:01:13 [INFO] ✅ AI 筛选完成，共 0 条交易相关消息
2026-10-05 05:01:09 [INFO] 🚀 开始抓取 2026-10-05 13:00 币圈新闻
2026-10-05 05:01:09 [INFO] 📡 抓取 RSS 新闻源...
2026-10-05 05:01:09 [INFO] 📡 抓取交易所公告 & 链上数据...
2026-10-05 05:01:10 [INFO]   ⏭ CoinTelegraph: 过滤掉 27 条非近期新闻
2026-10-05 05:01:10 [INFO]   ⏭ Decrypt: 过滤掉 39 条非近期新闻
2026-10-05 05:01:10 [INFO]   ⏭ The Block: 过滤掉 19 条非近期新闻
2026-10-05 05:01:10 [WARNING] 解析失败 Bitget公告: 'NoneType' object is not subscriptable
2026-10-05 05:01:10 [INFO]   ⏭ Bloomberg Crypto: 过滤掉 50 条非近期新闻
2026-10-05 05:01:10 [INFO]   ⏭ Bitcoin Magazine: 过滤掉 10 条非近期新闻
2026-10-05 05:01:10 [INFO]   ⏭ Reuters Crypto: 过滤掉 50 条非近期新闻
2026-10-05 05:01:10 [INFO]   ⏭ 宏观经济: 过滤掉 50 条非近期新闻
2026-10-05 05:01:10 [INFO]   ⏭ CNBC Crypto: 过滤掉 50 条非近期新闻
2026-10-05 05:01:10 [INFO]   ⏭ CoinDesk: 过滤掉 21 条非近期新闻
2026-10-05 05:01:10 [INFO]   ⏭ Blockworks: 过滤掉 50 条非近期新闻
2026-10-05 05:01:10 [INFO]   ⏭ 宏观经济: 过滤掉 48 条非近期新闻
2026-10-05 05:01:11 [INFO]   ⏭ Decrypt: 过滤掉 50 条非近期新闻
2026-10-05 05:01:11 [INFO]   ⏭ DL News: 过滤掉 50 条非近期新闻
2026-10-05 05:01:11 [INFO]   ⏭ Reddit r/cryptocurrency: 过滤掉 21 条非近期新闻
2026-10-05 05:01:11 [INFO]   ⏭ Bitcoin Magazine: 过滤掉 50 条非近期新闻
2026-10-05 05:01:11 [INFO]   ⏭ Blockworks: 过滤掉 3 条非近期新闻
2026-10-05 05:01:11 [INFO]   ⏭ 金色财经: 过滤掉 13 条非近期新闻
2026-10-05 05:01:11 [INFO]   ⏭ The Block: 过滤掉 50 条非近期新闻
2026-10-05 05:01:11 [INFO]   ⏭ DeFi Llama: 过滤掉 50 条非近期新闻
2026-10-05 05:01:11 [INFO]   ⏭ 雪球加密: 过滤掉 46 条非近期新闻
2026-10-05 05:01:11 [INFO]   ⏭ 吴说区块链: 过滤掉 47 条非近期新闻
2026-10-05 05:01:11 [INFO]   ⏭ Crypto Twitter: 过滤掉 39 条非近期新闻
2026-10-05 05:01:25 [DEBUG] 请求失败 https://rsshub.rssforever.com/theblockbeats/newsflash: 
2026-10-05 05:01:25 [DEBUG] 请求失败 https://rsshub.rssforever.com/panewslab/news: 
2026-10-05 05:01:26 [DEBUG] 请求失败 https://rsshub.rssforever.com/bloomberg/crypto: 
2026-10-05 05:01:26 [INFO]   ⏭ 律动BlockBeats: 过滤掉 50 条非近期新闻
2026-10-05 05:01:26 [INFO]   ⏭ PANews: 过滤掉 50 条非近期新闻
2026-10-05 05:01:26 [INFO]   ✓ CoinDesk: 4 条
2026-10-05 05:01:26 [INFO]   ✓ The Block: 0 条
2026-10-05 05:01:26 [INFO]   ✓ Decrypt: 0 条
2026-10-05 05:01:26 [INFO]   ✓ CoinTelegraph: 3 条
2026-10-05 05:01:26 [INFO]   ✓ Bitcoin Magazine: 0 条
2026-10-05 05:01:26 [INFO]   ✓ Blockworks: 0 条
2026-10-05 05:01:26 [INFO]   ✓ DL News: 0 条
2026-10-05 05:01:26 [INFO]   ✓ 金色财经: 7 条
2026-10-05 05:01:26 [INFO]   ✓ PANews: 0 条
2026-10-05 05:01:26 [INFO]   ✓ 律动BlockBeats: 0 条
2026-10-05 05:01:26 [INFO]   ✓ 吴说区块链: 0 条
2026-10-05 05:01:26 [INFO]   ✓ Bloomberg Crypto: 0 条
2026-10-05 05:01:26 [INFO]   ✓ Reuters Crypto: 0 条
2026-10-05 05:01:26 [INFO]   ✓ CNBC Crypto: 0 条
2026-10-05 05:01:26 [INFO]   ✓ Reddit r/cryptocurrency: 4 条
2026-10-05 05:01:26 [INFO]   ✓ Reddit r/bitcoin: 0 条
2026-10-05 05:01:26 [INFO]   ✓ Crypto Twitter: 11 条
2026-10-05 05:01:26 [INFO]   ✓ 宏观经济: 0 条
2026-10-05 05:01:26 [INFO]   ✓ Binance公告: 20 条
2026-10-05 05:01:26 [INFO]   ✓ OKX公告: 0 条
2026-10-05 05:01:26 [INFO]   ✓ Bitget公告: 0 条
2026-10-05 05:01:26 [INFO]   ✓ Whale Alert: 0 条
2026-10-05 05:01:26 [INFO]   ✓ Fear & Greed Index: 1 条
2026-10-05 05:01:26 [INFO]   ✓ DeFi Llama: 0 条
2026-10-05 05:01:26 [INFO]   ✓ 雪球加密: 4 条
2026-10-05 05:01:26 [INFO] 📊 共抓取 54 条新闻
2026-10-05 05:01:26 [INFO] 📋 原始新闻已保存: reports/2026-10-05-13-raw.json (54 条)
2026-10-05 05:01:26 [INFO] 📋 标题摘要已保存: reports/2026-10-05-13-raw-titles.md
2026-10-05 05:01:26 [INFO] ✅ 抓取完成，共 54 条，已保存到 reports/2026-10-05-13-raw.json
2026-10-05 05:01:27 [INFO] 🤖 开始 AI 筛选 2026-10-05 13:00 币圈消息
2026-10-05 05:01:27 [INFO] 📋 已加载原始新闻: reports/2026-10-05-13-raw.json (54 条)
2026-10-05 05:01:27 [INFO] 📚 已加载历史新闻标题（20138 字符）
2026-10-05 05:01:27 [INFO] 📚 已加载历史筛选标题 0 条、URL 0 个，用于去重
2026-10-05 05:01:27 [INFO] 🔄 尝试 AI 提供商: deepseek
2026-10-05 05:01:27 [INFO] 🤖 使用 AI 提供商: deepseek (模型: deepseek-v4-flash)
2026-10-05 05:01:27 [INFO] 🤖 AI 筛选 [[deepseek] 1/6 策略=仅标题+链接 retry=0]（54 条，12734 字符，temp=0.3）
2026-10-05 05:01:27 [ERROR] AI 调用异常 ([deepseek] 1/6 策略=仅标题+链接 retry=0): Error code: 401 - {'error': {'message': 'Authentication Fails, Your api key: ****df0d is invalid (request_id: 7664b766-25d3-45ba-a3e7-c302af3db811)', 'type': 'authentication_error', 'param': None, 'code': 'invalid_request_error'}}
2026-10-05 05:01:27 [WARNING] [[deepseek] 1/6 策略=仅标题+链接 retry=0] AI 调用失败或解析失败，继续下一次尝试
2026-10-05 05:01:27 [INFO] 🤖 AI 筛选 [[deepseek] 2/6 策略=仅标题+链接 retry=1]（54 条，12734 字符，temp=0.3）
2026-10-05 05:01:28 [ERROR] AI 调用异常 ([deepseek] 2/6 策略=仅标题+链接 retry=1): Error code: 401 - {'error': {'message': 'Authentication Fails, Your api key: ****df0d is invalid (request_id: 8a96c694-a2c3-4016-ba35-10d91228c88b)', 'type': 'authentication_error', 'param': None, 'code': 'invalid_request_error'}}
2026-10-05 05:01:28 [WARNING] [[deepseek] 2/6 策略=仅标题+链接 retry=1] AI 调用失败或解析失败，继续下一次尝试
2026-10-05 05:01:28 [INFO] 🤖 AI 筛选 [[deepseek] 3/6 策略=仅标题+链接 retry=2]（54 条，12734 字符，temp=0.3）
2026-10-05 05:01:28 [ERROR] AI 调用异常 ([deepseek] 3/6 策略=仅标题+链接 retry=2): Error code: 401 - {'error': {'message': 'Authentication Fails, Your api key: ****df0d is invalid (request_id: aa0598e8-4256-4c86-980c-0327e1a8f084)', 'type': 'authentication_error', 'param': None, 'code': 'invalid_request_error'}}
2026-10-05 05:01:28 [WARNING] [[deepseek] 3/6 策略=仅标题+链接 retry=2] AI 调用失败或解析失败，继续下一次尝试
2026-10-05 05:01:28 [INFO] 🤖 AI 筛选 [[deepseek] 4/6 策略=完整内容 retry=0]（54 条，18050 字符，temp=0.3）
2026-10-05 05:01:29 [ERROR] AI 调用异常 ([deepseek] 4/6 策略=完整内容 retry=0): Error code: 401 - {'error': {'message': 'Authentication Fails, Your api key: ****df0d is invalid (request_id: faacd7bc-0936-4567-a56f-870510a66561)', 'type': 'authentication_error', 'param': None, 'code': 'invalid_request_error'}}
2026-10-05 05:01:29 [WARNING] [[deepseek] 4/6 策略=完整内容 retry=0] AI 调用失败或解析失败，继续下一次尝试
2026-10-05 05:01:29 [INFO] 🤖 AI 筛选 [[deepseek] 5/6 策略=完整内容 retry=1]（54 条，18050 字符，temp=0.3）
2026-10-05 05:01:29 [ERROR] AI 调用异常 ([deepseek] 5/6 策略=完整内容 retry=1): Error code: 401 - {'error': {'message': 'Authentication Fails, Your api key: ****df0d is invalid (request_id: 952a3c94-75e0-4355-8484-bcf2492e0b5c)', 'type': 'authentication_error', 'param': None, 'code': 'invalid_request_error'}}
2026-10-05 05:01:29 [WARNING] [[deepseek] 5/6 策略=完整内容 retry=1] AI 调用失败或解析失败，继续下一次尝试
2026-10-05 05:01:29 [INFO] 🤖 AI 筛选 [[deepseek] 6/6 策略=仅标题（无历史） retry=0]（54 条，12734 字符，temp=0.3）
2026-10-05 05:01:29 [ERROR] AI 调用异常 ([deepseek] 6/6 策略=仅标题（无历史） retry=0): Error code: 401 - {'error': {'message': 'Authentication Fails, Your api key: ****df0d is invalid (request_id: d47e154c-471e-4a09-8885-73a98be4e201)', 'type': 'authentication_error', 'param': None, 'code': 'invalid_request_error'}}
2026-10-05 05:01:29 [WARNING] [[deepseek] 6/6 策略=仅标题（无历史） retry=0] AI 调用失败或解析失败，继续下一次尝试
2026-10-05 05:01:29 [WARNING] [deepseek] 已达最大尝试次数 6，停止
2026-10-05 05:01:29 [INFO] ⚠️ deepseek 未能产出满意结果，尝试下一个提供商
2026-10-05 05:01:29 [INFO] 🔄 尝试 AI 提供商: zhipu
2026-10-05 05:01:29 [ERROR] 未设置环境变量 ZHIPU_API_KEY，无法使用 zhipu
2026-10-05 05:01:29 [INFO] ⚠️ zhipu 未能产出满意结果，尝试下一个提供商
2026-10-05 05:01:29 [INFO] 🔄 尝试 AI 提供商: kimi
2026-10-05 05:01:29 [ERROR] 未设置环境变量 KIMI_API_KEY，无法使用 kimi
2026-10-05 05:01:29 [INFO] ⚠️ kimi 未能产出满意结果，尝试下一个提供商
2026-10-05 05:01:29 [INFO] 🔄 尝试 AI 提供商: huoshan
2026-10-05 05:01:29 [ERROR] 未设置环境变量 HUOSHAN_API_KEY，无法使用 huoshan
2026-10-05 05:01:29 [INFO] ⚠️ huoshan 未能产出满意结果，尝试下一个提供商
2026-10-05 05:01:29 [ERROR] ❌ 所有提供商均失败，返回空列表
2026-10-05 05:01:29 [INFO] 📦 JSON 已保存: reports/2026-10-05-13.json
2026-10-05 05:01:29 [INFO] ✅ AI 筛选完成，共 0 条交易相关消息
2026-10-05 06:00:56 [INFO] 🚀 开始抓取 2026-10-05 14:00 币圈新闻
2026-10-05 06:00:56 [INFO] 📡 抓取 RSS 新闻源...
2026-10-05 06:00:56 [INFO] 📡 抓取交易所公告 & 链上数据...
2026-10-05 06:00:56 [INFO]   ⏭ Decrypt: 过滤掉 39 条非近期新闻
2026-10-05 06:00:56 [INFO]   ⏭ The Block: 过滤掉 19 条非近期新闻
2026-10-05 06:00:56 [INFO]   ⏭ CoinTelegraph: 过滤掉 29 条非近期新闻
2026-10-05 06:00:57 [INFO]   ⏭ Reuters Crypto: 过滤掉 50 条非近期新闻
2026-10-05 06:00:57 [WARNING] 解析失败 Bitget公告: 'NoneType' object is not subscriptable
2026-10-05 06:00:57 [INFO]   ⏭ Bloomberg Crypto: 过滤掉 50 条非近期新闻
2026-10-05 06:00:57 [INFO]   ⏭ CNBC Crypto: 过滤掉 50 条非近期新闻
2026-10-05 06:00:57 [INFO]   ⏭ 宏观经济: 过滤掉 48 条非近期新闻
2026-10-05 06:00:57 [INFO]   ⏭ Reddit r/cryptocurrency: 过滤掉 18 条非近期新闻
2026-10-05 06:00:57 [INFO]   ⏭ Bitcoin Magazine: 过滤掉 10 条非近期新闻
2026-10-05 06:00:57 [INFO]   ⏭ CoinDesk: 过滤掉 22 条非近期新闻
2026-10-05 06:00:57 [INFO]   ⏭ Blockworks: 过滤掉 50 条非近期新闻
2026-10-05 06:00:57 [INFO]   ⏭ DL News: 过滤掉 50 条非近期新闻
2026-10-05 06:00:57 [INFO]   ⏭ Decrypt: 过滤掉 50 条非近期新闻
2026-10-05 06:00:57 [INFO]   ⏭ Blockworks: 过滤掉 3 条非近期新闻
2026-10-05 06:00:57 [INFO]   ⏭ Bitcoin Magazine: 过滤掉 50 条非近期新闻
2026-10-05 06:00:58 [INFO]   ⏭ 吴说区块链: 过滤掉 47 条非近期新闻
2026-10-05 06:00:58 [INFO]   ⏭ DeFi Llama: 过滤掉 50 条非近期新闻
2026-10-05 06:00:58 [INFO]   ⏭ 雪球加密: 过滤掉 49 条非近期新闻
2026-10-05 06:00:58 [INFO]   ⏭ Crypto Twitter: 过滤掉 40 条非近期新闻
2026-10-05 06:00:58 [INFO]   ⏭ The Block: 过滤掉 50 条非近期新闻
2026-10-05 06:01:06 [INFO]   ⏭ 律动BlockBeats: 过滤掉 13 条非近期新闻
2026-10-05 06:01:06 [INFO]   ⏭ PANews: 过滤掉 50 条非近期新闻
2026-10-05 06:01:06 [INFO]   ✓ CoinDesk: 3 条
2026-10-05 06:01:06 [INFO]   ✓ The Block: 0 条
2026-10-05 06:01:06 [INFO]   ✓ Decrypt: 0 条
2026-10-05 06:01:06 [INFO]   ✓ CoinTelegraph: 1 条
2026-10-05 06:01:06 [INFO]   ✓ Bitcoin Magazine: 0 条
2026-10-05 06:01:06 [INFO]   ✓ Blockworks: 0 条
2026-10-05 06:01:06 [INFO]   ✓ DL News: 0 条
2026-10-05 06:01:06 [INFO]   ✓ 金色财经: 8 条
2026-10-05 06:01:06 [INFO]   ✓ PANews: 0 条
2026-10-05 06:01:06 [INFO]   ✓ 律动BlockBeats: 7 条
2026-10-05 06:01:06 [INFO]   ✓ 吴说区块链: 0 条
2026-10-05 06:01:06 [INFO]   ✓ Bloomberg Crypto: 0 条
2026-10-05 06:01:06 [INFO]   ✓ Reuters Crypto: 0 条
2026-10-05 06:01:06 [INFO]   ✓ CNBC Crypto: 0 条
2026-10-05 06:01:06 [INFO]   ✓ Reddit r/cryptocurrency: 7 条
2026-10-05 06:01:06 [INFO]   ✓ Reddit r/bitcoin: 0 条
2026-10-05 06:01:06 [INFO]   ✓ Crypto Twitter: 10 条
2026-10-05 06:01:06 [INFO]   ✓ 宏观经济: 2 条
2026-10-05 06:01:06 [INFO]   ✓ Binance公告: 20 条
2026-10-05 06:01:06 [INFO]   ✓ OKX公告: 0 条
2026-10-05 06:01:06 [INFO]   ✓ Bitget公告: 0 条
2026-10-05 06:01:06 [INFO]   ✓ Whale Alert: 0 条
2026-10-05 06:01:06 [INFO]   ✓ Fear & Greed Index: 1 条
2026-10-05 06:01:06 [INFO]   ✓ DeFi Llama: 0 条
2026-10-05 06:01:06 [INFO]   ✓ 雪球加密: 1 条
2026-10-05 06:01:06 [INFO] 📊 共抓取 60 条新闻
2026-10-05 06:01:06 [INFO] 📋 原始新闻已保存: reports/2026-10-05-14-raw.json (60 条)
2026-10-05 06:01:06 [INFO] 📋 标题摘要已保存: reports/2026-10-05-14-raw-titles.md
2026-10-05 06:01:06 [INFO] ✅ 抓取完成，共 60 条，已保存到 reports/2026-10-05-14-raw.json
2026-10-05 06:01:07 [INFO] 🤖 开始 AI 筛选 2026-10-05 14:00 币圈消息
2026-10-05 06:01:07 [INFO] 📋 已加载原始新闻: reports/2026-10-05-14-raw.json (60 条)
2026-10-05 06:01:07 [INFO] 📚 已加载历史新闻标题（21001 字符）
2026-10-05 06:01:07 [INFO] 📚 已加载历史筛选标题 0 条、URL 0 个，用于去重
2026-10-05 06:01:07 [INFO] 🔄 尝试 AI 提供商: deepseek
2026-10-05 06:01:07 [INFO] 🤖 使用 AI 提供商: deepseek (模型: deepseek-v4-flash)
2026-10-05 06:01:07 [INFO] 🤖 AI 筛选 [[deepseek] 1/6 策略=仅标题+链接 retry=0]（60 条，13118 字符，temp=0.3）
2026-10-05 06:01:08 [ERROR] AI 调用异常 ([deepseek] 1/6 策略=仅标题+链接 retry=0): Error code: 401 - {'error': {'message': 'Authentication Fails, Your api key: ****df0d is invalid (request_id: 2696a863-4599-4287-91ce-ffd56ee0ed2a)', 'type': 'authentication_error', 'param': None, 'code': 'invalid_request_error'}}
2026-10-05 06:01:08 [WARNING] [[deepseek] 1/6 策略=仅标题+链接 retry=0] AI 调用失败或解析失败，继续下一次尝试
2026-10-05 06:01:08 [INFO] 🤖 AI 筛选 [[deepseek] 2/6 策略=仅标题+链接 retry=1]（60 条，13118 字符，temp=0.3）
2026-10-05 06:01:08 [ERROR] AI 调用异常 ([deepseek] 2/6 策略=仅标题+链接 retry=1): Error code: 401 - {'error': {'message': 'Authentication Fails, Your api key: ****df0d is invalid (request_id: 212b1d14-5054-4774-a0fb-fc29d711abfb)', 'type': 'authentication_error', 'param': None, 'code': 'invalid_request_error'}}
2026-10-05 06:01:08 [WARNING] [[deepseek] 2/6 策略=仅标题+链接 retry=1] AI 调用失败或解析失败，继续下一次尝试
2026-10-05 06:01:08 [INFO] 🤖 AI 筛选 [[deepseek] 3/6 策略=仅标题+链接 retry=2]（60 条，13118 字符，temp=0.3）
2026-10-05 06:01:09 [ERROR] AI 调用异常 ([deepseek] 3/6 策略=仅标题+链接 retry=2): Error code: 401 - {'error': {'message': 'Authentication Fails, Your api key: ****df0d is invalid (request_id: 079ecba0-0f4f-4c39-99bb-4f2c66d450d3)', 'type': 'authentication_error', 'param': None, 'code': 'invalid_request_error'}}
2026-10-05 06:01:09 [WARNING] [[deepseek] 3/6 策略=仅标题+链接 retry=2] AI 调用失败或解析失败，继续下一次尝试
2026-10-05 06:01:09 [INFO] 🤖 AI 筛选 [[deepseek] 4/6 策略=完整内容 retry=0]（60 条，19885 字符，temp=0.3）
2026-10-05 06:01:09 [ERROR] AI 调用异常 ([deepseek] 4/6 策略=完整内容 retry=0): Error code: 401 - {'error': {'message': 'Authentication Fails, Your api key: ****df0d is invalid (request_id: 216764e9-1b1f-4d4c-b95d-b85072c5c89a)', 'type': 'authentication_error', 'param': None, 'code': 'invalid_request_error'}}
2026-10-05 06:01:09 [WARNING] [[deepseek] 4/6 策略=完整内容 retry=0] AI 调用失败或解析失败，继续下一次尝试
2026-10-05 06:01:09 [INFO] 🤖 AI 筛选 [[deepseek] 5/6 策略=完整内容 retry=1]（60 条，19885 字符，temp=0.3）
2026-10-05 06:01:09 [ERROR] AI 调用异常 ([deepseek] 5/6 策略=完整内容 retry=1): Error code: 401 - {'error': {'message': 'Authentication Fails, Your api key: ****df0d is invalid (request_id: e3b0971b-6cfe-40d6-8fd3-8b0663cd9711)', 'type': 'authentication_error', 'param': None, 'code': 'invalid_request_error'}}
2026-10-05 06:01:09 [WARNING] [[deepseek] 5/6 策略=完整内容 retry=1] AI 调用失败或解析失败，继续下一次尝试
2026-10-05 06:01:09 [INFO] 🤖 AI 筛选 [[deepseek] 6/6 策略=仅标题（无历史） retry=0]（60 条，13118 字符，temp=0.3）
2026-10-05 06:01:10 [ERROR] AI 调用异常 ([deepseek] 6/6 策略=仅标题（无历史） retry=0): Error code: 401 - {'error': {'message': 'Authentication Fails, Your api key: ****df0d is invalid (request_id: 64cc01ac-2d18-4327-a9f1-46b80482745e)', 'type': 'authentication_error', 'param': None, 'code': 'invalid_request_error'}}
2026-10-05 06:01:10 [WARNING] [[deepseek] 6/6 策略=仅标题（无历史） retry=0] AI 调用失败或解析失败，继续下一次尝试
2026-10-05 06:01:10 [WARNING] [deepseek] 已达最大尝试次数 6，停止
2026-10-05 06:01:10 [INFO] ⚠️ deepseek 未能产出满意结果，尝试下一个提供商
2026-10-05 06:01:10 [INFO] 🔄 尝试 AI 提供商: zhipu
2026-10-05 06:01:10 [ERROR] 未设置环境变量 ZHIPU_API_KEY，无法使用 zhipu
2026-10-05 06:01:10 [INFO] ⚠️ zhipu 未能产出满意结果，尝试下一个提供商
2026-10-05 06:01:10 [INFO] 🔄 尝试 AI 提供商: kimi
2026-10-05 06:01:10 [ERROR] 未设置环境变量 KIMI_API_KEY，无法使用 kimi
2026-10-05 06:01:10 [INFO] ⚠️ kimi 未能产出满意结果，尝试下一个提供商
2026-10-05 06:01:10 [INFO] 🔄 尝试 AI 提供商: huoshan
2026-10-05 06:01:10 [ERROR] 未设置环境变量 HUOSHAN_API_KEY，无法使用 huoshan
2026-10-05 06:01:10 [INFO] ⚠️ huoshan 未能产出满意结果，尝试下一个提供商
2026-10-05 06:01:10 [ERROR] ❌ 所有提供商均失败，返回空列表
2026-10-05 06:01:10 [INFO] 📦 JSON 已保存: reports/2026-10-05-14.json
2026-10-05 06:01:10 [INFO] ✅ AI 筛选完成，共 0 条交易相关消息
2026-10-05 07:01:00 [INFO] 🚀 开始抓取 2026-10-05 15:00 币圈新闻
2026-10-05 07:01:00 [INFO] 📡 抓取 RSS 新闻源...
2026-10-05 07:01:00 [INFO] 📡 抓取交易所公告 & 链上数据...
2026-10-05 07:01:00 [INFO]   ⏭ Decrypt: 过滤掉 39 条非近期新闻
2026-10-05 07:01:00 [INFO]   ⏭ The Block: 过滤掉 18 条非近期新闻
2026-10-05 07:01:00 [INFO]   ⏭ CoinTelegraph: 过滤掉 30 条非近期新闻
2026-10-05 07:01:00 [WARNING] 解析失败 Bitget公告: 'NoneType' object is not subscriptable
2026-10-05 07:01:00 [INFO]   ⏭ CoinDesk: 过滤掉 23 条非近期新闻
2026-10-05 07:01:00 [INFO]   ⏭ Bloomberg Crypto: 过滤掉 50 条非近期新闻
2026-10-05 07:01:01 [INFO]   ⏭ Reuters Crypto: 过滤掉 50 条非近期新闻
2026-10-05 07:01:01 [INFO]   ⏭ Bitcoin Magazine: 过滤掉 10 条非近期新闻
2026-10-05 07:01:01 [INFO]   ⏭ 宏观经济: 过滤掉 47 条非近期新闻
2026-10-05 07:01:01 [INFO]   ⏭ CNBC Crypto: 过滤掉 50 条非近期新闻
2026-10-05 07:01:01 [INFO]   ⏭ Reddit r/cryptocurrency: 过滤掉 22 条非近期新闻
2026-10-05 07:01:01 [INFO]   ⏭ Blockworks: 过滤掉 50 条非近期新闻
2026-10-05 07:01:01 [INFO]   ⏭ Decrypt: 过滤掉 50 条非近期新闻
2026-10-05 07:01:01 [INFO]   ⏭ DL News: 过滤掉 50 条非近期新闻
2026-10-05 07:01:01 [INFO]   ⏭ Bitcoin Magazine: 过滤掉 50 条非近期新闻
2026-10-05 07:01:01 [INFO]   ⏭ Blockworks: 过滤掉 3 条非近期新闻
2026-10-05 07:01:01 [INFO]   ⏭ 金色财经: 过滤掉 1 条非近期新闻
2026-10-05 07:01:01 [INFO]   ⏭ 律动BlockBeats: 过滤掉 12 条非近期新闻
2026-10-05 07:01:01 [INFO]   ⏭ 雪球加密: 过滤掉 49 条非近期新闻
2026-10-05 07:01:02 [INFO]   ⏭ DeFi Llama: 过滤掉 50 条非近期新闻
2026-10-05 07:01:02 [INFO]   ⏭ 吴说区块链: 过滤掉 47 条非近期新闻
2026-10-05 07:01:02 [INFO]   ⏭ Crypto Twitter: 过滤掉 37 条非近期新闻
2026-10-05 07:01:16 [DEBUG] 请求失败 https://rsshub.rssforever.com/panewslab/news: 
2026-10-05 07:01:16 [DEBUG] 请求失败 https://rsshub.rssforever.com/cointelegraph: 
2026-10-05 07:01:16 [DEBUG] 请求失败 https://rsshub.rssforever.com/bloomberg/crypto: 
2026-10-05 07:01:17 [INFO]   ⏭ PANews: 过滤掉 50 条非近期新闻
2026-10-05 07:01:17 [INFO]   ⏭ CoinTelegraph: 过滤掉 50 条非近期新闻
2026-10-05 07:01:17 [INFO]   ✓ CoinDesk: 2 条
2026-10-05 07:01:17 [INFO]   ✓ The Block: 1 条
2026-10-05 07:01:17 [INFO]   ✓ Decrypt: 0 条
2026-10-05 07:01:17 [INFO]   ✓ CoinTelegraph: 0 条
2026-10-05 07:01:17 [INFO]   ✓ Bitcoin Magazine: 0 条
2026-10-05 07:01:17 [INFO]   ✓ Blockworks: 0 条
2026-10-05 07:01:17 [INFO]   ✓ DL News: 0 条
2026-10-05 07:01:17 [INFO]   ✓ 金色财经: 8 条
2026-10-05 07:01:17 [INFO]   ✓ PANews: 0 条
2026-10-05 07:01:17 [INFO]   ✓ 律动BlockBeats: 8 条
2026-10-05 07:01:17 [INFO]   ✓ 吴说区块链: 0 条
2026-10-05 07:01:17 [INFO]   ✓ Bloomberg Crypto: 0 条
2026-10-05 07:01:17 [INFO]   ✓ Reuters Crypto: 0 条
2026-10-05 07:01:17 [INFO]   ✓ CNBC Crypto: 0 条
2026-10-05 07:01:17 [INFO]   ✓ Reddit r/cryptocurrency: 3 条
2026-10-05 07:01:17 [INFO]   ✓ Reddit r/bitcoin: 0 条
2026-10-05 07:01:17 [INFO]   ✓ Crypto Twitter: 13 条
2026-10-05 07:01:17 [INFO]   ✓ 宏观经济: 3 条
2026-10-05 07:01:17 [INFO]   ✓ Binance公告: 20 条
2026-10-05 07:01:17 [INFO]   ✓ OKX公告: 0 条
2026-10-05 07:01:17 [INFO]   ✓ Bitget公告: 0 条
2026-10-05 07:01:17 [INFO]   ✓ Whale Alert: 0 条
2026-10-05 07:01:17 [INFO]   ✓ Fear & Greed Index: 1 条
2026-10-05 07:01:17 [INFO]   ✓ DeFi Llama: 0 条
2026-10-05 07:01:17 [INFO]   ✓ 雪球加密: 1 条
2026-10-05 07:01:17 [INFO] 📊 共抓取 60 条新闻
2026-10-05 07:01:17 [INFO] 📋 原始新闻已保存: reports/2026-10-05-15-raw.json (60 条)
2026-10-05 07:01:17 [INFO] 📋 标题摘要已保存: reports/2026-10-05-15-raw-titles.md
2026-10-05 07:01:17 [INFO] ✅ 抓取完成，共 60 条，已保存到 reports/2026-10-05-15-raw.json
2026-10-05 07:01:17 [INFO] 🤖 开始 AI 筛选 2026-10-05 15:00 币圈消息
2026-10-05 07:01:17 [INFO] 📋 已加载原始新闻: reports/2026-10-05-15-raw.json (60 条)
2026-10-05 07:01:17 [INFO] 📚 已加载历史新闻标题（22388 字符）
2026-10-05 07:01:17 [INFO] 📚 已加载历史筛选标题 0 条、URL 0 个，用于去重
2026-10-05 07:01:17 [INFO] 🔄 尝试 AI 提供商: deepseek
2026-10-05 07:01:17 [INFO] 🤖 使用 AI 提供商: deepseek (模型: deepseek-v4-flash)
2026-10-05 07:01:17 [INFO] 🤖 AI 筛选 [[deepseek] 1/6 策略=仅标题+链接 retry=0]（60 条，13164 字符，temp=0.3）
2026-10-05 07:01:18 [ERROR] AI 调用异常 ([deepseek] 1/6 策略=仅标题+链接 retry=0): Error code: 401 - {'error': {'message': 'Authentication Fails, Your api key: ****df0d is invalid (request_id: a2c01aef-dedf-4736-8445-1099d3bb0134)', 'type': 'authentication_error', 'param': None, 'code': 'invalid_request_error'}}
2026-10-05 07:01:18 [WARNING] [[deepseek] 1/6 策略=仅标题+链接 retry=0] AI 调用失败或解析失败，继续下一次尝试
2026-10-05 07:01:18 [INFO] 🤖 AI 筛选 [[deepseek] 2/6 策略=仅标题+链接 retry=1]（60 条，13164 字符，temp=0.3）
2026-10-05 07:01:18 [ERROR] AI 调用异常 ([deepseek] 2/6 策略=仅标题+链接 retry=1): Error code: 401 - {'error': {'message': 'Authentication Fails, Your api key: ****df0d is invalid (request_id: f431132e-68c3-4570-aeeb-5bf3335f0bec)', 'type': 'authentication_error', 'param': None, 'code': 'invalid_request_error'}}
2026-10-05 07:01:18 [WARNING] [[deepseek] 2/6 策略=仅标题+链接 retry=1] AI 调用失败或解析失败，继续下一次尝试
2026-10-05 07:01:18 [INFO] 🤖 AI 筛选 [[deepseek] 3/6 策略=仅标题+链接 retry=2]（60 条，13164 字符，temp=0.3）
2026-10-05 07:01:19 [ERROR] AI 调用异常 ([deepseek] 3/6 策略=仅标题+链接 retry=2): Error code: 401 - {'error': {'message': 'Authentication Fails, Your api key: ****df0d is invalid (request_id: 05b27217-8d07-40ae-8d5e-007505e87c57)', 'type': 'authentication_error', 'param': None, 'code': 'invalid_request_error'}}
2026-10-05 07:01:19 [WARNING] [[deepseek] 3/6 策略=仅标题+链接 retry=2] AI 调用失败或解析失败，继续下一次尝试
2026-10-05 07:01:19 [INFO] 🤖 AI 筛选 [[deepseek] 4/6 策略=完整内容 retry=0]（60 条，19866 字符，temp=0.3）
2026-10-05 07:01:19 [ERROR] AI 调用异常 ([deepseek] 4/6 策略=完整内容 retry=0): Error code: 401 - {'error': {'message': 'Authentication Fails, Your api key: ****df0d is invalid (request_id: ac4ba842-f952-4b76-a60c-417c5bf7897b)', 'type': 'authentication_error', 'param': None, 'code': 'invalid_request_error'}}
2026-10-05 07:01:19 [WARNING] [[deepseek] 4/6 策略=完整内容 retry=0] AI 调用失败或解析失败，继续下一次尝试
2026-10-05 07:01:19 [INFO] 🤖 AI 筛选 [[deepseek] 5/6 策略=完整内容 retry=1]（60 条，19866 字符，temp=0.3）
2026-10-05 07:01:20 [ERROR] AI 调用异常 ([deepseek] 5/6 策略=完整内容 retry=1): Error code: 401 - {'error': {'message': 'Authentication Fails, Your api key: ****df0d is invalid (request_id: acb48790-5bed-4003-94c3-8cb6c6f959f5)', 'type': 'authentication_error', 'param': None, 'code': 'invalid_request_error'}}
2026-10-05 07:01:20 [WARNING] [[deepseek] 5/6 策略=完整内容 retry=1] AI 调用失败或解析失败，继续下一次尝试
2026-10-05 07:01:20 [INFO] 🤖 AI 筛选 [[deepseek] 6/6 策略=仅标题（无历史） retry=0]（60 条，13164 字符，temp=0.3）
2026-10-05 07:01:20 [ERROR] AI 调用异常 ([deepseek] 6/6 策略=仅标题（无历史） retry=0): Error code: 401 - {'error': {'message': 'Authentication Fails, Your api key: ****df0d is invalid (request_id: a2b6865c-d0d2-47d9-badc-6b09964ad0d9)', 'type': 'authentication_error', 'param': None, 'code': 'invalid_request_error'}}
2026-10-05 07:01:20 [WARNING] [[deepseek] 6/6 策略=仅标题（无历史） retry=0] AI 调用失败或解析失败，继续下一次尝试
2026-10-05 07:01:20 [WARNING] [deepseek] 已达最大尝试次数 6，停止
2026-10-05 07:01:20 [INFO] ⚠️ deepseek 未能产出满意结果，尝试下一个提供商
2026-10-05 07:01:20 [INFO] 🔄 尝试 AI 提供商: zhipu
2026-10-05 07:01:20 [ERROR] 未设置环境变量 ZHIPU_API_KEY，无法使用 zhipu
2026-10-05 07:01:20 [INFO] ⚠️ zhipu 未能产出满意结果，尝试下一个提供商
2026-10-05 07:01:20 [INFO] 🔄 尝试 AI 提供商: kimi
2026-10-05 07:01:20 [ERROR] 未设置环境变量 KIMI_API_KEY，无法使用 kimi
2026-10-05 07:01:20 [INFO] ⚠️ kimi 未能产出满意结果，尝试下一个提供商
2026-10-05 07:01:20 [INFO] 🔄 尝试 AI 提供商: huoshan
2026-10-05 07:01:20 [ERROR] 未设置环境变量 HUOSHAN_API_KEY，无法使用 huoshan
2026-10-05 07:01:20 [INFO] ⚠️ huoshan 未能产出满意结果，尝试下一个提供商
2026-10-05 07:01:20 [ERROR] ❌ 所有提供商均失败，返回空列表
2026-10-05 07:01:20 [INFO] 📦 JSON 已保存: reports/2026-10-05-15.json
2026-10-05 07:01:20 [INFO] ✅ AI 筛选完成，共 0 条交易相关消息
2026-10-05 08:01:03 [INFO] 🚀 开始抓取 2026-10-05 16:00 币圈新闻
2026-10-05 08:01:03 [INFO] 📡 抓取 RSS 新闻源...
2026-10-05 08:01:03 [INFO] 📡 抓取交易所公告 & 链上数据...
2026-10-05 08:01:03 [INFO]   ⏭ Decrypt: 过滤掉 39 条非近期新闻
2026-10-05 08:01:03 [INFO]   ⏭ The Block: 过滤掉 18 条非近期新闻
2026-10-05 08:01:03 [INFO]   ⏭ CoinTelegraph: 过滤掉 30 条非近期新闻
2026-10-05 08:01:03 [INFO]   ⏭ Reuters Crypto: 过滤掉 50 条非近期新闻
2026-10-05 08:01:03 [INFO]   ⏭ Bloomberg Crypto: 过滤掉 50 条非近期新闻
2026-10-05 08:01:03 [INFO]   ⏭ Bitcoin Magazine: 过滤掉 10 条非近期新闻
2026-10-05 08:01:03 [INFO]   ⏭ CoinDesk: 过滤掉 23 条非近期新闻
2026-10-05 08:01:03 [INFO]   ⏭ 宏观经济: 过滤掉 46 条非近期新闻
2026-10-05 08:01:03 [INFO]   ⏭ CNBC Crypto: 过滤掉 50 条非近期新闻
2026-10-05 08:01:03 [WARNING] 解析失败 Bitget公告: 'NoneType' object is not subscriptable
2026-10-05 08:01:03 [INFO]   ⏭ Reddit r/cryptocurrency: 过滤掉 25 条非近期新闻
2026-10-05 08:01:04 [INFO]   ⏭ DL News: 过滤掉 50 条非近期新闻
2026-10-05 08:01:04 [INFO]   ⏭ Decrypt: 过滤掉 50 条非近期新闻
2026-10-05 08:01:04 [INFO]   ⏭ Blockworks: 过滤掉 50 条非近期新闻
2026-10-05 08:01:04 [INFO]   ⏭ 律动BlockBeats: 过滤掉 14 条非近期新闻
2026-10-05 08:01:04 [INFO]   ⏭ Blockworks: 过滤掉 3 条非近期新闻
2026-10-05 08:01:04 [INFO]   ⏭ CoinTelegraph: 过滤掉 24 条非近期新闻
2026-10-05 08:01:04 [INFO]   ⏭ Bitcoin Magazine: 过滤掉 50 条非近期新闻
2026-10-05 08:01:04 [INFO]   ⏭ DeFi Llama: 过滤掉 50 条非近期新闻
2026-10-05 08:01:05 [INFO]   ⏭ 雪球加密: 过滤掉 49 条非近期新闻
2026-10-05 08:01:05 [INFO]   ⏭ 吴说区块链: 过滤掉 45 条非近期新闻
2026-10-05 08:01:05 [INFO]   ⏭ CoinTelegraph: 过滤掉 50 条非近期新闻
2026-10-05 08:01:05 [INFO]   ⏭ Crypto Twitter: 过滤掉 33 条非近期新闻
2026-10-05 08:01:09 [INFO]   ⏭ PANews: 过滤掉 50 条非近期新闻
2026-10-05 08:01:19 [DEBUG] 请求失败 https://rsshub.rssforever.com/bloomberg/crypto: 
2026-10-05 08:01:19 [INFO]   ✓ CoinDesk: 2 条
2026-10-05 08:01:19 [INFO]   ✓ The Block: 1 条
2026-10-05 08:01:19 [INFO]   ✓ Decrypt: 0 条
2026-10-05 08:01:19 [INFO]   ✓ CoinTelegraph: 0 条
2026-10-05 08:01:19 [INFO]   ✓ Bitcoin Magazine: 0 条
2026-10-05 08:01:19 [INFO]   ✓ Blockworks: 0 条
2026-10-05 08:01:19 [INFO]   ✓ DL News: 0 条
2026-10-05 08:01:19 [INFO]   ✓ 金色财经: 3 条
2026-10-05 08:01:19 [INFO]   ✓ PANews: 0 条
2026-10-05 08:01:19 [INFO]   ✓ 律动BlockBeats: 6 条
2026-10-05 08:01:19 [INFO]   ✓ 吴说区块链: 0 条
2026-10-05 08:01:19 [INFO]   ✓ Bloomberg Crypto: 0 条
2026-10-05 08:01:19 [INFO]   ✓ Reuters Crypto: 0 条
2026-10-05 08:01:19 [INFO]   ✓ CNBC Crypto: 0 条
2026-10-05 08:01:19 [INFO]   ✓ Reddit r/cryptocurrency: 0 条
2026-10-05 08:01:19 [INFO]   ✓ Reddit r/bitcoin: 0 条
2026-10-05 08:01:19 [INFO]   ✓ Crypto Twitter: 17 条
2026-10-05 08:01:19 [INFO]   ✓ 宏观经济: 4 条
2026-10-05 08:01:19 [INFO]   ✓ Binance公告: 20 条
2026-10-05 08:01:19 [INFO]   ✓ OKX公告: 0 条
2026-10-05 08:01:19 [INFO]   ✓ Bitget公告: 0 条
2026-10-05 08:01:19 [INFO]   ✓ Whale Alert: 0 条
2026-10-05 08:01:19 [INFO]   ✓ Fear & Greed Index: 1 条
2026-10-05 08:01:19 [INFO]   ✓ DeFi Llama: 0 条
2026-10-05 08:01:19 [INFO]   ✓ 雪球加密: 1 条
2026-10-05 08:01:19 [INFO] 📊 共抓取 55 条新闻
2026-10-05 08:01:19 [INFO] 📋 原始新闻已保存: reports/2026-10-05-16-raw.json (55 条)
2026-10-05 08:01:19 [INFO] 📋 标题摘要已保存: reports/2026-10-05-16-raw-titles.md
2026-10-05 08:01:19 [INFO] ✅ 抓取完成，共 55 条，已保存到 reports/2026-10-05-16-raw.json
2026-10-05 08:01:20 [INFO] 🤖 开始 AI 筛选 2026-10-05 16:00 币圈消息
2026-10-05 08:01:20 [INFO] 📋 已加载原始新闻: reports/2026-10-05-16-raw.json (55 条)
2026-10-05 08:01:20 [INFO] 📚 已加载历史新闻标题（23536 字符）
2026-10-05 08:01:20 [INFO] 📚 已加载历史筛选标题 0 条、URL 0 个，用于去重
2026-10-05 08:01:20 [INFO] 🔄 尝试 AI 提供商: deepseek
2026-10-05 08:01:20 [INFO] 🤖 使用 AI 提供商: deepseek (模型: deepseek-v4-flash)
2026-10-05 08:01:20 [INFO] 🤖 AI 筛选 [[deepseek] 1/6 策略=仅标题+链接 retry=0]（55 条，13891 字符，temp=0.3）
2026-10-05 08:01:20 [ERROR] AI 调用异常 ([deepseek] 1/6 策略=仅标题+链接 retry=0): Error code: 401 - {'error': {'message': 'Authentication Fails, Your api key: ****df0d is invalid (request_id: 6dd36baa-b17c-4edc-a50f-1395ece2636c)', 'type': 'authentication_error', 'param': None, 'code': 'invalid_request_error'}}
2026-10-05 08:01:20 [WARNING] [[deepseek] 1/6 策略=仅标题+链接 retry=0] AI 调用失败或解析失败，继续下一次尝试
2026-10-05 08:01:20 [INFO] 🤖 AI 筛选 [[deepseek] 2/6 策略=仅标题+链接 retry=1]（55 条，13891 字符，temp=0.3）
2026-10-05 08:01:21 [ERROR] AI 调用异常 ([deepseek] 2/6 策略=仅标题+链接 retry=1): Error code: 401 - {'error': {'message': 'Authentication Fails, Your api key: ****df0d is invalid (request_id: f470aa38-5d0f-4168-b976-68cd4354a465)', 'type': 'authentication_error', 'param': None, 'code': 'invalid_request_error'}}
2026-10-05 08:01:21 [WARNING] [[deepseek] 2/6 策略=仅标题+链接 retry=1] AI 调用失败或解析失败，继续下一次尝试
2026-10-05 08:01:21 [INFO] 🤖 AI 筛选 [[deepseek] 3/6 策略=仅标题+链接 retry=2]（55 条，13891 字符，temp=0.3）
2026-10-05 08:01:21 [ERROR] AI 调用异常 ([deepseek] 3/6 策略=仅标题+链接 retry=2): Error code: 401 - {'error': {'message': 'Authentication Fails, Your api key: ****df0d is invalid (request_id: d7815d95-2020-4b74-b216-dd744b4090d3)', 'type': 'authentication_error', 'param': None, 'code': 'invalid_request_error'}}
2026-10-05 08:01:21 [WARNING] [[deepseek] 3/6 策略=仅标题+链接 retry=2] AI 调用失败或解析失败，继续下一次尝试
2026-10-05 08:01:21 [INFO] 🤖 AI 筛选 [[deepseek] 4/6 策略=完整内容 retry=0]（55 条，19484 字符，temp=0.3）
2026-10-05 08:01:22 [ERROR] AI 调用异常 ([deepseek] 4/6 策略=完整内容 retry=0): Error code: 401 - {'error': {'message': 'Authentication Fails, Your api key: ****df0d is invalid (request_id: c62c553b-9e86-401c-ba22-36465653c5be)', 'type': 'authentication_error', 'param': None, 'code': 'invalid_request_error'}}
2026-10-05 08:01:22 [WARNING] [[deepseek] 4/6 策略=完整内容 retry=0] AI 调用失败或解析失败，继续下一次尝试
2026-10-05 08:01:22 [INFO] 🤖 AI 筛选 [[deepseek] 5/6 策略=完整内容 retry=1]（55 条，19484 字符，temp=0.3）
2026-10-05 08:01:22 [ERROR] AI 调用异常 ([deepseek] 5/6 策略=完整内容 retry=1): Error code: 401 - {'error': {'message': 'Authentication Fails, Your api key: ****df0d is invalid (request_id: 0b7ca0f3-9e38-441f-b7bf-5bc5462ec9f2)', 'type': 'authentication_error', 'param': None, 'code': 'invalid_request_error'}}
2026-10-05 08:01:22 [WARNING] [[deepseek] 5/6 策略=完整内容 retry=1] AI 调用失败或解析失败，继续下一次尝试
2026-10-05 08:01:22 [INFO] 🤖 AI 筛选 [[deepseek] 6/6 策略=仅标题（无历史） retry=0]（55 条，13891 字符，temp=0.3）
2026-10-05 08:01:23 [ERROR] AI 调用异常 ([deepseek] 6/6 策略=仅标题（无历史） retry=0): Error code: 401 - {'error': {'message': 'Authentication Fails, Your api key: ****df0d is invalid (request_id: 8f432451-a8e8-4c37-b7ed-25481523108a)', 'type': 'authentication_error', 'param': None, 'code': 'invalid_request_error'}}
2026-10-05 08:01:23 [WARNING] [[deepseek] 6/6 策略=仅标题（无历史） retry=0] AI 调用失败或解析失败，继续下一次尝试
2026-10-05 08:01:23 [WARNING] [deepseek] 已达最大尝试次数 6，停止
2026-10-05 08:01:23 [INFO] ⚠️ deepseek 未能产出满意结果，尝试下一个提供商
2026-10-05 08:01:23 [INFO] 🔄 尝试 AI 提供商: zhipu
2026-10-05 08:01:23 [ERROR] 未设置环境变量 ZHIPU_API_KEY，无法使用 zhipu
2026-10-05 08:01:23 [INFO] ⚠️ zhipu 未能产出满意结果，尝试下一个提供商
2026-10-05 08:01:23 [INFO] 🔄 尝试 AI 提供商: kimi
2026-10-05 08:01:23 [ERROR] 未设置环境变量 KIMI_API_KEY，无法使用 kimi
2026-10-05 08:01:23 [INFO] ⚠️ kimi 未能产出满意结果，尝试下一个提供商
2026-10-05 08:01:23 [INFO] 🔄 尝试 AI 提供商: huoshan
2026-10-05 08:01:23 [ERROR] 未设置环境变量 HUOSHAN_API_KEY，无法使用 huoshan
2026-10-05 08:01:23 [INFO] ⚠️ huoshan 未能产出满意结果，尝试下一个提供商
2026-10-05 08:01:23 [ERROR] ❌ 所有提供商均失败，返回空列表
2026-10-05 08:01:23 [INFO] 📦 JSON 已保存: reports/2026-10-05-16.json
2026-10-05 08:01:23 [INFO] ✅ AI 筛选完成，共 0 条交易相关消息
2026-10-05 09:01:04 [INFO] 🚀 开始抓取 2026-10-05 17:00 币圈新闻
2026-10-05 09:01:04 [INFO] 📡 抓取 RSS 新闻源...
2026-10-05 09:01:04 [INFO] 📡 抓取交易所公告 & 链上数据...
2026-10-05 09:01:04 [INFO]   ⏭ Decrypt: 过滤掉 50 条非近期新闻
2026-10-05 09:01:04 [INFO]   ⏭ The Block: 过滤掉 18 条非近期新闻
2026-10-05 09:01:04 [INFO]   ⏭ CoinTelegraph: 过滤掉 28 条非近期新闻
2026-10-05 09:01:05 [WARNING] 解析失败 Bitget公告: 'NoneType' object is not subscriptable
2026-10-05 09:01:05 [INFO]   ⏭ Bitcoin Magazine: 过滤掉 10 条非近期新闻
2026-10-05 09:01:05 [INFO]   ⏭ Bloomberg Crypto: 过滤掉 50 条非近期新闻
2026-10-05 09:01:05 [INFO]   ⏭ CoinDesk: 过滤掉 25 条非近期新闻
2026-10-05 09:01:05 [INFO]   ⏭ 宏观经济: 过滤掉 47 条非近期新闻
2026-10-05 09:01:05 [INFO]   ⏭ Reuters Crypto: 过滤掉 50 条非近期新闻
2026-10-05 09:01:05 [INFO]   ⏭ CNBC Crypto: 过滤掉 50 条非近期新闻
2026-10-05 09:01:05 [INFO]   ⏭ Reddit r/cryptocurrency: 过滤掉 25 条非近期新闻
2026-10-05 09:01:05 [INFO]   ⏭ Blockworks: 过滤掉 50 条非近期新闻
2026-10-05 09:01:05 [INFO]   ⏭ Decrypt: 过滤掉 50 条非近期新闻
2026-10-05 09:01:05 [INFO]   ⏭ DL News: 过滤掉 50 条非近期新闻
2026-10-05 09:01:05 [INFO]   ⏭ Bitcoin Magazine: 过滤掉 50 条非近期新闻
2026-10-05 09:01:05 [INFO]   ⏭ Blockworks: 过滤掉 3 条非近期新闻
2026-10-05 09:01:06 [INFO]   ⏭ CoinDesk: 过滤掉 50 条非近期新闻
2026-10-05 09:01:06 [INFO]   ⏭ DeFi Llama: 过滤掉 50 条非近期新闻
2026-10-05 09:01:06 [INFO]   ⏭ 吴说区块链: 过滤掉 45 条非近期新闻
2026-10-05 09:01:06 [INFO]   ⏭ 雪球加密: 过滤掉 50 条非近期新闻
2026-10-05 09:01:06 [INFO]   ⏭ Crypto Twitter: 过滤掉 36 条非近期新闻
2026-10-05 09:01:20 [DEBUG] 请求失败 https://rsshub.rssforever.com/jinse/lives: 
2026-10-05 09:01:20 [DEBUG] 请求失败 https://rsshub.rssforever.com/theblockbeats/newsflash: 
2026-10-05 09:01:20 [DEBUG] 请求失败 https://rsshub.rssforever.com/panewslab/news: 
2026-10-05 09:01:21 [INFO]   ⏭ 律动BlockBeats: 过滤掉 50 条非近期新闻
2026-10-05 09:01:21 [INFO]   ⏭ PANews: 过滤掉 50 条非近期新闻
2026-10-05 09:01:21 [INFO]   ✓ CoinDesk: 0 条
2026-10-05 09:01:21 [INFO]   ✓ The Block: 1 条
2026-10-05 09:01:21 [INFO]   ✓ Decrypt: 0 条
2026-10-05 09:01:21 [INFO]   ✓ CoinTelegraph: 2 条
2026-10-05 09:01:21 [INFO]   ✓ Bitcoin Magazine: 0 条
2026-10-05 09:01:21 [INFO]   ✓ Blockworks: 0 条
2026-10-05 09:01:21 [INFO]   ✓ DL News: 0 条
2026-10-05 09:01:21 [INFO]   ✓ 金色财经: 0 条
2026-10-05 09:01:21 [INFO]   ✓ PANews: 0 条
2026-10-05 09:01:21 [INFO]   ✓ 律动BlockBeats: 0 条
2026-10-05 09:01:21 [INFO]   ✓ 吴说区块链: 0 条
2026-10-05 09:01:21 [INFO]   ✓ Bloomberg Crypto: 0 条
2026-10-05 09:01:21 [INFO]   ✓ Reuters Crypto: 0 条
2026-10-05 09:01:21 [INFO]   ✓ CNBC Crypto: 0 条
2026-10-05 09:01:21 [INFO]   ✓ Reddit r/cryptocurrency: 0 条
2026-10-05 09:01:21 [INFO]   ✓ Reddit r/bitcoin: 0 条
2026-10-05 09:01:21 [INFO]   ✓ Crypto Twitter: 14 条
2026-10-05 09:01:21 [INFO]   ✓ 宏观经济: 3 条
2026-10-05 09:01:21 [INFO]   ✓ Binance公告: 20 条
2026-10-05 09:01:21 [INFO]   ✓ OKX公告: 0 条
2026-10-05 09:01:21 [INFO]   ✓ Bitget公告: 0 条
2026-10-05 09:01:21 [INFO]   ✓ Whale Alert: 0 条
2026-10-05 09:01:21 [INFO]   ✓ Fear & Greed Index: 1 条
2026-10-05 09:01:21 [INFO]   ✓ DeFi Llama: 0 条
2026-10-05 09:01:21 [INFO]   ✓ 雪球加密: 0 条
2026-10-05 09:01:21 [INFO] 📊 共抓取 41 条新闻
2026-10-05 09:01:21 [INFO] 📋 原始新闻已保存: reports/2026-10-05-17-raw.json (41 条)
2026-10-05 09:01:21 [INFO] 📋 标题摘要已保存: reports/2026-10-05-17-raw-titles.md
2026-10-05 09:01:21 [INFO] ✅ 抓取完成，共 41 条，已保存到 reports/2026-10-05-17-raw.json
2026-10-05 09:01:22 [INFO] 🤖 开始 AI 筛选 2026-10-05 17:00 币圈消息
2026-10-05 09:01:22 [INFO] 📋 已加载原始新闻: reports/2026-10-05-17-raw.json (41 条)
2026-10-05 09:01:22 [INFO] 📚 已加载历史新闻标题（24776 字符）
2026-10-05 09:01:22 [INFO] 📚 已加载历史筛选标题 0 条、URL 0 个，用于去重
2026-10-05 09:01:22 [INFO] 🔄 尝试 AI 提供商: deepseek
2026-10-05 09:01:22 [INFO] 🤖 使用 AI 提供商: deepseek (模型: deepseek-v4-flash)
2026-10-05 09:01:22 [INFO] 🤖 AI 筛选 [[deepseek] 1/6 策略=仅标题+链接 retry=0]（41 条，11119 字符，temp=0.3）
2026-10-05 09:01:22 [ERROR] AI 调用异常 ([deepseek] 1/6 策略=仅标题+链接 retry=0): Error code: 401 - {'error': {'message': 'Authentication Fails, Your api key: ****df0d is invalid (request_id: 6f809c80-928c-4fa8-8e97-c5eb2847652a)', 'type': 'authentication_error', 'param': None, 'code': 'invalid_request_error'}}
2026-10-05 09:01:22 [WARNING] [[deepseek] 1/6 策略=仅标题+链接 retry=0] AI 调用失败或解析失败，继续下一次尝试
2026-10-05 09:01:22 [INFO] 🤖 AI 筛选 [[deepseek] 2/6 策略=仅标题+链接 retry=1]（41 条，11119 字符，temp=0.3）
2026-10-05 09:01:23 [ERROR] AI 调用异常 ([deepseek] 2/6 策略=仅标题+链接 retry=1): Error code: 401 - {'error': {'message': 'Authentication Fails, Your api key: ****df0d is invalid (request_id: 9c25cb56-421f-487e-84bc-ec678ca63bcb)', 'type': 'authentication_error', 'param': None, 'code': 'invalid_request_error'}}
2026-10-05 09:01:23 [WARNING] [[deepseek] 2/6 策略=仅标题+链接 retry=1] AI 调用失败或解析失败，继续下一次尝试
2026-10-05 09:01:23 [INFO] 🤖 AI 筛选 [[deepseek] 3/6 策略=仅标题+链接 retry=2]（41 条，11119 字符，temp=0.3）
2026-10-05 09:01:23 [WARNING] ⏳ [deepseek] 3/6 策略=仅标题+链接 retry=2 服务过载 (429)，需要等待后重试
2026-10-05 09:01:23 [INFO] ⏳ 等待 45 秒后重试...
2026-10-05 09:02:08 [INFO] 🤖 AI 筛选 [[deepseek] 4/6 策略=完整内容 retry=0]（41 条，14958 字符，temp=0.3）
2026-10-05 09:02:09 [ERROR] AI 调用异常 ([deepseek] 4/6 策略=完整内容 retry=0): Error code: 401 - {'error': {'message': 'Authentication Fails, Your api key: ****df0d is invalid (request_id: 747e7cd9-09ad-4028-847c-4381994cb66f)', 'type': 'authentication_error', 'param': None, 'code': 'invalid_request_error'}}
2026-10-05 09:02:09 [WARNING] [[deepseek] 4/6 策略=完整内容 retry=0] AI 调用失败或解析失败，继续下一次尝试
2026-10-05 09:02:09 [INFO] 🤖 AI 筛选 [[deepseek] 5/6 策略=完整内容 retry=1]（41 条，14958 字符，temp=0.3）
2026-10-05 09:02:09 [ERROR] AI 调用异常 ([deepseek] 5/6 策略=完整内容 retry=1): Error code: 401 - {'error': {'message': 'Authentication Fails, Your api key: ****df0d is invalid (request_id: a4b54417-0f5c-46b2-ac2d-62af22dceec2)', 'type': 'authentication_error', 'param': None, 'code': 'invalid_request_error'}}
2026-10-05 09:02:09 [WARNING] [[deepseek] 5/6 策略=完整内容 retry=1] AI 调用失败或解析失败，继续下一次尝试
2026-10-05 09:02:09 [INFO] 🤖 AI 筛选 [[deepseek] 6/6 策略=仅标题（无历史） retry=0]（41 条，11119 字符，temp=0.3）
2026-10-05 09:02:09 [WARNING] ⏳ [deepseek] 6/6 策略=仅标题（无历史） retry=0 服务过载 (429)，需要等待后重试
2026-10-05 09:02:09 [INFO] ⏳ 等待 15 秒后重试...
2026-10-05 09:02:24 [WARNING] [deepseek] 已达最大尝试次数 6，停止
2026-10-05 09:02:24 [INFO] ⚠️ deepseek 未能产出满意结果，尝试下一个提供商
2026-10-05 09:02:24 [INFO] 🔄 尝试 AI 提供商: zhipu
2026-10-05 09:02:24 [ERROR] 未设置环境变量 ZHIPU_API_KEY，无法使用 zhipu
2026-10-05 09:02:24 [INFO] ⚠️ zhipu 未能产出满意结果，尝试下一个提供商
2026-10-05 09:02:24 [INFO] 🔄 尝试 AI 提供商: kimi
2026-10-05 09:02:24 [ERROR] 未设置环境变量 KIMI_API_KEY，无法使用 kimi
2026-10-05 09:02:24 [INFO] ⚠️ kimi 未能产出满意结果，尝试下一个提供商
2026-10-05 09:02:25 [INFO] 🔄 尝试 AI 提供商: huoshan
2026-10-05 09:02:25 [ERROR] 未设置环境变量 HUOSHAN_API_KEY，无法使用 huoshan
2026-10-05 09:02:25 [INFO] ⚠️ huoshan 未能产出满意结果，尝试下一个提供商
2026-10-05 09:02:25 [ERROR] ❌ 所有提供商均失败，返回空列表
2026-10-05 09:02:25 [INFO] 📦 JSON 已保存: reports/2026-10-05-17.json
2026-10-05 09:02:25 [INFO] ✅ AI 筛选完成，共 0 条交易相关消息
2026-10-05 10:00:57 [INFO] 🚀 开始抓取 2026-10-05 18:00 币圈新闻
2026-10-05 10:00:57 [INFO] 📡 抓取 RSS 新闻源...
2026-10-05 10:00:57 [INFO] 📡 抓取交易所公告 & 链上数据...
2026-10-05 10:00:58 [INFO]   ⏭ CoinTelegraph: 过滤掉 28 条非近期新闻
2026-10-05 10:00:58 [INFO]   ⏭ The Block: 过滤掉 18 条非近期新闻
2026-10-05 10:00:58 [INFO]   ⏭ Decrypt: 过滤掉 38 条非近期新闻
2026-10-05 10:00:58 [WARNING] 解析失败 Bitget公告: 'NoneType' object is not subscriptable
2026-10-05 10:00:58 [INFO]   ⏭ Reddit r/cryptocurrency: 过滤掉 24 条非近期新闻
2026-10-05 10:00:58 [INFO]   ⏭ Bloomberg Crypto: 过滤掉 50 条非近期新闻
2026-10-05 10:00:58 [INFO]   ⏭ Reuters Crypto: 过滤掉 50 条非近期新闻
2026-10-05 10:00:58 [INFO]   ⏭ 宏观经济: 过滤掉 49 条非近期新闻
2026-10-05 10:00:58 [INFO]   ⏭ CoinDesk: 过滤掉 23 条非近期新闻
2026-10-05 10:00:58 [INFO]   ⏭ Bitcoin Magazine: 过滤掉 10 条非近期新闻
2026-10-05 10:00:58 [INFO]   ⏭ CNBC Crypto: 过滤掉 50 条非近期新闻
2026-10-05 10:00:58 [INFO]   ⏭ DL News: 过滤掉 50 条非近期新闻
2026-10-05 10:00:58 [INFO]   ⏭ Blockworks: 过滤掉 50 条非近期新闻
2026-10-05 10:00:59 [INFO]   ⏭ Decrypt: 过滤掉 50 条非近期新闻
2026-10-05 10:00:59 [INFO]   ⏭ Bitcoin Magazine: 过滤掉 50 条非近期新闻
2026-10-05 10:00:59 [INFO]   ⏭ Blockworks: 过滤掉 3 条非近期新闻
2026-10-05 10:00:59 [INFO]   ⏭ 吴说区块链: 过滤掉 45 条非近期新闻
2026-10-05 10:00:59 [INFO]   ⏭ DeFi Llama: 过滤掉 50 条非近期新闻
2026-10-05 10:00:59 [INFO]   ⏭ 雪球加密: 过滤掉 47 条非近期新闻
2026-10-05 10:00:59 [INFO]   ⏭ Crypto Twitter: 过滤掉 36 条非近期新闻
2026-10-05 10:01:13 [DEBUG] 请求失败 https://rsshub.rssforever.com/jinse/lives: 
2026-10-05 10:01:13 [DEBUG] 请求失败 https://rsshub.rssforever.com/theblockbeats/newsflash: 
2026-10-05 10:01:13 [DEBUG] 请求失败 https://rsshub.rssforever.com/panewslab/news: 
2026-10-05 10:01:13 [DEBUG] 请求失败 https://rsshub.rssforever.com/bloomberg/crypto: 
2026-10-05 10:01:14 [INFO]   ⏭ 律动BlockBeats: 过滤掉 50 条非近期新闻
2026-10-05 10:01:14 [INFO]   ⏭ PANews: 过滤掉 50 条非近期新闻
2026-10-05 10:01:14 [INFO]   ✓ CoinDesk: 2 条
2026-10-05 10:01:14 [INFO]   ✓ The Block: 1 条
2026-10-05 10:01:14 [INFO]   ✓ Decrypt: 0 条
2026-10-05 10:01:14 [INFO]   ✓ CoinTelegraph: 2 条
2026-10-05 10:01:14 [INFO]   ✓ Bitcoin Magazine: 0 条
2026-10-05 10:01:14 [INFO]   ✓ Blockworks: 0 条
2026-10-05 10:01:14 [INFO]   ✓ DL News: 0 条
2026-10-05 10:01:14 [INFO]   ✓ 金色财经: 0 条
2026-10-05 10:01:14 [INFO]   ✓ PANews: 0 条
2026-10-05 10:01:14 [INFO]   ✓ 律动BlockBeats: 0 条
2026-10-05 10:01:14 [INFO]   ✓ 吴说区块链: 0 条
2026-10-05 10:01:14 [INFO]   ✓ Bloomberg Crypto: 0 条
2026-10-05 10:01:14 [INFO]   ✓ Reuters Crypto: 0 条
2026-10-05 10:01:14 [INFO]   ✓ CNBC Crypto: 0 条
2026-10-05 10:01:14 [INFO]   ✓ Reddit r/cryptocurrency: 1 条
2026-10-05 10:01:14 [INFO]   ✓ Reddit r/bitcoin: 0 条
2026-10-05 10:01:14 [INFO]   ✓ Crypto Twitter: 14 条
2026-10-05 10:01:14 [INFO]   ✓ 宏观经济: 1 条
2026-10-05 10:01:14 [INFO]   ✓ Binance公告: 20 条
2026-10-05 10:01:14 [INFO]   ✓ OKX公告: 0 条
2026-10-05 10:01:14 [INFO]   ✓ Bitget公告: 0 条
2026-10-05 10:01:14 [INFO]   ✓ Whale Alert: 0 条
2026-10-05 10:01:14 [INFO]   ✓ Fear & Greed Index: 1 条
2026-10-05 10:01:14 [INFO]   ✓ DeFi Llama: 0 条
2026-10-05 10:01:14 [INFO]   ✓ 雪球加密: 3 条
2026-10-05 10:01:14 [INFO] 📊 共抓取 45 条新闻
2026-10-05 10:01:14 [INFO] 📋 原始新闻已保存: reports/2026-10-05-18-raw.json (45 条)
2026-10-05 10:01:14 [INFO] 📋 标题摘要已保存: reports/2026-10-05-18-raw-titles.md
2026-10-05 10:01:14 [INFO] ✅ 抓取完成，共 45 条，已保存到 reports/2026-10-05-18-raw.json
2026-10-05 10:01:15 [INFO] 🤖 开始 AI 筛选 2026-10-05 18:00 币圈消息
2026-10-05 10:01:15 [INFO] 📋 已加载原始新闻: reports/2026-10-05-18-raw.json (45 条)
2026-10-05 10:01:15 [INFO] 📚 已加载历史新闻标题（24831 字符）
2026-10-05 10:01:15 [INFO] 📚 已加载历史筛选标题 0 条、URL 0 个，用于去重
2026-10-05 10:01:15 [INFO] 🔄 尝试 AI 提供商: deepseek
2026-10-05 10:01:15 [INFO] 🤖 使用 AI 提供商: deepseek (模型: deepseek-v4-flash)
2026-10-05 10:01:15 [INFO] 🤖 AI 筛选 [[deepseek] 1/6 策略=仅标题+链接 retry=0]（45 条，12423 字符，temp=0.3）
2026-10-05 10:01:15 [ERROR] AI 调用异常 ([deepseek] 1/6 策略=仅标题+链接 retry=0): Error code: 401 - {'error': {'message': 'Authentication Fails, Your api key: ****df0d is invalid (request_id: 94b4015e-eee3-48eb-9481-01d8fab705e5)', 'type': 'authentication_error', 'param': None, 'code': 'invalid_request_error'}}
2026-10-05 10:01:15 [WARNING] [[deepseek] 1/6 策略=仅标题+链接 retry=0] AI 调用失败或解析失败，继续下一次尝试
2026-10-05 10:01:15 [INFO] 🤖 AI 筛选 [[deepseek] 2/6 策略=仅标题+链接 retry=1]（45 条，12423 字符，temp=0.3）
2026-10-05 10:01:16 [ERROR] AI 调用异常 ([deepseek] 2/6 策略=仅标题+链接 retry=1): Error code: 401 - {'error': {'message': 'Authentication Fails, Your api key: ****df0d is invalid (request_id: cbab119a-8f86-4018-9871-943365345c48)', 'type': 'authentication_error', 'param': None, 'code': 'invalid_request_error'}}
2026-10-05 10:01:16 [WARNING] [[deepseek] 2/6 策略=仅标题+链接 retry=1] AI 调用失败或解析失败，继续下一次尝试
2026-10-05 10:01:16 [INFO] 🤖 AI 筛选 [[deepseek] 3/6 策略=仅标题+链接 retry=2]（45 条，12423 字符，temp=0.3）
2026-10-05 10:01:16 [ERROR] AI 调用异常 ([deepseek] 3/6 策略=仅标题+链接 retry=2): Error code: 401 - {'error': {'message': 'Authentication Fails, Your api key: ****df0d is invalid (request_id: 6154fe61-6da4-4f23-a7f1-99ed78cd4a60)', 'type': 'authentication_error', 'param': None, 'code': 'invalid_request_error'}}
2026-10-05 10:01:16 [WARNING] [[deepseek] 3/6 策略=仅标题+链接 retry=2] AI 调用失败或解析失败，继续下一次尝试
2026-10-05 10:01:16 [INFO] 🤖 AI 筛选 [[deepseek] 4/6 策略=完整内容 retry=0]（45 条，16449 字符，temp=0.3）
2026-10-05 10:01:17 [ERROR] AI 调用异常 ([deepseek] 4/6 策略=完整内容 retry=0): Error code: 401 - {'error': {'message': 'Authentication Fails, Your api key: ****df0d is invalid (request_id: 989613d6-071a-4c5e-bbde-584d2c5aee66)', 'type': 'authentication_error', 'param': None, 'code': 'invalid_request_error'}}
2026-10-05 10:01:17 [WARNING] [[deepseek] 4/6 策略=完整内容 retry=0] AI 调用失败或解析失败，继续下一次尝试
2026-10-05 10:01:17 [INFO] 🤖 AI 筛选 [[deepseek] 5/6 策略=完整内容 retry=1]（45 条，16449 字符，temp=0.3）
2026-10-05 10:01:17 [ERROR] AI 调用异常 ([deepseek] 5/6 策略=完整内容 retry=1): Error code: 401 - {'error': {'message': 'Authentication Fails, Your api key: ****df0d is invalid (request_id: 4ffd393e-716c-4c04-9f7f-887e064ee83a)', 'type': 'authentication_error', 'param': None, 'code': 'invalid_request_error'}}
2026-10-05 10:01:17 [WARNING] [[deepseek] 5/6 策略=完整内容 retry=1] AI 调用失败或解析失败，继续下一次尝试
2026-10-05 10:01:17 [INFO] 🤖 AI 筛选 [[deepseek] 6/6 策略=仅标题（无历史） retry=0]（45 条，12423 字符，temp=0.3）
2026-10-05 10:01:18 [ERROR] AI 调用异常 ([deepseek] 6/6 策略=仅标题（无历史） retry=0): Error code: 401 - {'error': {'message': 'Authentication Fails, Your api key: ****df0d is invalid (request_id: 6110b374-0d30-4e50-b92b-626998e8c85e)', 'type': 'authentication_error', 'param': None, 'code': 'invalid_request_error'}}
2026-10-05 10:01:18 [WARNING] [[deepseek] 6/6 策略=仅标题（无历史） retry=0] AI 调用失败或解析失败，继续下一次尝试
2026-10-05 10:01:18 [WARNING] [deepseek] 已达最大尝试次数 6，停止
2026-10-05 10:01:18 [INFO] ⚠️ deepseek 未能产出满意结果，尝试下一个提供商
2026-10-05 10:01:18 [INFO] 🔄 尝试 AI 提供商: zhipu
2026-10-05 10:01:18 [ERROR] 未设置环境变量 ZHIPU_API_KEY，无法使用 zhipu
2026-10-05 10:01:18 [INFO] ⚠️ zhipu 未能产出满意结果，尝试下一个提供商
2026-10-05 10:01:18 [INFO] 🔄 尝试 AI 提供商: kimi
2026-10-05 10:01:18 [ERROR] 未设置环境变量 KIMI_API_KEY，无法使用 kimi
2026-10-05 10:01:18 [INFO] ⚠️ kimi 未能产出满意结果，尝试下一个提供商
2026-10-05 10:01:18 [INFO] 🔄 尝试 AI 提供商: huoshan
2026-10-05 10:01:18 [ERROR] 未设置环境变量 HUOSHAN_API_KEY，无法使用 huoshan
2026-10-05 10:01:18 [INFO] ⚠️ huoshan 未能产出满意结果，尝试下一个提供商
2026-10-05 10:01:18 [ERROR] ❌ 所有提供商均失败，返回空列表
2026-10-05 10:01:18 [INFO] 📦 JSON 已保存: reports/2026-10-05-18.json
2026-10-05 10:01:18 [INFO] ✅ AI 筛选完成，共 0 条交易相关消息
