2026-09-06 16:00:50 [INFO] 🚀 开始抓取 2026-09-07 00:00 币圈新闻
2026-09-06 16:00:50 [INFO] 📡 抓取 RSS 新闻源...
2026-09-06 16:00:50 [INFO] 📡 抓取交易所公告 & 链上数据...
2026-09-06 16:00:50 [INFO]   ⏭ The Block: 过滤掉 20 条非近期新闻
2026-09-06 16:00:50 [INFO]   ⏭ Decrypt: 过滤掉 36 条非近期新闻
2026-09-06 16:00:51 [INFO]   ⏭ CoinTelegraph: 过滤掉 30 条非近期新闻
2026-09-06 16:00:51 [INFO]   ⏭ Bloomberg Crypto: 过滤掉 50 条非近期新闻
2026-09-06 16:00:51 [WARNING] 解析失败 Bitget公告: 'NoneType' object is not subscriptable
2026-09-06 16:00:51 [INFO]   ⏭ Reuters Crypto: 过滤掉 50 条非近期新闻
2026-09-06 16:00:51 [INFO]   ⏭ 宏观经济: 过滤掉 50 条非近期新闻
2026-09-06 16:00:51 [INFO]   ⏭ CoinDesk: 过滤掉 24 条非近期新闻
2026-09-06 16:00:51 [INFO]   ⏭ Bitcoin Magazine: 过滤掉 10 条非近期新闻
2026-09-06 16:00:51 [INFO]   ⏭ CNBC Crypto: 过滤掉 49 条非近期新闻
2026-09-06 16:00:51 [INFO]   ⏭ Blockworks: 过滤掉 50 条非近期新闻
2026-09-06 16:00:51 [INFO]   ⏭ 宏观经济: 过滤掉 50 条非近期新闻
2026-09-06 16:00:51 [INFO]   ⏭ Blockworks: 过滤掉 6 条非近期新闻
2026-09-06 16:00:51 [INFO]   ⏭ The Block: 过滤掉 50 条非近期新闻
2026-09-06 16:00:51 [INFO]   ⏭ DL News: 过滤掉 50 条非近期新闻
2026-09-06 16:00:51 [INFO]   ⏭ Bitcoin Magazine: 过滤掉 50 条非近期新闻
2026-09-06 16:00:52 [INFO]   ⏭ Reddit r/cryptocurrency: 过滤掉 19 条非近期新闻
2026-09-06 16:00:52 [INFO]   ⏭ Crypto Twitter: 过滤掉 44 条非近期新闻
2026-09-06 16:00:52 [INFO]   ⏭ 吴说区块链: 过滤掉 36 条非近期新闻
2026-09-06 16:00:52 [INFO]   ⏭ DeFi Llama: 过滤掉 50 条非近期新闻
2026-09-06 16:00:52 [INFO]   ⏭ 雪球加密: 过滤掉 49 条非近期新闻
2026-09-06 16:01:06 [DEBUG] 请求失败 https://rsshub.rssforever.com/cointelegraph: 
2026-09-06 16:01:06 [DEBUG] 请求失败 https://rsshub.rssforever.com/bloomberg/crypto: 
2026-09-06 16:01:07 [DEBUG] 请求失败 https://rsshub.rssforever.com/panewslab/news: 
2026-09-06 16:01:07 [DEBUG] 请求失败 https://rsshub.rssforever.com/jinse/lives: 
2026-09-06 16:01:07 [DEBUG] 请求失败 https://rsshub.rssforever.com/theblockbeats/newsflash: 
2026-09-06 16:01:07 [INFO]   ⏭ CoinTelegraph: 过滤掉 50 条非近期新闻
2026-09-06 16:01:07 [INFO]   ⏭ PANews: 过滤掉 50 条非近期新闻
2026-09-06 16:01:07 [INFO]   ⏭ 律动BlockBeats: 过滤掉 50 条非近期新闻
2026-09-06 16:01:07 [INFO]   ✓ CoinDesk: 1 条
2026-09-06 16:01:07 [INFO]   ✓ The Block: 0 条
2026-09-06 16:01:07 [INFO]   ✓ Decrypt: 1 条
2026-09-06 16:01:07 [INFO]   ✓ CoinTelegraph: 0 条
2026-09-06 16:01:07 [INFO]   ✓ Bitcoin Magazine: 0 条
2026-09-06 16:01:07 [INFO]   ✓ Blockworks: 0 条
2026-09-06 16:01:07 [INFO]   ✓ DL News: 0 条
2026-09-06 16:01:07 [INFO]   ✓ 金色财经: 0 条
2026-09-06 16:01:07 [INFO]   ✓ PANews: 0 条
2026-09-06 16:01:07 [INFO]   ✓ 律动BlockBeats: 0 条
2026-09-06 16:01:07 [INFO]   ✓ 吴说区块链: 0 条
2026-09-06 16:01:07 [INFO]   ✓ Bloomberg Crypto: 0 条
2026-09-06 16:01:07 [INFO]   ✓ Reuters Crypto: 0 条
2026-09-06 16:01:07 [INFO]   ✓ CNBC Crypto: 1 条
2026-09-06 16:01:07 [INFO]   ✓ Reddit r/cryptocurrency: 6 条
2026-09-06 16:01:07 [INFO]   ✓ Reddit r/bitcoin: 0 条
2026-09-06 16:01:07 [INFO]   ✓ Crypto Twitter: 6 条
2026-09-06 16:01:07 [INFO]   ✓ 宏观经济: 0 条
2026-09-06 16:01:07 [INFO]   ✓ Binance公告: 20 条
2026-09-06 16:01:07 [INFO]   ✓ OKX公告: 0 条
2026-09-06 16:01:07 [INFO]   ✓ Bitget公告: 0 条
2026-09-06 16:01:07 [INFO]   ✓ Whale Alert: 0 条
2026-09-06 16:01:07 [INFO]   ✓ Fear & Greed Index: 1 条
2026-09-06 16:01:07 [INFO]   ✓ DeFi Llama: 0 条
2026-09-06 16:01:07 [INFO]   ✓ 雪球加密: 1 条
2026-09-06 16:01:07 [INFO] 📊 共抓取 37 条新闻
2026-09-06 16:01:07 [INFO] 📋 原始新闻已保存: reports/2026-09-07-00-raw.json (37 条)
2026-09-06 16:01:07 [INFO] 📋 标题摘要已保存: reports/2026-09-07-00-raw-titles.md
2026-09-06 16:01:07 [INFO] ✅ 抓取完成，共 37 条，已保存到 reports/2026-09-07-00-raw.json
2026-09-06 16:01:08 [INFO] 🤖 开始 AI 筛选 2026-09-07 00:00 币圈消息
2026-09-06 16:01:08 [INFO] 📋 已加载原始新闻: reports/2026-09-07-00-raw.json (37 条)
2026-09-06 16:01:08 [INFO] 📚 已加载历史新闻标题（19296 字符）
2026-09-06 16:01:08 [INFO] 📚 已加载历史筛选标题 0 条、URL 0 个，用于去重
2026-09-06 16:01:08 [INFO] 🔄 尝试 AI 提供商: deepseek
2026-09-06 16:01:08 [INFO] 🤖 使用 AI 提供商: deepseek (模型: deepseek-v4-flash)
2026-09-06 16:01:08 [INFO] 🤖 AI 筛选 [[deepseek] 1/6 策略=仅标题+链接 retry=0]（37 条，8318 字符，temp=0.3）
2026-09-06 16:01:08 [ERROR] AI 调用异常 ([deepseek] 1/6 策略=仅标题+链接 retry=0): Error code: 401 - {'error': {'message': 'Authentication Fails, Your api key: ****df0d is invalid', 'type': 'authentication_error', 'param': None, 'code': 'invalid_request_error'}}
2026-09-06 16:01:08 [WARNING] [[deepseek] 1/6 策略=仅标题+链接 retry=0] AI 调用失败或解析失败，继续下一次尝试
2026-09-06 16:01:08 [INFO] 🤖 AI 筛选 [[deepseek] 2/6 策略=仅标题+链接 retry=1]（37 条，8318 字符，temp=0.3）
2026-09-06 16:01:09 [ERROR] AI 调用异常 ([deepseek] 2/6 策略=仅标题+链接 retry=1): Error code: 401 - {'error': {'message': 'Authentication Fails, Your api key: ****df0d is invalid', 'type': 'authentication_error', 'param': None, 'code': 'invalid_request_error'}}
2026-09-06 16:01:09 [WARNING] [[deepseek] 2/6 策略=仅标题+链接 retry=1] AI 调用失败或解析失败，继续下一次尝试
2026-09-06 16:01:09 [INFO] 🤖 AI 筛选 [[deepseek] 3/6 策略=仅标题+链接 retry=2]（37 条，8318 字符，temp=0.3）
2026-09-06 16:01:09 [ERROR] AI 调用异常 ([deepseek] 3/6 策略=仅标题+链接 retry=2): Error code: 401 - {'error': {'message': 'Authentication Fails, Your api key: ****df0d is invalid', 'type': 'authentication_error', 'param': None, 'code': 'invalid_request_error'}}
2026-09-06 16:01:09 [WARNING] [[deepseek] 3/6 策略=仅标题+链接 retry=2] AI 调用失败或解析失败，继续下一次尝试
2026-09-06 16:01:09 [INFO] 🤖 AI 筛选 [[deepseek] 4/6 策略=完整内容 retry=0]（37 条，11723 字符，temp=0.3）
2026-09-06 16:01:10 [ERROR] AI 调用异常 ([deepseek] 4/6 策略=完整内容 retry=0): Error code: 401 - {'error': {'message': 'Authentication Fails, Your api key: ****df0d is invalid', 'type': 'authentication_error', 'param': None, 'code': 'invalid_request_error'}}
2026-09-06 16:01:10 [WARNING] [[deepseek] 4/6 策略=完整内容 retry=0] AI 调用失败或解析失败，继续下一次尝试
2026-09-06 16:01:10 [INFO] 🤖 AI 筛选 [[deepseek] 5/6 策略=完整内容 retry=1]（37 条，11723 字符，temp=0.3）
2026-09-06 16:01:10 [ERROR] AI 调用异常 ([deepseek] 5/6 策略=完整内容 retry=1): Error code: 401 - {'error': {'message': 'Authentication Fails, Your api key: ****df0d is invalid', 'type': 'authentication_error', 'param': None, 'code': 'invalid_request_error'}}
2026-09-06 16:01:10 [WARNING] [[deepseek] 5/6 策略=完整内容 retry=1] AI 调用失败或解析失败，继续下一次尝试
2026-09-06 16:01:10 [INFO] 🤖 AI 筛选 [[deepseek] 6/6 策略=仅标题（无历史） retry=0]（37 条，8318 字符，temp=0.3）
2026-09-06 16:01:10 [ERROR] AI 调用异常 ([deepseek] 6/6 策略=仅标题（无历史） retry=0): Error code: 401 - {'error': {'message': 'Authentication Fails, Your api key: ****df0d is invalid', 'type': 'authentication_error', 'param': None, 'code': 'invalid_request_error'}}
2026-09-06 16:01:10 [WARNING] [[deepseek] 6/6 策略=仅标题（无历史） retry=0] AI 调用失败或解析失败，继续下一次尝试
2026-09-06 16:01:10 [WARNING] [deepseek] 已达最大尝试次数 6，停止
2026-09-06 16:01:10 [INFO] ⚠️ deepseek 未能产出满意结果，尝试下一个提供商
2026-09-06 16:01:10 [INFO] 🔄 尝试 AI 提供商: zhipu
2026-09-06 16:01:10 [ERROR] 未设置环境变量 ZHIPU_API_KEY，无法使用 zhipu
2026-09-06 16:01:10 [INFO] ⚠️ zhipu 未能产出满意结果，尝试下一个提供商
2026-09-06 16:01:10 [INFO] 🔄 尝试 AI 提供商: kimi
2026-09-06 16:01:10 [ERROR] 未设置环境变量 KIMI_API_KEY，无法使用 kimi
2026-09-06 16:01:10 [INFO] ⚠️ kimi 未能产出满意结果，尝试下一个提供商
2026-09-06 16:01:10 [INFO] 🔄 尝试 AI 提供商: huoshan
2026-09-06 16:01:10 [ERROR] 未设置环境变量 HUOSHAN_API_KEY，无法使用 huoshan
2026-09-06 16:01:10 [INFO] ⚠️ huoshan 未能产出满意结果，尝试下一个提供商
2026-09-06 16:01:10 [ERROR] ❌ 所有提供商均失败，返回空列表
2026-09-06 16:01:10 [INFO] 📦 JSON 已保存: reports/2026-09-07-00.json
2026-09-06 16:01:10 [INFO] ✅ AI 筛选完成，共 0 条交易相关消息
2026-09-06 17:00:48 [INFO] 🚀 开始抓取 2026-09-07 01:00 币圈新闻
2026-09-06 17:00:48 [INFO] 📡 抓取 RSS 新闻源...
2026-09-06 17:00:48 [INFO] 📡 抓取交易所公告 & 链上数据...
2026-09-06 17:00:48 [INFO]   ⏭ Decrypt: 过滤掉 35 条非近期新闻
2026-09-06 17:00:48 [INFO]   ⏭ The Block: 过滤掉 20 条非近期新闻
2026-09-06 17:00:48 [INFO]   ⏭ CoinTelegraph: 过滤掉 30 条非近期新闻
2026-09-06 17:00:49 [WARNING] 解析失败 Bitget公告: 'NoneType' object is not subscriptable
2026-09-06 17:00:49 [INFO]   ⏭ Reuters Crypto: 过滤掉 50 条非近期新闻
2026-09-06 17:00:49 [INFO]   ⏭ Bloomberg Crypto: 过滤掉 50 条非近期新闻
2026-09-06 17:00:49 [INFO]   ⏭ 宏观经济: 过滤掉 50 条非近期新闻
2026-09-06 17:00:49 [INFO]   ⏭ Reddit r/cryptocurrency: 过滤掉 21 条非近期新闻
2026-09-06 17:00:49 [INFO]   ⏭ CNBC Crypto: 过滤掉 49 条非近期新闻
2026-09-06 17:00:49 [INFO]   ⏭ CoinDesk: 过滤掉 24 条非近期新闻
2026-09-06 17:00:49 [INFO]   ⏭ Bitcoin Magazine: 过滤掉 10 条非近期新闻
2026-09-06 17:00:49 [INFO]   ⏭ 宏观经济: 过滤掉 50 条非近期新闻
2026-09-06 17:00:49 [INFO]   ⏭ Blockworks: 过滤掉 50 条非近期新闻
2026-09-06 17:00:49 [INFO]   ⏭ DL News: 过滤掉 50 条非近期新闻
2026-09-06 17:00:49 [INFO]   ⏭ Blockworks: 过滤掉 6 条非近期新闻
2026-09-06 17:00:50 [INFO]   ⏭ 吴说区块链: 过滤掉 36 条非近期新闻
2026-09-06 17:00:50 [INFO]   ⏭ The Block: 过滤掉 50 条非近期新闻
2026-09-06 17:00:50 [INFO]   ⏭ Bitcoin Magazine: 过滤掉 50 条非近期新闻
2026-09-06 17:00:50 [INFO]   ⏭ DeFi Llama: 过滤掉 50 条非近期新闻
2026-09-06 17:00:50 [INFO]   ⏭ 雪球加密: 过滤掉 50 条非近期新闻
2026-09-06 17:00:50 [INFO]   ⏭ Crypto Twitter: 过滤掉 40 条非近期新闻
2026-09-06 17:01:04 [DEBUG] 请求失败 https://rsshub.rssforever.com/panewslab/news: 
2026-09-06 17:01:04 [DEBUG] 请求失败 https://rsshub.rssforever.com/jinse/lives: 
2026-09-06 17:01:04 [DEBUG] 请求失败 https://rsshub.rssforever.com/cointelegraph: 
2026-09-06 17:01:04 [DEBUG] 请求失败 https://rsshub.rssforever.com/bloomberg/crypto: 
2026-09-06 17:01:04 [DEBUG] 请求失败 https://rsshub.rssforever.com/theblockbeats/newsflash: 
2026-09-06 17:01:05 [INFO]   ⏭ CoinTelegraph: 过滤掉 50 条非近期新闻
2026-09-06 17:01:05 [INFO]   ⏭ 律动BlockBeats: 过滤掉 49 条非近期新闻
2026-09-06 17:01:05 [INFO]   ⏭ PANews: 过滤掉 50 条非近期新闻
2026-09-06 17:01:05 [INFO]   ✓ CoinDesk: 1 条
2026-09-06 17:01:05 [INFO]   ✓ The Block: 0 条
2026-09-06 17:01:05 [INFO]   ✓ Decrypt: 2 条
2026-09-06 17:01:05 [INFO]   ✓ CoinTelegraph: 0 条
2026-09-06 17:01:05 [INFO]   ✓ Bitcoin Magazine: 0 条
2026-09-06 17:01:05 [INFO]   ✓ Blockworks: 0 条
2026-09-06 17:01:05 [INFO]   ✓ DL News: 0 条
2026-09-06 17:01:05 [INFO]   ✓ 金色财经: 0 条
2026-09-06 17:01:05 [INFO]   ✓ PANews: 0 条
2026-09-06 17:01:05 [INFO]   ✓ 律动BlockBeats: 1 条
2026-09-06 17:01:05 [INFO]   ✓ 吴说区块链: 0 条
2026-09-06 17:01:05 [INFO]   ✓ Bloomberg Crypto: 0 条
2026-09-06 17:01:05 [INFO]   ✓ Reuters Crypto: 0 条
2026-09-06 17:01:05 [INFO]   ✓ CNBC Crypto: 1 条
2026-09-06 17:01:05 [INFO]   ✓ Reddit r/cryptocurrency: 4 条
2026-09-06 17:01:05 [INFO]   ✓ Reddit r/bitcoin: 0 条
2026-09-06 17:01:05 [INFO]   ✓ Crypto Twitter: 10 条
2026-09-06 17:01:05 [INFO]   ✓ 宏观经济: 0 条
2026-09-06 17:01:05 [INFO]   ✓ Binance公告: 20 条
2026-09-06 17:01:05 [INFO]   ✓ OKX公告: 0 条
2026-09-06 17:01:05 [INFO]   ✓ Bitget公告: 0 条
2026-09-06 17:01:05 [INFO]   ✓ Whale Alert: 0 条
2026-09-06 17:01:05 [INFO]   ✓ Fear & Greed Index: 1 条
2026-09-06 17:01:05 [INFO]   ✓ DeFi Llama: 0 条
2026-09-06 17:01:05 [INFO]   ✓ 雪球加密: 0 条
2026-09-06 17:01:05 [INFO] 📊 共抓取 40 条新闻
2026-09-06 17:01:05 [INFO] 📋 原始新闻已保存: reports/2026-09-07-01-raw.json (40 条)
2026-09-06 17:01:05 [INFO] 📋 标题摘要已保存: reports/2026-09-07-01-raw-titles.md
2026-09-06 17:01:05 [INFO] ✅ 抓取完成，共 40 条，已保存到 reports/2026-09-07-01-raw.json
2026-09-06 17:01:06 [INFO] 🤖 开始 AI 筛选 2026-09-07 01:00 币圈消息
2026-09-06 17:01:06 [INFO] 📋 已加载原始新闻: reports/2026-09-07-01-raw.json (40 条)
2026-09-06 17:01:06 [INFO] 📚 已加载历史新闻标题（20251 字符）
2026-09-06 17:01:06 [INFO] 📚 已加载历史筛选标题 0 条、URL 0 个，用于去重
2026-09-06 17:01:06 [INFO] 🔄 尝试 AI 提供商: deepseek
2026-09-06 17:01:06 [INFO] 🤖 使用 AI 提供商: deepseek (模型: deepseek-v4-flash)
2026-09-06 17:01:06 [INFO] 🤖 AI 筛选 [[deepseek] 1/6 策略=仅标题+链接 retry=0]（40 条，9882 字符，temp=0.3）
2026-09-06 17:01:06 [ERROR] AI 调用异常 ([deepseek] 1/6 策略=仅标题+链接 retry=0): Error code: 401 - {'error': {'message': 'Authentication Fails, Your api key: ****df0d is invalid', 'type': 'authentication_error', 'param': None, 'code': 'invalid_request_error'}}
2026-09-06 17:01:06 [WARNING] [[deepseek] 1/6 策略=仅标题+链接 retry=0] AI 调用失败或解析失败，继续下一次尝试
2026-09-06 17:01:06 [INFO] 🤖 AI 筛选 [[deepseek] 2/6 策略=仅标题+链接 retry=1]（40 条，9882 字符，temp=0.3）
2026-09-06 17:01:07 [ERROR] AI 调用异常 ([deepseek] 2/6 策略=仅标题+链接 retry=1): Error code: 401 - {'error': {'message': 'Authentication Fails, Your api key: ****df0d is invalid', 'type': 'authentication_error', 'param': None, 'code': 'invalid_request_error'}}
2026-09-06 17:01:07 [WARNING] [[deepseek] 2/6 策略=仅标题+链接 retry=1] AI 调用失败或解析失败，继续下一次尝试
2026-09-06 17:01:07 [INFO] 🤖 AI 筛选 [[deepseek] 3/6 策略=仅标题+链接 retry=2]（40 条，9882 字符，temp=0.3）
2026-09-06 17:01:07 [ERROR] AI 调用异常 ([deepseek] 3/6 策略=仅标题+链接 retry=2): Error code: 401 - {'error': {'message': 'Authentication Fails, Your api key: ****df0d is invalid', 'type': 'authentication_error', 'param': None, 'code': 'invalid_request_error'}}
2026-09-06 17:01:07 [WARNING] [[deepseek] 3/6 策略=仅标题+链接 retry=2] AI 调用失败或解析失败，继续下一次尝试
2026-09-06 17:01:07 [INFO] 🤖 AI 筛选 [[deepseek] 4/6 策略=完整内容 retry=0]（40 条，13858 字符，temp=0.3）
2026-09-06 17:01:08 [ERROR] AI 调用异常 ([deepseek] 4/6 策略=完整内容 retry=0): Error code: 401 - {'error': {'message': 'Authentication Fails, Your api key: ****df0d is invalid', 'type': 'authentication_error', 'param': None, 'code': 'invalid_request_error'}}
2026-09-06 17:01:08 [WARNING] [[deepseek] 4/6 策略=完整内容 retry=0] AI 调用失败或解析失败，继续下一次尝试
2026-09-06 17:01:08 [INFO] 🤖 AI 筛选 [[deepseek] 5/6 策略=完整内容 retry=1]（40 条，13858 字符，temp=0.3）
2026-09-06 17:01:08 [ERROR] AI 调用异常 ([deepseek] 5/6 策略=完整内容 retry=1): Error code: 401 - {'error': {'message': 'Authentication Fails, Your api key: ****df0d is invalid', 'type': 'authentication_error', 'param': None, 'code': 'invalid_request_error'}}
2026-09-06 17:01:08 [WARNING] [[deepseek] 5/6 策略=完整内容 retry=1] AI 调用失败或解析失败，继续下一次尝试
2026-09-06 17:01:08 [INFO] 🤖 AI 筛选 [[deepseek] 6/6 策略=仅标题（无历史） retry=0]（40 条，9882 字符，temp=0.3）
2026-09-06 17:01:08 [ERROR] AI 调用异常 ([deepseek] 6/6 策略=仅标题（无历史） retry=0): Error code: 401 - {'error': {'message': 'Authentication Fails, Your api key: ****df0d is invalid', 'type': 'authentication_error', 'param': None, 'code': 'invalid_request_error'}}
2026-09-06 17:01:08 [WARNING] [[deepseek] 6/6 策略=仅标题（无历史） retry=0] AI 调用失败或解析失败，继续下一次尝试
2026-09-06 17:01:08 [WARNING] [deepseek] 已达最大尝试次数 6，停止
2026-09-06 17:01:08 [INFO] ⚠️ deepseek 未能产出满意结果，尝试下一个提供商
2026-09-06 17:01:08 [INFO] 🔄 尝试 AI 提供商: zhipu
2026-09-06 17:01:08 [ERROR] 未设置环境变量 ZHIPU_API_KEY，无法使用 zhipu
2026-09-06 17:01:08 [INFO] ⚠️ zhipu 未能产出满意结果，尝试下一个提供商
2026-09-06 17:01:08 [INFO] 🔄 尝试 AI 提供商: kimi
2026-09-06 17:01:08 [ERROR] 未设置环境变量 KIMI_API_KEY，无法使用 kimi
2026-09-06 17:01:08 [INFO] ⚠️ kimi 未能产出满意结果，尝试下一个提供商
2026-09-06 17:01:08 [INFO] 🔄 尝试 AI 提供商: huoshan
2026-09-06 17:01:08 [ERROR] 未设置环境变量 HUOSHAN_API_KEY，无法使用 huoshan
2026-09-06 17:01:08 [INFO] ⚠️ huoshan 未能产出满意结果，尝试下一个提供商
2026-09-06 17:01:08 [ERROR] ❌ 所有提供商均失败，返回空列表
2026-09-06 17:01:08 [INFO] 📦 JSON 已保存: reports/2026-09-07-01.json
2026-09-06 17:01:08 [INFO] ✅ AI 筛选完成，共 0 条交易相关消息
2026-09-06 18:00:45 [INFO] 🚀 开始抓取 2026-09-07 02:00 币圈新闻
2026-09-06 18:00:45 [INFO] 📡 抓取 RSS 新闻源...
2026-09-06 18:00:45 [INFO] 📡 抓取交易所公告 & 链上数据...
2026-09-06 18:00:45 [INFO]   ⏭ CoinTelegraph: 过滤掉 30 条非近期新闻
2026-09-06 18:00:45 [INFO]   ⏭ Decrypt: 过滤掉 35 条非近期新闻
2026-09-06 18:00:45 [INFO]   ⏭ The Block: 过滤掉 20 条非近期新闻
2026-09-06 18:00:45 [WARNING] 解析失败 Bitget公告: 'NoneType' object is not subscriptable
2026-09-06 18:00:46 [INFO]   ⏭ Bitcoin Magazine: 过滤掉 10 条非近期新闻
2026-09-06 18:00:46 [INFO]   ⏭ CoinDesk: 过滤掉 25 条非近期新闻
2026-09-06 18:00:46 [INFO]   ⏭ Bloomberg Crypto: 过滤掉 50 条非近期新闻
2026-09-06 18:00:46 [INFO]   ⏭ Reuters Crypto: 过滤掉 50 条非近期新闻
2026-09-06 18:00:46 [INFO]   ⏭ CNBC Crypto: 过滤掉 50 条非近期新闻
2026-09-06 18:00:46 [INFO]   ⏭ Blockworks: 过滤掉 50 条非近期新闻
2026-09-06 18:00:46 [INFO]   ⏭ 宏观经济: 过滤掉 50 条非近期新闻
2026-09-06 18:00:46 [INFO]   ⏭ Reddit r/cryptocurrency: 过滤掉 19 条非近期新闻
2026-09-06 18:00:46 [INFO]   ⏭ DL News: 过滤掉 50 条非近期新闻
2026-09-06 18:00:46 [INFO]   ⏭ Blockworks: 过滤掉 4 条非近期新闻
2026-09-06 18:00:46 [INFO]   ⏭ 宏观经济: 过滤掉 50 条非近期新闻
2026-09-06 18:00:46 [INFO]   ⏭ Bitcoin Magazine: 过滤掉 50 条非近期新闻
2026-09-06 18:00:47 [INFO]   ⏭ The Block: 过滤掉 50 条非近期新闻
2026-09-06 18:00:47 [INFO]   ⏭ 吴说区块链: 过滤掉 40 条非近期新闻
2026-09-06 18:00:47 [INFO]   ⏭ 雪球加密: 过滤掉 50 条非近期新闻
2026-09-06 18:00:47 [INFO]   ⏭ CoinDesk: 过滤掉 50 条非近期新闻
2026-09-06 18:00:47 [INFO]   ⏭ DeFi Llama: 过滤掉 50 条非近期新闻
2026-09-06 18:00:47 [INFO]   ⏭ Crypto Twitter: 过滤掉 41 条非近期新闻
2026-09-06 18:01:01 [DEBUG] 请求失败 https://rsshub.rssforever.com/theblockbeats/newsflash: 
2026-09-06 18:01:01 [DEBUG] 请求失败 https://rsshub.rssforever.com/panewslab/news: 
2026-09-06 18:01:01 [DEBUG] 请求失败 https://rsshub.rssforever.com/jinse/lives: 
2026-09-06 18:01:01 [DEBUG] 请求失败 https://rsshub.rssforever.com/cointelegraph: 
2026-09-06 18:01:01 [DEBUG] 请求失败 https://rsshub.rssforever.com/bloomberg/crypto: 
2026-09-06 18:01:02 [INFO]   ⏭ PANews: 过滤掉 50 条非近期新闻
2026-09-06 18:01:02 [INFO]   ⏭ CoinTelegraph: 过滤掉 50 条非近期新闻
2026-09-06 18:01:02 [INFO]   ⏭ 律动BlockBeats: 过滤掉 50 条非近期新闻
2026-09-06 18:01:02 [INFO]   ✓ CoinDesk: 0 条
2026-09-06 18:01:02 [INFO]   ✓ The Block: 0 条
2026-09-06 18:01:02 [INFO]   ✓ Decrypt: 2 条
2026-09-06 18:01:02 [INFO]   ✓ CoinTelegraph: 0 条
2026-09-06 18:01:02 [INFO]   ✓ Bitcoin Magazine: 0 条
2026-09-06 18:01:02 [INFO]   ✓ Blockworks: 0 条
2026-09-06 18:01:02 [INFO]   ✓ DL News: 0 条
2026-09-06 18:01:02 [INFO]   ✓ 金色财经: 0 条
2026-09-06 18:01:02 [INFO]   ✓ PANews: 0 条
2026-09-06 18:01:02 [INFO]   ✓ 律动BlockBeats: 0 条
2026-09-06 18:01:02 [INFO]   ✓ 吴说区块链: 0 条
2026-09-06 18:01:02 [INFO]   ✓ Bloomberg Crypto: 0 条
2026-09-06 18:01:02 [INFO]   ✓ Reuters Crypto: 0 条
2026-09-06 18:01:02 [INFO]   ✓ CNBC Crypto: 0 条
2026-09-06 18:01:02 [INFO]   ✓ Reddit r/cryptocurrency: 6 条
2026-09-06 18:01:02 [INFO]   ✓ Reddit r/bitcoin: 0 条
2026-09-06 18:01:02 [INFO]   ✓ Crypto Twitter: 9 条
2026-09-06 18:01:02 [INFO]   ✓ 宏观经济: 0 条
2026-09-06 18:01:02 [INFO]   ✓ Binance公告: 20 条
2026-09-06 18:01:02 [INFO]   ✓ OKX公告: 0 条
2026-09-06 18:01:02 [INFO]   ✓ Bitget公告: 0 条
2026-09-06 18:01:02 [INFO]   ✓ Whale Alert: 0 条
2026-09-06 18:01:02 [INFO]   ✓ Fear & Greed Index: 1 条
2026-09-06 18:01:02 [INFO]   ✓ DeFi Llama: 0 条
2026-09-06 18:01:02 [INFO]   ✓ 雪球加密: 0 条
2026-09-06 18:01:02 [INFO] 📊 共抓取 38 条新闻
2026-09-06 18:01:02 [INFO] 📋 原始新闻已保存: reports/2026-09-07-02-raw.json (38 条)
2026-09-06 18:01:02 [INFO] 📋 标题摘要已保存: reports/2026-09-07-02-raw-titles.md
2026-09-06 18:01:02 [INFO] ✅ 抓取完成，共 38 条，已保存到 reports/2026-09-07-02-raw.json
2026-09-06 18:01:03 [INFO] 🤖 开始 AI 筛选 2026-09-07 02:00 币圈消息
2026-09-06 18:01:03 [INFO] 📋 已加载原始新闻: reports/2026-09-07-02-raw.json (38 条)
2026-09-06 18:01:03 [INFO] 📚 已加载历史新闻标题（20058 字符）
2026-09-06 18:01:03 [INFO] 📚 已加载历史筛选标题 0 条、URL 0 个，用于去重
2026-09-06 18:01:03 [INFO] 🔄 尝试 AI 提供商: deepseek
2026-09-06 18:01:03 [INFO] 🤖 使用 AI 提供商: deepseek (模型: deepseek-v4-flash)
2026-09-06 18:01:03 [INFO] 🤖 AI 筛选 [[deepseek] 1/6 策略=仅标题+链接 retry=0]（38 条，9198 字符，temp=0.3）
2026-09-06 18:01:04 [ERROR] AI 调用异常 ([deepseek] 1/6 策略=仅标题+链接 retry=0): Error code: 401 - {'error': {'message': 'Authentication Fails, Your api key: ****df0d is invalid', 'type': 'authentication_error', 'param': None, 'code': 'invalid_request_error'}}
2026-09-06 18:01:04 [WARNING] [[deepseek] 1/6 策略=仅标题+链接 retry=0] AI 调用失败或解析失败，继续下一次尝试
2026-09-06 18:01:04 [INFO] 🤖 AI 筛选 [[deepseek] 2/6 策略=仅标题+链接 retry=1]（38 条，9198 字符，temp=0.3）
2026-09-06 18:01:04 [ERROR] AI 调用异常 ([deepseek] 2/6 策略=仅标题+链接 retry=1): Error code: 401 - {'error': {'message': 'Authentication Fails, Your api key: ****df0d is invalid', 'type': 'authentication_error', 'param': None, 'code': 'invalid_request_error'}}
2026-09-06 18:01:04 [WARNING] [[deepseek] 2/6 策略=仅标题+链接 retry=1] AI 调用失败或解析失败，继续下一次尝试
2026-09-06 18:01:04 [INFO] 🤖 AI 筛选 [[deepseek] 3/6 策略=仅标题+链接 retry=2]（38 条，9198 字符，temp=0.3）
2026-09-06 18:01:05 [ERROR] AI 调用异常 ([deepseek] 3/6 策略=仅标题+链接 retry=2): Error code: 401 - {'error': {'message': 'Authentication Fails, Your api key: ****df0d is invalid', 'type': 'authentication_error', 'param': None, 'code': 'invalid_request_error'}}
2026-09-06 18:01:05 [WARNING] [[deepseek] 3/6 策略=仅标题+链接 retry=2] AI 调用失败或解析失败，继续下一次尝试
2026-09-06 18:01:05 [INFO] 🤖 AI 筛选 [[deepseek] 4/6 策略=完整内容 retry=0]（38 条，12862 字符，temp=0.3）
2026-09-06 18:01:05 [ERROR] AI 调用异常 ([deepseek] 4/6 策略=完整内容 retry=0): Error code: 401 - {'error': {'message': 'Authentication Fails, Your api key: ****df0d is invalid', 'type': 'authentication_error', 'param': None, 'code': 'invalid_request_error'}}
2026-09-06 18:01:05 [WARNING] [[deepseek] 4/6 策略=完整内容 retry=0] AI 调用失败或解析失败，继续下一次尝试
2026-09-06 18:01:05 [INFO] 🤖 AI 筛选 [[deepseek] 5/6 策略=完整内容 retry=1]（38 条，12862 字符，temp=0.3）
2026-09-06 18:01:05 [ERROR] AI 调用异常 ([deepseek] 5/6 策略=完整内容 retry=1): Error code: 401 - {'error': {'message': 'Authentication Fails, Your api key: ****df0d is invalid', 'type': 'authentication_error', 'param': None, 'code': 'invalid_request_error'}}
2026-09-06 18:01:05 [WARNING] [[deepseek] 5/6 策略=完整内容 retry=1] AI 调用失败或解析失败，继续下一次尝试
2026-09-06 18:01:05 [INFO] 🤖 AI 筛选 [[deepseek] 6/6 策略=仅标题（无历史） retry=0]（38 条，9198 字符，temp=0.3）
2026-09-06 18:01:06 [ERROR] AI 调用异常 ([deepseek] 6/6 策略=仅标题（无历史） retry=0): Error code: 401 - {'error': {'message': 'Authentication Fails, Your api key: ****df0d is invalid', 'type': 'authentication_error', 'param': None, 'code': 'invalid_request_error'}}
2026-09-06 18:01:06 [WARNING] [[deepseek] 6/6 策略=仅标题（无历史） retry=0] AI 调用失败或解析失败，继续下一次尝试
2026-09-06 18:01:06 [WARNING] [deepseek] 已达最大尝试次数 6，停止
2026-09-06 18:01:06 [INFO] ⚠️ deepseek 未能产出满意结果，尝试下一个提供商
2026-09-06 18:01:06 [INFO] 🔄 尝试 AI 提供商: zhipu
2026-09-06 18:01:06 [ERROR] 未设置环境变量 ZHIPU_API_KEY，无法使用 zhipu
2026-09-06 18:01:06 [INFO] ⚠️ zhipu 未能产出满意结果，尝试下一个提供商
2026-09-06 18:01:06 [INFO] 🔄 尝试 AI 提供商: kimi
2026-09-06 18:01:06 [ERROR] 未设置环境变量 KIMI_API_KEY，无法使用 kimi
2026-09-06 18:01:06 [INFO] ⚠️ kimi 未能产出满意结果，尝试下一个提供商
2026-09-06 18:01:06 [INFO] 🔄 尝试 AI 提供商: huoshan
2026-09-06 18:01:06 [ERROR] 未设置环境变量 HUOSHAN_API_KEY，无法使用 huoshan
2026-09-06 18:01:06 [INFO] ⚠️ huoshan 未能产出满意结果，尝试下一个提供商
2026-09-06 18:01:06 [ERROR] ❌ 所有提供商均失败，返回空列表
2026-09-06 18:01:06 [INFO] 📦 JSON 已保存: reports/2026-09-07-02.json
2026-09-06 18:01:06 [INFO] ✅ AI 筛选完成，共 0 条交易相关消息
2026-09-06 19:00:52 [INFO] 🚀 开始抓取 2026-09-07 03:00 币圈新闻
2026-09-06 19:00:52 [INFO] 📡 抓取 RSS 新闻源...
2026-09-06 19:00:52 [INFO] 📡 抓取交易所公告 & 链上数据...
2026-09-06 19:00:52 [INFO]   ⏭ The Block: 过滤掉 19 条非近期新闻
2026-09-06 19:00:52 [INFO]   ⏭ CoinTelegraph: 过滤掉 30 条非近期新闻
2026-09-06 19:00:52 [INFO]   ⏭ Decrypt: 过滤掉 36 条非近期新闻
2026-09-06 19:00:52 [INFO]   ⏭ CoinDesk: 过滤掉 24 条非近期新闻
2026-09-06 19:00:52 [WARNING] 解析失败 Bitget公告: 'NoneType' object is not subscriptable
2026-09-06 19:00:52 [INFO]   ⏭ Bitcoin Magazine: 过滤掉 10 条非近期新闻
2026-09-06 19:00:52 [INFO]   ⏭ CoinTelegraph: 过滤掉 23 条非近期新闻
2026-09-06 19:00:53 [INFO]   ⏭ 宏观经济: 过滤掉 49 条非近期新闻
2026-09-06 19:00:53 [INFO]   ⏭ Bloomberg Crypto: 过滤掉 50 条非近期新闻
2026-09-06 19:00:53 [INFO]   ⏭ Blockworks: 过滤掉 50 条非近期新闻
2026-09-06 19:00:53 [INFO]   ⏭ Reuters Crypto: 过滤掉 50 条非近期新闻
2026-09-06 19:00:53 [INFO]   ⏭ CNBC Crypto: 过滤掉 50 条非近期新闻
2026-09-06 19:00:53 [INFO]   ⏭ DeFi Llama: 过滤掉 50 条非近期新闻
2026-09-06 19:00:53 [INFO]   ⏭ DL News: 过滤掉 50 条非近期新闻
2026-09-06 19:00:53 [INFO]   ⏭ Reddit r/cryptocurrency: 过滤掉 17 条非近期新闻
2026-09-06 19:00:53 [INFO]   ⏭ 雪球加密: 过滤掉 50 条非近期新闻
2026-09-06 19:00:53 [INFO]   ⏭ Blockworks: 过滤掉 5 条非近期新闻
2026-09-06 19:00:53 [INFO]   ⏭ 吴说区块链: 过滤掉 40 条非近期新闻
2026-09-06 19:00:53 [INFO]   ⏭ CoinTelegraph: 过滤掉 50 条非近期新闻
2026-09-06 19:00:53 [INFO]   ⏭ Crypto Twitter: 过滤掉 45 条非近期新闻
2026-09-06 19:00:54 [INFO]   ⏭ Bitcoin Magazine: 过滤掉 50 条非近期新闻
2026-09-06 19:01:07 [DEBUG] 请求失败 https://rsshub.rssforever.com/panewslab/news: 
2026-09-06 19:01:07 [DEBUG] 请求失败 https://rsshub.rssforever.com/jinse/lives: 
2026-09-06 19:01:07 [DEBUG] 请求失败 https://rsshub.rssforever.com/theblockbeats/newsflash: 
2026-09-06 19:01:08 [DEBUG] 请求失败 https://rsshub.rssforever.com/bloomberg/crypto: 
2026-09-06 19:01:08 [INFO]   ⏭ 律动BlockBeats: 过滤掉 50 条非近期新闻
2026-09-06 19:01:08 [INFO]   ⏭ PANews: 过滤掉 50 条非近期新闻
2026-09-06 19:01:08 [INFO]   ✓ CoinDesk: 1 条
2026-09-06 19:01:08 [INFO]   ✓ The Block: 1 条
2026-09-06 19:01:08 [INFO]   ✓ Decrypt: 1 条
2026-09-06 19:01:08 [INFO]   ✓ CoinTelegraph: 0 条
2026-09-06 19:01:08 [INFO]   ✓ Bitcoin Magazine: 0 条
2026-09-06 19:01:08 [INFO]   ✓ Blockworks: 0 条
2026-09-06 19:01:08 [INFO]   ✓ DL News: 0 条
2026-09-06 19:01:08 [INFO]   ✓ 金色财经: 0 条
2026-09-06 19:01:08 [INFO]   ✓ PANews: 0 条
2026-09-06 19:01:08 [INFO]   ✓ 律动BlockBeats: 0 条
2026-09-06 19:01:08 [INFO]   ✓ 吴说区块链: 0 条
2026-09-06 19:01:08 [INFO]   ✓ Bloomberg Crypto: 0 条
2026-09-06 19:01:08 [INFO]   ✓ Reuters Crypto: 0 条
2026-09-06 19:01:08 [INFO]   ✓ CNBC Crypto: 0 条
2026-09-06 19:01:08 [INFO]   ✓ Reddit r/cryptocurrency: 8 条
2026-09-06 19:01:08 [INFO]   ✓ Reddit r/bitcoin: 0 条
2026-09-06 19:01:08 [INFO]   ✓ Crypto Twitter: 5 条
2026-09-06 19:01:08 [INFO]   ✓ 宏观经济: 1 条
2026-09-06 19:01:08 [INFO]   ✓ Binance公告: 20 条
2026-09-06 19:01:08 [INFO]   ✓ OKX公告: 0 条
2026-09-06 19:01:08 [INFO]   ✓ Bitget公告: 0 条
2026-09-06 19:01:08 [INFO]   ✓ Whale Alert: 0 条
2026-09-06 19:01:08 [INFO]   ✓ Fear & Greed Index: 1 条
2026-09-06 19:01:08 [INFO]   ✓ DeFi Llama: 0 条
2026-09-06 19:01:08 [INFO]   ✓ 雪球加密: 0 条
2026-09-06 19:01:08 [INFO] 📊 共抓取 38 条新闻
2026-09-06 19:01:08 [INFO] 📋 原始新闻已保存: reports/2026-09-07-03-raw.json (38 条)
2026-09-06 19:01:08 [INFO] 📋 标题摘要已保存: reports/2026-09-07-03-raw-titles.md
2026-09-06 19:01:08 [INFO] ✅ 抓取完成，共 38 条，已保存到 reports/2026-09-07-03-raw.json
2026-09-06 19:01:09 [INFO] 🤖 开始 AI 筛选 2026-09-07 03:00 币圈消息
2026-09-06 19:01:09 [INFO] 📋 已加载原始新闻: reports/2026-09-07-03-raw.json (38 条)
2026-09-06 19:01:09 [INFO] 📚 已加载历史新闻标题（19890 字符）
2026-09-06 19:01:09 [INFO] 📚 已加载历史筛选标题 0 条、URL 0 个，用于去重
2026-09-06 19:01:09 [INFO] 🔄 尝试 AI 提供商: deepseek
2026-09-06 19:01:09 [INFO] 🤖 使用 AI 提供商: deepseek (模型: deepseek-v4-flash)
2026-09-06 19:01:09 [INFO] 🤖 AI 筛选 [[deepseek] 1/6 策略=仅标题+链接 retry=0]（38 条，8303 字符，temp=0.3）
2026-09-06 19:01:10 [ERROR] AI 调用异常 ([deepseek] 1/6 策略=仅标题+链接 retry=0): Error code: 401 - {'error': {'message': 'Authentication Fails, Your api key: ****df0d is invalid', 'type': 'authentication_error', 'param': None, 'code': 'invalid_request_error'}}
2026-09-06 19:01:10 [WARNING] [[deepseek] 1/6 策略=仅标题+链接 retry=0] AI 调用失败或解析失败，继续下一次尝试
2026-09-06 19:01:10 [INFO] 🤖 AI 筛选 [[deepseek] 2/6 策略=仅标题+链接 retry=1]（38 条，8303 字符，temp=0.3）
2026-09-06 19:01:10 [ERROR] AI 调用异常 ([deepseek] 2/6 策略=仅标题+链接 retry=1): Error code: 401 - {'error': {'message': 'Authentication Fails, Your api key: ****df0d is invalid', 'type': 'authentication_error', 'param': None, 'code': 'invalid_request_error'}}
2026-09-06 19:01:10 [WARNING] [[deepseek] 2/6 策略=仅标题+链接 retry=1] AI 调用失败或解析失败，继续下一次尝试
2026-09-06 19:01:10 [INFO] 🤖 AI 筛选 [[deepseek] 3/6 策略=仅标题+链接 retry=2]（38 条，8303 字符，temp=0.3）
2026-09-06 19:01:10 [ERROR] AI 调用异常 ([deepseek] 3/6 策略=仅标题+链接 retry=2): Error code: 401 - {'error': {'message': 'Authentication Fails, Your api key: ****df0d is invalid', 'type': 'authentication_error', 'param': None, 'code': 'invalid_request_error'}}
2026-09-06 19:01:10 [WARNING] [[deepseek] 3/6 策略=仅标题+链接 retry=2] AI 调用失败或解析失败，继续下一次尝试
2026-09-06 19:01:10 [INFO] 🤖 AI 筛选 [[deepseek] 4/6 策略=完整内容 retry=0]（38 条，12177 字符，temp=0.3）
2026-09-06 19:01:11 [ERROR] AI 调用异常 ([deepseek] 4/6 策略=完整内容 retry=0): Error code: 401 - {'error': {'message': 'Authentication Fails, Your api key: ****df0d is invalid', 'type': 'authentication_error', 'param': None, 'code': 'invalid_request_error'}}
2026-09-06 19:01:11 [WARNING] [[deepseek] 4/6 策略=完整内容 retry=0] AI 调用失败或解析失败，继续下一次尝试
2026-09-06 19:01:11 [INFO] 🤖 AI 筛选 [[deepseek] 5/6 策略=完整内容 retry=1]（38 条，12177 字符，temp=0.3）
2026-09-06 19:01:11 [ERROR] AI 调用异常 ([deepseek] 5/6 策略=完整内容 retry=1): Error code: 401 - {'error': {'message': 'Authentication Fails, Your api key: ****df0d is invalid', 'type': 'authentication_error', 'param': None, 'code': 'invalid_request_error'}}
2026-09-06 19:01:11 [WARNING] [[deepseek] 5/6 策略=完整内容 retry=1] AI 调用失败或解析失败，继续下一次尝试
2026-09-06 19:01:11 [INFO] 🤖 AI 筛选 [[deepseek] 6/6 策略=仅标题（无历史） retry=0]（38 条，8303 字符，temp=0.3）
2026-09-06 19:01:11 [ERROR] AI 调用异常 ([deepseek] 6/6 策略=仅标题（无历史） retry=0): Error code: 401 - {'error': {'message': 'Authentication Fails, Your api key: ****df0d is invalid', 'type': 'authentication_error', 'param': None, 'code': 'invalid_request_error'}}
2026-09-06 19:01:11 [WARNING] [[deepseek] 6/6 策略=仅标题（无历史） retry=0] AI 调用失败或解析失败，继续下一次尝试
2026-09-06 19:01:11 [WARNING] [deepseek] 已达最大尝试次数 6，停止
2026-09-06 19:01:11 [INFO] ⚠️ deepseek 未能产出满意结果，尝试下一个提供商
2026-09-06 19:01:11 [INFO] 🔄 尝试 AI 提供商: zhipu
2026-09-06 19:01:11 [ERROR] 未设置环境变量 ZHIPU_API_KEY，无法使用 zhipu
2026-09-06 19:01:11 [INFO] ⚠️ zhipu 未能产出满意结果，尝试下一个提供商
2026-09-06 19:01:11 [INFO] 🔄 尝试 AI 提供商: kimi
2026-09-06 19:01:11 [ERROR] 未设置环境变量 KIMI_API_KEY，无法使用 kimi
2026-09-06 19:01:11 [INFO] ⚠️ kimi 未能产出满意结果，尝试下一个提供商
2026-09-06 19:01:11 [INFO] 🔄 尝试 AI 提供商: huoshan
2026-09-06 19:01:11 [ERROR] 未设置环境变量 HUOSHAN_API_KEY，无法使用 huoshan
2026-09-06 19:01:11 [INFO] ⚠️ huoshan 未能产出满意结果，尝试下一个提供商
2026-09-06 19:01:11 [ERROR] ❌ 所有提供商均失败，返回空列表
2026-09-06 19:01:11 [INFO] 📦 JSON 已保存: reports/2026-09-07-03.json
2026-09-06 19:01:11 [INFO] ✅ AI 筛选完成，共 0 条交易相关消息
2026-09-06 20:00:44 [INFO] 🚀 开始抓取 2026-09-07 04:00 币圈新闻
2026-09-06 20:00:44 [INFO] 📡 抓取 RSS 新闻源...
2026-09-06 20:00:44 [INFO] 📡 抓取交易所公告 & 链上数据...
2026-09-06 20:00:44 [INFO]   ⏭ Decrypt: 过滤掉 50 条非近期新闻
2026-09-06 20:00:44 [INFO]   ⏭ The Block: 过滤掉 19 条非近期新闻
2026-09-06 20:00:44 [INFO]   ⏭ CoinTelegraph: 过滤掉 30 条非近期新闻
2026-09-06 20:00:44 [INFO]   ⏭ Bitcoin Magazine: 过滤掉 10 条非近期新闻
2026-09-06 20:00:44 [INFO]   ⏭ 律动BlockBeats: 过滤掉 20 条非近期新闻
2026-09-06 20:00:44 [INFO]   ⏭ CoinDesk: 过滤掉 24 条非近期新闻
2026-09-06 20:00:44 [INFO]   ⏭ 金色财经: 过滤掉 15 条非近期新闻
2026-09-06 20:00:44 [INFO]   ⏭ Reuters Crypto: 过滤掉 50 条非近期新闻
2026-09-06 20:00:44 [INFO]   ⏭ Bloomberg Crypto: 过滤掉 50 条非近期新闻
2026-09-06 20:00:44 [INFO]   ⏭ Blockworks: 过滤掉 50 条非近期新闻
2026-09-06 20:00:44 [WARNING] 解析失败 Bitget公告: 'NoneType' object is not subscriptable
2026-09-06 20:00:45 [INFO]   ⏭ 宏观经济: 过滤掉 48 条非近期新闻
2026-09-06 20:00:45 [INFO]   ⏭ CNBC Crypto: 过滤掉 49 条非近期新闻
2026-09-06 20:00:45 [INFO]   ⏭ Reddit r/cryptocurrency: 过滤掉 18 条非近期新闻
2026-09-06 20:00:45 [INFO]   ⏭ Blockworks: 过滤掉 4 条非近期新闻
2026-09-06 20:00:45 [INFO]   ⏭ Decrypt: 过滤掉 50 条非近期新闻
2026-09-06 20:00:45 [INFO]   ⏭ DL News: 过滤掉 50 条非近期新闻
2026-09-06 20:00:45 [INFO]   ⏭ 吴说区块链: 过滤掉 40 条非近期新闻
2026-09-06 20:00:45 [INFO]   ⏭ 律动BlockBeats: 过滤掉 50 条非近期新闻
2026-09-06 20:00:45 [INFO]   ⏭ Bitcoin Magazine: 过滤掉 50 条非近期新闻
2026-09-06 20:00:45 [INFO]   ⏭ Crypto Twitter: 过滤掉 43 条非近期新闻
2026-09-06 20:00:45 [INFO]   ⏭ CoinTelegraph: 过滤掉 23 条非近期新闻
2026-09-06 20:00:46 [INFO]   ⏭ 雪球加密: 过滤掉 50 条非近期新闻
2026-09-06 20:00:46 [INFO]   ⏭ DeFi Llama: 过滤掉 50 条非近期新闻
2026-09-06 20:00:46 [INFO]   ⏭ CoinTelegraph: 过滤掉 50 条非近期新闻
2026-09-06 20:00:59 [DEBUG] 请求失败 https://rsshub.rssforever.com/panewslab/news: 
2026-09-06 20:00:59 [DEBUG] 请求失败 https://rsshub.rssforever.com/bloomberg/crypto: 
2026-09-06 20:01:00 [INFO]   ⏭ PANews: 过滤掉 50 条非近期新闻
2026-09-06 20:01:00 [INFO]   ✓ CoinDesk: 1 条
2026-09-06 20:01:00 [INFO]   ✓ The Block: 1 条
2026-09-06 20:01:00 [INFO]   ✓ Decrypt: 0 条
2026-09-06 20:01:00 [INFO]   ✓ CoinTelegraph: 0 条
2026-09-06 20:01:00 [INFO]   ✓ Bitcoin Magazine: 0 条
2026-09-06 20:01:00 [INFO]   ✓ Blockworks: 0 条
2026-09-06 20:01:00 [INFO]   ✓ DL News: 0 条
2026-09-06 20:01:00 [INFO]   ✓ 金色财经: 5 条
2026-09-06 20:01:00 [INFO]   ✓ PANews: 0 条
2026-09-06 20:01:00 [INFO]   ✓ 律动BlockBeats: 0 条
2026-09-06 20:01:00 [INFO]   ✓ 吴说区块链: 0 条
2026-09-06 20:01:00 [INFO]   ✓ Bloomberg Crypto: 0 条
2026-09-06 20:01:00 [INFO]   ✓ Reuters Crypto: 0 条
2026-09-06 20:01:00 [INFO]   ✓ CNBC Crypto: 1 条
2026-09-06 20:01:00 [INFO]   ✓ Reddit r/cryptocurrency: 7 条
2026-09-06 20:01:00 [INFO]   ✓ Reddit r/bitcoin: 0 条
2026-09-06 20:01:00 [INFO]   ✓ Crypto Twitter: 7 条
2026-09-06 20:01:00 [INFO]   ✓ 宏观经济: 2 条
2026-09-06 20:01:00 [INFO]   ✓ Binance公告: 20 条
2026-09-06 20:01:00 [INFO]   ✓ OKX公告: 0 条
2026-09-06 20:01:00 [INFO]   ✓ Bitget公告: 0 条
2026-09-06 20:01:00 [INFO]   ✓ Whale Alert: 0 条
2026-09-06 20:01:00 [INFO]   ✓ Fear & Greed Index: 1 条
2026-09-06 20:01:00 [INFO]   ✓ DeFi Llama: 0 条
2026-09-06 20:01:00 [INFO]   ✓ 雪球加密: 0 条
2026-09-06 20:01:00 [INFO] 📊 共抓取 45 条新闻
2026-09-06 20:01:00 [INFO] 📋 原始新闻已保存: reports/2026-09-07-04-raw.json (45 条)
2026-09-06 20:01:00 [INFO] 📋 标题摘要已保存: reports/2026-09-07-04-raw-titles.md
2026-09-06 20:01:00 [INFO] ✅ 抓取完成，共 45 条，已保存到 reports/2026-09-07-04-raw.json
2026-09-06 20:01:01 [INFO] 🤖 开始 AI 筛选 2026-09-07 04:00 币圈消息
2026-09-06 20:01:01 [INFO] 📋 已加载原始新闻: reports/2026-09-07-04-raw.json (45 条)
2026-09-06 20:01:01 [INFO] 📚 已加载历史新闻标题（20295 字符）
2026-09-06 20:01:01 [INFO] 📚 已加载历史筛选标题 0 条、URL 0 个，用于去重
2026-09-06 20:01:01 [INFO] 🔄 尝试 AI 提供商: deepseek
2026-09-06 20:01:01 [INFO] 🤖 使用 AI 提供商: deepseek (模型: deepseek-v4-flash)
2026-09-06 20:01:01 [INFO] 🤖 AI 筛选 [[deepseek] 1/6 策略=仅标题+链接 retry=0]（45 条，10143 字符，temp=0.3）
2026-09-06 20:01:01 [ERROR] AI 调用异常 ([deepseek] 1/6 策略=仅标题+链接 retry=0): Error code: 401 - {'error': {'message': 'Authentication Fails, Your api key: ****df0d is invalid', 'type': 'authentication_error', 'param': None, 'code': 'invalid_request_error'}}
2026-09-06 20:01:01 [WARNING] [[deepseek] 1/6 策略=仅标题+链接 retry=0] AI 调用失败或解析失败，继续下一次尝试
2026-09-06 20:01:01 [INFO] 🤖 AI 筛选 [[deepseek] 2/6 策略=仅标题+链接 retry=1]（45 条，10143 字符，temp=0.3）
2026-09-06 20:01:02 [ERROR] AI 调用异常 ([deepseek] 2/6 策略=仅标题+链接 retry=1): Error code: 401 - {'error': {'message': 'Authentication Fails, Your api key: ****df0d is invalid', 'type': 'authentication_error', 'param': None, 'code': 'invalid_request_error'}}
2026-09-06 20:01:02 [WARNING] [[deepseek] 2/6 策略=仅标题+链接 retry=1] AI 调用失败或解析失败，继续下一次尝试
2026-09-06 20:01:02 [INFO] 🤖 AI 筛选 [[deepseek] 3/6 策略=仅标题+链接 retry=2]（45 条，10143 字符，temp=0.3）
2026-09-06 20:01:02 [ERROR] AI 调用异常 ([deepseek] 3/6 策略=仅标题+链接 retry=2): Error code: 401 - {'error': {'message': 'Authentication Fails, Your api key: ****df0d is invalid', 'type': 'authentication_error', 'param': None, 'code': 'invalid_request_error'}}
2026-09-06 20:01:02 [WARNING] [[deepseek] 3/6 策略=仅标题+链接 retry=2] AI 调用失败或解析失败，继续下一次尝试
2026-09-06 20:01:02 [INFO] 🤖 AI 筛选 [[deepseek] 4/6 策略=完整内容 retry=0]（45 条，15287 字符，temp=0.3）
2026-09-06 20:01:03 [ERROR] AI 调用异常 ([deepseek] 4/6 策略=完整内容 retry=0): Error code: 401 - {'error': {'message': 'Authentication Fails, Your api key: ****df0d is invalid', 'type': 'authentication_error', 'param': None, 'code': 'invalid_request_error'}}
2026-09-06 20:01:03 [WARNING] [[deepseek] 4/6 策略=完整内容 retry=0] AI 调用失败或解析失败，继续下一次尝试
2026-09-06 20:01:03 [INFO] 🤖 AI 筛选 [[deepseek] 5/6 策略=完整内容 retry=1]（45 条，15287 字符，temp=0.3）
2026-09-06 20:01:03 [ERROR] AI 调用异常 ([deepseek] 5/6 策略=完整内容 retry=1): Error code: 401 - {'error': {'message': 'Authentication Fails, Your api key: ****df0d is invalid', 'type': 'authentication_error', 'param': None, 'code': 'invalid_request_error'}}
2026-09-06 20:01:03 [WARNING] [[deepseek] 5/6 策略=完整内容 retry=1] AI 调用失败或解析失败，继续下一次尝试
2026-09-06 20:01:03 [INFO] 🤖 AI 筛选 [[deepseek] 6/6 策略=仅标题（无历史） retry=0]（45 条，10143 字符，temp=0.3）
2026-09-06 20:01:04 [ERROR] AI 调用异常 ([deepseek] 6/6 策略=仅标题（无历史） retry=0): Error code: 401 - {'error': {'message': 'Authentication Fails, Your api key: ****df0d is invalid', 'type': 'authentication_error', 'param': None, 'code': 'invalid_request_error'}}
2026-09-06 20:01:04 [WARNING] [[deepseek] 6/6 策略=仅标题（无历史） retry=0] AI 调用失败或解析失败，继续下一次尝试
2026-09-06 20:01:04 [WARNING] [deepseek] 已达最大尝试次数 6，停止
2026-09-06 20:01:04 [INFO] ⚠️ deepseek 未能产出满意结果，尝试下一个提供商
2026-09-06 20:01:04 [INFO] 🔄 尝试 AI 提供商: zhipu
2026-09-06 20:01:04 [ERROR] 未设置环境变量 ZHIPU_API_KEY，无法使用 zhipu
2026-09-06 20:01:04 [INFO] ⚠️ zhipu 未能产出满意结果，尝试下一个提供商
2026-09-06 20:01:04 [INFO] 🔄 尝试 AI 提供商: kimi
2026-09-06 20:01:04 [ERROR] 未设置环境变量 KIMI_API_KEY，无法使用 kimi
2026-09-06 20:01:04 [INFO] ⚠️ kimi 未能产出满意结果，尝试下一个提供商
2026-09-06 20:01:04 [INFO] 🔄 尝试 AI 提供商: huoshan
2026-09-06 20:01:04 [ERROR] 未设置环境变量 HUOSHAN_API_KEY，无法使用 huoshan
2026-09-06 20:01:04 [INFO] ⚠️ huoshan 未能产出满意结果，尝试下一个提供商
2026-09-06 20:01:04 [ERROR] ❌ 所有提供商均失败，返回空列表
2026-09-06 20:01:04 [INFO] 📦 JSON 已保存: reports/2026-09-07-04.json
2026-09-06 20:01:04 [INFO] ✅ AI 筛选完成，共 0 条交易相关消息
2026-09-06 21:00:54 [INFO] 🚀 开始抓取 2026-09-07 05:00 币圈新闻
2026-09-06 21:00:54 [INFO] 📡 抓取 RSS 新闻源...
2026-09-06 21:00:54 [INFO] 📡 抓取交易所公告 & 链上数据...
2026-09-06 21:00:54 [INFO]   ⏭ The Block: 过滤掉 19 条非近期新闻
2026-09-06 21:00:54 [INFO]   ⏭ Decrypt: 过滤掉 37 条非近期新闻
2026-09-06 21:00:54 [INFO]   ⏭ CoinTelegraph: 过滤掉 30 条非近期新闻
2026-09-06 21:00:54 [WARNING] 解析失败 Bitget公告: 'NoneType' object is not subscriptable
2026-09-06 21:00:54 [INFO]   ⏭ CoinDesk: 过滤掉 25 条非近期新闻
2026-09-06 21:00:54 [INFO]   ⏭ Reuters Crypto: 过滤掉 50 条非近期新闻
2026-09-06 21:00:54 [INFO]   ⏭ Bloomberg Crypto: 过滤掉 50 条非近期新闻
2026-09-06 21:00:54 [INFO]   ⏭ Bitcoin Magazine: 过滤掉 10 条非近期新闻
2026-09-06 21:00:54 [INFO]   ⏭ 宏观经济: 过滤掉 50 条非近期新闻
2026-09-06 21:00:54 [INFO]   ⏭ CNBC Crypto: 过滤掉 49 条非近期新闻
2026-09-06 21:00:54 [INFO]   ⏭ Reddit r/cryptocurrency: 过滤掉 19 条非近期新闻
2026-09-06 21:00:54 [INFO]   ⏭ Blockworks: 过滤掉 50 条非近期新闻
2026-09-06 21:00:55 [INFO]   ⏭ Decrypt: 过滤掉 50 条非近期新闻
2026-09-06 21:00:55 [INFO]   ⏭ 宏观经济: 过滤掉 50 条非近期新闻
2026-09-06 21:00:55 [INFO]   ⏭ DL News: 过滤掉 50 条非近期新闻
2026-09-06 21:00:55 [INFO]   ⏭ Blockworks: 过滤掉 4 条非近期新闻
2026-09-06 21:00:55 [INFO]   ⏭ 律动BlockBeats: 过滤掉 20 条非近期新闻
2026-09-06 21:00:55 [INFO]   ⏭ Bitcoin Magazine: 过滤掉 50 条非近期新闻
2026-09-06 21:00:55 [INFO]   ⏭ DeFi Llama: 过滤掉 50 条非近期新闻
2026-09-06 21:00:55 [INFO]   ⏭ 雪球加密: 过滤掉 50 条非近期新闻
2026-09-06 21:00:55 [INFO]   ⏭ CoinDesk: 过滤掉 50 条非近期新闻
2026-09-06 21:00:55 [INFO]   ⏭ 吴说区块链: 过滤掉 42 条非近期新闻
2026-09-06 21:00:55 [INFO]   ⏭ 律动BlockBeats: 过滤掉 50 条非近期新闻
2026-09-06 21:00:55 [INFO]   ⏭ Crypto Twitter: 过滤掉 39 条非近期新闻
2026-09-06 21:01:10 [DEBUG] 请求失败 https://rsshub.rssforever.com/panewslab/news: 
2026-09-06 21:01:10 [DEBUG] 请求失败 https://rsshub.rssforever.com/jinse/lives: 
2026-09-06 21:01:10 [DEBUG] 请求失败 https://rsshub.rssforever.com/cointelegraph: 
2026-09-06 21:01:10 [DEBUG] 请求失败 https://rsshub.rssforever.com/bloomberg/crypto: 
2026-09-06 21:01:10 [INFO]   ⏭ CoinTelegraph: 过滤掉 50 条非近期新闻
2026-09-06 21:01:10 [INFO]   ⏭ PANews: 过滤掉 50 条非近期新闻
2026-09-06 21:01:10 [INFO]   ✓ CoinDesk: 0 条
2026-09-06 21:01:10 [INFO]   ✓ The Block: 1 条
2026-09-06 21:01:10 [INFO]   ✓ Decrypt: 0 条
2026-09-06 21:01:10 [INFO]   ✓ CoinTelegraph: 0 条
2026-09-06 21:01:10 [INFO]   ✓ Bitcoin Magazine: 0 条
2026-09-06 21:01:10 [INFO]   ✓ Blockworks: 0 条
2026-09-06 21:01:10 [INFO]   ✓ DL News: 0 条
2026-09-06 21:01:10 [INFO]   ✓ 金色财经: 0 条
2026-09-06 21:01:10 [INFO]   ✓ PANews: 0 条
2026-09-06 21:01:10 [INFO]   ✓ 律动BlockBeats: 0 条
2026-09-06 21:01:10 [INFO]   ✓ 吴说区块链: 0 条
2026-09-06 21:01:10 [INFO]   ✓ Bloomberg Crypto: 0 条
2026-09-06 21:01:10 [INFO]   ✓ Reuters Crypto: 0 条
2026-09-06 21:01:10 [INFO]   ✓ CNBC Crypto: 1 条
2026-09-06 21:01:10 [INFO]   ✓ Reddit r/cryptocurrency: 6 条
2026-09-06 21:01:10 [INFO]   ✓ Reddit r/bitcoin: 0 条
2026-09-06 21:01:10 [INFO]   ✓ Crypto Twitter: 11 条
2026-09-06 21:01:10 [INFO]   ✓ 宏观经济: 0 条
2026-09-06 21:01:10 [INFO]   ✓ Binance公告: 20 条
2026-09-06 21:01:10 [INFO]   ✓ OKX公告: 0 条
2026-09-06 21:01:10 [INFO]   ✓ Bitget公告: 0 条
2026-09-06 21:01:10 [INFO]   ✓ Whale Alert: 0 条
2026-09-06 21:01:10 [INFO]   ✓ Fear & Greed Index: 1 条
2026-09-06 21:01:10 [INFO]   ✓ DeFi Llama: 0 条
2026-09-06 21:01:10 [INFO]   ✓ 雪球加密: 0 条
2026-09-06 21:01:10 [INFO] 📊 共抓取 40 条新闻
2026-09-06 21:01:10 [INFO] 📋 原始新闻已保存: reports/2026-09-07-05-raw.json (40 条)
2026-09-06 21:01:10 [INFO] 📋 标题摘要已保存: reports/2026-09-07-05-raw-titles.md
2026-09-06 21:01:10 [INFO] ✅ 抓取完成，共 40 条，已保存到 reports/2026-09-07-05-raw.json
2026-09-06 21:01:11 [INFO] 🤖 开始 AI 筛选 2026-09-07 05:00 币圈消息
2026-09-06 21:01:11 [INFO] 📋 已加载原始新闻: reports/2026-09-07-05-raw.json (40 条)
2026-09-06 21:01:11 [INFO] 📚 已加载历史新闻标题（20940 字符）
2026-09-06 21:01:11 [INFO] 📚 已加载历史筛选标题 0 条、URL 0 个，用于去重
2026-09-06 21:01:11 [INFO] 🔄 尝试 AI 提供商: deepseek
2026-09-06 21:01:11 [INFO] 🤖 使用 AI 提供商: deepseek (模型: deepseek-v4-flash)
2026-09-06 21:01:11 [INFO] 🤖 AI 筛选 [[deepseek] 1/6 策略=仅标题+链接 retry=0]（40 条，10298 字符，temp=0.3）
2026-09-06 21:01:11 [ERROR] AI 调用异常 ([deepseek] 1/6 策略=仅标题+链接 retry=0): Error code: 401 - {'error': {'message': 'Authentication Fails, Your api key: ****df0d is invalid', 'type': 'authentication_error', 'param': None, 'code': 'invalid_request_error'}}
2026-09-06 21:01:11 [WARNING] [[deepseek] 1/6 策略=仅标题+链接 retry=0] AI 调用失败或解析失败，继续下一次尝试
2026-09-06 21:01:11 [INFO] 🤖 AI 筛选 [[deepseek] 2/6 策略=仅标题+链接 retry=1]（40 条，10298 字符，temp=0.3）
2026-09-06 21:01:12 [ERROR] AI 调用异常 ([deepseek] 2/6 策略=仅标题+链接 retry=1): Error code: 401 - {'error': {'message': 'Authentication Fails, Your api key: ****df0d is invalid', 'type': 'authentication_error', 'param': None, 'code': 'invalid_request_error'}}
2026-09-06 21:01:12 [WARNING] [[deepseek] 2/6 策略=仅标题+链接 retry=1] AI 调用失败或解析失败，继续下一次尝试
2026-09-06 21:01:12 [INFO] 🤖 AI 筛选 [[deepseek] 3/6 策略=仅标题+链接 retry=2]（40 条，10298 字符，temp=0.3）
2026-09-06 21:01:12 [ERROR] AI 调用异常 ([deepseek] 3/6 策略=仅标题+链接 retry=2): Error code: 401 - {'error': {'message': 'Authentication Fails, Your api key: ****df0d is invalid', 'type': 'authentication_error', 'param': None, 'code': 'invalid_request_error'}}
2026-09-06 21:01:12 [WARNING] [[deepseek] 3/6 策略=仅标题+链接 retry=2] AI 调用失败或解析失败，继续下一次尝试
2026-09-06 21:01:12 [INFO] 🤖 AI 筛选 [[deepseek] 4/6 策略=完整内容 retry=0]（40 条，14548 字符，temp=0.3）
2026-09-06 21:01:13 [ERROR] AI 调用异常 ([deepseek] 4/6 策略=完整内容 retry=0): Error code: 401 - {'error': {'message': 'Authentication Fails, Your api key: ****df0d is invalid', 'type': 'authentication_error', 'param': None, 'code': 'invalid_request_error'}}
2026-09-06 21:01:13 [WARNING] [[deepseek] 4/6 策略=完整内容 retry=0] AI 调用失败或解析失败，继续下一次尝试
2026-09-06 21:01:13 [INFO] 🤖 AI 筛选 [[deepseek] 5/6 策略=完整内容 retry=1]（40 条，14548 字符，temp=0.3）
2026-09-06 21:01:13 [ERROR] AI 调用异常 ([deepseek] 5/6 策略=完整内容 retry=1): Error code: 401 - {'error': {'message': 'Authentication Fails, Your api key: ****df0d is invalid', 'type': 'authentication_error', 'param': None, 'code': 'invalid_request_error'}}
2026-09-06 21:01:13 [WARNING] [[deepseek] 5/6 策略=完整内容 retry=1] AI 调用失败或解析失败，继续下一次尝试
2026-09-06 21:01:13 [INFO] 🤖 AI 筛选 [[deepseek] 6/6 策略=仅标题（无历史） retry=0]（40 条，10298 字符，temp=0.3）
2026-09-06 21:01:13 [ERROR] AI 调用异常 ([deepseek] 6/6 策略=仅标题（无历史） retry=0): Error code: 401 - {'error': {'message': 'Authentication Fails, Your api key: ****df0d is invalid', 'type': 'authentication_error', 'param': None, 'code': 'invalid_request_error'}}
2026-09-06 21:01:13 [WARNING] [[deepseek] 6/6 策略=仅标题（无历史） retry=0] AI 调用失败或解析失败，继续下一次尝试
2026-09-06 21:01:13 [WARNING] [deepseek] 已达最大尝试次数 6，停止
2026-09-06 21:01:13 [INFO] ⚠️ deepseek 未能产出满意结果，尝试下一个提供商
2026-09-06 21:01:13 [INFO] 🔄 尝试 AI 提供商: zhipu
2026-09-06 21:01:13 [ERROR] 未设置环境变量 ZHIPU_API_KEY，无法使用 zhipu
2026-09-06 21:01:13 [INFO] ⚠️ zhipu 未能产出满意结果，尝试下一个提供商
2026-09-06 21:01:13 [INFO] 🔄 尝试 AI 提供商: kimi
2026-09-06 21:01:13 [ERROR] 未设置环境变量 KIMI_API_KEY，无法使用 kimi
2026-09-06 21:01:13 [INFO] ⚠️ kimi 未能产出满意结果，尝试下一个提供商
2026-09-06 21:01:13 [INFO] 🔄 尝试 AI 提供商: huoshan
2026-09-06 21:01:13 [ERROR] 未设置环境变量 HUOSHAN_API_KEY，无法使用 huoshan
2026-09-06 21:01:13 [INFO] ⚠️ huoshan 未能产出满意结果，尝试下一个提供商
2026-09-06 21:01:13 [ERROR] ❌ 所有提供商均失败，返回空列表
2026-09-06 21:01:13 [INFO] 📦 JSON 已保存: reports/2026-09-07-05.json
2026-09-06 21:01:13 [INFO] ✅ AI 筛选完成，共 0 条交易相关消息
2026-09-06 22:00:45 [INFO] 🚀 开始抓取 2026-09-07 06:00 币圈新闻
2026-09-06 22:00:45 [INFO] 📡 抓取 RSS 新闻源...
2026-09-06 22:00:45 [INFO] 📡 抓取交易所公告 & 链上数据...
2026-09-06 22:00:45 [INFO]   ⏭ Decrypt: 过滤掉 37 条非近期新闻
2026-09-06 22:00:45 [INFO]   ⏭ The Block: 过滤掉 18 条非近期新闻
2026-09-06 22:00:45 [INFO]   ⏭ CoinTelegraph: 过滤掉 30 条非近期新闻
2026-09-06 22:00:46 [WARNING] 解析失败 Bitget公告: 'NoneType' object is not subscriptable
2026-09-06 22:00:46 [INFO]   ⏭ Reuters Crypto: 过滤掉 50 条非近期新闻
2026-09-06 22:00:46 [INFO]   ⏭ 宏观经济: 过滤掉 49 条非近期新闻
2026-09-06 22:00:46 [INFO]   ⏭ CNBC Crypto: 过滤掉 50 条非近期新闻
2026-09-06 22:00:46 [INFO]   ⏭ Bloomberg Crypto: 过滤掉 50 条非近期新闻
2026-09-06 22:00:46 [INFO]   ⏭ CoinDesk: 过滤掉 25 条非近期新闻
2026-09-06 22:00:46 [INFO]   ⏭ Bitcoin Magazine: 过滤掉 10 条非近期新闻
2026-09-06 22:00:46 [INFO]   ⏭ Blockworks: 过滤掉 50 条非近期新闻
2026-09-06 22:00:46 [INFO]   ⏭ 律动BlockBeats: 过滤掉 20 条非近期新闻
2026-09-06 22:00:46 [INFO]   ⏭ DL News: 过滤掉 50 条非近期新闻
2026-09-06 22:00:46 [INFO]   ⏭ Blockworks: 过滤掉 4 条非近期新闻
2026-09-06 22:00:46 [INFO]   ⏭ Decrypt: 过滤掉 50 条非近期新闻
2026-09-06 22:00:46 [INFO]   ⏭ Bitcoin Magazine: 过滤掉 50 条非近期新闻
2026-09-06 22:00:47 [INFO]   ⏭ DeFi Llama: 过滤掉 50 条非近期新闻
2026-09-06 22:00:47 [INFO]   ⏭ 雪球加密: 过滤掉 50 条非近期新闻
2026-09-06 22:00:47 [INFO]   ⏭ 吴说区块链: 过滤掉 42 条非近期新闻
2026-09-06 22:00:47 [INFO]   ⏭ CoinTelegraph: 过滤掉 23 条非近期新闻
2026-09-06 22:00:47 [INFO]   ⏭ Crypto Twitter: 过滤掉 38 条非近期新闻
2026-09-06 22:00:47 [INFO]   ⏭ 律动BlockBeats: 过滤掉 50 条非近期新闻
2026-09-06 22:00:47 [INFO]   ⏭ CoinTelegraph: 过滤掉 50 条非近期新闻
2026-09-06 22:00:48 [INFO]   ⏭ CoinDesk: 过滤掉 50 条非近期新闻
2026-09-06 22:01:01 [DEBUG] 请求失败 https://rsshub.rssforever.com/jinse/lives: 
2026-09-06 22:01:01 [DEBUG] 请求失败 https://rsshub.rssforever.com/panewslab/news: 
2026-09-06 22:01:02 [DEBUG] 请求失败 https://rsshub.rssforever.com/bloomberg/crypto: 
2026-09-06 22:01:02 [INFO]   ⏭ PANews: 过滤掉 50 条非近期新闻
2026-09-06 22:01:02 [INFO]   ✓ CoinDesk: 0 条
2026-09-06 22:01:02 [INFO]   ✓ The Block: 2 条
2026-09-06 22:01:02 [INFO]   ✓ Decrypt: 0 条
2026-09-06 22:01:02 [INFO]   ✓ CoinTelegraph: 0 条
2026-09-06 22:01:02 [INFO]   ✓ Bitcoin Magazine: 0 条
2026-09-06 22:01:02 [INFO]   ✓ Blockworks: 0 条
2026-09-06 22:01:02 [INFO]   ✓ DL News: 0 条
2026-09-06 22:01:02 [INFO]   ✓ 金色财经: 0 条
2026-09-06 22:01:02 [INFO]   ✓ PANews: 0 条
2026-09-06 22:01:02 [INFO]   ✓ 律动BlockBeats: 0 条
2026-09-06 22:01:02 [INFO]   ✓ 吴说区块链: 0 条
2026-09-06 22:01:02 [INFO]   ✓ Bloomberg Crypto: 0 条
2026-09-06 22:01:02 [INFO]   ✓ Reuters Crypto: 0 条
2026-09-06 22:01:02 [INFO]   ✓ CNBC Crypto: 0 条
2026-09-06 22:01:02 [INFO]   ✓ Reddit r/cryptocurrency: 0 条
2026-09-06 22:01:02 [INFO]   ✓ Reddit r/bitcoin: 0 条
2026-09-06 22:01:02 [INFO]   ✓ Crypto Twitter: 12 条
2026-09-06 22:01:02 [INFO]   ✓ 宏观经济: 1 条
2026-09-06 22:01:02 [INFO]   ✓ Binance公告: 20 条
2026-09-06 22:01:02 [INFO]   ✓ OKX公告: 0 条
2026-09-06 22:01:02 [INFO]   ✓ Bitget公告: 0 条
2026-09-06 22:01:02 [INFO]   ✓ Whale Alert: 0 条
2026-09-06 22:01:02 [INFO]   ✓ Fear & Greed Index: 1 条
2026-09-06 22:01:02 [INFO]   ✓ DeFi Llama: 0 条
2026-09-06 22:01:02 [INFO]   ✓ 雪球加密: 0 条
2026-09-06 22:01:02 [INFO] 📊 共抓取 36 条新闻
2026-09-06 22:01:02 [INFO] 📋 原始新闻已保存: reports/2026-09-07-06-raw.json (36 条)
2026-09-06 22:01:02 [INFO] 📋 标题摘要已保存: reports/2026-09-07-06-raw-titles.md
2026-09-06 22:01:02 [INFO] ✅ 抓取完成，共 36 条，已保存到 reports/2026-09-07-06-raw.json
2026-09-06 22:01:02 [INFO] 🤖 开始 AI 筛选 2026-09-07 06:00 币圈消息
2026-09-06 22:01:02 [INFO] 📋 已加载原始新闻: reports/2026-09-07-06-raw.json (36 条)
2026-09-06 22:01:02 [INFO] 📚 已加载历史新闻标题（20842 字符）
2026-09-06 22:01:02 [INFO] 📚 已加载历史筛选标题 0 条、URL 0 个，用于去重
2026-09-06 22:01:02 [INFO] 🔄 尝试 AI 提供商: deepseek
2026-09-06 22:01:03 [INFO] 🤖 使用 AI 提供商: deepseek (模型: deepseek-v4-flash)
2026-09-06 22:01:03 [INFO] 🤖 AI 筛选 [[deepseek] 1/6 策略=仅标题+链接 retry=0]（36 条，9660 字符，temp=0.3）
2026-09-06 22:01:03 [ERROR] AI 调用异常 ([deepseek] 1/6 策略=仅标题+链接 retry=0): Error code: 401 - {'error': {'message': 'Authentication Fails, Your api key: ****df0d is invalid', 'type': 'authentication_error', 'param': None, 'code': 'invalid_request_error'}}
2026-09-06 22:01:03 [WARNING] [[deepseek] 1/6 策略=仅标题+链接 retry=0] AI 调用失败或解析失败，继续下一次尝试
2026-09-06 22:01:03 [INFO] 🤖 AI 筛选 [[deepseek] 2/6 策略=仅标题+链接 retry=1]（36 条，9660 字符，temp=0.3）
2026-09-06 22:01:04 [ERROR] AI 调用异常 ([deepseek] 2/6 策略=仅标题+链接 retry=1): Error code: 401 - {'error': {'message': 'Authentication Fails, Your api key: ****df0d is invalid', 'type': 'authentication_error', 'param': None, 'code': 'invalid_request_error'}}
2026-09-06 22:01:04 [WARNING] [[deepseek] 2/6 策略=仅标题+链接 retry=1] AI 调用失败或解析失败，继续下一次尝试
2026-09-06 22:01:04 [INFO] 🤖 AI 筛选 [[deepseek] 3/6 策略=仅标题+链接 retry=2]（36 条，9660 字符，temp=0.3）
2026-09-06 22:01:04 [ERROR] AI 调用异常 ([deepseek] 3/6 策略=仅标题+链接 retry=2): Error code: 401 - {'error': {'message': 'Authentication Fails, Your api key: ****df0d is invalid', 'type': 'authentication_error', 'param': None, 'code': 'invalid_request_error'}}
2026-09-06 22:01:04 [WARNING] [[deepseek] 3/6 策略=仅标题+链接 retry=2] AI 调用失败或解析失败，继续下一次尝试
2026-09-06 22:01:04 [INFO] 🤖 AI 筛选 [[deepseek] 4/6 策略=完整内容 retry=0]（36 条，13075 字符，temp=0.3）
2026-09-06 22:01:04 [ERROR] AI 调用异常 ([deepseek] 4/6 策略=完整内容 retry=0): Error code: 401 - {'error': {'message': 'Authentication Fails, Your api key: ****df0d is invalid', 'type': 'authentication_error', 'param': None, 'code': 'invalid_request_error'}}
2026-09-06 22:01:04 [WARNING] [[deepseek] 4/6 策略=完整内容 retry=0] AI 调用失败或解析失败，继续下一次尝试
2026-09-06 22:01:04 [INFO] 🤖 AI 筛选 [[deepseek] 5/6 策略=完整内容 retry=1]（36 条，13075 字符，temp=0.3）
2026-09-06 22:01:05 [ERROR] AI 调用异常 ([deepseek] 5/6 策略=完整内容 retry=1): Error code: 401 - {'error': {'message': 'Authentication Fails, Your api key: ****df0d is invalid', 'type': 'authentication_error', 'param': None, 'code': 'invalid_request_error'}}
2026-09-06 22:01:05 [WARNING] [[deepseek] 5/6 策略=完整内容 retry=1] AI 调用失败或解析失败，继续下一次尝试
2026-09-06 22:01:05 [INFO] 🤖 AI 筛选 [[deepseek] 6/6 策略=仅标题（无历史） retry=0]（36 条，9660 字符，temp=0.3）
2026-09-06 22:01:05 [ERROR] AI 调用异常 ([deepseek] 6/6 策略=仅标题（无历史） retry=0): Error code: 401 - {'error': {'message': 'Authentication Fails, Your api key: ****df0d is invalid', 'type': 'authentication_error', 'param': None, 'code': 'invalid_request_error'}}
2026-09-06 22:01:05 [WARNING] [[deepseek] 6/6 策略=仅标题（无历史） retry=0] AI 调用失败或解析失败，继续下一次尝试
2026-09-06 22:01:05 [WARNING] [deepseek] 已达最大尝试次数 6，停止
2026-09-06 22:01:05 [INFO] ⚠️ deepseek 未能产出满意结果，尝试下一个提供商
2026-09-06 22:01:05 [INFO] 🔄 尝试 AI 提供商: zhipu
2026-09-06 22:01:05 [ERROR] 未设置环境变量 ZHIPU_API_KEY，无法使用 zhipu
2026-09-06 22:01:05 [INFO] ⚠️ zhipu 未能产出满意结果，尝试下一个提供商
2026-09-06 22:01:05 [INFO] 🔄 尝试 AI 提供商: kimi
2026-09-06 22:01:05 [ERROR] 未设置环境变量 KIMI_API_KEY，无法使用 kimi
2026-09-06 22:01:05 [INFO] ⚠️ kimi 未能产出满意结果，尝试下一个提供商
2026-09-06 22:01:05 [INFO] 🔄 尝试 AI 提供商: huoshan
2026-09-06 22:01:05 [ERROR] 未设置环境变量 HUOSHAN_API_KEY，无法使用 huoshan
2026-09-06 22:01:05 [INFO] ⚠️ huoshan 未能产出满意结果，尝试下一个提供商
2026-09-06 22:01:05 [ERROR] ❌ 所有提供商均失败，返回空列表
2026-09-06 22:01:05 [INFO] 📦 JSON 已保存: reports/2026-09-07-06.json
2026-09-06 22:01:05 [INFO] ✅ AI 筛选完成，共 0 条交易相关消息
2026-09-06 23:00:46 [INFO] 🚀 开始抓取 2026-09-07 07:00 币圈新闻
2026-09-06 23:00:46 [INFO] 📡 抓取 RSS 新闻源...
2026-09-06 23:00:46 [INFO] 📡 抓取交易所公告 & 链上数据...
2026-09-06 23:00:46 [INFO]   ⏭ Decrypt: 过滤掉 37 条非近期新闻
2026-09-06 23:00:46 [INFO]   ⏭ The Block: 过滤掉 19 条非近期新闻
2026-09-06 23:00:46 [INFO]   ⏭ CoinTelegraph: 过滤掉 30 条非近期新闻
2026-09-06 23:00:47 [INFO]   ⏭ Bitcoin Magazine: 过滤掉 9 条非近期新闻
2026-09-06 23:00:47 [INFO]   ⏭ CoinDesk: 过滤掉 25 条非近期新闻
2026-09-06 23:00:47 [WARNING] 解析失败 Bitget公告: 'NoneType' object is not subscriptable
2026-09-06 23:00:47 [INFO]   ⏭ Reuters Crypto: 过滤掉 50 条非近期新闻
2026-09-06 23:00:47 [INFO]   ⏭ Blockworks: 过滤掉 50 条非近期新闻
2026-09-06 23:00:47 [INFO]   ⏭ Bloomberg Crypto: 过滤掉 50 条非近期新闻
2026-09-06 23:00:47 [INFO]   ⏭ Reddit r/cryptocurrency: 过滤掉 24 条非近期新闻
2026-09-06 23:00:47 [INFO]   ⏭ CNBC Crypto: 过滤掉 50 条非近期新闻
2026-09-06 23:00:47 [INFO]   ⏭ 宏观经济: 过滤掉 49 条非近期新闻
2026-09-06 23:00:47 [INFO]   ⏭ DL News: 过滤掉 50 条非近期新闻
2026-09-06 23:00:47 [INFO]   ⏭ Blockworks: 过滤掉 4 条非近期新闻
2026-09-06 23:00:47 [INFO]   ⏭ Decrypt: 过滤掉 50 条非近期新闻
2026-09-06 23:00:48 [INFO]   ⏭ DeFi Llama: 过滤掉 50 条非近期新闻
2026-09-06 23:00:48 [INFO]   ⏭ 雪球加密: 过滤掉 50 条非近期新闻
2026-09-06 23:00:48 [INFO]   ⏭ 吴说区块链: 过滤掉 42 条非近期新闻
2026-09-06 23:00:48 [INFO]   ⏭ CoinDesk: 过滤掉 50 条非近期新闻
2026-09-06 23:00:48 [INFO]   ⏭ Crypto Twitter: 过滤掉 44 条非近期新闻
2026-09-06 23:01:02 [DEBUG] 请求失败 https://rsshub.rssforever.com/jinse/lives: 
2026-09-06 23:01:02 [DEBUG] 请求失败 https://rsshub.rssforever.com/cointelegraph: 
2026-09-06 23:01:02 [DEBUG] 请求失败 https://rsshub.rssforever.com/theblockbeats/newsflash: 
2026-09-06 23:01:02 [DEBUG] 请求失败 https://rsshub.rssforever.com/panewslab/news: 
2026-09-06 23:01:02 [DEBUG] 请求失败 https://rsshub.rssforever.com/bloomberg/crypto: 
2026-09-06 23:01:02 [INFO]   ⏭ CoinTelegraph: 过滤掉 50 条非近期新闻
2026-09-06 23:01:03 [INFO]   ⏭ 律动BlockBeats: 过滤掉 50 条非近期新闻
2026-09-06 23:01:03 [INFO]   ⏭ PANews: 过滤掉 50 条非近期新闻
2026-09-06 23:01:03 [INFO]   ✓ CoinDesk: 0 条
2026-09-06 23:01:03 [INFO]   ✓ The Block: 1 条
2026-09-06 23:01:03 [INFO]   ✓ Decrypt: 0 条
2026-09-06 23:01:03 [INFO]   ✓ CoinTelegraph: 0 条
2026-09-06 23:01:03 [INFO]   ✓ Bitcoin Magazine: 1 条
2026-09-06 23:01:03 [INFO]   ✓ Blockworks: 0 条
2026-09-06 23:01:03 [INFO]   ✓ DL News: 0 条
2026-09-06 23:01:03 [INFO]   ✓ 金色财经: 0 条
2026-09-06 23:01:03 [INFO]   ✓ PANews: 0 条
2026-09-06 23:01:03 [INFO]   ✓ 律动BlockBeats: 0 条
2026-09-06 23:01:03 [INFO]   ✓ 吴说区块链: 0 条
2026-09-06 23:01:03 [INFO]   ✓ Bloomberg Crypto: 0 条
2026-09-06 23:01:03 [INFO]   ✓ Reuters Crypto: 0 条
2026-09-06 23:01:03 [INFO]   ✓ CNBC Crypto: 0 条
2026-09-06 23:01:03 [INFO]   ✓ Reddit r/cryptocurrency: 1 条
2026-09-06 23:01:03 [INFO]   ✓ Reddit r/bitcoin: 0 条
2026-09-06 23:01:03 [INFO]   ✓ Crypto Twitter: 6 条
2026-09-06 23:01:03 [INFO]   ✓ 宏观经济: 1 条
2026-09-06 23:01:03 [INFO]   ✓ Binance公告: 20 条
2026-09-06 23:01:03 [INFO]   ✓ OKX公告: 0 条
2026-09-06 23:01:03 [INFO]   ✓ Bitget公告: 0 条
2026-09-06 23:01:03 [INFO]   ✓ Whale Alert: 0 条
2026-09-06 23:01:03 [INFO]   ✓ Fear & Greed Index: 1 条
2026-09-06 23:01:03 [INFO]   ✓ DeFi Llama: 0 条
2026-09-06 23:01:03 [INFO]   ✓ 雪球加密: 0 条
2026-09-06 23:01:03 [INFO] 📊 共抓取 31 条新闻
2026-09-06 23:01:03 [INFO] 📋 原始新闻已保存: reports/2026-09-07-07-raw.json (31 条)
2026-09-06 23:01:03 [INFO] 📋 标题摘要已保存: reports/2026-09-07-07-raw-titles.md
2026-09-06 23:01:03 [INFO] ✅ 抓取完成，共 31 条，已保存到 reports/2026-09-07-07-raw.json
2026-09-06 23:01:03 [INFO] 🤖 开始 AI 筛选 2026-09-07 07:00 币圈消息
2026-09-06 23:01:03 [INFO] 📋 已加载原始新闻: reports/2026-09-07-07-raw.json (31 条)
2026-09-06 23:01:03 [INFO] 📚 已加载历史新闻标题（21165 字符）
2026-09-06 23:01:03 [INFO] 📚 已加载历史筛选标题 0 条、URL 0 个，用于去重
2026-09-06 23:01:03 [INFO] 🔄 尝试 AI 提供商: deepseek
2026-09-06 23:01:04 [INFO] 🤖 使用 AI 提供商: deepseek (模型: deepseek-v4-flash)
2026-09-06 23:01:04 [INFO] 🤖 AI 筛选 [[deepseek] 1/6 策略=仅标题+链接 retry=0]（31 条，7724 字符，temp=0.3）
2026-09-06 23:01:04 [ERROR] AI 调用异常 ([deepseek] 1/6 策略=仅标题+链接 retry=0): Error code: 401 - {'error': {'message': 'Authentication Fails, Your api key: ****df0d is invalid', 'type': 'authentication_error', 'param': None, 'code': 'invalid_request_error'}}
2026-09-06 23:01:04 [WARNING] [[deepseek] 1/6 策略=仅标题+链接 retry=0] AI 调用失败或解析失败，继续下一次尝试
2026-09-06 23:01:04 [INFO] 🤖 AI 筛选 [[deepseek] 2/6 策略=仅标题+链接 retry=1]（31 条，7724 字符，temp=0.3）
2026-09-06 23:01:05 [ERROR] AI 调用异常 ([deepseek] 2/6 策略=仅标题+链接 retry=1): Error code: 401 - {'error': {'message': 'Authentication Fails, Your api key: ****df0d is invalid', 'type': 'authentication_error', 'param': None, 'code': 'invalid_request_error'}}
2026-09-06 23:01:05 [WARNING] [[deepseek] 2/6 策略=仅标题+链接 retry=1] AI 调用失败或解析失败，继续下一次尝试
2026-09-06 23:01:05 [INFO] 🤖 AI 筛选 [[deepseek] 3/6 策略=仅标题+链接 retry=2]（31 条，7724 字符，temp=0.3）
2026-09-06 23:01:05 [ERROR] AI 调用异常 ([deepseek] 3/6 策略=仅标题+链接 retry=2): Error code: 401 - {'error': {'message': 'Authentication Fails, Your api key: ****df0d is invalid', 'type': 'authentication_error', 'param': None, 'code': 'invalid_request_error'}}
2026-09-06 23:01:05 [WARNING] [[deepseek] 3/6 策略=仅标题+链接 retry=2] AI 调用失败或解析失败，继续下一次尝试
2026-09-06 23:01:05 [INFO] 🤖 AI 筛选 [[deepseek] 4/6 策略=完整内容 retry=0]（31 条，10773 字符，temp=0.3）
2026-09-06 23:01:06 [ERROR] AI 调用异常 ([deepseek] 4/6 策略=完整内容 retry=0): Error code: 401 - {'error': {'message': 'Authentication Fails, Your api key: ****df0d is invalid', 'type': 'authentication_error', 'param': None, 'code': 'invalid_request_error'}}
2026-09-06 23:01:06 [WARNING] [[deepseek] 4/6 策略=完整内容 retry=0] AI 调用失败或解析失败，继续下一次尝试
2026-09-06 23:01:06 [INFO] 🤖 AI 筛选 [[deepseek] 5/6 策略=完整内容 retry=1]（31 条，10773 字符，temp=0.3）
2026-09-06 23:01:06 [ERROR] AI 调用异常 ([deepseek] 5/6 策略=完整内容 retry=1): Error code: 401 - {'error': {'message': 'Authentication Fails, Your api key: ****df0d is invalid', 'type': 'authentication_error', 'param': None, 'code': 'invalid_request_error'}}
2026-09-06 23:01:06 [WARNING] [[deepseek] 5/6 策略=完整内容 retry=1] AI 调用失败或解析失败，继续下一次尝试
2026-09-06 23:01:06 [INFO] 🤖 AI 筛选 [[deepseek] 6/6 策略=仅标题（无历史） retry=0]（31 条，7724 字符，temp=0.3）
2026-09-06 23:01:06 [ERROR] AI 调用异常 ([deepseek] 6/6 策略=仅标题（无历史） retry=0): Error code: 401 - {'error': {'message': 'Authentication Fails, Your api key: ****df0d is invalid', 'type': 'authentication_error', 'param': None, 'code': 'invalid_request_error'}}
2026-09-06 23:01:06 [WARNING] [[deepseek] 6/6 策略=仅标题（无历史） retry=0] AI 调用失败或解析失败，继续下一次尝试
2026-09-06 23:01:06 [WARNING] [deepseek] 已达最大尝试次数 6，停止
2026-09-06 23:01:06 [INFO] ⚠️ deepseek 未能产出满意结果，尝试下一个提供商
2026-09-06 23:01:06 [INFO] 🔄 尝试 AI 提供商: zhipu
2026-09-06 23:01:06 [ERROR] 未设置环境变量 ZHIPU_API_KEY，无法使用 zhipu
2026-09-06 23:01:06 [INFO] ⚠️ zhipu 未能产出满意结果，尝试下一个提供商
2026-09-06 23:01:06 [INFO] 🔄 尝试 AI 提供商: kimi
2026-09-06 23:01:06 [ERROR] 未设置环境变量 KIMI_API_KEY，无法使用 kimi
2026-09-06 23:01:06 [INFO] ⚠️ kimi 未能产出满意结果，尝试下一个提供商
2026-09-06 23:01:06 [INFO] 🔄 尝试 AI 提供商: huoshan
2026-09-06 23:01:06 [ERROR] 未设置环境变量 HUOSHAN_API_KEY，无法使用 huoshan
2026-09-06 23:01:06 [INFO] ⚠️ huoshan 未能产出满意结果，尝试下一个提供商
2026-09-06 23:01:06 [ERROR] ❌ 所有提供商均失败，返回空列表
2026-09-06 23:01:06 [INFO] 📦 JSON 已保存: reports/2026-09-07-07.json
2026-09-06 23:01:06 [INFO] ✅ AI 筛选完成，共 0 条交易相关消息
2026-09-07 00:00:49 [INFO] 🚀 开始抓取 2026-09-07 08:00 币圈新闻
2026-09-07 00:00:49 [INFO] 📡 抓取 RSS 新闻源...
2026-09-07 00:00:49 [INFO] 📡 抓取交易所公告 & 链上数据...
2026-09-07 00:00:49 [INFO]   ⏭ Decrypt: 过滤掉 37 条非近期新闻
2026-09-07 00:00:49 [INFO]   ⏭ CoinTelegraph: 过滤掉 30 条非近期新闻
2026-09-07 00:00:49 [INFO]   ⏭ The Block: 过滤掉 20 条非近期新闻
2026-09-07 00:00:50 [INFO]   ⏭ Bitcoin Magazine: 过滤掉 9 条非近期新闻
2026-09-07 00:00:50 [INFO]   ⏭ CoinDesk: 过滤掉 25 条非近期新闻
2026-09-07 00:00:50 [INFO]   ⏭ Reuters Crypto: 过滤掉 50 条非近期新闻
2026-09-07 00:00:50 [WARNING] 解析失败 Bitget公告: 'NoneType' object is not subscriptable
2026-09-07 00:00:50 [INFO]   ⏭ Bloomberg Crypto: 过滤掉 50 条非近期新闻
2026-09-07 00:00:50 [INFO]   ⏭ CNBC Crypto: 过滤掉 49 条非近期新闻
2026-09-07 00:00:50 [INFO]   ⏭ Blockworks: 过滤掉 50 条非近期新闻
2026-09-07 00:00:50 [INFO]   ⏭ 宏观经济: 过滤掉 50 条非近期新闻
2026-09-07 00:00:50 [INFO]   ⏭ Reddit r/cryptocurrency: 过滤掉 24 条非近期新闻
2026-09-07 00:00:50 [INFO]   ⏭ Decrypt: 过滤掉 50 条非近期新闻
2026-09-07 00:00:50 [INFO]   ⏭ DL News: 过滤掉 50 条非近期新闻
2026-09-07 00:00:50 [INFO]   ⏭ Blockworks: 过滤掉 4 条非近期新闻
2026-09-07 00:00:50 [INFO]   ⏭ 宏观经济: 过滤掉 50 条非近期新闻
2026-09-07 00:00:51 [INFO]   ⏭ 金色财经: 过滤掉 43 条非近期新闻
2026-09-07 00:00:51 [INFO]   ⏭ CoinTelegraph: 过滤掉 23 条非近期新闻
2026-09-07 00:00:51 [INFO]   ⏭ DeFi Llama: 过滤掉 50 条非近期新闻
2026-09-07 00:00:51 [INFO]   ⏭ 吴说区块链: 过滤掉 42 条非近期新闻
2026-09-07 00:00:51 [INFO]   ⏭ CoinDesk: 过滤掉 50 条非近期新闻
2026-09-07 00:00:51 [INFO]   ⏭ The Block: 过滤掉 50 条非近期新闻
2026-09-07 00:00:51 [INFO]   ⏭ Crypto Twitter: 过滤掉 46 条非近期新闻
2026-09-07 00:00:51 [INFO]   ⏭ 雪球加密: 过滤掉 50 条非近期新闻
2026-09-07 00:00:51 [INFO]   ⏭ CoinTelegraph: 过滤掉 50 条非近期新闻
2026-09-07 00:01:05 [DEBUG] 请求失败 https://rsshub.rssforever.com/theblockbeats/newsflash: 
2026-09-07 00:01:05 [DEBUG] 请求失败 https://rsshub.rssforever.com/panewslab/news: 
2026-09-07 00:01:06 [DEBUG] 请求失败 https://rsshub.rssforever.com/bloomberg/crypto: 
2026-09-07 00:01:06 [INFO]   ⏭ PANews: 过滤掉 50 条非近期新闻
2026-09-07 00:01:06 [INFO]   ⏭ 律动BlockBeats: 过滤掉 50 条非近期新闻
2026-09-07 00:01:06 [INFO]   ✓ CoinDesk: 0 条
2026-09-07 00:01:06 [INFO]   ✓ The Block: 0 条
2026-09-07 00:01:06 [INFO]   ✓ Decrypt: 0 条
2026-09-07 00:01:06 [INFO]   ✓ CoinTelegraph: 0 条
2026-09-07 00:01:06 [INFO]   ✓ Bitcoin Magazine: 1 条
2026-09-07 00:01:06 [INFO]   ✓ Blockworks: 0 条
2026-09-07 00:01:06 [INFO]   ✓ DL News: 0 条
2026-09-07 00:01:06 [INFO]   ✓ 金色财经: 7 条
2026-09-07 00:01:06 [INFO]   ✓ PANews: 0 条
2026-09-07 00:01:06 [INFO]   ✓ 律动BlockBeats: 0 条
2026-09-07 00:01:06 [INFO]   ✓ 吴说区块链: 0 条
2026-09-07 00:01:06 [INFO]   ✓ Bloomberg Crypto: 0 条
2026-09-07 00:01:06 [INFO]   ✓ Reuters Crypto: 0 条
2026-09-07 00:01:06 [INFO]   ✓ CNBC Crypto: 1 条
2026-09-07 00:01:06 [INFO]   ✓ Reddit r/cryptocurrency: 1 条
2026-09-07 00:01:06 [INFO]   ✓ Reddit r/bitcoin: 0 条
2026-09-07 00:01:06 [INFO]   ✓ Crypto Twitter: 4 条
2026-09-07 00:01:06 [INFO]   ✓ 宏观经济: 0 条
2026-09-07 00:01:06 [INFO]   ✓ Binance公告: 20 条
2026-09-07 00:01:06 [INFO]   ✓ OKX公告: 0 条
2026-09-07 00:01:06 [INFO]   ✓ Bitget公告: 0 条
2026-09-07 00:01:06 [INFO]   ✓ Whale Alert: 0 条
2026-09-07 00:01:06 [INFO]   ✓ Fear & Greed Index: 1 条
2026-09-07 00:01:06 [INFO]   ✓ DeFi Llama: 0 条
2026-09-07 00:01:06 [INFO]   ✓ 雪球加密: 0 条
2026-09-07 00:01:06 [INFO] 📊 共抓取 35 条新闻
2026-09-07 00:01:06 [INFO] 📋 原始新闻已保存: reports/2026-09-07-08-raw.json (35 条)
2026-09-07 00:01:06 [INFO] 📋 标题摘要已保存: reports/2026-09-07-08-raw-titles.md
2026-09-07 00:01:06 [INFO] ✅ 抓取完成，共 35 条，已保存到 reports/2026-09-07-08-raw.json
2026-09-07 00:01:07 [INFO] 🤖 开始 AI 筛选 2026-09-07 08:00 币圈消息
2026-09-07 00:01:07 [INFO] 📋 已加载原始新闻: reports/2026-09-07-08-raw.json (35 条)
2026-09-07 00:01:07 [INFO] 📚 已加载历史新闻标题（20683 字符）
2026-09-07 00:01:07 [INFO] 📚 已加载历史筛选标题 0 条、URL 0 个，用于去重
2026-09-07 00:01:07 [INFO] 🔄 尝试 AI 提供商: deepseek
2026-09-07 00:01:07 [INFO] 🤖 使用 AI 提供商: deepseek (模型: deepseek-v4-flash)
2026-09-07 00:01:07 [INFO] 🤖 AI 筛选 [[deepseek] 1/6 策略=仅标题+链接 retry=0]（35 条，6769 字符，temp=0.3）
2026-09-07 00:01:10 [ERROR] AI 调用异常 ([deepseek] 1/6 策略=仅标题+链接 retry=0): Error code: 401 - {'error': {'message': 'Authentication Fails, Your api key: ****df0d is invalid', 'type': 'authentication_error', 'param': None, 'code': 'invalid_request_error'}}
2026-09-07 00:01:10 [WARNING] [[deepseek] 1/6 策略=仅标题+链接 retry=0] AI 调用失败或解析失败，继续下一次尝试
2026-09-07 00:01:10 [INFO] 🤖 AI 筛选 [[deepseek] 2/6 策略=仅标题+链接 retry=1]（35 条，6769 字符，temp=0.3）
2026-09-07 00:01:10 [ERROR] AI 调用异常 ([deepseek] 2/6 策略=仅标题+链接 retry=1): Error code: 401 - {'error': {'message': 'Authentication Fails, Your api key: ****df0d is invalid', 'type': 'authentication_error', 'param': None, 'code': 'invalid_request_error'}}
2026-09-07 00:01:10 [WARNING] [[deepseek] 2/6 策略=仅标题+链接 retry=1] AI 调用失败或解析失败，继续下一次尝试
2026-09-07 00:01:10 [INFO] 🤖 AI 筛选 [[deepseek] 3/6 策略=仅标题+链接 retry=2]（35 条，6769 字符，temp=0.3）
2026-09-07 00:01:11 [ERROR] AI 调用异常 ([deepseek] 3/6 策略=仅标题+链接 retry=2): Error code: 401 - {'error': {'message': 'Authentication Fails, Your api key: ****df0d is invalid', 'type': 'authentication_error', 'param': None, 'code': 'invalid_request_error'}}
2026-09-07 00:01:11 [WARNING] [[deepseek] 3/6 策略=仅标题+链接 retry=2] AI 调用失败或解析失败，继续下一次尝试
2026-09-07 00:01:11 [INFO] 🤖 AI 筛选 [[deepseek] 4/6 策略=完整内容 retry=0]（35 条，10390 字符，temp=0.3）
2026-09-07 00:01:11 [ERROR] AI 调用异常 ([deepseek] 4/6 策略=完整内容 retry=0): Error code: 401 - {'error': {'message': 'Authentication Fails, Your api key: ****df0d is invalid', 'type': 'authentication_error', 'param': None, 'code': 'invalid_request_error'}}
2026-09-07 00:01:11 [WARNING] [[deepseek] 4/6 策略=完整内容 retry=0] AI 调用失败或解析失败，继续下一次尝试
2026-09-07 00:01:11 [INFO] 🤖 AI 筛选 [[deepseek] 5/6 策略=完整内容 retry=1]（35 条，10390 字符，temp=0.3）
2026-09-07 00:01:12 [ERROR] AI 调用异常 ([deepseek] 5/6 策略=完整内容 retry=1): Error code: 401 - {'error': {'message': 'Authentication Fails, Your api key: ****df0d is invalid', 'type': 'authentication_error', 'param': None, 'code': 'invalid_request_error'}}
2026-09-07 00:01:12 [WARNING] [[deepseek] 5/6 策略=完整内容 retry=1] AI 调用失败或解析失败，继续下一次尝试
2026-09-07 00:01:12 [INFO] 🤖 AI 筛选 [[deepseek] 6/6 策略=仅标题（无历史） retry=0]（35 条，6769 字符，temp=0.3）
2026-09-07 00:01:12 [ERROR] AI 调用异常 ([deepseek] 6/6 策略=仅标题（无历史） retry=0): Error code: 401 - {'error': {'message': 'Authentication Fails, Your api key: ****df0d is invalid', 'type': 'authentication_error', 'param': None, 'code': 'invalid_request_error'}}
2026-09-07 00:01:12 [WARNING] [[deepseek] 6/6 策略=仅标题（无历史） retry=0] AI 调用失败或解析失败，继续下一次尝试
2026-09-07 00:01:12 [WARNING] [deepseek] 已达最大尝试次数 6，停止
2026-09-07 00:01:12 [INFO] ⚠️ deepseek 未能产出满意结果，尝试下一个提供商
2026-09-07 00:01:12 [INFO] 🔄 尝试 AI 提供商: zhipu
2026-09-07 00:01:12 [ERROR] 未设置环境变量 ZHIPU_API_KEY，无法使用 zhipu
2026-09-07 00:01:12 [INFO] ⚠️ zhipu 未能产出满意结果，尝试下一个提供商
2026-09-07 00:01:12 [INFO] 🔄 尝试 AI 提供商: kimi
2026-09-07 00:01:12 [ERROR] 未设置环境变量 KIMI_API_KEY，无法使用 kimi
2026-09-07 00:01:12 [INFO] ⚠️ kimi 未能产出满意结果，尝试下一个提供商
2026-09-07 00:01:12 [INFO] 🔄 尝试 AI 提供商: huoshan
2026-09-07 00:01:12 [ERROR] 未设置环境变量 HUOSHAN_API_KEY，无法使用 huoshan
2026-09-07 00:01:12 [INFO] ⚠️ huoshan 未能产出满意结果，尝试下一个提供商
2026-09-07 00:01:12 [ERROR] ❌ 所有提供商均失败，返回空列表
2026-09-07 00:01:12 [INFO] 📦 JSON 已保存: reports/2026-09-07-08.json
2026-09-07 00:01:12 [INFO] ✅ AI 筛选完成，共 0 条交易相关消息
2026-09-07 01:00:46 [INFO] 🚀 开始抓取 2026-09-07 09:00 币圈新闻
2026-09-07 01:00:46 [INFO] 📡 抓取 RSS 新闻源...
2026-09-07 01:00:46 [INFO] 📡 抓取交易所公告 & 链上数据...
2026-09-07 01:00:46 [INFO]   ⏭ The Block: 过滤掉 20 条非近期新闻
2026-09-07 01:00:46 [INFO]   ⏭ Decrypt: 过滤掉 37 条非近期新闻
2026-09-07 01:00:46 [INFO]   ⏭ CoinTelegraph: 过滤掉 29 条非近期新闻
2026-09-07 01:00:46 [INFO]   ⏭ CoinDesk: 过滤掉 25 条非近期新闻
2026-09-07 01:00:46 [WARNING] 解析失败 Bitget公告: 'NoneType' object is not subscriptable
2026-09-07 01:00:46 [INFO]   ⏭ Bitcoin Magazine: 过滤掉 10 条非近期新闻
2026-09-07 01:00:47 [INFO]   ⏭ Reuters Crypto: 过滤掉 50 条非近期新闻
2026-09-07 01:00:47 [INFO]   ⏭ Blockworks: 过滤掉 50 条非近期新闻
2026-09-07 01:00:47 [INFO]   ⏭ 宏观经济: 过滤掉 49 条非近期新闻
2026-09-07 01:00:47 [INFO]   ⏭ Bloomberg Crypto: 过滤掉 50 条非近期新闻
2026-09-07 01:00:47 [INFO]   ⏭ CNBC Crypto: 过滤掉 49 条非近期新闻
2026-09-07 01:00:47 [INFO]   ⏭ Decrypt: 过滤掉 50 条非近期新闻
2026-09-07 01:00:47 [INFO]   ⏭ DL News: 过滤掉 50 条非近期新闻
2026-09-07 01:00:47 [INFO]   ⏭ Blockworks: 过滤掉 4 条非近期新闻
2026-09-07 01:00:47 [INFO]   ⏭ Bitcoin Magazine: 过滤掉 50 条非近期新闻
2026-09-07 01:00:47 [INFO]   ⏭ Reddit r/cryptocurrency: 过滤掉 19 条非近期新闻
2026-09-07 01:00:47 [INFO]   ⏭ 雪球加密: 过滤掉 50 条非近期新闻
2026-09-07 01:00:47 [INFO]   ⏭ DeFi Llama: 过滤掉 50 条非近期新闻
2026-09-07 01:00:47 [INFO]   ⏭ 吴说区块链: 过滤掉 42 条非近期新闻
2026-09-07 01:00:48 [INFO]   ⏭ Crypto Twitter: 过滤掉 45 条非近期新闻
2026-09-07 01:00:48 [INFO]   ⏭ CoinDesk: 过滤掉 50 条非近期新闻
2026-09-07 01:00:48 [INFO]   ⏭ The Block: 过滤掉 50 条非近期新闻
2026-09-07 01:01:01 [DEBUG] 请求失败 https://rsshub.rssforever.com/panewslab/news: 
2026-09-07 01:01:02 [DEBUG] 请求失败 https://rsshub.rssforever.com/jinse/lives: 
2026-09-07 01:01:02 [DEBUG] 请求失败 https://rsshub.rssforever.com/theblockbeats/newsflash: 
2026-09-07 01:01:02 [INFO]   ⏭ 律动BlockBeats: 过滤掉 50 条非近期新闻
2026-09-07 01:01:02 [INFO]   ⏭ PANews: 过滤掉 50 条非近期新闻
2026-09-07 01:01:02 [DEBUG] 请求失败 https://rsshub.rssforever.com/bloomberg/crypto: 
2026-09-07 01:01:02 [INFO]   ✓ CoinDesk: 0 条
2026-09-07 01:01:02 [INFO]   ✓ The Block: 0 条
2026-09-07 01:01:02 [INFO]   ✓ Decrypt: 0 条
2026-09-07 01:01:02 [INFO]   ✓ CoinTelegraph: 1 条
2026-09-07 01:01:02 [INFO]   ✓ Bitcoin Magazine: 0 条
2026-09-07 01:01:02 [INFO]   ✓ Blockworks: 0 条
2026-09-07 01:01:02 [INFO]   ✓ DL News: 0 条
2026-09-07 01:01:02 [INFO]   ✓ 金色财经: 0 条
2026-09-07 01:01:02 [INFO]   ✓ PANews: 0 条
2026-09-07 01:01:02 [INFO]   ✓ 律动BlockBeats: 0 条
2026-09-07 01:01:02 [INFO]   ✓ 吴说区块链: 0 条
2026-09-07 01:01:02 [INFO]   ✓ Bloomberg Crypto: 0 条
2026-09-07 01:01:02 [INFO]   ✓ Reuters Crypto: 0 条
2026-09-07 01:01:02 [INFO]   ✓ CNBC Crypto: 1 条
2026-09-07 01:01:02 [INFO]   ✓ Reddit r/cryptocurrency: 6 条
2026-09-07 01:01:02 [INFO]   ✓ Reddit r/bitcoin: 0 条
2026-09-07 01:01:02 [INFO]   ✓ Crypto Twitter: 5 条
2026-09-07 01:01:02 [INFO]   ✓ 宏观经济: 1 条
2026-09-07 01:01:02 [INFO]   ✓ Binance公告: 20 条
2026-09-07 01:01:02 [INFO]   ✓ OKX公告: 0 条
2026-09-07 01:01:02 [INFO]   ✓ Bitget公告: 0 条
2026-09-07 01:01:02 [INFO]   ✓ Whale Alert: 0 条
2026-09-07 01:01:02 [INFO]   ✓ Fear & Greed Index: 1 条
2026-09-07 01:01:02 [INFO]   ✓ DeFi Llama: 0 条
2026-09-07 01:01:02 [INFO]   ✓ 雪球加密: 0 条
2026-09-07 01:01:02 [INFO] 📊 共抓取 35 条新闻
2026-09-07 01:01:02 [INFO] 📋 原始新闻已保存: reports/2026-09-07-09-raw.json (35 条)
2026-09-07 01:01:02 [INFO] 📋 标题摘要已保存: reports/2026-09-07-09-raw-titles.md
2026-09-07 01:01:02 [INFO] ✅ 抓取完成，共 35 条，已保存到 reports/2026-09-07-09-raw.json
2026-09-07 01:01:03 [INFO] 🤖 开始 AI 筛选 2026-09-07 09:00 币圈消息
2026-09-07 01:01:03 [INFO] 📋 已加载原始新闻: reports/2026-09-07-09-raw.json (35 条)
2026-09-07 01:01:03 [INFO] 📚 已加载历史新闻标题（20057 字符）
2026-09-07 01:01:03 [INFO] 📚 已加载历史筛选标题 0 条、URL 0 个，用于去重
2026-09-07 01:01:03 [INFO] 🔄 尝试 AI 提供商: deepseek
2026-09-07 01:01:03 [INFO] 🤖 使用 AI 提供商: deepseek (模型: deepseek-v4-flash)
2026-09-07 01:01:03 [INFO] 🤖 AI 筛选 [[deepseek] 1/6 策略=仅标题+链接 retry=0]（35 条，8161 字符，temp=0.3）
2026-09-07 01:01:04 [ERROR] AI 调用异常 ([deepseek] 1/6 策略=仅标题+链接 retry=0): Error code: 401 - {'error': {'message': 'Authentication Fails, Your api key: ****df0d is invalid', 'type': 'authentication_error', 'param': None, 'code': 'invalid_request_error'}}
2026-09-07 01:01:04 [WARNING] [[deepseek] 1/6 策略=仅标题+链接 retry=0] AI 调用失败或解析失败，继续下一次尝试
2026-09-07 01:01:04 [INFO] 🤖 AI 筛选 [[deepseek] 2/6 策略=仅标题+链接 retry=1]（35 条，8161 字符，temp=0.3）
2026-09-07 01:01:04 [ERROR] AI 调用异常 ([deepseek] 2/6 策略=仅标题+链接 retry=1): Error code: 401 - {'error': {'message': 'Authentication Fails, Your api key: ****df0d is invalid', 'type': 'authentication_error', 'param': None, 'code': 'invalid_request_error'}}
2026-09-07 01:01:04 [WARNING] [[deepseek] 2/6 策略=仅标题+链接 retry=1] AI 调用失败或解析失败，继续下一次尝试
2026-09-07 01:01:04 [INFO] 🤖 AI 筛选 [[deepseek] 3/6 策略=仅标题+链接 retry=2]（35 条，8161 字符，temp=0.3）
2026-09-07 01:01:04 [ERROR] AI 调用异常 ([deepseek] 3/6 策略=仅标题+链接 retry=2): Error code: 401 - {'error': {'message': 'Authentication Fails, Your api key: ****df0d is invalid', 'type': 'authentication_error', 'param': None, 'code': 'invalid_request_error'}}
2026-09-07 01:01:04 [WARNING] [[deepseek] 3/6 策略=仅标题+链接 retry=2] AI 调用失败或解析失败，继续下一次尝试
2026-09-07 01:01:04 [INFO] 🤖 AI 筛选 [[deepseek] 4/6 策略=完整内容 retry=0]（35 条，11888 字符，temp=0.3）
2026-09-07 01:01:05 [ERROR] AI 调用异常 ([deepseek] 4/6 策略=完整内容 retry=0): Error code: 401 - {'error': {'message': 'Authentication Fails, Your api key: ****df0d is invalid', 'type': 'authentication_error', 'param': None, 'code': 'invalid_request_error'}}
2026-09-07 01:01:05 [WARNING] [[deepseek] 4/6 策略=完整内容 retry=0] AI 调用失败或解析失败，继续下一次尝试
2026-09-07 01:01:05 [INFO] 🤖 AI 筛选 [[deepseek] 5/6 策略=完整内容 retry=1]（35 条，11888 字符，temp=0.3）
2026-09-07 01:01:05 [ERROR] AI 调用异常 ([deepseek] 5/6 策略=完整内容 retry=1): Error code: 401 - {'error': {'message': 'Authentication Fails, Your api key: ****df0d is invalid', 'type': 'authentication_error', 'param': None, 'code': 'invalid_request_error'}}
2026-09-07 01:01:05 [WARNING] [[deepseek] 5/6 策略=完整内容 retry=1] AI 调用失败或解析失败，继续下一次尝试
2026-09-07 01:01:05 [INFO] 🤖 AI 筛选 [[deepseek] 6/6 策略=仅标题（无历史） retry=0]（35 条，8161 字符，temp=0.3）
2026-09-07 01:01:06 [ERROR] AI 调用异常 ([deepseek] 6/6 策略=仅标题（无历史） retry=0): Error code: 401 - {'error': {'message': 'Authentication Fails, Your api key: ****df0d is invalid', 'type': 'authentication_error', 'param': None, 'code': 'invalid_request_error'}}
2026-09-07 01:01:06 [WARNING] [[deepseek] 6/6 策略=仅标题（无历史） retry=0] AI 调用失败或解析失败，继续下一次尝试
2026-09-07 01:01:06 [WARNING] [deepseek] 已达最大尝试次数 6，停止
2026-09-07 01:01:06 [INFO] ⚠️ deepseek 未能产出满意结果，尝试下一个提供商
2026-09-07 01:01:06 [INFO] 🔄 尝试 AI 提供商: zhipu
2026-09-07 01:01:06 [ERROR] 未设置环境变量 ZHIPU_API_KEY，无法使用 zhipu
2026-09-07 01:01:06 [INFO] ⚠️ zhipu 未能产出满意结果，尝试下一个提供商
2026-09-07 01:01:06 [INFO] 🔄 尝试 AI 提供商: kimi
2026-09-07 01:01:06 [ERROR] 未设置环境变量 KIMI_API_KEY，无法使用 kimi
2026-09-07 01:01:06 [INFO] ⚠️ kimi 未能产出满意结果，尝试下一个提供商
2026-09-07 01:01:06 [INFO] 🔄 尝试 AI 提供商: huoshan
2026-09-07 01:01:06 [ERROR] 未设置环境变量 HUOSHAN_API_KEY，无法使用 huoshan
2026-09-07 01:01:06 [INFO] ⚠️ huoshan 未能产出满意结果，尝试下一个提供商
2026-09-07 01:01:06 [ERROR] ❌ 所有提供商均失败，返回空列表
2026-09-07 01:01:06 [INFO] 📦 JSON 已保存: reports/2026-09-07-09.json
2026-09-07 01:01:06 [INFO] ✅ AI 筛选完成，共 0 条交易相关消息
2026-09-07 02:00:48 [INFO] 🚀 开始抓取 2026-09-07 10:00 币圈新闻
2026-09-07 02:00:48 [INFO] 📡 抓取 RSS 新闻源...
2026-09-07 02:00:48 [INFO] 📡 抓取交易所公告 & 链上数据...
2026-09-07 02:00:48 [INFO]   ⏭ CoinTelegraph: 过滤掉 29 条非近期新闻
2026-09-07 02:00:48 [INFO]   ⏭ Decrypt: 过滤掉 37 条非近期新闻
2026-09-07 02:00:48 [INFO]   ⏭ The Block: 过滤掉 20 条非近期新闻
2026-09-07 02:00:48 [INFO]   ⏭ Bitcoin Magazine: 过滤掉 10 条非近期新闻
2026-09-07 02:00:48 [INFO]   ⏭ CoinDesk: 过滤掉 25 条非近期新闻
2026-09-07 02:00:48 [INFO]   ⏭ Reuters Crypto: 过滤掉 50 条非近期新闻
2026-09-07 02:00:48 [WARNING] 解析失败 Bitget公告: 'NoneType' object is not subscriptable
2026-09-07 02:00:48 [INFO]   ⏭ 宏观经济: 过滤掉 48 条非近期新闻
2026-09-07 02:00:48 [INFO]   ⏭ CNBC Crypto: 过滤掉 50 条非近期新闻
2026-09-07 02:00:48 [INFO]   ⏭ Reddit r/cryptocurrency: 过滤掉 16 条非近期新闻
2026-09-07 02:00:48 [INFO]   ⏭ Bloomberg Crypto: 过滤掉 50 条非近期新闻
2026-09-07 02:00:48 [INFO]   ⏭ 金色财经: 过滤掉 11 条非近期新闻
2026-09-07 02:00:49 [INFO]   ⏭ Blockworks: 过滤掉 50 条非近期新闻
2026-09-07 02:00:49 [INFO]   ⏭ DL News: 过滤掉 50 条非近期新闻
2026-09-07 02:00:49 [INFO]   ⏭ Decrypt: 过滤掉 50 条非近期新闻
2026-09-07 02:00:49 [INFO]   ⏭ Bitcoin Magazine: 过滤掉 50 条非近期新闻
2026-09-07 02:00:49 [INFO]   ⏭ Blockworks: 过滤掉 4 条非近期新闻
2026-09-07 02:00:49 [INFO]   ⏭ DeFi Llama: 过滤掉 50 条非近期新闻
2026-09-07 02:00:49 [INFO]   ⏭ 吴说区块链: 过滤掉 38 条非近期新闻
2026-09-07 02:00:49 [INFO]   ⏭ Crypto Twitter: 过滤掉 42 条非近期新闻
2026-09-07 02:00:49 [INFO]   ⏭ 雪球加密: 过滤掉 49 条非近期新闻
2026-09-07 02:00:49 [INFO]   ⏭ The Block: 过滤掉 50 条非近期新闻
2026-09-07 02:00:50 [INFO]   ⏭ CoinDesk: 过滤掉 50 条非近期新闻
2026-09-07 02:00:57 [INFO]   ⏭ 律动BlockBeats: 过滤掉 3 条非近期新闻
2026-09-07 02:00:57 [INFO]   ⏭ PANews: 过滤掉 50 条非近期新闻
2026-09-07 02:01:04 [DEBUG] 请求失败 https://rsshub.rssforever.com/bloomberg/crypto: 
2026-09-07 02:01:04 [INFO]   ✓ CoinDesk: 0 条
2026-09-07 02:01:04 [INFO]   ✓ The Block: 0 条
2026-09-07 02:01:04 [INFO]   ✓ Decrypt: 0 条
2026-09-07 02:01:04 [INFO]   ✓ CoinTelegraph: 1 条
2026-09-07 02:01:04 [INFO]   ✓ Bitcoin Magazine: 0 条
2026-09-07 02:01:04 [INFO]   ✓ Blockworks: 0 条
2026-09-07 02:01:04 [INFO]   ✓ DL News: 0 条
2026-09-07 02:01:04 [INFO]   ✓ 金色财经: 9 条
2026-09-07 02:01:04 [INFO]   ✓ PANews: 0 条
2026-09-07 02:01:04 [INFO]   ✓ 律动BlockBeats: 17 条
2026-09-07 02:01:04 [INFO]   ✓ 吴说区块链: 0 条
2026-09-07 02:01:04 [INFO]   ✓ Bloomberg Crypto: 0 条
2026-09-07 02:01:04 [INFO]   ✓ Reuters Crypto: 0 条
2026-09-07 02:01:04 [INFO]   ✓ CNBC Crypto: 0 条
2026-09-07 02:01:04 [INFO]   ✓ Reddit r/cryptocurrency: 9 条
2026-09-07 02:01:04 [INFO]   ✓ Reddit r/bitcoin: 0 条
2026-09-07 02:01:04 [INFO]   ✓ Crypto Twitter: 8 条
2026-09-07 02:01:04 [INFO]   ✓ 宏观经济: 2 条
2026-09-07 02:01:04 [INFO]   ✓ Binance公告: 20 条
2026-09-07 02:01:04 [INFO]   ✓ OKX公告: 0 条
2026-09-07 02:01:04 [INFO]   ✓ Bitget公告: 0 条
2026-09-07 02:01:04 [INFO]   ✓ Whale Alert: 0 条
2026-09-07 02:01:04 [INFO]   ✓ Fear & Greed Index: 1 条
2026-09-07 02:01:04 [INFO]   ✓ DeFi Llama: 0 条
2026-09-07 02:01:04 [INFO]   ✓ 雪球加密: 1 条
2026-09-07 02:01:04 [INFO] 📊 共抓取 68 条新闻
2026-09-07 02:01:04 [INFO] 📋 原始新闻已保存: reports/2026-09-07-10-raw.json (68 条)
2026-09-07 02:01:04 [INFO] 📋 标题摘要已保存: reports/2026-09-07-10-raw-titles.md
2026-09-07 02:01:04 [INFO] ✅ 抓取完成，共 68 条，已保存到 reports/2026-09-07-10-raw.json
2026-09-07 02:01:05 [INFO] 🤖 开始 AI 筛选 2026-09-07 10:00 币圈消息
2026-09-07 02:01:05 [INFO] 📋 已加载原始新闻: reports/2026-09-07-10-raw.json (68 条)
2026-09-07 02:01:05 [INFO] 📚 已加载历史新闻标题（19832 字符）
2026-09-07 02:01:05 [INFO] 📚 已加载历史筛选标题 0 条、URL 0 个，用于去重
2026-09-07 02:01:05 [INFO] 🔄 尝试 AI 提供商: deepseek
2026-09-07 02:01:05 [INFO] 🤖 使用 AI 提供商: deepseek (模型: deepseek-v4-flash)
2026-09-07 02:01:05 [INFO] 🤖 AI 筛选 [[deepseek] 1/6 策略=仅标题+链接 retry=0]（68 条，12613 字符，temp=0.3）
2026-09-07 02:01:06 [ERROR] AI 调用异常 ([deepseek] 1/6 策略=仅标题+链接 retry=0): Error code: 401 - {'error': {'message': 'Authentication Fails, Your api key: ****df0d is invalid', 'type': 'authentication_error', 'param': None, 'code': 'invalid_request_error'}}
2026-09-07 02:01:06 [WARNING] [[deepseek] 1/6 策略=仅标题+链接 retry=0] AI 调用失败或解析失败，继续下一次尝试
2026-09-07 02:01:06 [INFO] 🤖 AI 筛选 [[deepseek] 2/6 策略=仅标题+链接 retry=1]（68 条，12613 字符，temp=0.3）
2026-09-07 02:01:06 [ERROR] AI 调用异常 ([deepseek] 2/6 策略=仅标题+链接 retry=1): Error code: 401 - {'error': {'message': 'Authentication Fails, Your api key: ****df0d is invalid', 'type': 'authentication_error', 'param': None, 'code': 'invalid_request_error'}}
2026-09-07 02:01:06 [WARNING] [[deepseek] 2/6 策略=仅标题+链接 retry=1] AI 调用失败或解析失败，继续下一次尝试
2026-09-07 02:01:06 [INFO] 🤖 AI 筛选 [[deepseek] 3/6 策略=仅标题+链接 retry=2]（68 条，12613 字符，temp=0.3）
2026-09-07 02:01:07 [ERROR] AI 调用异常 ([deepseek] 3/6 策略=仅标题+链接 retry=2): Error code: 401 - {'error': {'message': 'Authentication Fails, Your api key: ****df0d is invalid', 'type': 'authentication_error', 'param': None, 'code': 'invalid_request_error'}}
2026-09-07 02:01:07 [WARNING] [[deepseek] 3/6 策略=仅标题+链接 retry=2] AI 调用失败或解析失败，继续下一次尝试
2026-09-07 02:01:07 [INFO] 🤖 AI 筛选 [[deepseek] 4/6 策略=完整内容 retry=0]（68 条，21681 字符，temp=0.3）
2026-09-07 02:01:07 [ERROR] AI 调用异常 ([deepseek] 4/6 策略=完整内容 retry=0): Error code: 401 - {'error': {'message': 'Authentication Fails, Your api key: ****df0d is invalid', 'type': 'authentication_error', 'param': None, 'code': 'invalid_request_error'}}
2026-09-07 02:01:07 [WARNING] [[deepseek] 4/6 策略=完整内容 retry=0] AI 调用失败或解析失败，继续下一次尝试
2026-09-07 02:01:07 [INFO] 🤖 AI 筛选 [[deepseek] 5/6 策略=完整内容 retry=1]（68 条，21681 字符，temp=0.3）
2026-09-07 02:01:08 [ERROR] AI 调用异常 ([deepseek] 5/6 策略=完整内容 retry=1): Error code: 401 - {'error': {'message': 'Authentication Fails, Your api key: ****df0d is invalid', 'type': 'authentication_error', 'param': None, 'code': 'invalid_request_error'}}
2026-09-07 02:01:08 [WARNING] [[deepseek] 5/6 策略=完整内容 retry=1] AI 调用失败或解析失败，继续下一次尝试
2026-09-07 02:01:08 [INFO] 🤖 AI 筛选 [[deepseek] 6/6 策略=仅标题（无历史） retry=0]（68 条，12613 字符，temp=0.3）
2026-09-07 02:01:08 [ERROR] AI 调用异常 ([deepseek] 6/6 策略=仅标题（无历史） retry=0): Error code: 401 - {'error': {'message': 'Authentication Fails, Your api key: ****df0d is invalid', 'type': 'authentication_error', 'param': None, 'code': 'invalid_request_error'}}
2026-09-07 02:01:08 [WARNING] [[deepseek] 6/6 策略=仅标题（无历史） retry=0] AI 调用失败或解析失败，继续下一次尝试
2026-09-07 02:01:08 [WARNING] [deepseek] 已达最大尝试次数 6，停止
2026-09-07 02:01:08 [INFO] ⚠️ deepseek 未能产出满意结果，尝试下一个提供商
2026-09-07 02:01:08 [INFO] 🔄 尝试 AI 提供商: zhipu
2026-09-07 02:01:08 [ERROR] 未设置环境变量 ZHIPU_API_KEY，无法使用 zhipu
2026-09-07 02:01:08 [INFO] ⚠️ zhipu 未能产出满意结果，尝试下一个提供商
2026-09-07 02:01:08 [INFO] 🔄 尝试 AI 提供商: kimi
2026-09-07 02:01:08 [ERROR] 未设置环境变量 KIMI_API_KEY，无法使用 kimi
2026-09-07 02:01:08 [INFO] ⚠️ kimi 未能产出满意结果，尝试下一个提供商
2026-09-07 02:01:08 [INFO] 🔄 尝试 AI 提供商: huoshan
2026-09-07 02:01:08 [ERROR] 未设置环境变量 HUOSHAN_API_KEY，无法使用 huoshan
2026-09-07 02:01:08 [INFO] ⚠️ huoshan 未能产出满意结果，尝试下一个提供商
2026-09-07 02:01:08 [ERROR] ❌ 所有提供商均失败，返回空列表
2026-09-07 02:01:08 [INFO] 📦 JSON 已保存: reports/2026-09-07-10.json
2026-09-07 02:01:08 [INFO] ✅ AI 筛选完成，共 0 条交易相关消息
2026-09-07 03:00:54 [INFO] 🚀 开始抓取 2026-09-07 11:00 币圈新闻
2026-09-07 03:00:54 [INFO] 📡 抓取 RSS 新闻源...
2026-09-07 03:00:54 [INFO] 📡 抓取交易所公告 & 链上数据...
2026-09-07 03:00:54 [INFO]   ⏭ Decrypt: 过滤掉 37 条非近期新闻
2026-09-07 03:00:54 [INFO]   ⏭ CoinTelegraph: 过滤掉 30 条非近期新闻
2026-09-07 03:00:54 [INFO]   ⏭ The Block: 过滤掉 18 条非近期新闻
2026-09-07 03:00:54 [INFO]   ⏭ CoinDesk: 过滤掉 25 条非近期新闻
2026-09-07 03:00:54 [INFO]   ⏭ Reddit r/cryptocurrency: 过滤掉 18 条非近期新闻
2026-09-07 03:00:54 [INFO]   ⏭ Bitcoin Magazine: 过滤掉 10 条非近期新闻
2026-09-07 03:00:55 [INFO]   ⏭ Bloomberg Crypto: 过滤掉 49 条非近期新闻
2026-09-07 03:00:55 [WARNING] 解析失败 Bitget公告: 'NoneType' object is not subscriptable
2026-09-07 03:00:55 [INFO]   ⏭ Blockworks: 过滤掉 50 条非近期新闻
2026-09-07 03:00:55 [INFO]   ⏭ 宏观经济: 过滤掉 49 条非近期新闻
2026-09-07 03:00:55 [INFO]   ⏭ CNBC Crypto: 过滤掉 49 条非近期新闻
2026-09-07 03:00:55 [INFO]   ⏭ Decrypt: 过滤掉 50 条非近期新闻
2026-09-07 03:00:55 [INFO]   ⏭ DL News: 过滤掉 50 条非近期新闻
2026-09-07 03:00:55 [INFO]   ⏭ Blockworks: 过滤掉 4 条非近期新闻
2026-09-07 03:00:55 [INFO]   ⏭ Reuters Crypto: 过滤掉 50 条非近期新闻
2026-09-07 03:00:55 [INFO]   ⏭ Bitcoin Magazine: 过滤掉 50 条非近期新闻
2026-09-07 03:00:55 [INFO]   ⏭ DeFi Llama: 过滤掉 50 条非近期新闻
2026-09-07 03:00:55 [INFO]   ⏭ 雪球加密: 过滤掉 50 条非近期新闻
2026-09-07 03:00:55 [INFO]   ⏭ 吴说区块链: 过滤掉 38 条非近期新闻
2026-09-07 03:00:56 [INFO]   ⏭ CoinDesk: 过滤掉 50 条非近期新闻
2026-09-07 03:00:56 [INFO]   ⏭ Crypto Twitter: 过滤掉 38 条非近期新闻
2026-09-07 03:01:01 [INFO]   ⏭ 律动BlockBeats: 过滤掉 3 条非近期新闻
2026-09-07 03:01:02 [INFO]   ⏭ PANews: 过滤掉 50 条非近期新闻
2026-09-07 03:01:10 [DEBUG] 请求失败 https://rsshub.rssforever.com/cointelegraph: 
2026-09-07 03:01:10 [INFO]   ⏭ CoinTelegraph: 过滤掉 50 条非近期新闻
2026-09-07 03:01:10 [INFO]   ✓ CoinDesk: 0 条
2026-09-07 03:01:10 [INFO]   ✓ The Block: 2 条
2026-09-07 03:01:10 [INFO]   ✓ Decrypt: 0 条
2026-09-07 03:01:10 [INFO]   ✓ CoinTelegraph: 0 条
2026-09-07 03:01:10 [INFO]   ✓ Bitcoin Magazine: 0 条
2026-09-07 03:01:10 [INFO]   ✓ Blockworks: 0 条
2026-09-07 03:01:10 [INFO]   ✓ DL News: 0 条
2026-09-07 03:01:10 [INFO]   ✓ 金色财经: 9 条
2026-09-07 03:01:10 [INFO]   ✓ PANews: 0 条
2026-09-07 03:01:10 [INFO]   ✓ 律动BlockBeats: 17 条
2026-09-07 03:01:10 [INFO]   ✓ 吴说区块链: 0 条
2026-09-07 03:01:10 [INFO]   ✓ Bloomberg Crypto: 1 条
2026-09-07 03:01:10 [INFO]   ✓ Reuters Crypto: 0 条
2026-09-07 03:01:10 [INFO]   ✓ CNBC Crypto: 1 条
2026-09-07 03:01:10 [INFO]   ✓ Reddit r/cryptocurrency: 7 条
2026-09-07 03:01:10 [INFO]   ✓ Reddit r/bitcoin: 0 条
2026-09-07 03:01:10 [INFO]   ✓ Crypto Twitter: 12 条
2026-09-07 03:01:10 [INFO]   ✓ 宏观经济: 1 条
2026-09-07 03:01:10 [INFO]   ✓ Binance公告: 20 条
2026-09-07 03:01:10 [INFO]   ✓ OKX公告: 0 条
2026-09-07 03:01:10 [INFO]   ✓ Bitget公告: 0 条
2026-09-07 03:01:10 [INFO]   ✓ Whale Alert: 0 条
2026-09-07 03:01:10 [INFO]   ✓ Fear & Greed Index: 1 条
2026-09-07 03:01:10 [INFO]   ✓ DeFi Llama: 0 条
2026-09-07 03:01:10 [INFO]   ✓ 雪球加密: 0 条
2026-09-07 03:01:10 [INFO] 📊 共抓取 71 条新闻
2026-09-07 03:01:10 [INFO] 📋 原始新闻已保存: reports/2026-09-07-11-raw.json (71 条)
2026-09-07 03:01:10 [INFO] 📋 标题摘要已保存: reports/2026-09-07-11-raw-titles.md
2026-09-07 03:01:10 [INFO] ✅ 抓取完成，共 71 条，已保存到 reports/2026-09-07-11-raw.json
2026-09-07 03:01:11 [INFO] 🤖 开始 AI 筛选 2026-09-07 11:00 币圈消息
2026-09-07 03:01:11 [INFO] 📋 已加载原始新闻: reports/2026-09-07-11-raw.json (71 条)
2026-09-07 03:01:11 [INFO] 📚 已加载历史新闻标题（20764 字符）
2026-09-07 03:01:11 [INFO] 📚 已加载历史筛选标题 0 条、URL 0 个，用于去重
2026-09-07 03:01:11 [INFO] 🔄 尝试 AI 提供商: deepseek
2026-09-07 03:01:12 [INFO] 🤖 使用 AI 提供商: deepseek (模型: deepseek-v4-flash)
2026-09-07 03:01:12 [INFO] 🤖 AI 筛选 [[deepseek] 1/6 策略=仅标题+链接 retry=0]（71 条，14288 字符，temp=0.3）
2026-09-07 03:01:12 [ERROR] AI 调用异常 ([deepseek] 1/6 策略=仅标题+链接 retry=0): Error code: 401 - {'error': {'message': 'Authentication Fails, Your api key: ****df0d is invalid', 'type': 'authentication_error', 'param': None, 'code': 'invalid_request_error'}}
2026-09-07 03:01:12 [WARNING] [[deepseek] 1/6 策略=仅标题+链接 retry=0] AI 调用失败或解析失败，继续下一次尝试
2026-09-07 03:01:12 [INFO] 🤖 AI 筛选 [[deepseek] 2/6 策略=仅标题+链接 retry=1]（71 条，14288 字符，temp=0.3）
2026-09-07 03:01:13 [ERROR] AI 调用异常 ([deepseek] 2/6 策略=仅标题+链接 retry=1): Error code: 401 - {'error': {'message': 'Authentication Fails, Your api key: ****df0d is invalid', 'type': 'authentication_error', 'param': None, 'code': 'invalid_request_error'}}
2026-09-07 03:01:13 [WARNING] [[deepseek] 2/6 策略=仅标题+链接 retry=1] AI 调用失败或解析失败，继续下一次尝试
2026-09-07 03:01:13 [INFO] 🤖 AI 筛选 [[deepseek] 3/6 策略=仅标题+链接 retry=2]（71 条，14288 字符，temp=0.3）
2026-09-07 03:01:13 [ERROR] AI 调用异常 ([deepseek] 3/6 策略=仅标题+链接 retry=2): Error code: 401 - {'error': {'message': 'Authentication Fails, Your api key: ****df0d is invalid', 'type': 'authentication_error', 'param': None, 'code': 'invalid_request_error'}}
2026-09-07 03:01:13 [WARNING] [[deepseek] 3/6 策略=仅标题+链接 retry=2] AI 调用失败或解析失败，继续下一次尝试
2026-09-07 03:01:13 [INFO] 🤖 AI 筛选 [[deepseek] 4/6 策略=完整内容 retry=0]（71 条，23964 字符，temp=0.3）
2026-09-07 03:01:14 [ERROR] AI 调用异常 ([deepseek] 4/6 策略=完整内容 retry=0): Error code: 401 - {'error': {'message': 'Authentication Fails, Your api key: ****df0d is invalid', 'type': 'authentication_error', 'param': None, 'code': 'invalid_request_error'}}
2026-09-07 03:01:14 [WARNING] [[deepseek] 4/6 策略=完整内容 retry=0] AI 调用失败或解析失败，继续下一次尝试
2026-09-07 03:01:14 [INFO] 🤖 AI 筛选 [[deepseek] 5/6 策略=完整内容 retry=1]（71 条，23964 字符，temp=0.3）
2026-09-07 03:01:15 [ERROR] AI 调用异常 ([deepseek] 5/6 策略=完整内容 retry=1): Error code: 401 - {'error': {'message': 'Authentication Fails, Your api key: ****df0d is invalid', 'type': 'authentication_error', 'param': None, 'code': 'invalid_request_error'}}
2026-09-07 03:01:15 [WARNING] [[deepseek] 5/6 策略=完整内容 retry=1] AI 调用失败或解析失败，继续下一次尝试
2026-09-07 03:01:15 [INFO] 🤖 AI 筛选 [[deepseek] 6/6 策略=仅标题（无历史） retry=0]（71 条，14288 字符，temp=0.3）
2026-09-07 03:01:15 [ERROR] AI 调用异常 ([deepseek] 6/6 策略=仅标题（无历史） retry=0): Error code: 401 - {'error': {'message': 'Authentication Fails, Your api key: ****df0d is invalid', 'type': 'authentication_error', 'param': None, 'code': 'invalid_request_error'}}
2026-09-07 03:01:15 [WARNING] [[deepseek] 6/6 策略=仅标题（无历史） retry=0] AI 调用失败或解析失败，继续下一次尝试
2026-09-07 03:01:15 [WARNING] [deepseek] 已达最大尝试次数 6，停止
2026-09-07 03:01:15 [INFO] ⚠️ deepseek 未能产出满意结果，尝试下一个提供商
2026-09-07 03:01:15 [INFO] 🔄 尝试 AI 提供商: zhipu
2026-09-07 03:01:15 [ERROR] 未设置环境变量 ZHIPU_API_KEY，无法使用 zhipu
2026-09-07 03:01:15 [INFO] ⚠️ zhipu 未能产出满意结果，尝试下一个提供商
2026-09-07 03:01:15 [INFO] 🔄 尝试 AI 提供商: kimi
2026-09-07 03:01:15 [ERROR] 未设置环境变量 KIMI_API_KEY，无法使用 kimi
2026-09-07 03:01:15 [INFO] ⚠️ kimi 未能产出满意结果，尝试下一个提供商
2026-09-07 03:01:15 [INFO] 🔄 尝试 AI 提供商: huoshan
2026-09-07 03:01:15 [ERROR] 未设置环境变量 HUOSHAN_API_KEY，无法使用 huoshan
2026-09-07 03:01:15 [INFO] ⚠️ huoshan 未能产出满意结果，尝试下一个提供商
2026-09-07 03:01:15 [ERROR] ❌ 所有提供商均失败，返回空列表
2026-09-07 03:01:15 [INFO] 📦 JSON 已保存: reports/2026-09-07-11.json
2026-09-07 03:01:15 [INFO] ✅ AI 筛选完成，共 0 条交易相关消息
2026-09-07 04:00:48 [INFO] 🚀 开始抓取 2026-09-07 12:00 币圈新闻
2026-09-07 04:00:49 [INFO] 📡 抓取 RSS 新闻源...
2026-09-07 04:00:49 [INFO] 📡 抓取交易所公告 & 链上数据...
2026-09-07 04:00:49 [INFO]   ⏭ The Block: 过滤掉 18 条非近期新闻
2026-09-07 04:00:49 [INFO]   ⏭ Decrypt: 过滤掉 37 条非近期新闻
2026-09-07 04:00:49 [INFO]   ⏭ CoinTelegraph: 过滤掉 30 条非近期新闻
2026-09-07 04:00:49 [INFO]   ⏭ Bloomberg Crypto: 过滤掉 49 条非近期新闻
2026-09-07 04:00:49 [INFO]   ⏭ Bitcoin Magazine: 过滤掉 10 条非近期新闻
2026-09-07 04:00:49 [INFO]   ⏭ CoinDesk: 过滤掉 24 条非近期新闻
2026-09-07 04:00:49 [INFO]   ⏭ Reuters Crypto: 过滤掉 50 条非近期新闻
2026-09-07 04:00:49 [INFO]   ⏭ 宏观经济: 过滤掉 48 条非近期新闻
2026-09-07 04:00:49 [WARNING] 解析失败 Bitget公告: 'NoneType' object is not subscriptable
2026-09-07 04:00:49 [INFO]   ⏭ CNBC Crypto: 过滤掉 49 条非近期新闻
2026-09-07 04:00:49 [INFO]   ⏭ Reddit r/bitcoin: 过滤掉 23 条非近期新闻
2026-09-07 04:00:50 [INFO]   ⏭ Decrypt: 过滤掉 50 条非近期新闻
2026-09-07 04:00:50 [INFO]   ⏭ DL News: 过滤掉 50 条非近期新闻
2026-09-07 04:00:50 [INFO]   ⏭ 律动BlockBeats: 过滤掉 5 条非近期新闻
2026-09-07 04:00:50 [INFO]   ⏭ Blockworks: 过滤掉 50 条非近期新闻
2026-09-07 04:00:50 [INFO]   ⏭ 金色财经: 过滤掉 7 条非近期新闻
2026-09-07 04:00:50 [INFO]   ⏭ Bitcoin Magazine: 过滤掉 50 条非近期新闻
2026-09-07 04:00:50 [INFO]   ⏭ Blockworks: 过滤掉 4 条非近期新闻
2026-09-07 04:00:50 [INFO]   ⏭ DeFi Llama: 过滤掉 50 条非近期新闻
2026-09-07 04:00:50 [INFO]   ⏭ 吴说区块链: 过滤掉 38 条非近期新闻
2026-09-07 04:00:50 [INFO]   ⏭ 雪球加密: 过滤掉 50 条非近期新闻
2026-09-07 04:00:50 [INFO]   ⏭ Crypto Twitter: 过滤掉 43 条非近期新闻
2026-09-07 04:01:04 [DEBUG] 请求失败 https://rsshub.rssforever.com/panewslab/news: 
2026-09-07 04:01:05 [DEBUG] 请求失败 https://rsshub.rssforever.com/cointelegraph: 
2026-09-07 04:01:05 [INFO]   ⏭ CoinTelegraph: 过滤掉 50 条非近期新闻
2026-09-07 04:01:05 [INFO]   ⏭ PANews: 过滤掉 50 条非近期新闻
2026-09-07 04:01:05 [INFO]   ✓ CoinDesk: 1 条
2026-09-07 04:01:05 [INFO]   ✓ The Block: 2 条
2026-09-07 04:01:05 [INFO]   ✓ Decrypt: 0 条
2026-09-07 04:01:05 [INFO]   ✓ CoinTelegraph: 0 条
2026-09-07 04:01:05 [INFO]   ✓ Bitcoin Magazine: 0 条
2026-09-07 04:01:05 [INFO]   ✓ Blockworks: 0 条
2026-09-07 04:01:05 [INFO]   ✓ DL News: 0 条
2026-09-07 04:01:05 [INFO]   ✓ 金色财经: 13 条
2026-09-07 04:01:05 [INFO]   ✓ PANews: 0 条
2026-09-07 04:01:05 [INFO]   ✓ 律动BlockBeats: 15 条
2026-09-07 04:01:05 [INFO]   ✓ 吴说区块链: 0 条
2026-09-07 04:01:05 [INFO]   ✓ Bloomberg Crypto: 1 条
2026-09-07 04:01:05 [INFO]   ✓ Reuters Crypto: 0 条
2026-09-07 04:01:05 [INFO]   ✓ CNBC Crypto: 1 条
2026-09-07 04:01:05 [INFO]   ✓ Reddit r/cryptocurrency: 0 条
2026-09-07 04:01:05 [INFO]   ✓ Reddit r/bitcoin: 2 条
2026-09-07 04:01:05 [INFO]   ✓ Crypto Twitter: 7 条
2026-09-07 04:01:05 [INFO]   ✓ 宏观经济: 2 条
2026-09-07 04:01:05 [INFO]   ✓ Binance公告: 20 条
2026-09-07 04:01:05 [INFO]   ✓ OKX公告: 0 条
2026-09-07 04:01:05 [INFO]   ✓ Bitget公告: 0 条
2026-09-07 04:01:05 [INFO]   ✓ Whale Alert: 0 条
2026-09-07 04:01:05 [INFO]   ✓ Fear & Greed Index: 1 条
2026-09-07 04:01:05 [INFO]   ✓ DeFi Llama: 0 条
2026-09-07 04:01:05 [INFO]   ✓ 雪球加密: 0 条
2026-09-07 04:01:05 [INFO] 📊 共抓取 65 条新闻
2026-09-07 04:01:05 [INFO] 📋 原始新闻已保存: reports/2026-09-07-12-raw.json (65 条)
2026-09-07 04:01:05 [INFO] 📋 标题摘要已保存: reports/2026-09-07-12-raw-titles.md
2026-09-07 04:01:05 [INFO] ✅ 抓取完成，共 65 条，已保存到 reports/2026-09-07-12-raw.json
2026-09-07 04:01:06 [INFO] 🤖 开始 AI 筛选 2026-09-07 12:00 币圈消息
2026-09-07 04:01:06 [INFO] 📋 已加载原始新闻: reports/2026-09-07-12-raw.json (65 条)
2026-09-07 04:01:06 [INFO] 📚 已加载历史新闻标题（22229 字符）
2026-09-07 04:01:06 [INFO] 📚 已加载历史筛选标题 0 条、URL 0 个，用于去重
2026-09-07 04:01:06 [INFO] 🔄 尝试 AI 提供商: deepseek
2026-09-07 04:01:06 [INFO] 🤖 使用 AI 提供商: deepseek (模型: deepseek-v4-flash)
2026-09-07 04:01:06 [INFO] 🤖 AI 筛选 [[deepseek] 1/6 策略=仅标题+链接 retry=0]（65 条，12031 字符，temp=0.3）
2026-09-07 04:01:07 [ERROR] AI 调用异常 ([deepseek] 1/6 策略=仅标题+链接 retry=0): Error code: 401 - {'error': {'message': 'Authentication Fails, Your api key: ****df0d is invalid', 'type': 'authentication_error', 'param': None, 'code': 'invalid_request_error'}}
2026-09-07 04:01:07 [WARNING] [[deepseek] 1/6 策略=仅标题+链接 retry=0] AI 调用失败或解析失败，继续下一次尝试
2026-09-07 04:01:07 [INFO] 🤖 AI 筛选 [[deepseek] 2/6 策略=仅标题+链接 retry=1]（65 条，12031 字符，temp=0.3）
2026-09-07 04:01:08 [ERROR] AI 调用异常 ([deepseek] 2/6 策略=仅标题+链接 retry=1): Error code: 401 - {'error': {'message': 'Authentication Fails, Your api key: ****df0d is invalid', 'type': 'authentication_error', 'param': None, 'code': 'invalid_request_error'}}
2026-09-07 04:01:08 [WARNING] [[deepseek] 2/6 策略=仅标题+链接 retry=1] AI 调用失败或解析失败，继续下一次尝试
2026-09-07 04:01:08 [INFO] 🤖 AI 筛选 [[deepseek] 3/6 策略=仅标题+链接 retry=2]（65 条，12031 字符，temp=0.3）
2026-09-07 04:01:08 [ERROR] AI 调用异常 ([deepseek] 3/6 策略=仅标题+链接 retry=2): Error code: 401 - {'error': {'message': 'Authentication Fails, Your api key: ****df0d is invalid', 'type': 'authentication_error', 'param': None, 'code': 'invalid_request_error'}}
2026-09-07 04:01:08 [WARNING] [[deepseek] 3/6 策略=仅标题+链接 retry=2] AI 调用失败或解析失败，继续下一次尝试
2026-09-07 04:01:08 [INFO] 🤖 AI 筛选 [[deepseek] 4/6 策略=完整内容 retry=0]（65 条，21042 字符，temp=0.3）
2026-09-07 04:01:09 [ERROR] AI 调用异常 ([deepseek] 4/6 策略=完整内容 retry=0): Error code: 401 - {'error': {'message': 'Authentication Fails, Your api key: ****df0d is invalid', 'type': 'authentication_error', 'param': None, 'code': 'invalid_request_error'}}
2026-09-07 04:01:09 [WARNING] [[deepseek] 4/6 策略=完整内容 retry=0] AI 调用失败或解析失败，继续下一次尝试
2026-09-07 04:01:09 [INFO] 🤖 AI 筛选 [[deepseek] 5/6 策略=完整内容 retry=1]（65 条，21042 字符，temp=0.3）
2026-09-07 04:01:09 [ERROR] AI 调用异常 ([deepseek] 5/6 策略=完整内容 retry=1): Error code: 401 - {'error': {'message': 'Authentication Fails, Your api key: ****df0d is invalid', 'type': 'authentication_error', 'param': None, 'code': 'invalid_request_error'}}
2026-09-07 04:01:09 [WARNING] [[deepseek] 5/6 策略=完整内容 retry=1] AI 调用失败或解析失败，继续下一次尝试
2026-09-07 04:01:09 [INFO] 🤖 AI 筛选 [[deepseek] 6/6 策略=仅标题（无历史） retry=0]（65 条，12031 字符，temp=0.3）
2026-09-07 04:01:10 [ERROR] AI 调用异常 ([deepseek] 6/6 策略=仅标题（无历史） retry=0): Error code: 401 - {'error': {'message': 'Authentication Fails, Your api key: ****df0d is invalid', 'type': 'authentication_error', 'param': None, 'code': 'invalid_request_error'}}
2026-09-07 04:01:10 [WARNING] [[deepseek] 6/6 策略=仅标题（无历史） retry=0] AI 调用失败或解析失败，继续下一次尝试
2026-09-07 04:01:10 [WARNING] [deepseek] 已达最大尝试次数 6，停止
2026-09-07 04:01:10 [INFO] ⚠️ deepseek 未能产出满意结果，尝试下一个提供商
2026-09-07 04:01:10 [INFO] 🔄 尝试 AI 提供商: zhipu
2026-09-07 04:01:10 [ERROR] 未设置环境变量 ZHIPU_API_KEY，无法使用 zhipu
2026-09-07 04:01:10 [INFO] ⚠️ zhipu 未能产出满意结果，尝试下一个提供商
2026-09-07 04:01:10 [INFO] 🔄 尝试 AI 提供商: kimi
2026-09-07 04:01:10 [ERROR] 未设置环境变量 KIMI_API_KEY，无法使用 kimi
2026-09-07 04:01:10 [INFO] ⚠️ kimi 未能产出满意结果，尝试下一个提供商
2026-09-07 04:01:10 [INFO] 🔄 尝试 AI 提供商: huoshan
2026-09-07 04:01:10 [ERROR] 未设置环境变量 HUOSHAN_API_KEY，无法使用 huoshan
2026-09-07 04:01:10 [INFO] ⚠️ huoshan 未能产出满意结果，尝试下一个提供商
2026-09-07 04:01:10 [ERROR] ❌ 所有提供商均失败，返回空列表
2026-09-07 04:01:10 [INFO] 📦 JSON 已保存: reports/2026-09-07-12.json
2026-09-07 04:01:10 [INFO] ✅ AI 筛选完成，共 0 条交易相关消息
2026-09-07 05:00:48 [INFO] 🚀 开始抓取 2026-09-07 13:00 币圈新闻
2026-09-07 05:00:48 [INFO] 📡 抓取 RSS 新闻源...
2026-09-07 05:00:48 [INFO] 📡 抓取交易所公告 & 链上数据...
2026-09-07 05:00:49 [INFO]   ⏭ Decrypt: 过滤掉 50 条非近期新闻
2026-09-07 05:00:49 [INFO]   ⏭ The Block: 过滤掉 20 条非近期新闻
2026-09-07 05:00:49 [INFO]   ⏭ CoinTelegraph: 过滤掉 30 条非近期新闻
2026-09-07 05:00:49 [INFO]   ⏭ Bitcoin Magazine: 过滤掉 10 条非近期新闻
2026-09-07 05:00:49 [INFO]   ⏭ CoinDesk: 过滤掉 23 条非近期新闻
2026-09-07 05:00:49 [WARNING] 解析失败 Bitget公告: 'NoneType' object is not subscriptable
2026-09-07 05:00:49 [INFO]   ⏭ Blockworks: 过滤掉 50 条非近期新闻
2026-09-07 05:00:49 [INFO]   ⏭ Bloomberg Crypto: 过滤掉 50 条非近期新闻
2026-09-07 05:00:49 [INFO]   ⏭ 宏观经济: 过滤掉 49 条非近期新闻
2026-09-07 05:00:49 [INFO]   ⏭ Reuters Crypto: 过滤掉 49 条非近期新闻
2026-09-07 05:00:49 [INFO]   ⏭ Reddit r/bitcoin: 过滤掉 24 条非近期新闻
2026-09-07 05:00:50 [INFO]   ⏭ Decrypt: 过滤掉 50 条非近期新闻
2026-09-07 05:00:50 [INFO]   ⏭ DL News: 过滤掉 50 条非近期新闻
2026-09-07 05:00:50 [INFO]   ⏭ CNBC Crypto: 过滤掉 50 条非近期新闻
2026-09-07 05:00:50 [INFO]   ⏭ Bitcoin Magazine: 过滤掉 50 条非近期新闻
2026-09-07 05:00:50 [INFO]   ⏭ CoinTelegraph: 过滤掉 22 条非近期新闻
2026-09-07 05:00:50 [INFO]   ⏭ Blockworks: 过滤掉 4 条非近期新闻
2026-09-07 05:00:50 [INFO]   ⏭ 雪球加密: 过滤掉 48 条非近期新闻
2026-09-07 05:00:50 [INFO]   ⏭ 吴说区块链: 过滤掉 43 条非近期新闻
2026-09-07 05:00:50 [INFO]   ⏭ DeFi Llama: 过滤掉 50 条非近期新闻
2026-09-07 05:00:50 [INFO]   ⏭ The Block: 过滤掉 50 条非近期新闻
2026-09-07 05:00:50 [INFO]   ⏭ CoinTelegraph: 过滤掉 50 条非近期新闻
2026-09-07 05:00:50 [INFO]   ⏭ Crypto Twitter: 过滤掉 42 条非近期新闻
2026-09-07 05:01:05 [DEBUG] 请求失败 https://rsshub.rssforever.com/panewslab/news: 
2026-09-07 05:01:05 [DEBUG] 请求失败 https://rsshub.rssforever.com/jinse/lives: 
2026-09-07 05:01:05 [DEBUG] 请求失败 https://rsshub.rssforever.com/theblockbeats/newsflash: 
2026-09-07 05:01:05 [DEBUG] 请求失败 https://rsshub.rssforever.com/bloomberg/crypto: 
2026-09-07 05:01:05 [INFO]   ⏭ PANews: 过滤掉 50 条非近期新闻
2026-09-07 05:01:05 [INFO]   ⏭ 律动BlockBeats: 过滤掉 50 条非近期新闻
2026-09-07 05:01:05 [INFO]   ✓ CoinDesk: 2 条
2026-09-07 05:01:05 [INFO]   ✓ The Block: 0 条
2026-09-07 05:01:05 [INFO]   ✓ Decrypt: 0 条
2026-09-07 05:01:05 [INFO]   ✓ CoinTelegraph: 0 条
2026-09-07 05:01:05 [INFO]   ✓ Bitcoin Magazine: 0 条
2026-09-07 05:01:05 [INFO]   ✓ Blockworks: 0 条
2026-09-07 05:01:05 [INFO]   ✓ DL News: 0 条
2026-09-07 05:01:05 [INFO]   ✓ 金色财经: 0 条
2026-09-07 05:01:05 [INFO]   ✓ PANews: 0 条
2026-09-07 05:01:05 [INFO]   ✓ 律动BlockBeats: 0 条
2026-09-07 05:01:05 [INFO]   ✓ 吴说区块链: 0 条
2026-09-07 05:01:05 [INFO]   ✓ Bloomberg Crypto: 0 条
2026-09-07 05:01:05 [INFO]   ✓ Reuters Crypto: 1 条
2026-09-07 05:01:05 [INFO]   ✓ CNBC Crypto: 0 条
2026-09-07 05:01:05 [INFO]   ✓ Reddit r/cryptocurrency: 0 条
2026-09-07 05:01:05 [INFO]   ✓ Reddit r/bitcoin: 1 条
2026-09-07 05:01:05 [INFO]   ✓ Crypto Twitter: 8 条
2026-09-07 05:01:05 [INFO]   ✓ 宏观经济: 1 条
2026-09-07 05:01:05 [INFO]   ✓ Binance公告: 20 条
2026-09-07 05:01:05 [INFO]   ✓ OKX公告: 0 条
2026-09-07 05:01:05 [INFO]   ✓ Bitget公告: 0 条
2026-09-07 05:01:05 [INFO]   ✓ Whale Alert: 0 条
2026-09-07 05:01:05 [INFO]   ✓ Fear & Greed Index: 1 条
2026-09-07 05:01:05 [INFO]   ✓ DeFi Llama: 0 条
2026-09-07 05:01:05 [INFO]   ✓ 雪球加密: 2 条
2026-09-07 05:01:05 [INFO] 📊 共抓取 36 条新闻
2026-09-07 05:01:05 [INFO] 📋 原始新闻已保存: reports/2026-09-07-13-raw.json (36 条)
2026-09-07 05:01:05 [INFO] 📋 标题摘要已保存: reports/2026-09-07-13-raw-titles.md
2026-09-07 05:01:05 [INFO] ✅ 抓取完成，共 36 条，已保存到 reports/2026-09-07-13-raw.json
2026-09-07 05:01:06 [INFO] 🤖 开始 AI 筛选 2026-09-07 13:00 币圈消息
2026-09-07 05:01:06 [INFO] 📋 已加载原始新闻: reports/2026-09-07-13-raw.json (36 条)
2026-09-07 05:01:06 [INFO] 📚 已加载历史新闻标题（23329 字符）
2026-09-07 05:01:06 [INFO] 📚 已加载历史筛选标题 0 条、URL 0 个，用于去重
2026-09-07 05:01:06 [INFO] 🔄 尝试 AI 提供商: deepseek
2026-09-07 05:01:06 [INFO] 🤖 使用 AI 提供商: deepseek (模型: deepseek-v4-flash)
2026-09-07 05:01:06 [INFO] 🤖 AI 筛选 [[deepseek] 1/6 策略=仅标题+链接 retry=0]（36 条，10037 字符，temp=0.3）
2026-09-07 05:01:07 [ERROR] AI 调用异常 ([deepseek] 1/6 策略=仅标题+链接 retry=0): Error code: 401 - {'error': {'message': 'Authentication Fails, Your api key: ****df0d is invalid', 'type': 'authentication_error', 'param': None, 'code': 'invalid_request_error'}}
2026-09-07 05:01:07 [WARNING] [[deepseek] 1/6 策略=仅标题+链接 retry=0] AI 调用失败或解析失败，继续下一次尝试
2026-09-07 05:01:07 [INFO] 🤖 AI 筛选 [[deepseek] 2/6 策略=仅标题+链接 retry=1]（36 条，10037 字符，temp=0.3）
2026-09-07 05:01:08 [ERROR] AI 调用异常 ([deepseek] 2/6 策略=仅标题+链接 retry=1): Error code: 401 - {'error': {'message': 'Authentication Fails, Your api key: ****df0d is invalid', 'type': 'authentication_error', 'param': None, 'code': 'invalid_request_error'}}
2026-09-07 05:01:08 [WARNING] [[deepseek] 2/6 策略=仅标题+链接 retry=1] AI 调用失败或解析失败，继续下一次尝试
2026-09-07 05:01:08 [INFO] 🤖 AI 筛选 [[deepseek] 3/6 策略=仅标题+链接 retry=2]（36 条，10037 字符，temp=0.3）
2026-09-07 05:01:08 [ERROR] AI 调用异常 ([deepseek] 3/6 策略=仅标题+链接 retry=2): Error code: 401 - {'error': {'message': 'Authentication Fails, Your api key: ****df0d is invalid', 'type': 'authentication_error', 'param': None, 'code': 'invalid_request_error'}}
2026-09-07 05:01:08 [WARNING] [[deepseek] 3/6 策略=仅标题+链接 retry=2] AI 调用失败或解析失败，继续下一次尝试
2026-09-07 05:01:08 [INFO] 🤖 AI 筛选 [[deepseek] 4/6 策略=完整内容 retry=0]（36 条，13182 字符，temp=0.3）
2026-09-07 05:01:09 [ERROR] AI 调用异常 ([deepseek] 4/6 策略=完整内容 retry=0): Error code: 401 - {'error': {'message': 'Authentication Fails, Your api key: ****df0d is invalid', 'type': 'authentication_error', 'param': None, 'code': 'invalid_request_error'}}
2026-09-07 05:01:09 [WARNING] [[deepseek] 4/6 策略=完整内容 retry=0] AI 调用失败或解析失败，继续下一次尝试
2026-09-07 05:01:09 [INFO] 🤖 AI 筛选 [[deepseek] 5/6 策略=完整内容 retry=1]（36 条，13182 字符，temp=0.3）
2026-09-07 05:01:09 [ERROR] AI 调用异常 ([deepseek] 5/6 策略=完整内容 retry=1): Error code: 401 - {'error': {'message': 'Authentication Fails, Your api key: ****df0d is invalid', 'type': 'authentication_error', 'param': None, 'code': 'invalid_request_error'}}
2026-09-07 05:01:09 [WARNING] [[deepseek] 5/6 策略=完整内容 retry=1] AI 调用失败或解析失败，继续下一次尝试
2026-09-07 05:01:09 [INFO] 🤖 AI 筛选 [[deepseek] 6/6 策略=仅标题（无历史） retry=0]（36 条，10037 字符，temp=0.3）
2026-09-07 05:01:10 [ERROR] AI 调用异常 ([deepseek] 6/6 策略=仅标题（无历史） retry=0): Error code: 401 - {'error': {'message': 'Authentication Fails, Your api key: ****df0d is invalid', 'type': 'authentication_error', 'param': None, 'code': 'invalid_request_error'}}
2026-09-07 05:01:10 [WARNING] [[deepseek] 6/6 策略=仅标题（无历史） retry=0] AI 调用失败或解析失败，继续下一次尝试
2026-09-07 05:01:10 [WARNING] [deepseek] 已达最大尝试次数 6，停止
2026-09-07 05:01:10 [INFO] ⚠️ deepseek 未能产出满意结果，尝试下一个提供商
2026-09-07 05:01:10 [INFO] 🔄 尝试 AI 提供商: zhipu
2026-09-07 05:01:10 [ERROR] 未设置环境变量 ZHIPU_API_KEY，无法使用 zhipu
2026-09-07 05:01:10 [INFO] ⚠️ zhipu 未能产出满意结果，尝试下一个提供商
2026-09-07 05:01:10 [INFO] 🔄 尝试 AI 提供商: kimi
2026-09-07 05:01:10 [ERROR] 未设置环境变量 KIMI_API_KEY，无法使用 kimi
2026-09-07 05:01:10 [INFO] ⚠️ kimi 未能产出满意结果，尝试下一个提供商
2026-09-07 05:01:10 [INFO] 🔄 尝试 AI 提供商: huoshan
2026-09-07 05:01:10 [ERROR] 未设置环境变量 HUOSHAN_API_KEY，无法使用 huoshan
2026-09-07 05:01:10 [INFO] ⚠️ huoshan 未能产出满意结果，尝试下一个提供商
2026-09-07 05:01:10 [ERROR] ❌ 所有提供商均失败，返回空列表
2026-09-07 05:01:10 [INFO] 📦 JSON 已保存: reports/2026-09-07-13.json
2026-09-07 05:01:10 [INFO] ✅ AI 筛选完成，共 0 条交易相关消息
2026-09-07 06:00:46 [INFO] 🚀 开始抓取 2026-09-07 14:00 币圈新闻
2026-09-07 06:00:47 [INFO] 📡 抓取 RSS 新闻源...
2026-09-07 06:00:47 [INFO] 📡 抓取交易所公告 & 链上数据...
2026-09-07 06:00:47 [INFO]   ⏭ Decrypt: 过滤掉 37 条非近期新闻
2026-09-07 06:00:47 [INFO]   ⏭ The Block: 过滤掉 20 条非近期新闻
2026-09-07 06:00:47 [INFO]   ⏭ CoinTelegraph: 过滤掉 28 条非近期新闻
2026-09-07 06:00:47 [WARNING] 解析失败 Bitget公告: 'NoneType' object is not subscriptable
2026-09-07 06:00:47 [INFO]   ⏭ Reddit r/bitcoin: 过滤掉 24 条非近期新闻
2026-09-07 06:00:47 [INFO]   ⏭ Bitcoin Magazine: 过滤掉 10 条非近期新闻
2026-09-07 06:00:47 [INFO]   ⏭ CoinDesk: 过滤掉 23 条非近期新闻
2026-09-07 06:00:47 [INFO]   ⏭ Bloomberg Crypto: 过滤掉 50 条非近期新闻
2026-09-07 06:00:48 [INFO]   ⏭ Reuters Crypto: 过滤掉 49 条非近期新闻
2026-09-07 06:00:48 [INFO]   ⏭ 宏观经济: 过滤掉 50 条非近期新闻
2026-09-07 06:00:48 [INFO]   ⏭ CNBC Crypto: 过滤掉 49 条非近期新闻
2026-09-07 06:00:48 [INFO]   ⏭ Blockworks: 过滤掉 50 条非近期新闻
2026-09-07 06:00:48 [INFO]   ⏭ Decrypt: 过滤掉 50 条非近期新闻
2026-09-07 06:00:48 [INFO]   ⏭ DL News: 过滤掉 50 条非近期新闻
2026-09-07 06:00:48 [INFO]   ⏭ Bitcoin Magazine: 过滤掉 50 条非近期新闻
2026-09-07 06:00:48 [INFO]   ⏭ Blockworks: 过滤掉 4 条非近期新闻
2026-09-07 06:00:48 [INFO]   ⏭ 宏观经济: 过滤掉 50 条非近期新闻
2026-09-07 06:00:49 [INFO]   ⏭ DeFi Llama: 过滤掉 50 条非近期新闻
2026-09-07 06:00:49 [INFO]   ⏭ 吴说区块链: 过滤掉 43 条非近期新闻
2026-09-07 06:00:49 [INFO]   ⏭ 雪球加密: 过滤掉 48 条非近期新闻
2026-09-07 06:00:49 [INFO]   ⏭ The Block: 过滤掉 50 条非近期新闻
2026-09-07 06:00:49 [INFO]   ⏭ Crypto Twitter: 过滤掉 36 条非近期新闻
2026-09-07 06:01:00 [INFO]   ⏭ 律动BlockBeats: 过滤掉 4 条非近期新闻
2026-09-07 06:01:02 [INFO]   ⏭ PANews: 过滤掉 50 条非近期新闻
2026-09-07 06:01:03 [DEBUG] 请求失败 https://rsshub.rssforever.com/bloomberg/crypto: 
2026-09-07 06:01:03 [INFO]   ✓ CoinDesk: 2 条
2026-09-07 06:01:03 [INFO]   ✓ The Block: 0 条
2026-09-07 06:01:03 [INFO]   ✓ Decrypt: 0 条
2026-09-07 06:01:03 [INFO]   ✓ CoinTelegraph: 2 条
2026-09-07 06:01:03 [INFO]   ✓ Bitcoin Magazine: 0 条
2026-09-07 06:01:03 [INFO]   ✓ Blockworks: 0 条
2026-09-07 06:01:03 [INFO]   ✓ DL News: 0 条
2026-09-07 06:01:03 [INFO]   ✓ 金色财经: 6 条
2026-09-07 06:01:03 [INFO]   ✓ PANews: 0 条
2026-09-07 06:01:03 [INFO]   ✓ 律动BlockBeats: 16 条
2026-09-07 06:01:03 [INFO]   ✓ 吴说区块链: 0 条
2026-09-07 06:01:03 [INFO]   ✓ Bloomberg Crypto: 0 条
2026-09-07 06:01:03 [INFO]   ✓ Reuters Crypto: 1 条
2026-09-07 06:01:03 [INFO]   ✓ CNBC Crypto: 1 条
2026-09-07 06:01:03 [INFO]   ✓ Reddit r/cryptocurrency: 0 条
2026-09-07 06:01:03 [INFO]   ✓ Reddit r/bitcoin: 1 条
2026-09-07 06:01:03 [INFO]   ✓ Crypto Twitter: 14 条
2026-09-07 06:01:03 [INFO]   ✓ 宏观经济: 0 条
2026-09-07 06:01:03 [INFO]   ✓ Binance公告: 20 条
2026-09-07 06:01:03 [INFO]   ✓ OKX公告: 0 条
2026-09-07 06:01:03 [INFO]   ✓ Bitget公告: 0 条
2026-09-07 06:01:03 [INFO]   ✓ Whale Alert: 0 条
2026-09-07 06:01:03 [INFO]   ✓ Fear & Greed Index: 1 条
2026-09-07 06:01:03 [INFO]   ✓ DeFi Llama: 0 条
2026-09-07 06:01:03 [INFO]   ✓ 雪球加密: 2 条
2026-09-07 06:01:03 [INFO] 📊 共抓取 66 条新闻
2026-09-07 06:01:03 [INFO] 📋 原始新闻已保存: reports/2026-09-07-14-raw.json (66 条)
2026-09-07 06:01:03 [INFO] 📋 标题摘要已保存: reports/2026-09-07-14-raw-titles.md
2026-09-07 06:01:03 [INFO] ✅ 抓取完成，共 66 条，已保存到 reports/2026-09-07-14-raw.json
2026-09-07 06:01:04 [INFO] 🤖 开始 AI 筛选 2026-09-07 14:00 币圈消息
2026-09-07 06:01:04 [INFO] 📋 已加载原始新闻: reports/2026-09-07-14-raw.json (66 条)
2026-09-07 06:01:04 [INFO] 📚 已加载历史新闻标题（23563 字符）
2026-09-07 06:01:04 [INFO] 📚 已加载历史筛选标题 0 条、URL 0 个，用于去重
2026-09-07 06:01:04 [INFO] 🔄 尝试 AI 提供商: deepseek
2026-09-07 06:01:04 [INFO] 🤖 使用 AI 提供商: deepseek (模型: deepseek-v4-flash)
2026-09-07 06:01:04 [INFO] 🤖 AI 筛选 [[deepseek] 1/6 策略=仅标题+链接 retry=0]（66 条，13917 字符，temp=0.3）
2026-09-07 06:01:05 [ERROR] AI 调用异常 ([deepseek] 1/6 策略=仅标题+链接 retry=0): Error code: 401 - {'error': {'message': 'Authentication Fails, Your api key: ****df0d is invalid', 'type': 'authentication_error', 'param': None, 'code': 'invalid_request_error'}}
2026-09-07 06:01:05 [WARNING] [[deepseek] 1/6 策略=仅标题+链接 retry=0] AI 调用失败或解析失败，继续下一次尝试
2026-09-07 06:01:05 [INFO] 🤖 AI 筛选 [[deepseek] 2/6 策略=仅标题+链接 retry=1]（66 条，13917 字符，temp=0.3）
2026-09-07 06:01:06 [ERROR] AI 调用异常 ([deepseek] 2/6 策略=仅标题+链接 retry=1): Error code: 401 - {'error': {'message': 'Authentication Fails, Your api key: ****df0d is invalid', 'type': 'authentication_error', 'param': None, 'code': 'invalid_request_error'}}
2026-09-07 06:01:06 [WARNING] [[deepseek] 2/6 策略=仅标题+链接 retry=1] AI 调用失败或解析失败，继续下一次尝试
2026-09-07 06:01:06 [INFO] 🤖 AI 筛选 [[deepseek] 3/6 策略=仅标题+链接 retry=2]（66 条，13917 字符，temp=0.3）
2026-09-07 06:01:06 [ERROR] AI 调用异常 ([deepseek] 3/6 策略=仅标题+链接 retry=2): Error code: 401 - {'error': {'message': 'Authentication Fails, Your api key: ****df0d is invalid', 'type': 'authentication_error', 'param': None, 'code': 'invalid_request_error'}}
2026-09-07 06:01:06 [WARNING] [[deepseek] 3/6 策略=仅标题+链接 retry=2] AI 调用失败或解析失败，继续下一次尝试
2026-09-07 06:01:06 [INFO] 🤖 AI 筛选 [[deepseek] 4/6 策略=完整内容 retry=0]（66 条，21805 字符，temp=0.3）
2026-09-07 06:01:07 [ERROR] AI 调用异常 ([deepseek] 4/6 策略=完整内容 retry=0): Error code: 401 - {'error': {'message': 'Authentication Fails, Your api key: ****df0d is invalid', 'type': 'authentication_error', 'param': None, 'code': 'invalid_request_error'}}
2026-09-07 06:01:07 [WARNING] [[deepseek] 4/6 策略=完整内容 retry=0] AI 调用失败或解析失败，继续下一次尝试
2026-09-07 06:01:07 [INFO] 🤖 AI 筛选 [[deepseek] 5/6 策略=完整内容 retry=1]（66 条，21805 字符，temp=0.3）
2026-09-07 06:01:07 [ERROR] AI 调用异常 ([deepseek] 5/6 策略=完整内容 retry=1): Error code: 401 - {'error': {'message': 'Authentication Fails, Your api key: ****df0d is invalid', 'type': 'authentication_error', 'param': None, 'code': 'invalid_request_error'}}
2026-09-07 06:01:07 [WARNING] [[deepseek] 5/6 策略=完整内容 retry=1] AI 调用失败或解析失败，继续下一次尝试
2026-09-07 06:01:07 [INFO] 🤖 AI 筛选 [[deepseek] 6/6 策略=仅标题（无历史） retry=0]（66 条，13917 字符，temp=0.3）
2026-09-07 06:01:08 [ERROR] AI 调用异常 ([deepseek] 6/6 策略=仅标题（无历史） retry=0): Error code: 401 - {'error': {'message': 'Authentication Fails, Your api key: ****df0d is invalid', 'type': 'authentication_error', 'param': None, 'code': 'invalid_request_error'}}
2026-09-07 06:01:08 [WARNING] [[deepseek] 6/6 策略=仅标题（无历史） retry=0] AI 调用失败或解析失败，继续下一次尝试
2026-09-07 06:01:08 [WARNING] [deepseek] 已达最大尝试次数 6，停止
2026-09-07 06:01:08 [INFO] ⚠️ deepseek 未能产出满意结果，尝试下一个提供商
2026-09-07 06:01:08 [INFO] 🔄 尝试 AI 提供商: zhipu
2026-09-07 06:01:08 [ERROR] 未设置环境变量 ZHIPU_API_KEY，无法使用 zhipu
2026-09-07 06:01:08 [INFO] ⚠️ zhipu 未能产出满意结果，尝试下一个提供商
2026-09-07 06:01:08 [INFO] 🔄 尝试 AI 提供商: kimi
2026-09-07 06:01:08 [ERROR] 未设置环境变量 KIMI_API_KEY，无法使用 kimi
2026-09-07 06:01:08 [INFO] ⚠️ kimi 未能产出满意结果，尝试下一个提供商
2026-09-07 06:01:08 [INFO] 🔄 尝试 AI 提供商: huoshan
2026-09-07 06:01:08 [ERROR] 未设置环境变量 HUOSHAN_API_KEY，无法使用 huoshan
2026-09-07 06:01:08 [INFO] ⚠️ huoshan 未能产出满意结果，尝试下一个提供商
2026-09-07 06:01:08 [ERROR] ❌ 所有提供商均失败，返回空列表
2026-09-07 06:01:08 [INFO] 📦 JSON 已保存: reports/2026-09-07-14.json
2026-09-07 06:01:08 [INFO] ✅ AI 筛选完成，共 0 条交易相关消息
2026-09-07 07:00:49 [INFO] 🚀 开始抓取 2026-09-07 15:00 币圈新闻
2026-09-07 07:00:49 [INFO] 📡 抓取 RSS 新闻源...
2026-09-07 07:00:49 [INFO] 📡 抓取交易所公告 & 链上数据...
2026-09-07 07:00:50 [INFO]   ⏭ Decrypt: 过滤掉 37 条非近期新闻
2026-09-07 07:00:50 [INFO]   ⏭ The Block: 过滤掉 19 条非近期新闻
2026-09-07 07:00:50 [INFO]   ⏭ CoinTelegraph: 过滤掉 28 条非近期新闻
2026-09-07 07:00:50 [INFO]   ⏭ Reuters Crypto: 过滤掉 50 条非近期新闻
2026-09-07 07:00:50 [INFO]   ⏭ Bloomberg Crypto: 过滤掉 50 条非近期新闻
2026-09-07 07:00:50 [INFO]   ⏭ Reddit r/cryptocurrency: 过滤掉 22 条非近期新闻
2026-09-07 07:00:50 [WARNING] 解析失败 Bitget公告: 'NoneType' object is not subscriptable
2026-09-07 07:00:50 [INFO]   ⏭ CNBC Crypto: 过滤掉 49 条非近期新闻
2026-09-07 07:00:50 [INFO]   ⏭ 宏观经济: 过滤掉 50 条非近期新闻
2026-09-07 07:00:50 [INFO]   ⏭ CoinDesk: 过滤掉 24 条非近期新闻
2026-09-07 07:00:50 [INFO]   ⏭ Bitcoin Magazine: 过滤掉 10 条非近期新闻
2026-09-07 07:00:50 [INFO]   ⏭ Blockworks: 过滤掉 50 条非近期新闻
2026-09-07 07:00:50 [INFO]   ⏭ 宏观经济: 过滤掉 50 条非近期新闻
2026-09-07 07:00:51 [INFO]   ⏭ DL News: 过滤掉 50 条非近期新闻
2026-09-07 07:00:51 [INFO]   ⏭ Blockworks: 过滤掉 4 条非近期新闻
2026-09-07 07:00:51 [INFO]   ⏭ Bitcoin Magazine: 过滤掉 50 条非近期新闻
2026-09-07 07:00:51 [INFO]   ⏭ Decrypt: 过滤掉 50 条非近期新闻
2026-09-07 07:00:51 [INFO]   ⏭ 吴说区块链: 过滤掉 43 条非近期新闻
2026-09-07 07:00:51 [INFO]   ⏭ DeFi Llama: 过滤掉 50 条非近期新闻
2026-09-07 07:00:51 [INFO]   ⏭ 雪球加密: 过滤掉 50 条非近期新闻
2026-09-07 07:00:52 [INFO]   ⏭ Crypto Twitter: 过滤掉 42 条非近期新闻
2026-09-07 07:01:05 [DEBUG] 请求失败 https://rsshub.rssforever.com/bloomberg/crypto: 
2026-09-07 07:01:06 [DEBUG] 请求失败 https://rsshub.rssforever.com/theblockbeats/newsflash: 
2026-09-07 07:01:06 [DEBUG] 请求失败 https://rsshub.rssforever.com/panewslab/news: 
2026-09-07 07:01:06 [DEBUG] 请求失败 https://rsshub.rssforever.com/jinse/lives: 
2026-09-07 07:01:06 [INFO]   ⏭ 律动BlockBeats: 过滤掉 49 条非近期新闻
2026-09-07 07:01:06 [INFO]   ⏭ PANews: 过滤掉 50 条非近期新闻
2026-09-07 07:01:06 [INFO]   ✓ CoinDesk: 1 条
2026-09-07 07:01:06 [INFO]   ✓ The Block: 1 条
2026-09-07 07:01:06 [INFO]   ✓ Decrypt: 0 条
2026-09-07 07:01:06 [INFO]   ✓ CoinTelegraph: 2 条
2026-09-07 07:01:06 [INFO]   ✓ Bitcoin Magazine: 0 条
2026-09-07 07:01:06 [INFO]   ✓ Blockworks: 0 条
2026-09-07 07:01:06 [INFO]   ✓ DL News: 0 条
2026-09-07 07:01:06 [INFO]   ✓ 金色财经: 0 条
2026-09-07 07:01:06 [INFO]   ✓ PANews: 0 条
2026-09-07 07:01:06 [INFO]   ✓ 律动BlockBeats: 1 条
2026-09-07 07:01:06 [INFO]   ✓ 吴说区块链: 0 条
2026-09-07 07:01:06 [INFO]   ✓ Bloomberg Crypto: 0 条
2026-09-07 07:01:06 [INFO]   ✓ Reuters Crypto: 0 条
2026-09-07 07:01:06 [INFO]   ✓ CNBC Crypto: 1 条
2026-09-07 07:01:06 [INFO]   ✓ Reddit r/cryptocurrency: 3 条
2026-09-07 07:01:06 [INFO]   ✓ Reddit r/bitcoin: 0 条
2026-09-07 07:01:06 [INFO]   ✓ Crypto Twitter: 8 条
2026-09-07 07:01:06 [INFO]   ✓ 宏观经济: 0 条
2026-09-07 07:01:06 [INFO]   ✓ Binance公告: 20 条
2026-09-07 07:01:06 [INFO]   ✓ OKX公告: 0 条
2026-09-07 07:01:06 [INFO]   ✓ Bitget公告: 0 条
2026-09-07 07:01:06 [INFO]   ✓ Whale Alert: 0 条
2026-09-07 07:01:06 [INFO]   ✓ Fear & Greed Index: 1 条
2026-09-07 07:01:06 [INFO]   ✓ DeFi Llama: 0 条
2026-09-07 07:01:06 [INFO]   ✓ 雪球加密: 0 条
2026-09-07 07:01:06 [INFO] 📊 共抓取 38 条新闻
2026-09-07 07:01:06 [INFO] 📋 原始新闻已保存: reports/2026-09-07-15-raw.json (38 条)
2026-09-07 07:01:06 [INFO] 📋 标题摘要已保存: reports/2026-09-07-15-raw-titles.md
2026-09-07 07:01:06 [INFO] ✅ 抓取完成，共 38 条，已保存到 reports/2026-09-07-15-raw.json
2026-09-07 07:01:07 [INFO] 🤖 开始 AI 筛选 2026-09-07 15:00 币圈消息
2026-09-07 07:01:07 [INFO] 📋 已加载原始新闻: reports/2026-09-07-15-raw.json (38 条)
2026-09-07 07:01:07 [INFO] 📚 已加载历史新闻标题（25342 字符）
2026-09-07 07:01:07 [INFO] 📚 已加载历史筛选标题 0 条、URL 0 个，用于去重
2026-09-07 07:01:07 [INFO] 🔄 尝试 AI 提供商: deepseek
2026-09-07 07:01:07 [INFO] 🤖 使用 AI 提供商: deepseek (模型: deepseek-v4-flash)
2026-09-07 07:01:07 [INFO] 🤖 AI 筛选 [[deepseek] 1/6 策略=仅标题+链接 retry=0]（38 条，8878 字符，temp=0.3）
2026-09-07 07:01:08 [ERROR] AI 调用异常 ([deepseek] 1/6 策略=仅标题+链接 retry=0): Error code: 401 - {'error': {'message': 'Authentication Fails, Your api key: ****df0d is invalid', 'type': 'authentication_error', 'param': None, 'code': 'invalid_request_error'}}
2026-09-07 07:01:08 [WARNING] [[deepseek] 1/6 策略=仅标题+链接 retry=0] AI 调用失败或解析失败，继续下一次尝试
2026-09-07 07:01:08 [INFO] 🤖 AI 筛选 [[deepseek] 2/6 策略=仅标题+链接 retry=1]（38 条，8878 字符，temp=0.3）
2026-09-07 07:01:09 [ERROR] AI 调用异常 ([deepseek] 2/6 策略=仅标题+链接 retry=1): Error code: 401 - {'error': {'message': 'Authentication Fails, Your api key: ****df0d is invalid', 'type': 'authentication_error', 'param': None, 'code': 'invalid_request_error'}}
2026-09-07 07:01:09 [WARNING] [[deepseek] 2/6 策略=仅标题+链接 retry=1] AI 调用失败或解析失败，继续下一次尝试
2026-09-07 07:01:09 [INFO] 🤖 AI 筛选 [[deepseek] 3/6 策略=仅标题+链接 retry=2]（38 条，8878 字符，temp=0.3）
2026-09-07 07:01:09 [ERROR] AI 调用异常 ([deepseek] 3/6 策略=仅标题+链接 retry=2): Error code: 401 - {'error': {'message': 'Authentication Fails, Your api key: ****df0d is invalid', 'type': 'authentication_error', 'param': None, 'code': 'invalid_request_error'}}
2026-09-07 07:01:09 [WARNING] [[deepseek] 3/6 策略=仅标题+链接 retry=2] AI 调用失败或解析失败，继续下一次尝试
2026-09-07 07:01:09 [INFO] 🤖 AI 筛选 [[deepseek] 4/6 策略=完整内容 retry=0]（38 条，12430 字符，temp=0.3）
2026-09-07 07:01:10 [ERROR] AI 调用异常 ([deepseek] 4/6 策略=完整内容 retry=0): Error code: 401 - {'error': {'message': 'Authentication Fails, Your api key: ****df0d is invalid', 'type': 'authentication_error', 'param': None, 'code': 'invalid_request_error'}}
2026-09-07 07:01:10 [WARNING] [[deepseek] 4/6 策略=完整内容 retry=0] AI 调用失败或解析失败，继续下一次尝试
2026-09-07 07:01:10 [INFO] 🤖 AI 筛选 [[deepseek] 5/6 策略=完整内容 retry=1]（38 条，12430 字符，temp=0.3）
2026-09-07 07:01:10 [ERROR] AI 调用异常 ([deepseek] 5/6 策略=完整内容 retry=1): Error code: 401 - {'error': {'message': 'Authentication Fails, Your api key: ****df0d is invalid', 'type': 'authentication_error', 'param': None, 'code': 'invalid_request_error'}}
2026-09-07 07:01:10 [WARNING] [[deepseek] 5/6 策略=完整内容 retry=1] AI 调用失败或解析失败，继续下一次尝试
2026-09-07 07:01:10 [INFO] 🤖 AI 筛选 [[deepseek] 6/6 策略=仅标题（无历史） retry=0]（38 条，8878 字符，temp=0.3）
2026-09-07 07:01:11 [ERROR] AI 调用异常 ([deepseek] 6/6 策略=仅标题（无历史） retry=0): Error code: 401 - {'error': {'message': 'Authentication Fails, Your api key: ****df0d is invalid', 'type': 'authentication_error', 'param': None, 'code': 'invalid_request_error'}}
2026-09-07 07:01:11 [WARNING] [[deepseek] 6/6 策略=仅标题（无历史） retry=0] AI 调用失败或解析失败，继续下一次尝试
2026-09-07 07:01:11 [WARNING] [deepseek] 已达最大尝试次数 6，停止
2026-09-07 07:01:11 [INFO] ⚠️ deepseek 未能产出满意结果，尝试下一个提供商
2026-09-07 07:01:11 [INFO] 🔄 尝试 AI 提供商: zhipu
2026-09-07 07:01:11 [ERROR] 未设置环境变量 ZHIPU_API_KEY，无法使用 zhipu
2026-09-07 07:01:11 [INFO] ⚠️ zhipu 未能产出满意结果，尝试下一个提供商
2026-09-07 07:01:11 [INFO] 🔄 尝试 AI 提供商: kimi
2026-09-07 07:01:11 [ERROR] 未设置环境变量 KIMI_API_KEY，无法使用 kimi
2026-09-07 07:01:11 [INFO] ⚠️ kimi 未能产出满意结果，尝试下一个提供商
2026-09-07 07:01:11 [INFO] 🔄 尝试 AI 提供商: huoshan
2026-09-07 07:01:11 [ERROR] 未设置环境变量 HUOSHAN_API_KEY，无法使用 huoshan
2026-09-07 07:01:11 [INFO] ⚠️ huoshan 未能产出满意结果，尝试下一个提供商
2026-09-07 07:01:11 [ERROR] ❌ 所有提供商均失败，返回空列表
2026-09-07 07:01:11 [INFO] 📦 JSON 已保存: reports/2026-09-07-15.json
2026-09-07 07:01:11 [INFO] ✅ AI 筛选完成，共 0 条交易相关消息
2026-09-07 08:00:55 [INFO] 🚀 开始抓取 2026-09-07 16:00 币圈新闻
2026-09-07 08:00:55 [INFO] 📡 抓取 RSS 新闻源...
2026-09-07 08:00:55 [INFO] 📡 抓取交易所公告 & 链上数据...
2026-09-07 08:00:55 [INFO]   ⏭ Decrypt: 过滤掉 37 条非近期新闻
2026-09-07 08:00:55 [INFO]   ⏭ The Block: 过滤掉 18 条非近期新闻
2026-09-07 08:00:55 [INFO]   ⏭ CoinTelegraph: 过滤掉 28 条非近期新闻
2026-09-07 08:00:55 [WARNING] 解析失败 Bitget公告: 'NoneType' object is not subscriptable
2026-09-07 08:00:55 [INFO]   ⏭ 宏观经济: 过滤掉 50 条非近期新闻
2026-09-07 08:00:56 [INFO]   ⏭ Bloomberg Crypto: 过滤掉 50 条非近期新闻
2026-09-07 08:00:56 [INFO]   ⏭ CNBC Crypto: 过滤掉 49 条非近期新闻
2026-09-07 08:00:56 [INFO]   ⏭ Bitcoin Magazine: 过滤掉 10 条非近期新闻
2026-09-07 08:00:56 [INFO]   ⏭ Reuters Crypto: 过滤掉 50 条非近期新闻
2026-09-07 08:00:56 [INFO]   ⏭ CoinDesk: 过滤掉 25 条非近期新闻
2026-09-07 08:00:56 [INFO]   ⏭ 宏观经济: 过滤掉 50 条非近期新闻
2026-09-07 08:00:56 [INFO]   ⏭ Decrypt: 过滤掉 50 条非近期新闻
2026-09-07 08:00:56 [INFO]   ⏭ Reddit r/cryptocurrency: 过滤掉 21 条非近期新闻
2026-09-07 08:00:56 [INFO]   ⏭ 律动BlockBeats: 过滤掉 1 条非近期新闻
2026-09-07 08:00:56 [INFO]   ⏭ Blockworks: 过滤掉 50 条非近期新闻
2026-09-07 08:00:56 [INFO]   ⏭ DL News: 过滤掉 50 条非近期新闻
2026-09-07 08:00:56 [INFO]   ⏭ Bitcoin Magazine: 过滤掉 50 条非近期新闻
2026-09-07 08:00:56 [INFO]   ⏭ Blockworks: 过滤掉 5 条非近期新闻
2026-09-07 08:00:56 [INFO]   ⏭ DeFi Llama: 过滤掉 50 条非近期新闻
2026-09-07 08:00:56 [INFO]   ⏭ 吴说区块链: 过滤掉 43 条非近期新闻
2026-09-07 08:00:56 [INFO]   ⏭ 雪球加密: 过滤掉 50 条非近期新闻
2026-09-07 08:00:57 [INFO]   ⏭ Crypto Twitter: 过滤掉 43 条非近期新闻
2026-09-07 08:00:57 [INFO]   ⏭ CoinDesk: 过滤掉 50 条非近期新闻
2026-09-07 08:01:11 [DEBUG] 请求失败 https://rsshub.rssforever.com/panewslab/news: 
2026-09-07 08:01:11 [DEBUG] 请求失败 https://rsshub.rssforever.com/bloomberg/crypto: 
2026-09-07 08:01:11 [INFO]   ⏭ PANews: 过滤掉 50 条非近期新闻
2026-09-07 08:01:11 [INFO]   ✓ CoinDesk: 0 条
2026-09-07 08:01:11 [INFO]   ✓ The Block: 2 条
2026-09-07 08:01:11 [INFO]   ✓ Decrypt: 0 条
2026-09-07 08:01:11 [INFO]   ✓ CoinTelegraph: 2 条
2026-09-07 08:01:11 [INFO]   ✓ Bitcoin Magazine: 0 条
2026-09-07 08:01:11 [INFO]   ✓ Blockworks: 0 条
2026-09-07 08:01:11 [INFO]   ✓ DL News: 0 条
2026-09-07 08:01:11 [INFO]   ✓ 金色财经: 1 条
2026-09-07 08:01:11 [INFO]   ✓ PANews: 0 条
2026-09-07 08:01:11 [INFO]   ✓ 律动BlockBeats: 19 条
2026-09-07 08:01:11 [INFO]   ✓ 吴说区块链: 0 条
2026-09-07 08:01:11 [INFO]   ✓ Bloomberg Crypto: 0 条
2026-09-07 08:01:11 [INFO]   ✓ Reuters Crypto: 0 条
2026-09-07 08:01:11 [INFO]   ✓ CNBC Crypto: 1 条
2026-09-07 08:01:11 [INFO]   ✓ Reddit r/cryptocurrency: 4 条
2026-09-07 08:01:11 [INFO]   ✓ Reddit r/bitcoin: 0 条
2026-09-07 08:01:11 [INFO]   ✓ Crypto Twitter: 7 条
2026-09-07 08:01:11 [INFO]   ✓ 宏观经济: 0 条
2026-09-07 08:01:11 [INFO]   ✓ Binance公告: 20 条
2026-09-07 08:01:11 [INFO]   ✓ OKX公告: 0 条
2026-09-07 08:01:11 [INFO]   ✓ Bitget公告: 0 条
2026-09-07 08:01:11 [INFO]   ✓ Whale Alert: 0 条
2026-09-07 08:01:11 [INFO]   ✓ Fear & Greed Index: 1 条
2026-09-07 08:01:11 [INFO]   ✓ DeFi Llama: 0 条
2026-09-07 08:01:11 [INFO]   ✓ 雪球加密: 0 条
2026-09-07 08:01:11 [INFO] 📊 共抓取 57 条新闻
2026-09-07 08:01:11 [INFO] 📋 原始新闻已保存: reports/2026-09-07-16-raw.json (57 条)
2026-09-07 08:01:11 [INFO] 📋 标题摘要已保存: reports/2026-09-07-16-raw-titles.md
2026-09-07 08:01:11 [INFO] ✅ 抓取完成，共 57 条，已保存到 reports/2026-09-07-16-raw.json
2026-09-07 08:01:12 [INFO] 🤖 开始 AI 筛选 2026-09-07 16:00 币圈消息
2026-09-07 08:01:12 [INFO] 📋 已加载原始新闻: reports/2026-09-07-16-raw.json (57 条)
2026-09-07 08:01:12 [INFO] 📚 已加载历史新闻标题（25531 字符）
2026-09-07 08:01:12 [INFO] 📚 已加载历史筛选标题 0 条、URL 0 个，用于去重
2026-09-07 08:01:12 [INFO] 🔄 尝试 AI 提供商: deepseek
2026-09-07 08:01:12 [INFO] 🤖 使用 AI 提供商: deepseek (模型: deepseek-v4-flash)
2026-09-07 08:01:12 [INFO] 🤖 AI 筛选 [[deepseek] 1/6 策略=仅标题+链接 retry=0]（57 条，10900 字符，temp=0.3）
2026-09-07 08:01:13 [ERROR] AI 调用异常 ([deepseek] 1/6 策略=仅标题+链接 retry=0): Error code: 401 - {'error': {'message': 'Authentication Fails, Your api key: ****df0d is invalid', 'type': 'authentication_error', 'param': None, 'code': 'invalid_request_error'}}
2026-09-07 08:01:13 [WARNING] [[deepseek] 1/6 策略=仅标题+链接 retry=0] AI 调用失败或解析失败，继续下一次尝试
2026-09-07 08:01:13 [INFO] 🤖 AI 筛选 [[deepseek] 2/6 策略=仅标题+链接 retry=1]（57 条，10900 字符，temp=0.3）
2026-09-07 08:01:14 [ERROR] AI 调用异常 ([deepseek] 2/6 策略=仅标题+链接 retry=1): Error code: 401 - {'error': {'message': 'Authentication Fails, Your api key: ****df0d is invalid', 'type': 'authentication_error', 'param': None, 'code': 'invalid_request_error'}}
2026-09-07 08:01:14 [WARNING] [[deepseek] 2/6 策略=仅标题+链接 retry=1] AI 调用失败或解析失败，继续下一次尝试
2026-09-07 08:01:14 [INFO] 🤖 AI 筛选 [[deepseek] 3/6 策略=仅标题+链接 retry=2]（57 条，10900 字符，temp=0.3）
2026-09-07 08:01:14 [ERROR] AI 调用异常 ([deepseek] 3/6 策略=仅标题+链接 retry=2): Error code: 401 - {'error': {'message': 'Authentication Fails, Your api key: ****df0d is invalid', 'type': 'authentication_error', 'param': None, 'code': 'invalid_request_error'}}
2026-09-07 08:01:14 [WARNING] [[deepseek] 3/6 策略=仅标题+链接 retry=2] AI 调用失败或解析失败，继续下一次尝试
2026-09-07 08:01:14 [INFO] 🤖 AI 筛选 [[deepseek] 4/6 策略=完整内容 retry=0]（57 条，18191 字符，temp=0.3）
2026-09-07 08:01:14 [ERROR] AI 调用异常 ([deepseek] 4/6 策略=完整内容 retry=0): Error code: 401 - {'error': {'message': 'Authentication Fails, Your api key: ****df0d is invalid', 'type': 'authentication_error', 'param': None, 'code': 'invalid_request_error'}}
2026-09-07 08:01:14 [WARNING] [[deepseek] 4/6 策略=完整内容 retry=0] AI 调用失败或解析失败，继续下一次尝试
2026-09-07 08:01:14 [INFO] 🤖 AI 筛选 [[deepseek] 5/6 策略=完整内容 retry=1]（57 条，18191 字符，temp=0.3）
2026-09-07 08:01:15 [ERROR] AI 调用异常 ([deepseek] 5/6 策略=完整内容 retry=1): Error code: 401 - {'error': {'message': 'Authentication Fails, Your api key: ****df0d is invalid', 'type': 'authentication_error', 'param': None, 'code': 'invalid_request_error'}}
2026-09-07 08:01:15 [WARNING] [[deepseek] 5/6 策略=完整内容 retry=1] AI 调用失败或解析失败，继续下一次尝试
2026-09-07 08:01:15 [INFO] 🤖 AI 筛选 [[deepseek] 6/6 策略=仅标题（无历史） retry=0]（57 条，10900 字符，temp=0.3）
2026-09-07 08:01:15 [ERROR] AI 调用异常 ([deepseek] 6/6 策略=仅标题（无历史） retry=0): Error code: 401 - {'error': {'message': 'Authentication Fails, Your api key: ****df0d is invalid', 'type': 'authentication_error', 'param': None, 'code': 'invalid_request_error'}}
2026-09-07 08:01:15 [WARNING] [[deepseek] 6/6 策略=仅标题（无历史） retry=0] AI 调用失败或解析失败，继续下一次尝试
2026-09-07 08:01:15 [WARNING] [deepseek] 已达最大尝试次数 6，停止
2026-09-07 08:01:15 [INFO] ⚠️ deepseek 未能产出满意结果，尝试下一个提供商
2026-09-07 08:01:15 [INFO] 🔄 尝试 AI 提供商: zhipu
2026-09-07 08:01:15 [ERROR] 未设置环境变量 ZHIPU_API_KEY，无法使用 zhipu
2026-09-07 08:01:15 [INFO] ⚠️ zhipu 未能产出满意结果，尝试下一个提供商
2026-09-07 08:01:15 [INFO] 🔄 尝试 AI 提供商: kimi
2026-09-07 08:01:15 [ERROR] 未设置环境变量 KIMI_API_KEY，无法使用 kimi
2026-09-07 08:01:15 [INFO] ⚠️ kimi 未能产出满意结果，尝试下一个提供商
2026-09-07 08:01:15 [INFO] 🔄 尝试 AI 提供商: huoshan
2026-09-07 08:01:15 [ERROR] 未设置环境变量 HUOSHAN_API_KEY，无法使用 huoshan
2026-09-07 08:01:15 [INFO] ⚠️ huoshan 未能产出满意结果，尝试下一个提供商
2026-09-07 08:01:15 [ERROR] ❌ 所有提供商均失败，返回空列表
2026-09-07 08:01:15 [INFO] 📦 JSON 已保存: reports/2026-09-07-16.json
2026-09-07 08:01:15 [INFO] ✅ AI 筛选完成，共 0 条交易相关消息
2026-09-07 09:00:51 [INFO] 🚀 开始抓取 2026-09-07 17:00 币圈新闻
2026-09-07 09:00:51 [INFO] 📡 抓取 RSS 新闻源...
2026-09-07 09:00:51 [INFO] 📡 抓取交易所公告 & 链上数据...
2026-09-07 09:00:51 [INFO]   ⏭ Decrypt: 过滤掉 37 条非近期新闻
2026-09-07 09:00:51 [INFO]   ⏭ The Block: 过滤掉 18 条非近期新闻
2026-09-07 09:00:51 [INFO]   ⏭ CoinTelegraph: 过滤掉 29 条非近期新闻
2026-09-07 09:00:51 [INFO]   ⏭ Bloomberg Crypto: 过滤掉 50 条非近期新闻
2026-09-07 09:00:51 [INFO]   ⏭ Bitcoin Magazine: 过滤掉 10 条非近期新闻
2026-09-07 09:00:51 [WARNING] 解析失败 Bitget公告: 'NoneType' object is not subscriptable
2026-09-07 09:00:51 [INFO]   ⏭ Reuters Crypto: 过滤掉 50 条非近期新闻
2026-09-07 09:00:51 [INFO]   ⏭ CoinDesk: 过滤掉 21 条非近期新闻
2026-09-07 09:00:51 [INFO]   ⏭ CNBC Crypto: 过滤掉 48 条非近期新闻
2026-09-07 09:00:51 [INFO]   ⏭ Reddit r/bitcoin: 过滤掉 23 条非近期新闻
2026-09-07 09:00:52 [INFO]   ⏭ 宏观经济: 过滤掉 50 条非近期新闻
2026-09-07 09:00:52 [INFO]   ⏭ Blockworks: 过滤掉 50 条非近期新闻
2026-09-07 09:00:52 [INFO]   ⏭ Decrypt: 过滤掉 50 条非近期新闻
2026-09-07 09:00:52 [INFO]   ⏭ DL News: 过滤掉 50 条非近期新闻
2026-09-07 09:00:52 [INFO]   ⏭ Bitcoin Magazine: 过滤掉 50 条非近期新闻
2026-09-07 09:00:52 [INFO]   ⏭ 宏观经济: 过滤掉 50 条非近期新闻
2026-09-07 09:00:52 [INFO]   ⏭ Blockworks: 过滤掉 4 条非近期新闻
2026-09-07 09:00:52 [INFO]   ⏭ 吴说区块链: 过滤掉 41 条非近期新闻
2026-09-07 09:00:52 [INFO]   ⏭ DeFi Llama: 过滤掉 50 条非近期新闻
2026-09-07 09:00:53 [INFO]   ⏭ 雪球加密: 过滤掉 50 条非近期新闻
2026-09-07 09:00:53 [INFO]   ⏭ Crypto Twitter: 过滤掉 37 条非近期新闻
2026-09-07 09:01:07 [DEBUG] 请求失败 https://rsshub.rssforever.com/jinse/lives: 
2026-09-07 09:01:07 [DEBUG] 请求失败 https://rsshub.rssforever.com/theblockbeats/newsflash: 
2026-09-07 09:01:07 [DEBUG] 请求失败 https://rsshub.rssforever.com/panewslab/news: 
2026-09-07 09:01:07 [DEBUG] 请求失败 https://rsshub.rssforever.com/bloomberg/crypto: 
2026-09-07 09:01:07 [INFO]   ⏭ 律动BlockBeats: 过滤掉 48 条非近期新闻
2026-09-07 09:01:07 [INFO]   ⏭ PANews: 过滤掉 50 条非近期新闻
2026-09-07 09:01:07 [INFO]   ✓ CoinDesk: 4 条
2026-09-07 09:01:07 [INFO]   ✓ The Block: 2 条
2026-09-07 09:01:07 [INFO]   ✓ Decrypt: 0 条
2026-09-07 09:01:07 [INFO]   ✓ CoinTelegraph: 1 条
2026-09-07 09:01:07 [INFO]   ✓ Bitcoin Magazine: 0 条
2026-09-07 09:01:07 [INFO]   ✓ Blockworks: 0 条
2026-09-07 09:01:07 [INFO]   ✓ DL News: 0 条
2026-09-07 09:01:07 [INFO]   ✓ 金色财经: 0 条
2026-09-07 09:01:07 [INFO]   ✓ PANews: 0 条
2026-09-07 09:01:07 [INFO]   ✓ 律动BlockBeats: 2 条
2026-09-07 09:01:07 [INFO]   ✓ 吴说区块链: 0 条
2026-09-07 09:01:07 [INFO]   ✓ Bloomberg Crypto: 0 条
2026-09-07 09:01:07 [INFO]   ✓ Reuters Crypto: 0 条
2026-09-07 09:01:07 [INFO]   ✓ CNBC Crypto: 2 条
2026-09-07 09:01:07 [INFO]   ✓ Reddit r/cryptocurrency: 0 条
2026-09-07 09:01:07 [INFO]   ✓ Reddit r/bitcoin: 2 条
2026-09-07 09:01:07 [INFO]   ✓ Crypto Twitter: 13 条
2026-09-07 09:01:07 [INFO]   ✓ 宏观经济: 0 条
2026-09-07 09:01:07 [INFO]   ✓ Binance公告: 20 条
2026-09-07 09:01:07 [INFO]   ✓ OKX公告: 0 条
2026-09-07 09:01:07 [INFO]   ✓ Bitget公告: 0 条
2026-09-07 09:01:07 [INFO]   ✓ Whale Alert: 0 条
2026-09-07 09:01:07 [INFO]   ✓ Fear & Greed Index: 1 条
2026-09-07 09:01:07 [INFO]   ✓ DeFi Llama: 0 条
2026-09-07 09:01:07 [INFO]   ✓ 雪球加密: 0 条
2026-09-07 09:01:07 [INFO] 📊 共抓取 47 条新闻
2026-09-07 09:01:07 [INFO] 📋 原始新闻已保存: reports/2026-09-07-17-raw.json (47 条)
2026-09-07 09:01:07 [INFO] 📋 标题摘要已保存: reports/2026-09-07-17-raw-titles.md
2026-09-07 09:01:07 [INFO] ✅ 抓取完成，共 47 条，已保存到 reports/2026-09-07-17-raw.json
2026-09-07 09:01:08 [INFO] 🤖 开始 AI 筛选 2026-09-07 17:00 币圈消息
2026-09-07 09:01:08 [INFO] 📋 已加载原始新闻: reports/2026-09-07-17-raw.json (47 条)
2026-09-07 09:01:08 [INFO] 📚 已加载历史新闻标题（24881 字符）
2026-09-07 09:01:08 [INFO] 📚 已加载历史筛选标题 0 条、URL 0 个，用于去重
2026-09-07 09:01:08 [INFO] 🔄 尝试 AI 提供商: deepseek
2026-09-07 09:01:08 [INFO] 🤖 使用 AI 提供商: deepseek (模型: deepseek-v4-flash)
2026-09-07 09:01:08 [INFO] 🤖 AI 筛选 [[deepseek] 1/6 策略=仅标题+链接 retry=0]（47 条，12129 字符，temp=0.3）
2026-09-07 09:01:09 [ERROR] AI 调用异常 ([deepseek] 1/6 策略=仅标题+链接 retry=0): Error code: 401 - {'error': {'message': 'Authentication Fails, Your api key: ****df0d is invalid', 'type': 'authentication_error', 'param': None, 'code': 'invalid_request_error'}}
2026-09-07 09:01:09 [WARNING] [[deepseek] 1/6 策略=仅标题+链接 retry=0] AI 调用失败或解析失败，继续下一次尝试
2026-09-07 09:01:09 [INFO] 🤖 AI 筛选 [[deepseek] 2/6 策略=仅标题+链接 retry=1]（47 条，12129 字符，temp=0.3）
2026-09-07 09:01:10 [ERROR] AI 调用异常 ([deepseek] 2/6 策略=仅标题+链接 retry=1): Error code: 401 - {'error': {'message': 'Authentication Fails, Your api key: ****df0d is invalid', 'type': 'authentication_error', 'param': None, 'code': 'invalid_request_error'}}
2026-09-07 09:01:10 [WARNING] [[deepseek] 2/6 策略=仅标题+链接 retry=1] AI 调用失败或解析失败，继续下一次尝试
2026-09-07 09:01:10 [INFO] 🤖 AI 筛选 [[deepseek] 3/6 策略=仅标题+链接 retry=2]（47 条，12129 字符，temp=0.3）
2026-09-07 09:01:10 [ERROR] AI 调用异常 ([deepseek] 3/6 策略=仅标题+链接 retry=2): Error code: 401 - {'error': {'message': 'Authentication Fails, Your api key: ****df0d is invalid', 'type': 'authentication_error', 'param': None, 'code': 'invalid_request_error'}}
2026-09-07 09:01:10 [WARNING] [[deepseek] 3/6 策略=仅标题+链接 retry=2] AI 调用失败或解析失败，继续下一次尝试
2026-09-07 09:01:10 [INFO] 🤖 AI 筛选 [[deepseek] 4/6 策略=完整内容 retry=0]（47 条，16149 字符，temp=0.3）
2026-09-07 09:01:11 [ERROR] AI 调用异常 ([deepseek] 4/6 策略=完整内容 retry=0): Error code: 401 - {'error': {'message': 'Authentication Fails, Your api key: ****df0d is invalid', 'type': 'authentication_error', 'param': None, 'code': 'invalid_request_error'}}
2026-09-07 09:01:11 [WARNING] [[deepseek] 4/6 策略=完整内容 retry=0] AI 调用失败或解析失败，继续下一次尝试
2026-09-07 09:01:11 [INFO] 🤖 AI 筛选 [[deepseek] 5/6 策略=完整内容 retry=1]（47 条，16149 字符，temp=0.3）
2026-09-07 09:01:11 [ERROR] AI 调用异常 ([deepseek] 5/6 策略=完整内容 retry=1): Error code: 401 - {'error': {'message': 'Authentication Fails, Your api key: ****df0d is invalid', 'type': 'authentication_error', 'param': None, 'code': 'invalid_request_error'}}
2026-09-07 09:01:11 [WARNING] [[deepseek] 5/6 策略=完整内容 retry=1] AI 调用失败或解析失败，继续下一次尝试
2026-09-07 09:01:11 [INFO] 🤖 AI 筛选 [[deepseek] 6/6 策略=仅标题（无历史） retry=0]（47 条，12129 字符，temp=0.3）
2026-09-07 09:01:12 [ERROR] AI 调用异常 ([deepseek] 6/6 策略=仅标题（无历史） retry=0): Error code: 401 - {'error': {'message': 'Authentication Fails, Your api key: ****df0d is invalid', 'type': 'authentication_error', 'param': None, 'code': 'invalid_request_error'}}
2026-09-07 09:01:12 [WARNING] [[deepseek] 6/6 策略=仅标题（无历史） retry=0] AI 调用失败或解析失败，继续下一次尝试
2026-09-07 09:01:12 [WARNING] [deepseek] 已达最大尝试次数 6，停止
2026-09-07 09:01:12 [INFO] ⚠️ deepseek 未能产出满意结果，尝试下一个提供商
2026-09-07 09:01:12 [INFO] 🔄 尝试 AI 提供商: zhipu
2026-09-07 09:01:12 [ERROR] 未设置环境变量 ZHIPU_API_KEY，无法使用 zhipu
2026-09-07 09:01:12 [INFO] ⚠️ zhipu 未能产出满意结果，尝试下一个提供商
2026-09-07 09:01:12 [INFO] 🔄 尝试 AI 提供商: kimi
2026-09-07 09:01:12 [ERROR] 未设置环境变量 KIMI_API_KEY，无法使用 kimi
2026-09-07 09:01:12 [INFO] ⚠️ kimi 未能产出满意结果，尝试下一个提供商
2026-09-07 09:01:12 [INFO] 🔄 尝试 AI 提供商: huoshan
2026-09-07 09:01:12 [ERROR] 未设置环境变量 HUOSHAN_API_KEY，无法使用 huoshan
2026-09-07 09:01:12 [INFO] ⚠️ huoshan 未能产出满意结果，尝试下一个提供商
2026-09-07 09:01:12 [ERROR] ❌ 所有提供商均失败，返回空列表
2026-09-07 09:01:12 [INFO] 📦 JSON 已保存: reports/2026-09-07-17.json
2026-09-07 09:01:12 [INFO] ✅ AI 筛选完成，共 0 条交易相关消息
2026-09-07 10:00:50 [INFO] 🚀 开始抓取 2026-09-07 18:00 币圈新闻
2026-09-07 10:00:50 [INFO] 📡 抓取 RSS 新闻源...
2026-09-07 10:00:50 [INFO] 📡 抓取交易所公告 & 链上数据...
2026-09-07 10:00:50 [INFO]   ⏭ The Block: 过滤掉 19 条非近期新闻
2026-09-07 10:00:50 [INFO]   ⏭ Decrypt: 过滤掉 36 条非近期新闻
2026-09-07 10:00:50 [INFO]   ⏭ CoinTelegraph: 过滤掉 29 条非近期新闻
2026-09-07 10:00:51 [WARNING] 解析失败 Bitget公告: 'NoneType' object is not subscriptable
2026-09-07 10:00:51 [INFO]   ⏭ Bitcoin Magazine: 过滤掉 10 条非近期新闻
2026-09-07 10:00:51 [INFO]   ⏭ CoinDesk: 过滤掉 19 条非近期新闻
2026-09-07 10:00:51 [INFO]   ⏭ Bloomberg Crypto: 过滤掉 50 条非近期新闻
2026-09-07 10:00:51 [INFO]   ⏭ Reuters Crypto: 过滤掉 50 条非近期新闻
2026-09-07 10:00:51 [INFO]   ⏭ 宏观经济: 过滤掉 49 条非近期新闻
2026-09-07 10:00:51 [INFO]   ⏭ Blockworks: 过滤掉 50 条非近期新闻
2026-09-07 10:00:51 [INFO]   ⏭ Reddit r/cryptocurrency: 过滤掉 21 条非近期新闻
2026-09-07 10:00:51 [INFO]   ⏭ CNBC Crypto: 过滤掉 49 条非近期新闻
2026-09-07 10:00:51 [INFO]   ⏭ DL News: 过滤掉 50 条非近期新闻
2026-09-07 10:00:51 [INFO]   ⏭ Bitcoin Magazine: 过滤掉 50 条非近期新闻
2026-09-07 10:00:51 [INFO]   ⏭ Blockworks: 过滤掉 4 条非近期新闻
2026-09-07 10:00:52 [INFO]   ⏭ DeFi Llama: 过滤掉 50 条非近期新闻
2026-09-07 10:00:52 [INFO]   ⏭ 吴说区块链: 过滤掉 41 条非近期新闻
2026-09-07 10:00:52 [INFO]   ⏭ 雪球加密: 过滤掉 50 条非近期新闻
2026-09-07 10:00:52 [INFO]   ⏭ Crypto Twitter: 过滤掉 37 条非近期新闻
2026-09-07 10:01:00 [INFO]   ⏭ 律动BlockBeats: 过滤掉 2 条非近期新闻
2026-09-07 10:01:00 [INFO]   ⏭ PANews: 过滤掉 50 条非近期新闻
2026-09-07 10:01:00 [INFO]   ✓ CoinDesk: 6 条
2026-09-07 10:01:00 [INFO]   ✓ The Block: 1 条
2026-09-07 10:01:00 [INFO]   ✓ Decrypt: 1 条
2026-09-07 10:01:00 [INFO]   ✓ CoinTelegraph: 1 条
2026-09-07 10:01:00 [INFO]   ✓ Bitcoin Magazine: 0 条
2026-09-07 10:01:00 [INFO]   ✓ Blockworks: 0 条
2026-09-07 10:01:00 [INFO]   ✓ DL News: 0 条
2026-09-07 10:01:00 [INFO]   ✓ 金色财经: 7 条
2026-09-07 10:01:00 [INFO]   ✓ PANews: 0 条
2026-09-07 10:01:00 [INFO]   ✓ 律动BlockBeats: 18 条
2026-09-07 10:01:00 [INFO]   ✓ 吴说区块链: 0 条
2026-09-07 10:01:00 [INFO]   ✓ Bloomberg Crypto: 0 条
2026-09-07 10:01:00 [INFO]   ✓ Reuters Crypto: 0 条
2026-09-07 10:01:00 [INFO]   ✓ CNBC Crypto: 1 条
2026-09-07 10:01:00 [INFO]   ✓ Reddit r/cryptocurrency: 4 条
2026-09-07 10:01:00 [INFO]   ✓ Reddit r/bitcoin: 0 条
2026-09-07 10:01:00 [INFO]   ✓ Crypto Twitter: 13 条
2026-09-07 10:01:00 [INFO]   ✓ 宏观经济: 1 条
2026-09-07 10:01:00 [INFO]   ✓ Binance公告: 20 条
2026-09-07 10:01:00 [INFO]   ✓ OKX公告: 0 条
2026-09-07 10:01:00 [INFO]   ✓ Bitget公告: 0 条
2026-09-07 10:01:00 [INFO]   ✓ Whale Alert: 0 条
2026-09-07 10:01:00 [INFO]   ✓ Fear & Greed Index: 1 条
2026-09-07 10:01:00 [INFO]   ✓ DeFi Llama: 0 条
2026-09-07 10:01:00 [INFO]   ✓ 雪球加密: 0 条
2026-09-07 10:01:00 [INFO] 📊 共抓取 74 条新闻
2026-09-07 10:01:00 [INFO] 📋 原始新闻已保存: reports/2026-09-07-18-raw.json (74 条)
2026-09-07 10:01:00 [INFO] 📋 标题摘要已保存: reports/2026-09-07-18-raw-titles.md
2026-09-07 10:01:00 [INFO] ✅ 抓取完成，共 74 条，已保存到 reports/2026-09-07-18-raw.json
2026-09-07 10:01:01 [INFO] 🤖 开始 AI 筛选 2026-09-07 18:00 币圈消息
2026-09-07 10:01:01 [INFO] 📋 已加载原始新闻: reports/2026-09-07-18-raw.json (74 条)
2026-09-07 10:01:01 [INFO] 📚 已加载历史新闻标题（23788 字符）
2026-09-07 10:01:01 [INFO] 📚 已加载历史筛选标题 0 条、URL 0 个，用于去重
2026-09-07 10:01:01 [INFO] 🔄 尝试 AI 提供商: deepseek
2026-09-07 10:01:01 [INFO] 🤖 使用 AI 提供商: deepseek (模型: deepseek-v4-flash)
2026-09-07 10:01:01 [INFO] 🤖 AI 筛选 [[deepseek] 1/6 策略=仅标题+链接 retry=0]（74 条，14522 字符，temp=0.3）
2026-09-07 10:01:02 [ERROR] AI 调用异常 ([deepseek] 1/6 策略=仅标题+链接 retry=0): Error code: 401 - {'error': {'message': 'Authentication Fails, Your api key: ****df0d is invalid', 'type': 'authentication_error', 'param': None, 'code': 'invalid_request_error'}}
2026-09-07 10:01:02 [WARNING] [[deepseek] 1/6 策略=仅标题+链接 retry=0] AI 调用失败或解析失败，继续下一次尝试
2026-09-07 10:01:02 [INFO] 🤖 AI 筛选 [[deepseek] 2/6 策略=仅标题+链接 retry=1]（74 条，14522 字符，temp=0.3）
2026-09-07 10:01:02 [ERROR] AI 调用异常 ([deepseek] 2/6 策略=仅标题+链接 retry=1): Error code: 401 - {'error': {'message': 'Authentication Fails, Your api key: ****df0d is invalid', 'type': 'authentication_error', 'param': None, 'code': 'invalid_request_error'}}
2026-09-07 10:01:02 [WARNING] [[deepseek] 2/6 策略=仅标题+链接 retry=1] AI 调用失败或解析失败，继续下一次尝试
2026-09-07 10:01:02 [INFO] 🤖 AI 筛选 [[deepseek] 3/6 策略=仅标题+链接 retry=2]（74 条，14522 字符，temp=0.3）
2026-09-07 10:01:03 [ERROR] AI 调用异常 ([deepseek] 3/6 策略=仅标题+链接 retry=2): Error code: 401 - {'error': {'message': 'Authentication Fails, Your api key: ****df0d is invalid', 'type': 'authentication_error', 'param': None, 'code': 'invalid_request_error'}}
2026-09-07 10:01:03 [WARNING] [[deepseek] 3/6 策略=仅标题+链接 retry=2] AI 调用失败或解析失败，继续下一次尝试
2026-09-07 10:01:03 [INFO] 🤖 AI 筛选 [[deepseek] 4/6 策略=完整内容 retry=0]（74 条，23195 字符，temp=0.3）
2026-09-07 10:01:03 [ERROR] AI 调用异常 ([deepseek] 4/6 策略=完整内容 retry=0): Error code: 401 - {'error': {'message': 'Authentication Fails, Your api key: ****df0d is invalid', 'type': 'authentication_error', 'param': None, 'code': 'invalid_request_error'}}
2026-09-07 10:01:03 [WARNING] [[deepseek] 4/6 策略=完整内容 retry=0] AI 调用失败或解析失败，继续下一次尝试
2026-09-07 10:01:03 [INFO] 🤖 AI 筛选 [[deepseek] 5/6 策略=完整内容 retry=1]（74 条，23195 字符，temp=0.3）
2026-09-07 10:01:04 [ERROR] AI 调用异常 ([deepseek] 5/6 策略=完整内容 retry=1): Error code: 401 - {'error': {'message': 'Authentication Fails, Your api key: ****df0d is invalid', 'type': 'authentication_error', 'param': None, 'code': 'invalid_request_error'}}
2026-09-07 10:01:04 [WARNING] [[deepseek] 5/6 策略=完整内容 retry=1] AI 调用失败或解析失败，继续下一次尝试
2026-09-07 10:01:04 [INFO] 🤖 AI 筛选 [[deepseek] 6/6 策略=仅标题（无历史） retry=0]（74 条，14522 字符，temp=0.3）
2026-09-07 10:01:04 [ERROR] AI 调用异常 ([deepseek] 6/6 策略=仅标题（无历史） retry=0): Error code: 401 - {'error': {'message': 'Authentication Fails, Your api key: ****df0d is invalid', 'type': 'authentication_error', 'param': None, 'code': 'invalid_request_error'}}
2026-09-07 10:01:04 [WARNING] [[deepseek] 6/6 策略=仅标题（无历史） retry=0] AI 调用失败或解析失败，继续下一次尝试
2026-09-07 10:01:04 [WARNING] [deepseek] 已达最大尝试次数 6，停止
2026-09-07 10:01:04 [INFO] ⚠️ deepseek 未能产出满意结果，尝试下一个提供商
2026-09-07 10:01:04 [INFO] 🔄 尝试 AI 提供商: zhipu
2026-09-07 10:01:04 [ERROR] 未设置环境变量 ZHIPU_API_KEY，无法使用 zhipu
2026-09-07 10:01:04 [INFO] ⚠️ zhipu 未能产出满意结果，尝试下一个提供商
2026-09-07 10:01:04 [INFO] 🔄 尝试 AI 提供商: kimi
2026-09-07 10:01:04 [ERROR] 未设置环境变量 KIMI_API_KEY，无法使用 kimi
2026-09-07 10:01:04 [INFO] ⚠️ kimi 未能产出满意结果，尝试下一个提供商
2026-09-07 10:01:04 [INFO] 🔄 尝试 AI 提供商: huoshan
2026-09-07 10:01:04 [ERROR] 未设置环境变量 HUOSHAN_API_KEY，无法使用 huoshan
2026-09-07 10:01:04 [INFO] ⚠️ huoshan 未能产出满意结果，尝试下一个提供商
2026-09-07 10:01:04 [ERROR] ❌ 所有提供商均失败，返回空列表
2026-09-07 10:01:04 [INFO] 📦 JSON 已保存: reports/2026-09-07-18.json
2026-09-07 10:01:04 [INFO] ✅ AI 筛选完成，共 0 条交易相关消息
2026-09-07 11:00:56 [INFO] 🚀 开始抓取 2026-09-07 19:00 币圈新闻
2026-09-07 11:00:57 [INFO] 📡 抓取 RSS 新闻源...
2026-09-07 11:00:57 [INFO] 📡 抓取交易所公告 & 链上数据...
2026-09-07 11:00:57 [INFO]   ⏭ Decrypt: 过滤掉 36 条非近期新闻
2026-09-07 11:00:57 [INFO]   ⏭ CoinTelegraph: 过滤掉 27 条非近期新闻
2026-09-07 11:00:57 [INFO]   ⏭ The Block: 过滤掉 19 条非近期新闻
2026-09-07 11:00:57 [INFO]   ⏭ Bloomberg Crypto: 过滤掉 50 条非近期新闻
2026-09-07 11:00:57 [INFO]   ⏭ 宏观经济: 过滤掉 46 条非近期新闻
2026-09-07 11:00:57 [WARNING] 解析失败 Bitget公告: 'NoneType' object is not subscriptable
2026-09-07 11:00:57 [INFO]   ⏭ Reuters Crypto: 过滤掉 50 条非近期新闻
2026-09-07 11:00:57 [INFO]   ⏭ Bitcoin Magazine: 过滤掉 10 条非近期新闻
2026-09-07 11:00:57 [INFO]   ⏭ CoinDesk: 过滤掉 20 条非近期新闻
2026-09-07 11:00:57 [INFO]   ⏭ CNBC Crypto: 过滤掉 50 条非近期新闻
2026-09-07 11:00:58 [INFO]   ⏭ Reddit r/cryptocurrency: 过滤掉 20 条非近期新闻
2026-09-07 11:00:58 [INFO]   ⏭ Blockworks: 过滤掉 50 条非近期新闻
2026-09-07 11:00:58 [INFO]   ⏭ DL News: 过滤掉 50 条非近期新闻
2026-09-07 11:00:58 [INFO]   ⏭ Bitcoin Magazine: 过滤掉 50 条非近期新闻
2026-09-07 11:00:58 [INFO]   ⏭ Blockworks: 过滤掉 5 条非近期新闻
2026-09-07 11:00:58 [INFO]   ⏭ DeFi Llama: 过滤掉 50 条非近期新闻
2026-09-07 11:00:58 [INFO]   ⏭ 吴说区块链: 过滤掉 41 条非近期新闻
2026-09-07 11:00:58 [INFO]   ⏭ 雪球加密: 过滤掉 44 条非近期新闻
2026-09-07 11:00:59 [INFO]   ⏭ Crypto Twitter: 过滤掉 40 条非近期新闻
2026-09-07 11:01:13 [DEBUG] 请求失败 https://rsshub.rssforever.com/theblockbeats/newsflash: 
2026-09-07 11:01:13 [DEBUG] 请求失败 https://rsshub.rssforever.com/panewslab/news: 
2026-09-07 11:01:13 [DEBUG] 请求失败 https://rsshub.rssforever.com/bloomberg/crypto: 
2026-09-07 11:01:13 [INFO]   ⏭ 律动BlockBeats: 过滤掉 48 条非近期新闻
2026-09-07 11:01:13 [INFO]   ⏭ PANews: 过滤掉 50 条非近期新闻
2026-09-07 11:01:13 [INFO]   ✓ CoinDesk: 5 条
2026-09-07 11:01:13 [INFO]   ✓ The Block: 1 条
2026-09-07 11:01:13 [INFO]   ✓ Decrypt: 1 条
2026-09-07 11:01:13 [INFO]   ✓ CoinTelegraph: 3 条
2026-09-07 11:01:13 [INFO]   ✓ Bitcoin Magazine: 0 条
2026-09-07 11:01:13 [INFO]   ✓ Blockworks: 0 条
2026-09-07 11:01:13 [INFO]   ✓ DL News: 0 条
2026-09-07 11:01:13 [INFO]   ✓ 金色财经: 5 条
2026-09-07 11:01:13 [INFO]   ✓ PANews: 0 条
2026-09-07 11:01:13 [INFO]   ✓ 律动BlockBeats: 2 条
2026-09-07 11:01:13 [INFO]   ✓ 吴说区块链: 0 条
2026-09-07 11:01:13 [INFO]   ✓ Bloomberg Crypto: 0 条
2026-09-07 11:01:13 [INFO]   ✓ Reuters Crypto: 0 条
2026-09-07 11:01:13 [INFO]   ✓ CNBC Crypto: 0 条
2026-09-07 11:01:13 [INFO]   ✓ Reddit r/cryptocurrency: 5 条
2026-09-07 11:01:13 [INFO]   ✓ Reddit r/bitcoin: 0 条
2026-09-07 11:01:13 [INFO]   ✓ Crypto Twitter: 10 条
2026-09-07 11:01:13 [INFO]   ✓ 宏观经济: 4 条
2026-09-07 11:01:13 [INFO]   ✓ Binance公告: 20 条
2026-09-07 11:01:13 [INFO]   ✓ OKX公告: 0 条
2026-09-07 11:01:13 [INFO]   ✓ Bitget公告: 0 条
2026-09-07 11:01:13 [INFO]   ✓ Whale Alert: 0 条
2026-09-07 11:01:13 [INFO]   ✓ Fear & Greed Index: 1 条
2026-09-07 11:01:13 [INFO]   ✓ DeFi Llama: 0 条
2026-09-07 11:01:13 [INFO]   ✓ 雪球加密: 6 条
2026-09-07 11:01:13 [INFO] 📊 共抓取 63 条新闻
2026-09-07 11:01:13 [INFO] 📋 原始新闻已保存: reports/2026-09-07-19-raw.json (63 条)
2026-09-07 11:01:13 [INFO] 📋 标题摘要已保存: reports/2026-09-07-19-raw-titles.md
2026-09-07 11:01:13 [INFO] ✅ 抓取完成，共 63 条，已保存到 reports/2026-09-07-19-raw.json
2026-09-07 11:01:14 [INFO] 🤖 开始 AI 筛选 2026-09-07 19:00 币圈消息
2026-09-07 11:01:14 [INFO] 📋 已加载原始新闻: reports/2026-09-07-19-raw.json (63 条)
2026-09-07 11:01:14 [INFO] 📚 已加载历史新闻标题（24362 字符）
2026-09-07 11:01:14 [INFO] 📚 已加载历史筛选标题 0 条、URL 0 个，用于去重
2026-09-07 11:01:14 [INFO] 🔄 尝试 AI 提供商: deepseek
2026-09-07 11:01:14 [INFO] 🤖 使用 AI 提供商: deepseek (模型: deepseek-v4-flash)
2026-09-07 11:01:14 [INFO] 🤖 AI 筛选 [[deepseek] 1/6 策略=仅标题+链接 retry=0]（63 条，16166 字符，temp=0.3）
2026-09-07 11:01:15 [ERROR] AI 调用异常 ([deepseek] 1/6 策略=仅标题+链接 retry=0): Error code: 401 - {'error': {'message': 'Authentication Fails, Your api key: ****df0d is invalid', 'type': 'authentication_error', 'param': None, 'code': 'invalid_request_error'}}
2026-09-07 11:01:15 [WARNING] [[deepseek] 1/6 策略=仅标题+链接 retry=0] AI 调用失败或解析失败，继续下一次尝试
2026-09-07 11:01:15 [INFO] 🤖 AI 筛选 [[deepseek] 2/6 策略=仅标题+链接 retry=1]（63 条，16166 字符，temp=0.3）
2026-09-07 11:01:16 [ERROR] AI 调用异常 ([deepseek] 2/6 策略=仅标题+链接 retry=1): Error code: 401 - {'error': {'message': 'Authentication Fails, Your api key: ****df0d is invalid', 'type': 'authentication_error', 'param': None, 'code': 'invalid_request_error'}}
2026-09-07 11:01:16 [WARNING] [[deepseek] 2/6 策略=仅标题+链接 retry=1] AI 调用失败或解析失败，继续下一次尝试
2026-09-07 11:01:16 [INFO] 🤖 AI 筛选 [[deepseek] 3/6 策略=仅标题+链接 retry=2]（63 条，16166 字符，temp=0.3）
2026-09-07 11:01:16 [ERROR] AI 调用异常 ([deepseek] 3/6 策略=仅标题+链接 retry=2): Error code: 401 - {'error': {'message': 'Authentication Fails, Your api key: ****df0d is invalid', 'type': 'authentication_error', 'param': None, 'code': 'invalid_request_error'}}
2026-09-07 11:01:16 [WARNING] [[deepseek] 3/6 策略=仅标题+链接 retry=2] AI 调用失败或解析失败，继续下一次尝试
2026-09-07 11:01:16 [INFO] 🤖 AI 筛选 [[deepseek] 4/6 策略=完整内容 retry=0]（63 条，22476 字符，temp=0.3）
2026-09-07 11:01:17 [ERROR] AI 调用异常 ([deepseek] 4/6 策略=完整内容 retry=0): Error code: 401 - {'error': {'message': 'Authentication Fails, Your api key: ****df0d is invalid', 'type': 'authentication_error', 'param': None, 'code': 'invalid_request_error'}}
2026-09-07 11:01:17 [WARNING] [[deepseek] 4/6 策略=完整内容 retry=0] AI 调用失败或解析失败，继续下一次尝试
2026-09-07 11:01:17 [INFO] 🤖 AI 筛选 [[deepseek] 5/6 策略=完整内容 retry=1]（63 条，22476 字符，temp=0.3）
2026-09-07 11:01:17 [ERROR] AI 调用异常 ([deepseek] 5/6 策略=完整内容 retry=1): Error code: 401 - {'error': {'message': 'Authentication Fails, Your api key: ****df0d is invalid', 'type': 'authentication_error', 'param': None, 'code': 'invalid_request_error'}}
2026-09-07 11:01:17 [WARNING] [[deepseek] 5/6 策略=完整内容 retry=1] AI 调用失败或解析失败，继续下一次尝试
2026-09-07 11:01:17 [INFO] 🤖 AI 筛选 [[deepseek] 6/6 策略=仅标题（无历史） retry=0]（63 条，16166 字符，temp=0.3）
2026-09-07 11:01:18 [ERROR] AI 调用异常 ([deepseek] 6/6 策略=仅标题（无历史） retry=0): Error code: 401 - {'error': {'message': 'Authentication Fails, Your api key: ****df0d is invalid', 'type': 'authentication_error', 'param': None, 'code': 'invalid_request_error'}}
2026-09-07 11:01:18 [WARNING] [[deepseek] 6/6 策略=仅标题（无历史） retry=0] AI 调用失败或解析失败，继续下一次尝试
2026-09-07 11:01:18 [WARNING] [deepseek] 已达最大尝试次数 6，停止
2026-09-07 11:01:18 [INFO] ⚠️ deepseek 未能产出满意结果，尝试下一个提供商
2026-09-07 11:01:18 [INFO] 🔄 尝试 AI 提供商: zhipu
2026-09-07 11:01:18 [ERROR] 未设置环境变量 ZHIPU_API_KEY，无法使用 zhipu
2026-09-07 11:01:18 [INFO] ⚠️ zhipu 未能产出满意结果，尝试下一个提供商
2026-09-07 11:01:18 [INFO] 🔄 尝试 AI 提供商: kimi
2026-09-07 11:01:18 [ERROR] 未设置环境变量 KIMI_API_KEY，无法使用 kimi
2026-09-07 11:01:18 [INFO] ⚠️ kimi 未能产出满意结果，尝试下一个提供商
2026-09-07 11:01:18 [INFO] 🔄 尝试 AI 提供商: huoshan
2026-09-07 11:01:18 [ERROR] 未设置环境变量 HUOSHAN_API_KEY，无法使用 huoshan
2026-09-07 11:01:18 [INFO] ⚠️ huoshan 未能产出满意结果，尝试下一个提供商
2026-09-07 11:01:18 [ERROR] ❌ 所有提供商均失败，返回空列表
2026-09-07 11:01:18 [INFO] 📦 JSON 已保存: reports/2026-09-07-19.json
2026-09-07 11:01:18 [INFO] ✅ AI 筛选完成，共 0 条交易相关消息
